Date,Close,High,Low,Open,Volume,Company
2015-01-01,213.70083618164065,214.22833452461043,212.1295890071732,213.46515184550813,3544940,HDFCBANK.NS
2015-01-02,216.6749725341797,217.5728280206573,213.3304690671629,213.3304690671629,5900384,HDFCBANK.NS
2015-01-05,214.8456115722656,217.853419391055,214.3854496509397,217.7299669951676,4796000,HDFCBANK.NS
2015-01-06,211.50112915039065,214.710960474402,210.4461459837069,214.1385802170047,8219680,HDFCBANK.NS
2015-01-07,212.11837768554688,213.5437179179616,210.1543186329029,210.9287217994117,5746112,HDFCBANK.NS
2015-01-08,216.573974609375,217.4942847607382,212.83665913306956,214.19466290134008,9525824,HDFCBANK.NS
2015-01-09,218.9982147216797,219.97462722981783,216.9668054182323,218.38093898200415,8985184,HDFCBANK.NS
2015-01-12,217.0678253173828,218.7176433055772,216.49544507665829,217.59532373545449,4126412,HDFCBANK.NS
2015-01-13,216.2372894287109,218.16768716064823,214.520148838888,217.4942954704771,5828348,HDFCBANK.NS
2015-01-14,216.3607482910156,218.77373510003895,215.4179972162897,215.49655409743832,3685232,HDFCBANK.NS
2015-01-15,222.9263153076172,224.05985519923544,217.89831874851356,222.21924858205347,11398476,HDFCBANK.NS
2015-01-16,224.76693725585935,227.80843428389184,224.13844102984095,224.9577398049549,7821308,HDFCBANK.NS
2015-01-19,225.4852294921875,228.9531998176996,225.12609269803983,227.43806834831773,4239492,HDFCBANK.NS
2015-01-20,229.16644287109372,230.5244468530233,224.91284882836356,226.70856019625467,8505804,HDFCBANK.NS
2015-01-21,228.94195556640625,231.8599725409981,228.58280510939667,230.6142143469916,6740612,HDFCBANK.NS
2015-01-22,229.2337646484375,231.75898359805308,228.62770936049185,230.07550429830937,6470680,HDFCBANK.NS
2015-01-23,234.0709686279297,235.2381699614802,229.94082733936995,231.19781971405015,9987912,HDFCBANK.NS
2015-01-27,241.08546447753903,241.91596995332108,233.64448065930276,234.11584937259465,9962400,HDFCBANK.NS
2015-01-28,237.56134033203125,245.3839010177348,236.80939181912623,240.17634999664932,11364940,HDFCBANK.NS
2015-01-29,245.78794860839844,247.0449408563662,238.1561766881377,241.29867100824504,20567616,HDFCBANK.NS
2015-01-30,241.82614135742188,245.68693630565684,238.88567018314004,245.68693630565684,10570416,HDFCBANK.NS
2015-02-02,242.7801055908203,245.3389990758952,236.21453768325404,239.83963450374569,5710352,HDFCBANK.NS
2015-02-03,238.8520050048828,242.91479568097515,236.87673933603224,242.0842902998093,10200688,HDFCBANK.NS
2015-02-04,239.66009521484372,242.6005942269255,237.314458418576,238.60512584435685,6197512,HDFCBANK.NS
2015-02-05,241.63536071777344,245.2941328295257,240.2549024105601,241.29866490627631,8059148,HDFCBANK.NS
2015-02-06,236.47271728515625,242.18531254703365,235.6983277947772,241.74761890471123,6903120,HDFCBANK.NS
2015-02-09,233.46490478515625,236.07991478844136,232.2079123828311,235.01371122747625,5231896,HDFCBANK.NS
2015-02-10,236.6859588623047,238.44802247553483,231.19782722474295,231.19782722474295,9275752,HDFCBANK.NS
2015-02-11,237.5726318359375,239.0092064852104,236.36052111935152,237.48284078278624,4161588,HDFCBANK.NS
2015-02-12,241.52313232421875,242.84747468227985,236.29311301541208,239.076470578034,5525740,HDFCBANK.NS
2015-02-13,239.233642578125,242.86994690434145,238.7398055434524,242.690364818937,7714500,HDFCBANK.NS
2015-02-16,239.6264190673828,243.54330269902815,238.49286554628333,241.4782460233893,7388716,HDFCBANK.NS
2015-02-18,241.25376892089844,243.0831274689472,237.26953538553997,239.626405927583,5381692,HDFCBANK.NS
2015-02-19,242.37612915039065,243.5208895554513,238.7847067656492,241.0742275757705,4507004,HDFCBANK.NS
2015-02-20,240.8610076904297,244.64321906409333,239.83968594781413,243.09441261720423,6206024,HDFCBANK.NS
2015-02-23,239.615234375,242.76896340819096,238.3806828161593,241.7700825249004,5581564,HDFCBANK.NS
2015-02-24,239.64889526367188,240.4008438703989,237.28079008985756,240.24373009599475,5846288,HDFCBANK.NS
2015-02-25,236.2370147705078,241.2538047321233,235.6870891892174,240.17636707853583,4648524,HDFCBANK.NS
2015-02-26,233.02719116210935,237.033866088935,232.3425653425161,236.5063814314072,12426944,HDFCBANK.NS
2015-02-27,236.5849456787109,237.60626736261744,234.66576841348103,234.66576841348103,10261784,HDFCBANK.NS
2015-03-02,242.99343872070312,246.68585941420235,239.7274775744933,242.4996016337848,14385232,HDFCBANK.NS
2015-03-03,243.1729431152344,245.11456119082305,241.75883708705163,243.86877567516964,6029348,HDFCBANK.NS
2015-03-04,239.12139892578125,248.99781033147704,237.93172931903493,248.03260462031471,12277624,HDFCBANK.NS
2015-03-05,243.56576538085935,244.66564393919364,238.49288686733323,239.05404660113877,9702452,HDFCBANK.NS
2015-03-09,237.70726013183597,242.8250477973748,237.0338684600744,241.75884431708565,5755808,HDFCBANK.NS
2015-03-10,236.2594757080078,238.43676445623595,234.5647623975209,238.3806484843705,5134836,HDFCBANK.NS
2015-03-11,237.1348419189453,238.3581864373479,235.6870609333616,235.88908389423648,5465536,HDFCBANK.NS
2015-03-12,236.7196044921875,238.80712955507084,235.93398090513756,237.95415584326608,7530836,HDFCBANK.NS
2015-03-13,234.0372772216797,238.82957572825683,232.23033197147964,237.93172018040624,5426780,HDFCBANK.NS
2015-03-16,236.03501892089844,237.4603591690819,234.0036097181105,234.5647694536456,5348772,HDFCBANK.NS
2015-03-17,237.49407958984372,239.2561160158615,234.08221130596644,237.93177330700064,5369304,HDFCBANK.NS
2015-03-18,238.7285614013672,240.6028292475901,236.40533841194343,237.96537875848827,5148332,HDFCBANK.NS
2015-03-19,236.18089294433597,241.02933486495775,235.39526933317293,240.40082501587656,5373572,HDFCBANK.NS
2015-03-20,237.0114288330078,237.8194933634168,234.777996669359,235.91155028310624,6483236,HDFCBANK.NS
2015-03-23,235.18206787109372,237.79707797125883,234.7892560182907,237.02266102121885,5446740,HDFCBANK.NS
2015-03-24,232.9822998046875,237.25834816555223,232.4211400408144,234.18320361967923,8973564,HDFCBANK.NS
2015-03-25,232.1517791748047,234.94634365649696,231.4447124383593,233.45368070224,10608900,HDFCBANK.NS
2015-03-26,226.02394104003903,231.6916411707989,224.9352828365544,230.5019988663128,35800620,HDFCBANK.NS
2015-03-27,227.75230407714844,229.75002458863088,226.2820545561032,227.81964050783853,10840896,HDFCBANK.NS
2015-03-30,232.74661254882807,233.21798123679625,227.33702459069116,228.95316733544965,6955144,HDFCBANK.NS
2015-03-31,229.55923461914065,233.420016461868,227.7971847736717,233.420016461868,5962256,HDFCBANK.NS
2015-04-01,231.9273376464844,232.735402251603,227.3819434172646,230.32241519164683,3844196,HDFCBANK.NS
2015-04-06,231.6355133056641,232.7353919083741,228.9082851094497,232.3201391686798,7151172,HDFCBANK.NS
2015-04-07,231.8151092529297,233.03842663499827,229.77249309737115,231.9273412109316,6197072,HDFCBANK.NS
2015-04-08,232.44357299804688,233.99235179047108,231.20902170529573,233.4536604193887,4106144,HDFCBANK.NS
2015-04-09,237.05630493164065,237.7072556822339,231.19780297705464,233.04963003973495,7002784,HDFCBANK.NS
2015-04-10,234.0372772216797,236.3604729716677,232.2864479432203,236.3604729716677,6119324,HDFCBANK.NS
2015-04-13,233.17312622070312,234.8566055857918,232.27527055932248,233.4424719589652,4563236,HDFCBANK.NS
2015-04-15,231.56817626953125,235.39526913184,230.1203677471144,233.4424442601988,4893996,HDFCBANK.NS
2015-04-16,231.11924743652344,231.99466207857637,228.50423766489985,230.74887654176524,5610120,HDFCBANK.NS
2015-04-17,228.5603790283203,230.71522710942463,228.06655568051184,230.09795134971156,4049012,HDFCBANK.NS
2015-04-20,225.6086883544922,230.07552599784376,225.04752853498525,228.9532063588299,5188880,HDFCBANK.NS
2015-04-21,225.13731384277344,227.69620803452227,223.4762753393308,225.5862416869265,6510744,HDFCBANK.NS
2015-04-22,227.4043884277344,229.1776588489532,223.00490114244369,225.92293205824816,6765936,HDFCBANK.NS
2015-04-23,227.49417114257807,229.89592400208653,225.83313274049428,228.9644070024256,9627828,HDFCBANK.NS
2015-04-24,225.9117126464844,228.72873207279923,224.54247452878036,228.7062911611116,7205244,HDFCBANK.NS
2015-04-27,225.68722534179688,227.2696930571198,223.56603879989265,226.023921183363,7370704,HDFCBANK.NS
2015-04-28,225.4852294921875,227.034036029854,222.2417230880653,224.362909885238,7942108,HDFCBANK.NS
2015-04-29,222.9263153076172,226.59629438745756,221.77032080714025,225.36174300644612,7863564,HDFCBANK.NS
2015-04-30,221.9499053955078,223.34158433947005,219.7613823328849,222.443728724035,15143684,HDFCBANK.NS
2015-05-04,224.6771545410156,226.59631824075825,222.6681997967629,223.1283480744501,3141448,HDFCBANK.NS
2015-05-05,221.6918182373047,225.33935730205937,221.28777218074765,224.25069896107905,5138004,HDFCBANK.NS
2015-05-06,217.8646545410156,221.65809990812653,216.71989413802143,221.65809990812653,11007696,HDFCBANK.NS
2015-05-07,213.53250122070312,217.72997880996397,211.93881304144804,217.2810510186032,11736664,HDFCBANK.NS
2015-05-08,220.42355346679688,221.72544136841623,214.452819107548,215.8220434402497,11571932,HDFCBANK.NS
2015-05-11,222.28659057617188,222.83652985425337,218.63905231363688,221.33261903058585,6731344,HDFCBANK.NS
2015-05-12,218.1676788330078,222.2192492741812,217.0565798465992,222.2192492741812,11107568,HDFCBANK.NS
2015-05-13,222.27536010742188,222.98242681884116,218.0891032100243,219.04307471263127,7791848,HDFCBANK.NS
2015-05-14,222.45494079589844,223.30790085837972,218.62783411937025,221.9947925503667,4455188,HDFCBANK.NS
2015-05-15,222.24169921875,223.9139579935381,220.9173704449001,223.31913688585445,8153624,HDFCBANK.NS
2015-05-18,226.67486572265625,227.1574685915381,222.6681905561322,223.5660461632134,5713304,HDFCBANK.NS
2015-05-19,226.1585998535156,228.50425035009425,224.03741325708447,225.88924043330087,4786348,HDFCBANK.NS
2015-05-20,229.8623046875,230.4795805116787,226.6075639143663,226.63001852808765,4008840,HDFCBANK.NS
2015-05-21,230.0081329345703,231.1978024900582,227.853285109884,229.8510191745821,3934380,HDFCBANK.NS
2015-05-22,229.9183807373047,230.9733500934208,228.58280410946284,230.0081443758335,4689536,HDFCBANK.NS
2015-05-25,229.75003051757807,231.42228937384803,228.4144675236368,230.8386886925544,4369060,HDFCBANK.NS
2015-05-26,230.61419677734372,231.24267920380328,228.51545127026435,229.95201188828904,4906344,HDFCBANK.NS
2015-05-27,233.02719116210935,233.4424438754663,229.2674210323843,229.8061261442915,3218592,HDFCBANK.NS
2015-05-28,231.0631256103516,234.27294268271856,229.4469829199176,233.22920755172188,9561160,HDFCBANK.NS
2015-05-29,235.81056213378903,236.58495163201567,230.55810137080144,231.1865838533159,5058680,HDFCBANK.NS
2015-06-01,232.5894927978516,237.03388918013087,231.42229142491945,235.4514076530094,3841320,HDFCBANK.NS
2015-06-02,226.43917846679688,233.5098049822272,225.56377748121383,233.0833180942481,4726008,HDFCBANK.NS
2015-06-03,225.70965576171875,228.2797699729365,224.0149561779652,226.4840589013696,5824832,HDFCBANK.NS
2015-06-04,227.81964111328125,228.47057821193448,223.3415835079336,226.45040308472704,5557588,HDFCBANK.NS
2015-06-05,227.1013641357422,228.61649554954627,225.02507293904773,226.764668266008,6753860,HDFCBANK.NS
2015-06-08,225.23831176757807,227.2135914227192,223.465041410012,225.41788015437464,3811996,HDFCBANK.NS
2015-06-09,224.879150390625,225.81068104598972,223.81294687673983,225.58621714832967,6040260,HDFCBANK.NS
2015-06-10,227.96551513671875,228.7286978224824,223.79049237391067,224.01495625793663,7986248,HDFCBANK.NS
2015-06-11,224.50881958007807,228.6277271064153,223.2742679977744,228.4144836385247,9094176,HDFCBANK.NS
2015-06-12,226.51776123046875,226.89933891895743,222.25294692213257,224.68837487602755,6528344,HDFCBANK.NS
2015-06-15,225.631103515625,227.5502670227334,224.4638885551008,224.91281633221095,5999828,HDFCBANK.NS
2015-06-16,226.3494110107422,226.8095592835344,223.8017374269105,224.4639086976064,6010524,HDFCBANK.NS
2015-06-17,225.5188446044922,227.4941238475415,224.35162978353995,226.48403646982672,9686268,HDFCBANK.NS
2015-06-18,228.8633728027344,229.8061238644549,224.96892985871523,225.78822852311012,8431716,HDFCBANK.NS
2015-06-19,231.3100433349609,232.3088967055625,227.415600244574,230.03061009617048,3742324,HDFCBANK.NS
2015-06-22,235.0473480224609,237.23587076494124,230.8610913477954,231.66915580340543,5449652,HDFCBANK.NS
2015-06-23,236.1584625244141,238.2010785240845,234.00361457530704,236.1360216146024,5655180,HDFCBANK.NS
2015-06-24,234.74435424804688,237.43792100981275,234.0484942476216,236.58494724176904,6267396,HDFCBANK.NS
2015-06-25,239.05404663085935,240.367154928052,234.0372840900901,235.2942764138952,16573568,HDFCBANK.NS
2015-06-26,238.57144165039065,240.38959369184383,236.0237819614105,239.50297228038517,5647504,HDFCBANK.NS
2015-06-29,237.1797790527344,238.3245394319505,231.31004274511423,234.54232829848397,6487836,HDFCBANK.NS
2015-06-30,239.53665161132807,240.62529602464764,235.2381625315585,236.1921340876264,7290136,HDFCBANK.NS
2015-07-01,240.703857421875,241.74762003581003,237.94296789511927,238.23475452457333,4971188,HDFCBANK.NS
2015-07-02,239.31301879882807,241.4614536726638,238.7363502122796,240.85085690894695,4483444,HDFCBANK.NS
2015-07-03,242.9427490234375,243.3724415106276,238.3745091650856,238.3745091650856,4039288,HDFCBANK.NS
2015-07-06,245.03463745117188,245.373863991252,239.7766260799308,240.63601102399755,3267780,HDFCBANK.NS
2015-07-07,245.7922515869141,246.8438594411171,243.90389592967915,243.90389592967915,4141472,HDFCBANK.NS
2015-07-08,241.72154235839844,244.3788171748704,241.07701739226468,244.0395906025548,5400676,HDFCBANK.NS
2015-07-09,242.89752197265625,243.5420468793513,239.7426985772647,240.33068572712116,2797964,HDFCBANK.NS
2015-07-10,246.6742401123047,247.63538200593504,241.6423796103576,241.9363869968225,4900088,HDFCBANK.NS
2015-07-13,247.89544677734372,250.1004192284196,245.3738573761304,245.3738573761304,7076084,HDFCBANK.NS
2015-07-14,246.92300415039065,249.19583311406487,245.6000261056176,247.74846095644943,5674116,HDFCBANK.NS
2015-07-15,248.01988220214844,249.09409984864453,246.68561289472532,247.18313423583223,3849404,HDFCBANK.NS
2015-07-16,252.0905914306641,253.0630520924979,248.33648911928043,248.49481143505903,7310424,HDFCBANK.NS
2015-07-17,251.1520233154297,253.68490366676423,250.0325592159532,253.1534542973524,3510988,HDFCBANK.NS
2015-07-20,252.2150115966797,253.0630782126739,250.34926504149243,252.37330632246452,4551268,HDFCBANK.NS
2015-07-21,248.32516479492188,255.09837751714076,247.20570056382877,252.5089591070381,11028136,HDFCBANK.NS
2015-07-22,252.022705078125,252.62201080921224,246.1993162468354,247.95198667178664,7286400,HDFCBANK.NS
2015-07-23,250.55274963378903,252.54286227677048,248.7887604307036,251.68350486491332,5083172,HDFCBANK.NS
2015-07-24,250.5414581298828,252.1584438065003,248.8792532816624,249.47855914022676,4761008,HDFCBANK.NS
2015-07-27,247.8275909423828,249.7838027960936,241.98159256842024,249.6481177047036,3328572,HDFCBANK.NS
2015-07-28,250.6884307861328,251.90965193775045,247.0586955089443,247.4092406675952,6345672,HDFCBANK.NS
2015-07-29,250.6545562744141,252.81431023673736,249.90827423765916,249.9195652284124,3943032,HDFCBANK.NS
2015-07-30,251.1520233154297,252.61068633454485,249.0148796380611,250.3491761614513,9462188,HDFCBANK.NS
2015-07-31,251.4008026123047,253.51530926015823,249.4445906458114,252.29408815458876,5649500,HDFCBANK.NS
2015-08-03,247.7258453369141,252.72377760999396,247.28483426185204,251.6495602107568,4345728,HDFCBANK.NS
2015-08-04,245.70181274414065,249.2184728362223,244.684132954882,248.3364781642653,5390928,HDFCBANK.NS
2015-08-05,247.00213623046875,248.24596685672904,245.41907906977383,246.99084524311652,4122780,HDFCBANK.NS
2015-08-06,247.8502349853516,249.0714561903171,245.47564893371347,246.93433978637464,3743712,HDFCBANK.NS
2015-08-07,247.10394287109372,248.2007699093363,246.1880201036122,247.3979226634535,3227140,HDFCBANK.NS
2015-08-10,247.5562286376953,250.1117186935637,246.0523187783089,247.6353759763311,3954376,HDFCBANK.NS
2015-08-11,247.56753540039065,248.5060677488584,245.20426804671436,247.6467103503981,2727688,HDFCBANK.NS
2015-08-12,242.0833740234375,247.612783613404,241.46145865239595,246.1428018273058,6005740,HDFCBANK.NS
2015-08-13,243.68907165527344,244.85372746186783,241.21270112766044,243.56467753693377,3465052,HDFCBANK.NS
2015-08-14,249.17323303222656,249.59160694523283,244.22051961336203,244.9441919165984,3601660,HDFCBANK.NS
2015-08-17,246.8438720703125,249.17323893723665,243.29331161352783,248.55132354722892,2500212,HDFCBANK.NS
2015-08-18,245.6791534423828,247.88412587290296,243.8925548748501,246.866446289586,1857316,HDFCBANK.NS
2015-08-19,244.66148376464844,245.8261670784196,243.11235474636717,245.3399368476616,3004576,HDFCBANK.NS
2015-08-20,243.04449462890625,245.3173234643073,241.52929380952307,241.52929380952307,3044852,HDFCBANK.NS
2015-08-21,240.0141143798828,242.64875196115372,237.68474758085011,240.62471115701672,7758972,HDFCBANK.NS
2015-08-24,230.45921325683597,236.2599791183536,228.6952379153773,236.2599791183536,14686328,HDFCBANK.NS
2015-08-25,230.32351684570312,233.45571686021265,227.44009124347951,231.73694696519848,12347920,HDFCBANK.NS
2015-08-26,229.2040863037109,232.7094275347988,228.18640659145964,230.08608090892787,5573000,HDFCBANK.NS
2015-08-27,231.14895629882807,233.94191592625492,228.20899298441543,231.8047997902316,13873432,HDFCBANK.NS
2015-08-28,232.4719696044922,235.81901631371625,230.53839461760012,233.17305997109327,5553136,HDFCBANK.NS
2015-08-31,232.35888671875,233.5914265126796,229.6676974889848,230.92283306362373,3441460,HDFCBANK.NS
2015-09-01,226.1736602783203,230.96806531367704,224.56799333965512,230.96806531367704,10469144,HDFCBANK.NS
2015-09-02,225.05422973632807,229.30586684430105,222.7587909881286,227.30442170936143,8681688,HDFCBANK.NS
2015-09-03,228.4803771972656,229.5432897726089,225.9248733821047,226.6711690020136,6507368,HDFCBANK.NS
2015-09-04,225.2577362060547,227.50794177048095,221.62801484599535,226.6485705959966,11404592,HDFCBANK.NS
2015-09-07,222.63442993164065,228.36735419734657,221.62805488098653,226.3772274855791,5381740,HDFCBANK.NS
2015-09-08,227.0669860839844,228.41258775266556,220.9496022122319,223.14327041959868,7444488,HDFCBANK.NS
2015-09-09,229.83729553222656,231.8048123095354,227.28179158154447,229.43022642734016,6553120,HDFCBANK.NS
2015-09-10,228.63870239257807,229.9843038468171,225.3142793300948,226.8294940650404,4463740,HDFCBANK.NS
2015-09-11,228.525634765625,230.67406972878524,227.68887312460333,229.43023896063983,4301760,HDFCBANK.NS
2015-09-14,230.60623168945312,231.1942189064582,226.9425818672855,228.1524844805387,5060344,HDFCBANK.NS
2015-09-15,229.1249084472656,230.59489005810207,227.9828347686241,230.2104305684816,4332728,HDFCBANK.NS
2015-09-16,231.4316253662109,232.505842639593,228.76304626875745,230.4252644368352,4254052,HDFCBANK.NS
2015-09-18,237.40203857421875,240.17238863140776,233.19563502905825,234.0663109543381,7841168,HDFCBANK.NS
2015-09-21,238.1257476806641,238.5893683963836,234.37164560441363,234.7334817792937,4276688,HDFCBANK.NS
2015-09-22,233.0826110839844,239.7201396172134,231.87270835340928,237.46994746239608,6025212,HDFCBANK.NS
2015-09-23,237.27769470214844,238.2388367622084,230.36879598716388,230.49317631665608,5161152,HDFCBANK.NS
2015-09-24,237.7752227783203,238.3632099951829,234.29249103890845,236.7801526232984,8252836,HDFCBANK.NS
2015-09-28,236.6444396972656,239.7200881370034,235.8981302671387,238.58933300428168,5777108,HDFCBANK.NS
2015-09-29,240.8056640625,242.8636332242557,231.8274502551883,233.38789811852607,10418840,HDFCBANK.NS
2015-09-30,241.71023559570312,242.6600588936693,240.0253938326916,241.52930372641083,9027796,HDFCBANK.NS
2015-10-01,241.4501495361328,243.5420465362148,239.5730849692043,243.15757322645783,5034788,HDFCBANK.NS
2015-10-05,248.39295959472656,249.8516501922977,243.60986014875343,243.60986014875343,8053372,HDFCBANK.NS
2015-10-06,245.5886688232422,250.5526998656528,244.9215344119256,250.3491584432148,4758964,HDFCBANK.NS
2015-10-07,245.9958038330078,248.39299943390228,245.00073369499611,246.0523415953229,4386268,HDFCBANK.NS
2015-10-08,244.94418334960935,246.6629257144288,243.2028314022912,246.0749385378232,3881908,HDFCBANK.NS
2015-10-09,245.6339111328125,247.6353419367905,244.2882961356636,247.6353419367905,3443228,HDFCBANK.NS
2015-10-12,244.3675079345703,247.7484548102626,243.7455925984423,245.98446572344145,2217340,HDFCBANK.NS
2015-10-13,243.41766357421875,244.72935063361595,242.70528228517247,243.23675930810288,1823652,HDFCBANK.NS
2015-10-14,245.31735229492188,245.71311663372447,241.31448973927888,241.71025407808145,2749148,HDFCBANK.NS
2015-10-15,245.1816253662109,247.9745848452551,244.46924415660808,245.53214287128085,3925952,HDFCBANK.NS
2015-10-16,248.7774353027344,249.1053432322304,245.37385148158876,246.5046065575408,4843688,HDFCBANK.NS
2015-10-19,248.2686004638672,249.24103328476093,247.4770718949341,248.76612166466623,2654220,HDFCBANK.NS
2015-10-20,247.6127471923828,249.4219552783897,246.7759718888099,248.31380980444555,3851356,HDFCBANK.NS
2015-10-21,247.6353912353516,249.67075061536812,245.3738808131109,248.5173858212911,7273204,HDFCBANK.NS
2015-10-23,250.6884307861328,251.86440516542183,247.86154275291076,248.64175280754867,4467048,HDFCBANK.NS
2015-10-26,249.1053771972656,251.97748443926,248.08769749015013,251.9209466777536,4887984,HDFCBANK.NS
2015-10-27,251.2312469482422,251.93230979354635,247.75983329955295,247.75983329955295,8984032,HDFCBANK.NS
2015-10-28,251.36688232421875,254.19377033956084,249.90821915083356,249.90821915083356,7694760,HDFCBANK.NS
2015-10-29,249.5689849853516,252.04532776881297,248.76613777092356,251.0276481142956,6702368,HDFCBANK.NS
2015-10-30,248.67567443847656,251.479952814872,246.60638693136923,249.21844244783176,8097460,HDFCBANK.NS
2015-11-02,244.94418334960935,247.83892767396785,243.4515920224327,247.64670481323708,3156552,HDFCBANK.NS
2015-11-03,245.35130310058597,246.95697018768269,244.06222542866425,246.71950051996944,2548592,HDFCBANK.NS
2015-11-04,244.6275634765625,248.3364459712154,243.8473534484724,246.5159467035626,2696444,HDFCBANK.NS
2015-11-05,244.20919799804688,244.9215793039918,241.8685402267952,243.9038996115929,3596952,HDFCBANK.NS
2015-11-06,244.44664001464844,246.27845773271764,243.16888124619345,244.4013932474129,5881004,HDFCBANK.NS
2015-11-09,240.8056640625,241.90249120196523,237.6847683358245,239.2678257843029,11429432,HDFCBANK.NS
2015-11-10,238.4988555908203,240.85083167492024,238.0126253858923,239.7313951899472,4402580,HDFCBANK.NS
2015-11-13,237.92218017578125,238.5893146101234,235.4232004825957,237.3228744803772,3940028,HDFCBANK.NS
2015-11-16,239.9349365234375,240.8508592843742,236.38437621313813,237.17590485867365,4734732,HDFCBANK.NS
2015-11-17,239.90098571777344,240.5794387004523,237.72991408814303,240.4663632033392,2567404,HDFCBANK.NS
2015-11-18,237.1419677734375,241.0430730941829,236.62183696113448,240.10454078560767,2446720,HDFCBANK.NS
2015-11-19,241.73284912109372,242.19644218343575,237.3681230617447,238.58934418357072,3277680,HDFCBANK.NS
2015-11-20,242.1738128662109,244.29963796336648,239.7200798344536,240.82822534740623,4648160,HDFCBANK.NS
2015-11-23,241.0882873535156,243.2254032854609,239.50523033538616,242.88617678157607,3408280,HDFCBANK.NS
2015-11-24,240.70382690429688,242.77311420946185,240.19498712137067,240.9073683387324,4002252,HDFCBANK.NS
2015-11-26,240.61338806152344,241.30315977633003,237.7073527176289,239.4939514556078,8791484,HDFCBANK.NS
2015-11-27,244.107421875,244.74062818112316,239.93491890048864,240.8169134191409,6925072,HDFCBANK.NS
2015-11-30,243.7342987060547,244.4692896323313,241.913771676899,244.06220669216924,5247776,HDFCBANK.NS
2015-12-01,244.9215850830078,245.35127759564733,242.7731501261393,243.5759973893955,1895332,HDFCBANK.NS
2015-12-02,243.74562072753903,247.1152493980015,242.4000053721045,246.50465258550528,2562284,HDFCBANK.NS
2015-12-03,243.50811767578125,244.4692595379796,241.3710015188355,242.5469758135829,3807712,HDFCBANK.NS
2015-12-04,239.4713592529297,242.7957687410006,238.81551566780325,242.7957687410006,5859828,HDFCBANK.NS
2015-12-07,240.16110229492188,242.23038997357543,239.9688794190535,241.57454639149807,5814808,HDFCBANK.NS
2015-12-08,237.28895568847656,240.14977158806832,236.78011589786516,239.94623015055865,4902660,HDFCBANK.NS
2015-12-09,236.88189697265625,239.0416504578293,236.2939097870247,236.8027496295319,3890616,HDFCBANK.NS
2015-12-10,239.8557891845703,240.4437763714276,235.71724168734823,236.32783845709844,6514340,HDFCBANK.NS
2015-12-11,236.63311767578125,239.85576975735808,235.64936624582828,239.72008466466215,3033920,HDFCBANK.NS
2015-12-14,238.6006622314453,239.68617064343823,235.2196876701374,235.4232291243635,5878016,HDFCBANK.NS
2015-12-15,239.595703125,240.2741562303873,236.3956880629852,238.13703999094827,4557416,HDFCBANK.NS
2015-12-16,241.3710174560547,242.7392146923156,239.5731001136692,240.39855693579625,6842768,HDFCBANK.NS
2015-12-17,244.29965209960935,245.14771846885125,240.8508488646924,242.8635985689585,4878012,HDFCBANK.NS
2015-12-18,242.6600646972656,245.37387716359103,241.6423850223936,245.37387716359103,3172128,HDFCBANK.NS
2015-12-21,243.2028045654297,244.2204841225236,241.7667511561289,242.37734784785528,3097500,HDFCBANK.NS
2015-12-22,241.1787567138672,243.4515856249824,240.6246977287332,242.9992835615825,2429536,HDFCBANK.NS
2015-12-23,242.90879821777344,243.77947409898056,241.78936174283925,242.5695716973297,3013968,HDFCBANK.NS
2015-12-24,242.88623046875,243.42899851620308,241.59718051158737,243.38375174188968,2146352,HDFCBANK.NS
2015-12-28,243.62120056152344,244.22050632088408,241.4727657457105,242.8862097034822,7755428,HDFCBANK.NS
2015-12-29,243.7794647216797,244.2091571523113,242.2755826239548,244.0056157266096,4231612,HDFCBANK.NS
2015-12-30,242.9540557861328,244.68408903225364,242.558291494686,244.2431055786005,2112560,HDFCBANK.NS
2015-12-31,244.7293243408203,245.3512396268285,243.112339075934,243.112339075934,9290008,HDFCBANK.NS
2016-01-01,246.22195434570312,246.5611809188545,243.37245665249745,244.7859007072948,3195076,HDFCBANK.NS
2016-01-04,242.0946807861328,245.14771973112371,241.55191278575785,245.14771973112371,5187536,HDFCBANK.NS
2016-01-05,240.26287841796875,243.06715692861624,240.0254087755298,242.02684002491145,3160872,HDFCBANK.NS
2016-01-06,241.32574462890625,243.50810746340264,238.9624775446729,238.9624775446729,4165536,HDFCBANK.NS
2016-01-07,238.86073303222656,240.8282637727433,237.3907511760573,239.7427276671941,6055428,HDFCBANK.NS
2016-01-08,240.2515411376953,240.73777137333616,239.09817640625613,240.1610752044531,3488356,HDFCBANK.NS
2016-01-11,239.4034881591797,239.9462561826493,236.3956958565967,237.9222153940452,3288912,HDFCBANK.NS
2016-01-12,236.768798828125,240.60207517252843,235.98858885336332,240.60207517252843,4258736,HDFCBANK.NS
2016-01-13,239.7540435791016,240.34203079372244,234.51864119792063,237.91090698188285,4515148,HDFCBANK.NS
2016-01-14,237.40203857421875,239.1320994373204,235.08399056718304,237.4925045055147,6279184,HDFCBANK.NS
2016-01-15,235.68331909179688,238.69111145232716,234.76739630915048,237.00629719514137,5417260,HDFCBANK.NS
2016-01-18,231.9970550537109,235.52500600265952,230.90022795442948,234.21334644291625,6495388,HDFCBANK.NS
2016-01-19,234.2472686767578,234.64303301433253,232.0988337013522,232.30234756132717,6405212,HDFCBANK.NS
2016-01-20,230.28958129882807,250.57533058811987,227.9376189687074,231.8047958960495,9563588,HDFCBANK.NS
2016-01-21,231.3525238037109,233.6705720627413,229.1814792482264,230.90022170438797,6300804,HDFCBANK.NS
2016-01-22,233.00341796875,236.15821380443015,231.13765816234343,231.96310114248624,4236284,HDFCBANK.NS
2016-01-25,235.4571990966797,236.71232100893403,233.62538089613776,235.1858012407604,10143884,HDFCBANK.NS
2016-01-27,234.21334838867188,237.16460312735973,233.61404256460216,237.1080653629443,4039468,HDFCBANK.NS
2016-01-28,233.3200225830078,236.7575350381574,232.935576848217,234.9709362575704,9951972,HDFCBANK.NS
2016-01-29,237.42465209960935,238.578016825395,234.11153400593287,234.11153400593287,5360184,HDFCBANK.NS
2016-02-01,239.66357421875,241.3031693242805,238.29534932953425,239.2678098829323,4609484,HDFCBANK.NS
2016-02-02,238.31797790527344,240.90739628063776,237.5038120730996,240.8508585204217,6528628,HDFCBANK.NS
2016-02-03,236.0677795410156,237.77523109436865,235.64940559936545,236.21478325195508,4850244,HDFCBANK.NS
2016-02-04,237.27769470214844,238.5667723817928,236.45226537092736,237.00632445713492,5675992,HDFCBANK.NS
2016-02-05,238.64585876464844,240.5794609869347,236.46349594693345,238.09179981999688,7523904,HDFCBANK.NS
2016-02-08,234.258544921875,239.26779588631817,233.00342323692956,238.58934277889009,3481924,HDFCBANK.NS
2016-02-09,232.04229736328125,233.2861281461516,230.8210761642881,232.18927346164776,5535460,HDFCBANK.NS
2016-02-10,229.07969665527344,232.9694972687004,228.4351579152086,231.5560532814932,7682280,HDFCBANK.NS
2016-02-11,220.56512451171875,229.09102217460511,218.9594575182369,228.41256899935948,8803600,HDFCBANK.NS
2016-02-12,219.68313598632807,223.08670653586523,218.46191479231015,221.4018784489355,12542144,HDFCBANK.NS
2016-02-15,220.1806488037109,223.4937670877754,219.61527119913777,221.62802099268396,10912960,HDFCBANK.NS
2016-02-16,220.1467437744141,222.080332503501,217.55731147491647,221.9672569777864,7136096,HDFCBANK.NS
2016-02-17,220.47463989257807,221.6053950180849,216.8788330722013,220.92694194278084,7503924,HDFCBANK.NS
2016-02-18,223.76513671875,224.1722058072503,220.949553668281,222.98491291394583,6799856,HDFCBANK.NS
2016-02-19,223.7312164306641,224.47751208641796,220.15803283405185,223.60683612189905,3328660,HDFCBANK.NS
2016-02-22,223.6068420410156,225.24643709011536,222.3064735537986,222.3064735537986,4002396,HDFCBANK.NS
2016-02-23,219.37782287597656,222.8718593524856,218.46191388584583,222.73617424400868,6078320,HDFCBANK.NS
2016-02-24,214.7530212402344,217.76084110324567,214.02934895753725,217.104997568492,6463468,HDFCBANK.NS
2016-02-25,213.18130493164065,216.483104928214,212.17492994125507,215.7481139739004,8463196,HDFCBANK.NS
2016-02-26,217.3311309814453,219.5926411893688,213.71271464876776,214.8434697527295,6209388,HDFCBANK.NS
2016-02-29,219.78489685058597,222.21602068708063,209.86817862949897,217.3537730140912,8812752,HDFCBANK.NS
2016-03-01,222.5665740966797,223.15456133901264,219.78490498019764,220.4859815571574,4322560,HDFCBANK.NS
2016-03-02,227.77932739257807,228.61608899071905,225.0202819785401,225.6987350900332,6358976,HDFCBANK.NS
2016-03-03,229.7355194091797,230.6740517094591,228.412541398582,228.58215467189785,4610400,HDFCBANK.NS
2016-03-04,230.79844665527344,231.78221198480247,224.59059769752463,229.6450818448346,5704624,HDFCBANK.NS
2016-03-08,229.35110473632807,231.57868717272933,228.2994967781936,231.57868717272933,1913688,HDFCBANK.NS
2016-03-09,231.75958251953125,232.9129472310262,227.67754545713356,229.0909893698299,6528172,HDFCBANK.NS
2016-03-10,230.95675659179688,231.97443630260528,228.4351668981947,231.75960385063289,2671392,HDFCBANK.NS
2016-03-11,232.6415557861328,233.11649503882376,229.09099562305465,230.6514432665304,4730856,HDFCBANK.NS
2016-03-14,232.3815155029297,234.7334642673517,231.861357060993,232.48327242984715,3008656,HDFCBANK.NS
2016-03-15,232.18927001953125,233.7044986054538,231.04722379053297,232.4606678410228,7690036,HDFCBANK.NS
2016-03-16,233.03732299804688,233.89670797366944,230.4365998984336,232.2571129697448,4803548,HDFCBANK.NS
2016-03-17,230.31224060058597,234.97094682581837,228.67264544708527,234.0550240078825,5113484,HDFCBANK.NS
2016-03-18,232.57373046875,233.387868675422,229.62244841244544,231.3412045644341,4135068,HDFCBANK.NS
2016-03-21,236.4635162353516,236.85928054586617,233.44440544497695,233.61401872091184,5318796,HDFCBANK.NS
2016-03-22,238.32928466796875,238.9512000715085,235.35539276250344,236.6670799288648,4120264,HDFCBANK.NS
2016-03-23,237.31158447265625,238.148359870948,235.32147191657245,238.148359870948,8464300,HDFCBANK.NS
2016-03-28,236.8932037353516,238.1370343993558,235.57022573217608,236.3278261608042,11270868,HDFCBANK.NS
2016-03-29,238.31797790527344,239.6070277956684,236.15822442248864,236.8932153052974,6733952,HDFCBANK.NS
2016-03-30,240.8395538330078,241.95901811372568,238.34060125095408,239.2678150507733,7814380,HDFCBANK.NS
2016-03-31,242.2416839599609,243.9943544616646,240.86216818311124,241.2692234777751,20080392,HDFCBANK.NS
2016-04-01,240.72645568847656,243.42897709274035,238.99642237357384,241.710234765675,5158648,HDFCBANK.NS
2016-04-04,241.7667999267578,242.61486639541303,240.62472603977,240.89609626720755,6179960,HDFCBANK.NS
2016-04-05,239.14340209960935,243.54205631588565,238.736346798395,241.75545760929415,6663028,HDFCBANK.NS
2016-04-06,240.05935668945312,241.2918689572904,238.98513912536936,239.94628115639168,4295376,HDFCBANK.NS
2016-04-07,238.7024383544922,240.7943356115069,236.7914729838593,240.6247223203976,3911692,HDFCBANK.NS
2016-04-08,239.5730743408203,240.47767840883216,238.41970967537029,238.5893229381225,2962796,HDFCBANK.NS
2016-04-11,242.1964263916016,242.9088076334116,235.8415881835618,239.78794008815356,4049620,HDFCBANK.NS
2016-04-12,240.3985595703125,242.20776792079465,239.550493156024,241.89115093819456,4941480,HDFCBANK.NS
2016-04-13,244.6388702392578,245.362542473608,241.86852019494916,242.4338977550121,4974604,HDFCBANK.NS
2016-04-18,246.00704956054688,246.95687264357065,242.34338708391005,245.03458929423883,4117068,HDFCBANK.NS
2016-04-20,248.2799072265625,248.76613747106688,245.04596400323507,246.93431961640903,3821352,HDFCBANK.NS
2016-04-21,246.7647247314453,249.93083944431015,246.27849445070373,247.63540075621725,8191728,HDFCBANK.NS
2016-04-22,246.9908447265625,248.9583475796381,245.41907855650692,246.39153899571616,7809320,HDFCBANK.NS
2016-04-25,247.23959350585935,248.76611283461725,245.26077215376583,248.76611283461725,5561960,HDFCBANK.NS
2016-04-26,251.8983459472656,252.15842518060128,247.0700264661945,247.6354041011286,7053796,HDFCBANK.NS
2016-04-27,254.23899841308597,254.4199302949385,250.8015135085216,250.99373637903412,5763636,HDFCBANK.NS
2016-04-28,251.9209747314453,257.0659116014646,251.10683639635695,254.2390232113441,8089584,HDFCBANK.NS
2016-04-29,256.0821533203125,256.90761023008207,250.1682974403168,251.8870676219915,5611940,HDFCBANK.NS
2016-05-02,252.7577362060547,255.5506962589461,252.3845814380388,255.04185637701457,3862716,HDFCBANK.NS
2016-05-03,252.8368988037109,256.6814670323899,251.7400716244425,253.7188935068508,4695296,HDFCBANK.NS
2016-05-04,254.95135498046875,256.5683403461368,251.98878204555567,252.72377288392053,5292328,HDFCBANK.NS
2016-05-05,256.0708312988281,256.62489029924313,253.89975924956863,255.098370793167,5214248,HDFCBANK.NS
2016-05-06,253.21002197265625,256.05951960620456,252.66725394571168,256.0029818451964,2733152,HDFCBANK.NS
2016-05-09,258.1288146972656,258.93163436316377,253.06302564214448,253.28917669276305,6953180,HDFCBANK.NS
2016-05-10,258.9203186035156,259.5083057576052,256.9301785059375,258.60370164167455,5453000,HDFCBANK.NS
2016-05-11,257.5408020019531,258.94292733450885,255.48280555991008,256.6135607011088,6147372,HDFCBANK.NS
2016-05-12,259.8700866699219,260.5259300358945,256.1159859076827,258.716722188423,4221688,HDFCBANK.NS
2016-05-13,258.01568603515625,259.6213526426045,255.55063456981105,259.6213526426045,5045316,HDFCBANK.NS
2016-05-16,262.9683837890625,263.66944634099576,256.12731630060136,258.9428851004309,4518768,HDFCBANK.NS
2016-05-17,260.8539123535156,264.427109914455,260.3677096908206,263.47728656601737,4295424,HDFCBANK.NS
2016-05-18,257.9591369628906,260.2997942307558,255.88984984543896,260.2997942307558,4162644,HDFCBANK.NS
2016-05-19,257.6539306640625,258.42282223362065,256.0030167748367,257.8348349601746,3855796,HDFCBANK.NS
2016-05-20,258.01568603515625,259.7344281446265,256.364772663105,257.80082601752014,2016632,HDFCBANK.NS
2016-05-23,257.0772705078125,260.06245407333,256.27442303659734,258.25324521996515,3463532,HDFCBANK.NS
2016-05-24,257.8009033203125,258.63767884998083,256.8058606892094,257.4503857227341,3259468,HDFCBANK.NS
2016-05-25,265.34307861328125,265.942356902426,259.2369993288611,259.2369993288611,5767348,HDFCBANK.NS
2016-05-26,267.5932312011719,268.8709901610912,263.74866333265726,265.97624566461894,13705560,HDFCBANK.NS
2016-05-27,268.3960876464844,269.11975999216645,266.11193986736885,267.593240345152,5775184,HDFCBANK.NS
2016-05-30,266.8016967773437,270.25050023218967,266.428542029816,268.44129186243447,3814532,HDFCBANK.NS
2016-05-31,267.2879333496094,268.1925375558141,266.27025361762907,268.1925375558141,5515640,HDFCBANK.NS
2016-06-01,265.76141357421875,267.5253752113427,264.82288118964203,267.5253752113427,5675632,HDFCBANK.NS
2016-06-02,265.71612548828125,266.99388425130047,264.8228400166646,265.6595877342213,7910616,HDFCBANK.NS
2016-06-03,264.9924621582031,267.9889632237856,264.3818654364262,266.88081768581435,4524420,HDFCBANK.NS
2016-06-06,264.845458984375,267.40097660099286,264.60801697270244,265.9536045244923,5547308,HDFCBANK.NS
2016-06-07,265.4334716796875,266.8582343121909,264.06527441501976,266.16846257927614,5628504,HDFCBANK.NS
2016-06-08,262.92315673828125,266.4058877874981,262.5613206462524,265.908366611749,4742812,HDFCBANK.NS
2016-06-09,262.1994934082031,263.2850017209453,260.63904587691576,262.9005560363684,4648184,HDFCBANK.NS
2016-06-10,262.6405029296875,265.2073116943119,261.47581956063925,261.9733684089257,6322312,HDFCBANK.NS
2016-06-13,260.72955322265625,263.4546568338969,260.3111792979619,261.1479271473506,3323236,HDFCBANK.NS
2016-06-14,260.4920654296875,261.65674878695376,258.77332307646657,261.20444671472046,3828768,HDFCBANK.NS
2016-06-15,264.49493408203125,264.80023243499414,260.7973428535432,261.2044257283774,3045824,HDFCBANK.NS
2016-06-16,262.8214416503906,264.3366426046454,261.28360350664326,263.8165117665607,4727768,HDFCBANK.NS
2016-06-17,264.59674072265625,266.40594920622993,263.5903795462006,263.9182875413161,3761652,HDFCBANK.NS
2016-06-20,265.060302734375,266.6885789664336,262.06380184711173,262.1090210066538,2742764,HDFCBANK.NS
2016-06-21,263.83905029296875,265.82916238300623,262.60651086970165,265.7274054830093,2670968,HDFCBANK.NS
2016-06-22,264.9359741210937,265.7275028529963,263.6921432566755,263.6921432566755,3803840,HDFCBANK.NS
2016-06-23,269.14239501953125,269.5381594098736,264.031386128377,264.55154465536015,3926732,HDFCBANK.NS
2016-06-24,262.7649230957031,265.0264337039692,259.3952667681205,262.3013023784763,11173964,HDFCBANK.NS
2016-06-27,262.3238220214844,264.3704994627622,260.7634023218596,262.78744257975166,4163788,HDFCBANK.NS
2016-06-28,263.90692138671875,265.297755679088,260.0736726454744,262.61787161700624,4034980,HDFCBANK.NS
2016-06-29,266.3808288574219,266.65442637038365,264.41994462718964,265.6283939474108,5420668,HDFCBANK.NS
2016-06-30,268.23907470703125,269.04851144666685,264.97858825958565,266.9964465288533,16278892,HDFCBANK.NS
2016-07-01,267.7944641113281,270.1885397802672,267.1788557867653,269.0485037474391,4304876,HDFCBANK.NS
2016-07-04,267.40692138671875,268.9345588711328,267.08770566123786,268.638138304704,7249852,HDFCBANK.NS
2016-07-05,265.7651672363281,267.7488464303981,264.94434694318903,267.40683565551444,2136328,HDFCBANK.NS
2016-07-07,270.3367614746094,271.0435782783005,264.6935828732315,266.2896333867525,4832616,HDFCBANK.NS
2016-07-08,267.8742370605469,270.32531431146543,267.0534167570535,270.21131071839943,3118868,HDFCBANK.NS
2016-07-11,273.5516662597656,274.04188735663246,269.28794231557504,270.4165669381805,5102532,HDFCBANK.NS
2016-07-12,274.098876953125,275.865932855671,272.5940349123778,275.865932855671,7046032,HDFCBANK.NS
2016-07-13,273.0956420898437,274.05326126081366,272.0810211150563,273.5630680143124,6687072,HDFCBANK.NS
2016-07-14,273.6884460449219,274.09887015171955,271.8301817366112,273.8366562964272,3459668,HDFCBANK.NS
2016-07-15,279.0124206542969,279.53684838720943,272.4914198066263,274.4750992967234,5774216,HDFCBANK.NS
2016-07-18,279.867431640625,282.38692238000573,278.7730137602955,279.3088251235422,4438484,HDFCBANK.NS
2016-07-19,277.7925720214844,280.61986692371886,276.76653960128795,280.2208543158647,2586004,HDFCBANK.NS
2016-07-20,280.9505310058594,282.3869878584515,278.5678663028366,278.85287537415115,4690332,HDFCBANK.NS
2016-07-21,280.12969970703125,282.7061927461002,278.7388610589237,280.60850936189894,9112904,HDFCBANK.NS
2016-07-22,280.6312561035156,281.5090782044151,278.5107781372158,281.21265772898533,5620272,HDFCBANK.NS
2016-07-25,284.31365966796875,284.8836778539448,279.7649256770476,281.13296932339006,9872884,HDFCBANK.NS
2016-07-26,282.4553527832031,284.01719665987446,281.6231208709453,283.2761732013964,5665992,HDFCBANK.NS
2016-07-27,282.0334777832031,284.45037622278954,280.4488389725784,282.95691802030063,10734736,HDFCBANK.NS
2016-07-28,284.6556396484375,285.29407108052544,281.71436839473944,282.2729750231293,10646528,HDFCBANK.NS
2016-07-29,284.142578125,285.00901666883794,281.5889084688119,284.55300224216785,3395676,HDFCBANK.NS
2016-08-01,283.25341796875,287.0497164170692,279.91310618777305,284.7810554114496,5560864,HDFCBANK.NS
2016-08-02,283.4814147949219,286.4796877575385,282.82018822727787,284.32503045621286,5329396,HDFCBANK.NS
2016-08-03,282.83154296875,284.9976115438382,280.67688588774826,282.9797532273122,4733876,HDFCBANK.NS
2016-08-04,282.9569091796875,284.2565389670113,281.2696504882634,284.2337438156896,4662880,HDFCBANK.NS
2016-08-05,284.83795166015625,286.2972030867535,283.12789791795,284.4161439703266,5784912,HDFCBANK.NS
2016-08-08,284.91778564453125,286.1490300655786,283.7663660081565,285.67022052209063,4728776,HDFCBANK.NS
2016-08-09,284.3705139160156,285.6701714053514,282.2044459333607,285.6701714053514,4210856,HDFCBANK.NS
2016-08-10,279.7420654296875,285.2256224031876,278.11180823051774,283.86899056937455,3619720,HDFCBANK.NS
2016-08-11,280.04986572265625,281.5889144453332,278.6248206090665,279.7192663894684,2856072,HDFCBANK.NS
2016-08-12,280.1524353027344,281.5888917948519,278.0319850440253,280.6882744886721,4641496,HDFCBANK.NS
2016-08-16,279.833251953125,282.3755100054982,276.75515470626647,281.13288187974547,3468568,HDFCBANK.NS
2016-08-17,281.56610107421875,282.1589142365376,279.5368313971678,281.22409026908355,5511036,HDFCBANK.NS
2016-08-18,285.5790405273437,286.1262634170924,281.48632209766174,282.2729358665481,6111656,HDFCBANK.NS
2016-08-19,284.34783935546875,285.0090659550678,283.0595928107685,285.0090659550678,4110636,HDFCBANK.NS
2016-08-22,285.0774841308594,286.02369197965044,282.9570055107866,283.88044603341245,5501292,HDFCBANK.NS
2016-08-23,285.339599609375,285.92102910315555,284.1083829943977,285.2370075024303,5314524,HDFCBANK.NS
2016-08-24,287.69952392578125,288.24671899238984,284.3364174004277,285.4764535107171,5570936,HDFCBANK.NS
2016-08-25,286.95849609375,288.83955564714466,285.9894654147285,288.20112430191847,8729888,HDFCBANK.NS
2016-08-26,286.6278076171875,287.7222531654977,285.89819580691835,287.28903397625385,2521136,HDFCBANK.NS
2016-08-29,282.2957458496094,286.2630772175343,281.8625265460985,286.2630772175343,2944184,HDFCBANK.NS
2016-08-30,289.2613220214844,289.6831297489094,283.6295278287853,283.891741659209,9867608,HDFCBANK.NS
2016-08-31,294.4029235839844,295.2693621892109,288.5431489192636,289.3411742224777,11161364,HDFCBANK.NS
2016-09-01,292.69287109375,294.1293277811958,290.8004277775418,293.67331331951954,5224676,HDFCBANK.NS
2016-09-02,293.0121154785156,293.9013493324508,292.11149796167206,293.10332394636583,3955188,HDFCBANK.NS
2016-09-06,296.5005798339844,297.2986050646333,294.1407107899333,294.1407107899333,5508884,HDFCBANK.NS
2016-09-07,293.3883056640625,297.5494376464749,292.5560737009972,296.6374087188229,4016444,HDFCBANK.NS
2016-09-08,293.9925231933594,295.326359900793,292.6700701474941,294.1293219625733,2905380,HDFCBANK.NS
2016-09-09,294.2204895019531,295.155313433306,291.4616080136544,294.12928105752394,4013768,HDFCBANK.NS
2016-09-12,291.8263854980469,292.85241777376496,289.9111196834584,290.64073150191746,3985728,HDFCBANK.NS
2016-09-14,289.4437561035156,291.16522175843187,288.52034355649613,290.70920731558385,3849508,HDFCBANK.NS
2016-09-15,291.7580261230469,292.7384682786135,289.5349557815543,290.02517685933765,3501812,HDFCBANK.NS
2016-09-16,295.9191589355469,297.43541248451487,292.71567425897564,292.71567425897564,6525816,HDFCBANK.NS
2016-09-19,294.1634826660156,296.9793659047495,293.6732616393992,295.7253263558235,5894832,HDFCBANK.NS
2016-09-20,293.77587890625,295.26933726651544,292.7726694475037,294.7335258890234,3778248,HDFCBANK.NS
2016-09-21,294.8133239746094,295.95336003019565,293.6504927644937,294.58531676349213,4256400,HDFCBANK.NS
2016-09-22,297.982666015625,300.2741220662876,296.53482561553,297.54944669523286,6555800,HDFCBANK.NS
2016-09-23,299.3050537109375,300.61609516965126,296.7513840897378,297.78882802936283,4876808,HDFCBANK.NS
2016-09-26,295.5315856933594,298.43867796401975,294.97295126317,297.8002465674932,5576772,HDFCBANK.NS
2016-09-27,295.9647521972656,297.81160492013265,295.2351124695893,296.1813479005186,4056812,HDFCBANK.NS
2016-09-28,295.32635498046875,296.4093892874807,293.90130983966355,296.3865941318104,4989652,HDFCBANK.NS
2016-09-29,291.2792663574219,297.77747308242107,289.1017859532467,295.94200355850904,16450012,HDFCBANK.NS
2016-09-30,290.2189636230469,292.0772278995284,288.976335496217,291.18799423863857,4138428,HDFCBANK.NS
2016-10-03,293.4909362792969,294.1065725859568,291.0284745514103,292.0773023891907,3900548,HDFCBANK.NS
2016-10-04,294.0267028808594,295.269331017227,292.37365064157376,293.8100793359651,2775512,HDFCBANK.NS
2016-10-05,293.2400817871094,296.4207992244233,291.0284228733646,295.9533732875298,3647020,HDFCBANK.NS
2016-10-06,292.2938537597656,295.4061579774568,291.6326550672528,293.4680965463636,2895712,HDFCBANK.NS
2016-10-07,291.98602294921875,293.6162800415607,290.9941971679611,292.7612530175608,3337464,HDFCBANK.NS
2016-10-10,292.8410949707031,293.65053181096414,291.5642599852491,292.98930524421905,4719312,HDFCBANK.NS
2016-10-13,287.9161071777344,291.6212243756264,286.4796506078485,291.6212243756264,4519356,HDFCBANK.NS
2016-10-14,287.69952392578125,289.1131575693749,285.9210564605648,288.6001413197447,4067116,HDFCBANK.NS
2016-10-17,282.2045288085937,288.7483528092452,281.07590418777033,288.5431407419374,5135360,HDFCBANK.NS
2016-10-18,286.798828125,287.2890491325618,282.5008983136857,283.4585173442978,2610968,HDFCBANK.NS
2016-10-19,286.91290283203125,287.97314205701895,284.5530334815199,287.5399227375394,3044904,HDFCBANK.NS
2016-10-20,286.2630920410156,288.98776744698944,285.237059453055,287.3461264394185,3200356,HDFCBANK.NS
2016-10-21,289.728759765625,290.24177600432984,285.0090215027051,286.37706480591805,3956408,HDFCBANK.NS
2016-10-24,288.0985717773437,291.1310515016117,287.5285536525284,289.96822009357163,3255664,HDFCBANK.NS
2016-10-25,285.0774841308594,289.1132014405136,283.6524387767559,289.1132014405136,5501796,HDFCBANK.NS
2016-10-26,282.5693664550781,288.4291410330184,281.60033574409766,283.49277902108804,5366540,HDFCBANK.NS
2016-10-27,285.4878234863281,286.60506438743585,279.1150330684754,282.50093458713843,11623860,HDFCBANK.NS
2016-10-28,287.072509765625,287.72232479481096,282.751756122082,286.03506575149567,5320536,HDFCBANK.NS
2016-11-01,287.24346923828125,288.166881658496,284.3363775643328,286.377030782686,3402416,HDFCBANK.NS
2016-11-02,284.1311950683594,286.30864726059315,283.07095595751406,285.2598196436036,6474432,HDFCBANK.NS
2016-11-03,286.1376342773437,287.28908180982535,280.84787818988286,283.8689736930417,6315812,HDFCBANK.NS
2016-11-04,283.5725402832031,285.6474280459441,283.1279373814214,285.6474280459441,5734920,HDFCBANK.NS
2016-11-07,284.88360595703125,286.11485049459054,282.7289488909866,285.4650354931574,5671392,HDFCBANK.NS
2016-11-08,285.9894714355469,286.83308702893737,282.7517521636124,285.2598316209401,5348164,HDFCBANK.NS
2016-11-09,285.2940368652344,286.69628684877694,272.5484275737634,273.6086667239011,13645468,HDFCBANK.NS
2016-11-10,291.51861572265625,292.5332366261144,285.9438230014694,288.1440980407264,10700736,HDFCBANK.NS
2016-11-11,290.8915710449219,292.3052044261442,288.5658811118335,290.4811469882276,7139320,HDFCBANK.NS
2016-11-15,286.09210205078125,293.9013505028548,285.1572778756565,291.2792670809907,12512524,HDFCBANK.NS
2016-11-16,283.7208251953125,289.11320239971394,282.7404106881868,289.11320239971394,8647744,HDFCBANK.NS
2016-11-17,280.4944763183594,284.75822811430584,279.34305653490924,282.34135710229464,4815624,HDFCBANK.NS
2016-11-18,276.2079772949219,281.8169498565518,275.7063446650074,281.8169498565518,6879900,HDFCBANK.NS
2016-11-21,273.312255859375,278.0548173833346,270.95238659207706,278.0548173833346,5552520,HDFCBANK.NS
2016-11-22,273.1640625,275.15912568555973,271.180382975753,275.15912568555973,10017784,HDFCBANK.NS
2016-11-23,270.1315002441406,274.29263118269773,269.29926848984775,274.29263118269773,3532692,HDFCBANK.NS
2016-11-24,265.7424011230469,270.4849621861636,264.6935735320435,269.9605344742063,15285996,HDFCBANK.NS
2016-11-25,271.1690368652344,272.05824288474577,264.0323987200323,266.5404785006198,5969960,HDFCBANK.NS
2016-11-28,270.06317138671875,273.35789279110946,268.6153309412277,269.1055520867021,4130180,HDFCBANK.NS
2016-11-29,268.76348876953125,272.00117989768404,268.2504725661536,270.1201204852992,3932644,HDFCBANK.NS
2016-11-30,273.5174255371094,274.06464837165464,269.2992924298917,270.1885260569141,6442840,HDFCBANK.NS
2016-12-01,272.9815979003906,275.4098799486086,272.0125673795498,274.13304529949403,4476984,HDFCBANK.NS
2016-12-02,271.1234130859375,274.05330065675645,268.29611764357327,271.10061792771603,4062672,HDFCBANK.NS
2016-12-05,272.77642822265625,273.3692414196898,268.2504905362472,270.7813650758716,4551936,HDFCBANK.NS
2016-12-06,272.3432312011719,274.2584975451908,271.3742004506834,272.46864631381266,2702964,HDFCBANK.NS
2016-12-07,269.413330078125,274.95391674968425,266.08443017719515,274.03047636012,5628192,HDFCBANK.NS
2016-12-08,273.4946594238281,274.87411423312,270.64456918389664,270.64456918389664,4309696,HDFCBANK.NS
2016-12-09,273.22100830078125,274.133036998662,270.8725232705756,273.4033973406132,4387952,HDFCBANK.NS
2016-12-12,270.06317138671875,271.8188438806369,269.2993526792156,271.78463722715435,3425272,HDFCBANK.NS
2016-12-13,270.4735107421875,271.4083345910269,268.71786663175504,269.1054676952302,2526868,HDFCBANK.NS
2016-12-14,268.06805419921875,270.8725538954417,267.54365433839286,270.644546695193,4314144,HDFCBANK.NS
2016-12-15,268.27325439453125,272.3545886652639,265.3091609222429,265.44595966976675,4941488,HDFCBANK.NS
2016-12-16,269.5729064941406,270.18851476170016,267.12182925052184,268.273248837314,3255828,HDFCBANK.NS
2016-12-19,268.3074951171875,268.93451496980896,266.88244999759337,268.3189066113093,3160436,HDFCBANK.NS
2016-12-20,269.48175048828125,270.1885673341338,267.15606004439104,268.1365022657733,4189992,HDFCBANK.NS
2016-12-21,269.0484924316406,270.18852841652046,267.9084564467608,269.9605212195445,2658876,HDFCBANK.NS
2016-12-22,267.4752502441406,268.9345019425008,266.4036274992808,268.22768516400305,2805716,HDFCBANK.NS
2016-12-23,270.4735107421875,271.15753226566613,266.60880026769587,266.99640133117094,4752516,HDFCBANK.NS
2016-12-26,267.9084777832031,270.4393523046152,266.7912368624609,268.71791453009587,4183864,HDFCBANK.NS
2016-12-27,270.234130859375,270.621759811389,267.65766611757954,268.88891060312875,4899296,HDFCBANK.NS
2016-12-28,270.5874938964844,272.45714145298,269.27645274215126,271.30572200848263,6507840,HDFCBANK.NS
2016-12-29,274.7942810058594,275.4213008393993,269.3791097161964,270.18854645265804,8100816,HDFCBANK.NS
2016-12-30,275.0223083496094,276.344761410316,273.5972631690694,273.6086746636792,4066540,HDFCBANK.NS
2017-01-02,272.9473876953125,275.91148101450443,271.79596814414015,275.7632707819633,3708656,HDFCBANK.NS
2017-01-03,271.3058166503906,274.05328715423866,270.3595810510337,273.7911010982354,3847500,HDFCBANK.NS
2017-01-04,270.3025207519531,271.7845674705425,269.9149196664086,271.2943464508889,6967120,HDFCBANK.NS
2017-01-05,270.4621276855469,272.354598565967,269.7553109368886,271.10055897441174,6776384,HDFCBANK.NS
2017-01-06,272.1607971191406,273.24383130828704,270.9181411918477,271.3513604340883,5525260,HDFCBANK.NS
2017-01-09,272.51416015625,274.5548410402646,271.818754983142,273.3463918985395,4573796,HDFCBANK.NS
2017-01-10,276.88055419921875,277.4391885721459,272.5370334809739,272.74221770683306,5546116,HDFCBANK.NS
2017-01-11,281.3609313964844,282.2957555047195,277.1427974979147,277.5988119734358,9343404,HDFCBANK.NS
2017-01-12,281.58892822265625,283.57257998466247,279.4228595440204,281.58892822265625,2916316,HDFCBANK.NS
2017-01-13,281.0189208984375,282.6605618792421,280.1296871034538,282.50096794577206,3850412,HDFCBANK.NS
2017-01-16,284.4732360839844,284.883632412674,281.0873341659495,281.2469280993986,3765864,HDFCBANK.NS
2017-01-17,282.3869934082031,285.5562999100907,281.87397706975463,284.3250551312307,3559612,HDFCBANK.NS
2017-01-18,283.3218078613281,286.3771106272789,282.92279516738085,282.93420666323175,4612888,HDFCBANK.NS
2017-01-19,281.8853454589844,283.84620204171983,281.5889249311546,283.84620204171983,3512412,HDFCBANK.NS
2017-01-20,281.8966979980469,283.8689658575347,280.44885783515474,281.8169010441067,13942068,HDFCBANK.NS
2017-01-23,283.7891845703125,285.00901759905406,281.7713262922936,281.8169166019447,4793848,HDFCBANK.NS
2017-01-24,289.01055908203125,289.91117645614264,284.8380158771814,285.0090212899554,10261864,HDFCBANK.NS
2017-01-25,294.2660827636719,295.40611874821496,289.5919352270453,290.1619532193169,15636984,HDFCBANK.NS
2017-01-27,294.5625305175781,296.409383416901,293.673296800745,296.181376198888,6852236,HDFCBANK.NS
2017-01-30,292.97784423828125,294.80190186151293,291.97463481183223,294.80190186151293,5319628,HDFCBANK.NS
2017-01-31,293.365478515625,294.74490541852225,291.1652034010241,292.3964478856686,6101040,HDFCBANK.NS
2017-02-01,297.7090148925781,298.6894570680275,291.9632441035185,293.2628741194281,10910664,HDFCBANK.NS
2017-02-02,296.1129455566406,297.7089959892491,294.7221071748068,297.7089959892491,5971636,HDFCBANK.NS
2017-02-03,298.9288635253906,300.05748808067545,295.6113474898144,296.1813655142837,8005104,HDFCBANK.NS
2017-02-06,299.6242370605469,300.969485022304,299.02001245206435,299.2138408261706,4310220,HDFCBANK.NS
2017-02-07,298.0396728515625,300.5135458681887,297.08202573250645,300.05753138280454,3411920,HDFCBANK.NS
2017-02-08,297.6976318359375,300.6731093519561,295.98757768894546,298.130851119758,4940960,HDFCBANK.NS
2017-02-09,295.8735656738281,300.9467261657838,294.7107344534903,298.5526504280069,4465376,HDFCBANK.NS
2017-02-10,297.230224609375,298.40446743079536,295.9533896658433,296.0331866311426,3296736,HDFCBANK.NS
2017-02-13,298.7350769042969,299.82952279748423,296.2269972459149,298.1308799802007,2795792,HDFCBANK.NS
2017-02-14,298.94024658203125,299.60147305566176,297.3214009623919,299.60147305566176,2446060,HDFCBANK.NS
2017-02-15,301.47119140625,301.8816156120014,298.10808428368426,299.1455284614394,6126940,HDFCBANK.NS
2017-02-16,302.7707824707031,303.93361368566383,301.0265217318062,301.6535415649912,5043700,HDFCBANK.NS
2017-02-17,313.97735595703125,331.52250054384467,310.19241380828845,329.470435547356,402259960,HDFCBANK.NS
2017-02-20,321.2849426269531,322.7327827924192,309.8959940253454,310.3633920894887,10566716,HDFCBANK.NS
2017-02-21,322.7555847167969,324.1806296356607,318.6172487058346,320.5895164401238,6260028,HDFCBANK.NS
2017-02-22,319.0163269042969,323.4966746173873,318.03588466527964,322.63023599532954,5296776,HDFCBANK.NS
2017-02-23,317.91046142578125,324.078039705892,316.2574091668546,320.0765299029955,34494980,HDFCBANK.NS
2017-02-27,317.7508239746094,318.8338581596845,314.3307160217406,317.1352156762569,4681376,HDFCBANK.NS
2017-02-28,316.9528503417969,318.35510039714785,315.67601539828195,317.5912817300115,2928008,HDFCBANK.NS
2017-03-01,317.3062438964844,318.4120733142012,316.10920602688213,318.40066182037367,3481736,HDFCBANK.NS
2017-03-02,314.6726989746094,318.29801865046187,313.7948769109585,317.9674193774334,4601988,HDFCBANK.NS
2017-03-03,313.9659118652344,315.6759658514285,312.1418542799607,315.6759658514285,2492824,HDFCBANK.NS
2017-03-06,314.8209228515625,316.9071941752268,313.07666230774777,313.92030559778857,3679124,HDFCBANK.NS
2017-03-07,316.0636291503906,316.36004969949147,313.783556720124,315.1630116736015,3112876,HDFCBANK.NS
2017-03-08,317.4316101074219,319.027660494352,314.8893521145683,316.4511958551965,3782144,HDFCBANK.NS
2017-03-09,317.8876342773437,318.9136667004877,315.02616055254435,315.02616055254435,3509316,HDFCBANK.NS
2017-03-10,319.2328796386719,321.03414211056185,317.6482407095716,318.070048468916,5860704,HDFCBANK.NS
2017-03-14,321.6497497558594,324.7164633323033,320.7263372845554,324.2490374335458,7155020,HDFCBANK.NS
2017-03-15,322.9950256347656,323.770255757387,321.615598639209,321.7067792618244,4271860,HDFCBANK.NS
2017-03-16,323.1659851074219,324.4200246521405,322.32236963777467,323.3369904998835,4980108,HDFCBANK.NS
2017-03-17,325.1040954589844,325.4803129459599,322.14000154073744,323.4396594200244,3390464,HDFCBANK.NS
2017-03-20,327.4411926269531,328.29621977911927,325.1269135685072,325.28653533666056,8142344,HDFCBANK.NS
2017-03-21,328.5470275878906,329.4704680606039,326.96238837294527,326.96238837294527,5557280,HDFCBANK.NS
2017-03-22,326.2554931640625,327.6463314540358,325.0926620636884,325.5258534575998,5636544,HDFCBANK.NS
2017-03-23,326.2554931640625,327.1903170748374,324.431435647269,327.0535183276597,4922472,HDFCBANK.NS
2017-03-24,324.7620849609375,327.0649523640098,324.2262735494321,326.7343530213335,3810364,HDFCBANK.NS
2017-03-27,321.4559326171875,324.68223993594177,320.13350760932866,324.68223993594177,5864084,HDFCBANK.NS
2017-03-28,323.8158874511719,324.8419200829347,322.19704153208494,323.3826959396496,8061400,HDFCBANK.NS
2017-03-29,325.7311096191406,327.1447710858989,323.770253089547,323.9526699991006,8575772,HDFCBANK.NS
2017-03-30,334.3041381835937,337.43923711491647,324.92166437545364,325.59427446755546,34321092,HDFCBANK.NS
2017-03-31,328.9117736816406,331.5224447994774,327.54373058067995,331.47685449594195,9651392,HDFCBANK.NS
2017-04-03,326.77996826171875,330.6332962199942,325.1383272516786,329.69847209391816,4149052,HDFCBANK.NS
2017-04-05,326.5861511230469,329.8124590020242,325.49173311611725,327.2473776582476,5744080,HDFCBANK.NS
2017-04-06,327.9883728027344,329.01440525154374,324.9216869500131,326.39232232680865,6124416,HDFCBANK.NS
2017-04-07,328.06817626953125,329.4704262106434,325.7311023119817,326.2897366893871,4648360,HDFCBANK.NS
2017-04-10,326.99658203125,329.01444049682016,326.6545711783427,329.01444049682016,3393876,HDFCBANK.NS
2017-04-11,328.2164001464844,328.6040012955345,326.39234234782384,326.9623604099053,4356260,HDFCBANK.NS
2017-04-12,329.1740417480469,330.59908700018207,327.3043935104116,328.10241885160724,3565092,HDFCBANK.NS
2017-04-13,328.3988342285156,330.3596908980085,327.6578107090684,329.0144426345829,4804236,HDFCBANK.NS
2017-04-17,327.60076904296875,329.1968195060594,325.65129627274354,328.39879427451405,7137056,HDFCBANK.NS
2017-04-18,329.994873046875,331.7505175737217,327.8743946879806,328.3304091451266,3638860,HDFCBANK.NS
2017-04-19,330.3824462890625,332.149502161209,327.8743669866611,329.92643187044405,4338144,HDFCBANK.NS
2017-04-20,333.3807678222656,334.2700015616056,331.28308466370555,331.29449615806,5781372,HDFCBANK.NS
2017-04-21,341.2355651855469,341.7827880244829,331.36287026323794,334.25855052961435,17258032,HDFCBANK.NS
2017-04-24,349.54644775390625,350.9030794555444,341.32677709223515,341.5775794446922,20206952,HDFCBANK.NS
2017-04-25,350.45849609375,352.3851459006439,348.7598256657858,350.00248167006754,9057780,HDFCBANK.NS
2017-04-26,353.559326171875,354.0951374584987,334.8171199685324,351.803654250991,7795852,HDFCBANK.NS
2017-04-27,357.6521301269531,358.87196322284683,352.5219675277535,352.5219675277535,16180420,HDFCBANK.NS
2017-04-28,352.6131591796875,355.66846143751326,350.4698857849194,355.66846143751326,5437728,HDFCBANK.NS
2017-05-02,351.2679443359375,353.6164300140832,348.93087015282646,352.7271962217312,4007040,HDFCBANK.NS
2017-05-03,352.11151123046875,354.38017161577204,350.9828589511848,354.38017161577204,2507964,HDFCBANK.NS
2017-05-04,349.94549560546875,351.7923485378604,347.1637907961549,350.960116610629,5131028,HDFCBANK.NS
2017-05-05,349.3526916503906,351.79238588556893,348.00747116354285,351.6099689553612,2757896,HDFCBANK.NS
2017-05-08,349.94549560546875,351.13112202720066,348.52045046737135,350.6751075830095,3747252,HDFCBANK.NS
2017-05-09,350.1620483398437,352.40791363515183,349.4552316047141,349.94545263861204,3345836,HDFCBANK.NS
2017-05-10,353.8215637207031,354.5511755855292,350.45845771434523,351.1310677824534,2342244,HDFCBANK.NS
2017-05-11,352.59033203125,355.6912243176941,351.3590876112607,353.6391595620151,3875744,HDFCBANK.NS
2017-05-12,353.78741455078125,354.9844524763231,350.2646862415816,352.476373013283,6147604,HDFCBANK.NS
2017-05-15,354.1864013671875,355.05281205513387,351.64411543934824,353.41117129582733,2804780,HDFCBANK.NS
2017-05-16,355.6114501953125,356.1472615715556,353.01216243800314,354.55121110356527,3590376,HDFCBANK.NS
2017-05-17,355.0414428710937,356.92250240791566,353.7531965308091,355.4176603450406,3472472,HDFCBANK.NS
2017-05-18,355.030029296875,356.03326661055087,352.9779643596384,353.18317641994446,3107280,HDFCBANK.NS
2017-05-19,355.97625732421875,357.9485252612443,352.3281419569249,355.577244705921,2854136,HDFCBANK.NS
2017-05-22,359.3393859863281,360.2514148847705,356.39808722226854,356.8541016714898,2860052,HDFCBANK.NS
2017-05-23,357.76611328125,361.06083421740726,356.8312892721035,360.2513974759895,3080172,HDFCBANK.NS
2017-05-24,357.2303161621094,359.2139678664169,356.1472818542938,357.75474390748,3467388,HDFCBANK.NS
2017-05-25,368.7218322753906,371.5149203483479,357.3100613012872,357.3100613012872,20090804,HDFCBANK.NS
2017-05-26,370.73968505859375,372.1077281768912,365.0623005510779,366.3277515686664,5443156,HDFCBANK.NS
2017-05-29,372.0849914550781,375.75590216572135,368.8358885389,369.32610963318666,5916340,HDFCBANK.NS
2017-05-30,371.4351501464844,372.4497710802359,368.4938516218765,371.65174585906607,4434184,HDFCBANK.NS
2017-05-31,373.0654296875,374.61589003077495,370.08995194726,370.5117597687215,5318912,HDFCBANK.NS
2017-06-01,371.33251953125,373.8976005255707,369.49707827506,373.7037999725818,3359540,HDFCBANK.NS
2017-06-02,372.6207580566406,375.32263774811054,370.7852890055598,372.5637562579476,3213544,HDFCBANK.NS
2017-06-05,372.917236328125,373.69243864414415,370.5117489173728,372.4954006861034,2899900,HDFCBANK.NS
2017-06-06,373.6923828125,374.7982399796096,371.6517295411282,372.7917655213157,5002632,HDFCBANK.NS
2017-06-07,374.1142578125,375.0490818481757,371.73156566309433,374.0230493578923,2554276,HDFCBANK.NS
2017-06-08,375.0149230957031,378.3552348628348,374.30810618981536,374.82112250047976,4248768,HDFCBANK.NS
2017-06-09,380.0423889160156,380.7720007783557,373.9545803475388,373.9545803475388,5305272,HDFCBANK.NS
2017-06-12,380.487060546875,382.1401129447565,378.4919973080524,379.4040262172285,3971412,HDFCBANK.NS
2017-06-13,382.2996826171875,385.7654089519351,378.7199805089372,378.8909859185589,5051620,HDFCBANK.NS
2017-06-14,381.0456848144531,383.04074814591655,380.0880655485166,381.9121234515689,3858360,HDFCBANK.NS
2017-06-15,379.4837951660156,382.0488762837143,377.0327176535481,380.31602705078456,3526692,HDFCBANK.NS
2017-06-16,380.60101318359375,381.8436412727456,378.05872737319146,379.6319825973842,3755104,HDFCBANK.NS
2017-06-19,385.993408203125,386.7002249817334,380.4072316040375,381.0000447785829,3825532,HDFCBANK.NS
2017-06-20,384.5455627441406,386.2442052883068,383.0178977708218,385.3321764682637,3660264,HDFCBANK.NS
2017-06-21,387.31585693359375,387.897286482942,382.9609245593539,383.6449462254516,3410932,HDFCBANK.NS
2017-06-22,387.1562194824219,391.2603490175712,385.60575941375714,386.46078640024655,6675460,HDFCBANK.NS
2017-06-23,382.7443237304688,388.239292141636,381.9576821251928,388.0682867273907,5217468,HDFCBANK.NS
2017-06-27,380.2362365722656,386.47222831807215,377.636948762128,385.1041850319905,6000432,HDFCBANK.NS
2017-06-28,379.9626159667969,381.9120888070065,377.99037580436215,379.6320166350244,4449036,HDFCBANK.NS
2017-06-29,381.70703125,386.0335205370261,378.9642232486956,382.6136330305425,9187708,HDFCBANK.NS
2017-06-30,379.1822509765625,381.0069416889557,377.10506337045433,379.5839149211141,4330432,HDFCBANK.NS
2017-07-03,380.6855773925781,382.7283309092472,378.0805056013538,379.3084439680171,3504332,HDFCBANK.NS
2017-07-04,379.4806213378906,382.5447378921621,379.170771891792,381.0643305286608,3766080,HDFCBANK.NS
2017-07-05,378.4248352050781,380.89219955895504,377.56412670953966,379.4232514563318,4014200,HDFCBANK.NS
2017-07-06,380.5823364257813,381.6955137697651,379.02157386949096,379.2970173888765,4571676,HDFCBANK.NS
2017-07-07,382.6594848632813,383.2103438681048,380.5478913656192,381.20202417603656,5517396,HDFCBANK.NS
2017-07-10,384.7596130371094,401.20488763319617,381.2479394697957,382.8431078788165,1309252,HDFCBANK.NS
2017-07-11,385.689208984375,388.07624607756753,382.63655173762106,385.035076150886,4410280,HDFCBANK.NS
2017-07-12,385.8842468261719,386.74495518340495,380.6741034441943,385.5973440404275,5738892,HDFCBANK.NS
2017-07-13,386.41217041015625,388.650012204121,385.5170280890001,387.4335331500049,4481004,HDFCBANK.NS
2017-07-14,385.5859069824219,386.9860151736366,383.761216234382,386.492536714262,2443252,HDFCBANK.NS
2017-07-17,386.13677978515625,387.353259005827,384.9088412618632,386.1827010492098,2399340,HDFCBANK.NS
2017-07-18,386.41217041015625,387.3990992111429,384.98911574071934,385.5284873900535,2322188,HDFCBANK.NS
2017-07-19,388.4205627441406,389.31567721515626,386.0220381253777,386.7450389055379,3987244,HDFCBANK.NS
2017-07-20,392.6896667480469,393.6307024740054,387.4680349805345,388.7877880646311,3698476,HDFCBANK.NS
2017-07-21,390.8878479003906,393.6880079199658,390.1877938865716,393.42405174994303,3873508,HDFCBANK.NS
2017-07-24,398.24407958984375,399.3687443009288,389.0402422931462,392.4830762957404,19678176,HDFCBANK.NS
2017-07-25,399.2883911132813,403.7296410838853,397.7735498543427,403.7296410838853,11160468,HDFCBANK.NS
2017-07-26,401.1016540527344,402.8115837566962,397.6473326828924,399.8277942473873,3895344,HDFCBANK.NS
2017-07-27,410.7645263671875,412.8646606914508,402.01973369115416,403.04109656128895,17961712,HDFCBANK.NS
2017-07-28,408.2052917480469,410.0414696136552,404.21159928677866,406.71339723224014,9255396,HDFCBANK.NS
2017-07-31,409.55950927734375,411.0743505266352,405.462542710674,407.987287465444,7369140,HDFCBANK.NS
2017-08-01,412.4973754882813,415.2401831798132,406.7593192522554,408.97421456293193,8516860,HDFCBANK.NS
2017-08-02,411.22357177734375,414.74673294226415,409.0201636364511,414.74673294226415,7397916,HDFCBANK.NS
2017-08-03,408.5381774902344,411.3039322147812,407.26434562695744,410.3858430803732,4256784,HDFCBANK.NS
2017-08-04,410.9022216796875,412.39411635412847,405.3707408749463,407.86105176640393,3545068,HDFCBANK.NS
2017-08-07,410.5120544433594,412.3252579056609,409.6972392030687,409.92676146592754,1918660,HDFCBANK.NS
2017-08-08,408.0675659179688,412.5088153299136,405.3591924791456,411.32677027777,4035372,HDFCBANK.NS
2017-08-09,404.98052978515625,407.8725325992818,403.58044963959657,406.483911755708,3270056,HDFCBANK.NS
2017-08-10,404.0624694824219,405.3363292895396,402.3181058319723,403.9591956679443,7788444,HDFCBANK.NS
2017-08-11,401.4459228515625,403.5001358857047,397.3374687654239,400.5163464849572,6359836,HDFCBANK.NS
2017-08-14,403.3164978027344,407.3905178544788,401.2049042506618,402.3525155328433,3577084,HDFCBANK.NS
2017-08-16,408.8365478515625,410.7989744883922,401.3311807486718,404.4985712981559,4426832,HDFCBANK.NS
2017-08-17,405.1985778808594,408.7676319883036,402.5246381167415,407.68888864140393,5454868,HDFCBANK.NS
2017-08-18,402.1574096679688,404.1886759452132,400.05727550965736,403.95915369879344,3707464,HDFCBANK.NS
2017-08-21,400.1032104492188,403.7296735277299,398.9555990975197,402.5820621760308,4009724,HDFCBANK.NS
2017-08-22,400.975341796875,402.5819974308636,398.63422622306047,401.9622986077512,6609556,HDFCBANK.NS
2017-08-23,406.8167114257813,408.07908383373695,401.66394798590346,401.66394798590346,3360524,HDFCBANK.NS
2017-08-24,404.5330200195313,407.3905612091223,403.7641259822144,407.3791019057932,7878276,HDFCBANK.NS
2017-08-28,404.4755859375,406.5183395704896,403.580443556993,404.510019878645,1507784,HDFCBANK.NS
2017-08-29,400.7802734375,403.7296286801719,398.90966153845295,403.7296286801719,4918596,HDFCBANK.NS
2017-08-30,405.9215393066406,406.2543353233533,401.6753781747299,402.1114479848087,2694320,HDFCBANK.NS
2017-08-31,407.7348327636719,408.51521409946224,403.13292797703394,406.7134698507038,7303436,HDFCBANK.NS
2017-09-01,405.7035217285156,408.8823992735927,404.2116271100168,408.7791254686838,2295172,HDFCBANK.NS
2017-09-04,401.87054443359375,405.10680280712216,400.7688263406307,405.10680280712216,3642524,HDFCBANK.NS
2017-09-05,402.891845703125,405.0837942332943,401.8934295941112,403.2705629907786,3682436,HDFCBANK.NS
2017-09-06,403.9362487792969,404.601868966202,398.9097054602031,400.22945851336544,5751632,HDFCBANK.NS
2017-09-07,405.4625854492188,407.8037014432704,403.98214996716206,403.98214996716206,6946420,HDFCBANK.NS
2017-09-08,410.3054809570313,410.8448526740101,406.48392965679983,407.0347886941236,8311664,HDFCBANK.NS
2017-09-11,418.49945068359375,419.7962571910084,410.8907813698628,411.5334549718305,11477676,HDFCBANK.NS
2017-09-12,421.2192077636719,422.2979791129416,417.3403042839872,419.497790946823,6687680,HDFCBANK.NS
2017-09-13,422.74560546875,424.3866953729794,418.6486383776714,421.1733834556069,4995376,HDFCBANK.NS
2017-09-14,422.1831970214844,425.1899326419953,420.3699657942318,422.3553386946188,8154016,HDFCBANK.NS
2017-09-15,424.3751525878906,425.02931341414495,420.8175577157616,421.4028506599304,3767332,HDFCBANK.NS
2017-09-18,427.01470947265625,427.93279858159184,425.1900185757892,425.4310281740272,4084928,HDFCBANK.NS
2017-09-19,424.54730224609375,428.747570703705,424.0538518140097,428.0360573194912,4241468,HDFCBANK.NS
2017-09-20,424.3522644042969,427.2442395466482,423.5259897947474,424.1571760686591,3446128,HDFCBANK.NS
2017-09-21,422.1143798828125,424.271894715665,420.1863873083942,424.1571335864479,7712496,HDFCBANK.NS
2017-09-22,418.6715698242188,422.0799699522976,417.7305341146744,421.1274749398919,8243524,HDFCBANK.NS
2017-09-25,413.0826416015625,418.29278511833127,411.4415520210782,418.29278511833127,10149228,HDFCBANK.NS
2017-09-26,411.3727416992188,412.3596705678664,409.69721805967663,410.62679438342377,11438732,HDFCBANK.NS
2017-09-27,407.7463073730469,414.42539973995474,406.25441263737287,412.22199158006873,7337220,HDFCBANK.NS
2017-09-28,412.0613403320313,412.91056151934254,404.7166277313536,407.1725048000632,27646464,HDFCBANK.NS
2017-09-29,414.4482727050781,418.1894961998457,412.279298874299,413.1629538417331,6213632,HDFCBANK.NS
2017-10-03,415.1713562011719,417.9600574101982,412.4744695045383,414.97626787349714,4394424,HDFCBANK.NS
2017-10-04,412.4515075683594,415.8713948985682,411.61374570289394,414.9533058444373,6625104,HDFCBANK.NS
2017-10-05,412.8187255859375,414.2876736334162,411.5563531732041,411.99245106481,3336196,HDFCBANK.NS
2017-10-06,413.16302490234375,414.1614411546146,411.7629446850792,412.6810337479221,3030660,HDFCBANK.NS
2017-10-09,412.1072387695313,413.828655806998,410.95962741122014,412.8646734731588,3062492,HDFCBANK.NS
2017-10-10,413.759765625,416.57141330137085,411.4530837297918,412.9105444727479,3798180,HDFCBANK.NS
2017-10-11,410.8793029785156,416.64030643234815,410.2940099747049,413.88603915390814,5267440,HDFCBANK.NS
2017-10-12,417.4550476074219,418.0632591091633,410.3857516404792,412.015353887383,5381560,HDFCBANK.NS
2017-10-13,424.7998046875,426.11955766594826,418.1895524752611,419.2682958765904,6433464,HDFCBANK.NS
2017-10-16,426.25726318359375,429.9525659003194,422.7799954028498,426.91139600939226,3274544,HDFCBANK.NS
2017-10-17,424.903076171875,425.46539449160525,422.1143751595328,424.61617335204255,2613288,HDFCBANK.NS
2017-10-18,428.86236572265625,430.3542604923632,422.09145869090975,422.5505032354349,3926720,HDFCBANK.NS
2017-10-19,424.2489013671875,428.0589648339896,422.4701040602366,427.324504895034,570008,HDFCBANK.NS
2017-10-23,427.6688232421875,429.1377432403048,421.414341876892,426.8884419820296,4162892,HDFCBANK.NS
2017-10-24,428.541015625,431.4100439391541,425.3047572902051,427.5999799415284,11328872,HDFCBANK.NS
2017-10-25,412.015380859375,427.59994706727616,409.6972117633322,426.9113803248168,21367208,HDFCBANK.NS
2017-10-26,412.0727844238281,415.4352911407759,403.4656996626242,405.79535620822753,28571464,HDFCBANK.NS
2017-10-27,411.0858459472656,414.8614758341613,408.32009156789655,414.1499624473664,7472088,HDFCBANK.NS
2017-10-30,416.5829162597656,416.8124385276773,411.3957186085318,412.7384182722444,5422352,HDFCBANK.NS
2017-10-31,415.0910034179688,415.7795701916784,412.967922532364,415.7795701916784,4682460,HDFCBANK.NS
2017-11-01,418.00592041015625,418.8781161879904,415.8943268671993,416.6058402555096,4190612,HDFCBANK.NS
2017-11-02,418.2124938964844,419.9798320650529,417.03044868343824,418.4190695288954,4737944,HDFCBANK.NS
2017-11-03,420.1863708496094,422.32093897657774,418.0977239832414,419.0387596023904,3810488,HDFCBANK.NS
2017-11-06,419.7044067382813,422.3209661538926,418.3272731529968,418.8781321906815,6148244,HDFCBANK.NS
2017-11-07,418.5797119140625,423.4570596775793,417.9026324905036,421.8618912632407,7446376,HDFCBANK.NS
2017-11-08,419.09613037109375,420.8519811418776,417.5009619818772,418.9239886880336,3283144,HDFCBANK.NS
2017-11-09,419.53228759765625,421.1733774785964,417.98301223090937,419.3371992661556,3113308,HDFCBANK.NS
2017-11-10,418.1895446777344,421.1274407212505,415.9746493342405,418.1206767947406,7744360,HDFCBANK.NS
2017-11-13,416.2500915527344,418.45349956958654,411.9924425686304,418.1895433760694,3335872,HDFCBANK.NS
2017-11-14,413.6794738769531,417.5010254251804,413.1401021249724,416.7895119639809,4712468,HDFCBANK.NS
2017-11-15,413.1974182128906,413.9777994431372,410.3857707344249,412.6809931658255,6148368,HDFCBANK.NS
2017-11-16,414.9074401855469,416.8124864353185,412.0384115068896,414.0582189038077,4012972,HDFCBANK.NS
2017-11-17,419.0043640136719,421.9307727662578,416.15828244680193,419.7273367029693,6358772,HDFCBANK.NS
2017-11-20,421.8963623046875,422.2521050091864,419.79622795002695,419.79622795002695,2392424,HDFCBANK.NS
2017-11-21,423.7554626464844,424.6161711014197,421.4258061582221,421.7356555984282,2275532,HDFCBANK.NS
2017-11-22,425.8211364746094,426.911367116439,423.36525970962856,424.547276833331,5660796,HDFCBANK.NS
2017-11-23,422.9751586914063,426.9114716817207,421.861981156453,426.6819493851176,3232580,HDFCBANK.NS
2017-11-24,424.9375305175781,426.4064786292239,422.5504933383857,423.0095378721591,5203684,HDFCBANK.NS
2017-11-27,426.3490905761719,427.37045343874144,423.6062827243245,424.3866640216074,3870472,HDFCBANK.NS
2017-11-28,428.1393432617188,429.4361496378464,425.95888178573824,425.9933157284035,5090540,HDFCBANK.NS
2017-11-29,429.964111328125,430.4690491522457,425.94747130670976,428.0590651393966,3274584,HDFCBANK.NS
2017-11-30,425.4653930664063,430.11321873212313,422.320949378717,428.9082268928632,5796312,HDFCBANK.NS
2017-12-01,424.2030029296875,426.9113766337522,423.2619673266997,425.7408187852623,3858148,HDFCBANK.NS
2017-12-04,420.966796875,425.7408713783389,420.0487077795776,425.7408713783389,3641932,HDFCBANK.NS
2017-12-05,417.833740234375,419.69289274653056,414.7466773901058,419.1075998419111,3893360,HDFCBANK.NS
2017-12-06,413.8974609375,418.0403205021194,412.9105041118598,417.7189837669447,6395120,HDFCBANK.NS
2017-12-07,415.3549499511719,416.9501183993319,413.851567989754,414.666383193488,4231304,HDFCBANK.NS
2017-12-08,422.412841796875,425.3048171409427,416.35344754110633,416.35344754110633,8956400,HDFCBANK.NS
2017-12-11,423.7898559570313,425.0177942981053,422.320908064541,424.1570859256912,3198232,HDFCBANK.NS
2017-12-12,417.7075805664063,424.5932485970041,416.80095079833126,424.4096195757128,2410588,HDFCBANK.NS
2017-12-13,418.0403137207031,423.4685201379659,416.6057997635962,417.74195162833536,2907460,HDFCBANK.NS
2017-12-14,421.8734130859375,422.3209702984053,415.8943468373426,418.6486140349409,3683092,HDFCBANK.NS
2017-12-15,429.9985046386719,433.3380650227642,425.87859091617537,425.9933520562767,12450124,HDFCBANK.NS
2017-12-18,431.2608642578125,435.8627970451311,415.2746603349757,425.76381701880894,12297988,HDFCBANK.NS
2017-12-19,432.5346984863281,434.63483276655046,430.618193221042,431.455955072676,4952112,HDFCBANK.NS
2017-12-20,428.7820129394531,436.8038046691149,427.7491627759162,435.8398223902887,9343504,HDFCBANK.NS
2017-12-21,428.8164367675781,432.64944718804446,428.1048953685301,431.47888930054927,6854544,HDFCBANK.NS
2017-12-22,430.73291015625,431.50180404392825,427.3130232333954,431.2722818077347,4470904,HDFCBANK.NS
2017-12-26,428.8279113769531,432.1445248640745,426.1539714287343,431.73137358651513,6785696,HDFCBANK.NS
2017-12-27,426.1654357910156,429.2754734718167,424.880116800306,429.2295522113094,3489384,HDFCBANK.NS
2017-12-28,431.0542602539063,431.708393043767,426.4523280684168,426.6589036909655,8700520,HDFCBANK.NS
2017-12-29,429.7575073242188,431.318241961754,428.7820376690634,430.7674109237153,6345872,HDFCBANK.NS
2018-01-01,425.6490478515625,431.674007412686,424.73095877558177,429.8263419401328,6580516,HDFCBANK.NS
2018-01-02,429.7460021972656,430.354241795908,426.5786117883603,426.5786117883603,4776316,HDFCBANK.NS
2018-01-03,425.2243957519531,431.10015966113394,424.89157168368354,430.3542123597104,4531288,HDFCBANK.NS
2018-01-04,426.888427734375,428.1737466987558,425.3047186452933,425.3047186452933,2373776,HDFCBANK.NS
2018-01-05,427.7376708984375,428.7590617488759,425.8900335473976,427.5999631483372,2870868,HDFCBANK.NS
2018-01-08,427.0491333007813,429.3673026423537,426.3950004297327,428.0590369002565,4570308,HDFCBANK.NS
2018-01-09,427.7606506347656,429.1722182227376,425.76381805909705,427.3704739763012,5305528,HDFCBANK.NS
2018-01-10,427.8753662109375,428.724615344601,426.2916851040392,428.104888460384,4615888,HDFCBANK.NS
2018-01-11,429.7919616699219,430.58380233808106,426.050737254831,427.8754281951231,4059096,HDFCBANK.NS
2018-01-12,428.1278991699219,431.07725472022514,426.9114199382247,429.89520943241655,4336708,HDFCBANK.NS
2018-01-15,435.5758361816406,437.1021646995084,426.8769375777888,429.19510662600845,12576444,HDFCBANK.NS
2018-01-16,436.1266784667969,438.3874668677541,432.7067915771903,436.8840850281616,6445384,HDFCBANK.NS
2018-01-17,433.9118347167969,436.677589170877,433.1085068027483,435.4037294143156,2905496,HDFCBANK.NS
2018-01-18,443.9648742675781,448.4864511296568,440.2351379160648,441.6007840191708,16649540,HDFCBANK.NS
2018-01-19,448.07330322265625,449.8406412715135,440.51055666396246,444.1599658631857,11455988,HDFCBANK.NS
2018-01-22,450.6325378417969,456.2902673335836,448.2914219227806,449.863643850012,8849768,HDFCBANK.NS
2018-01-23,447.8668212890625,451.40144186932616,446.0306431100765,451.0112652134338,5047796,HDFCBANK.NS
2018-01-24,449.3242492675781,451.9293212650017,447.7061061584976,448.1536913676183,4790568,HDFCBANK.NS
2018-01-25,453.294921875,454.45402035628126,447.68311449743766,448.4634956915186,8723668,HDFCBANK.NS
2018-01-29,458.9641418457031,460.63963734693095,453.9949798649459,453.9949798649459,8235892,HDFCBANK.NS
2018-01-30,458.0116882324219,459.48063635901343,455.40661608032366,458.5396006587744,6397560,HDFCBANK.NS
2018-01-31,460.3528137207031,462.1430986649134,456.060758404362,456.6116174654925,6943348,HDFCBANK.NS
2018-02-01,457.0133056640625,462.48740658508376,455.6706058936773,460.4217060097657,6521420,HDFCBANK.NS
2018-02-02,447.1093444824219,456.7263323928783,445.6174498524754,455.8311900113397,7346124,HDFCBANK.NS
2018-02-05,439.2711791992188,444.182961250672,437.4350010878608,440.22370219805657,7926784,HDFCBANK.NS
2018-02-06,435.35784912109375,438.84657638732375,421.4717519080011,426.9114184521037,10749804,HDFCBANK.NS
2018-02-07,429.8493041992188,437.69895436559744,427.462267066858,437.69895436559744,8364972,HDFCBANK.NS
2018-02-08,431.7198791503906,435.7709525998959,428.4032937357897,432.4199332430902,5171444,HDFCBANK.NS
2018-02-09,424.5013732910156,427.9901000530688,423.2619476194425,424.1341433188812,6408952,HDFCBANK.NS
2018-02-12,430.73291015625,432.8789374610897,425.7981820780881,426.9113593200567,4381108,HDFCBANK.NS
2018-02-14,432.224853515625,435.61030688190107,430.2739142876015,433.7511821622966,3577188,HDFCBANK.NS
2018-02-15,431.9378967285156,434.8872518247465,430.3541877141574,433.7281533386961,4915224,HDFCBANK.NS
2018-02-16,431.1805114746094,434.9102481947842,430.5034320156269,432.3969906581772,3583520,HDFCBANK.NS
2018-02-19,431.0886535644531,433.24616819201066,426.6933251479513,432.0985570090387,3654552,HDFCBANK.NS
2018-02-20,427.6458740234375,432.8445589424188,426.6359984691648,432.59209005385065,4084068,HDFCBANK.NS
2018-02-21,426.3146362304688,428.8738149424112,425.12110371002296,428.7360791770057,2753072,HDFCBANK.NS
2018-02-22,425.3506164550781,426.9113789400645,422.67670469481607,424.6161564726448,13253596,HDFCBANK.NS
2018-02-23,431.6280822753906,432.6150111484381,424.70798077290334,426.1998754111441,4076748,HDFCBANK.NS
2018-02-26,438.7432556152344,439.489202906347,432.316632799495,433.3609421963415,4788884,HDFCBANK.NS
2018-02-27,436.6775512695313,441.08436709411006,436.0922583472403,439.4777114054623,4787328,HDFCBANK.NS
2018-02-28,432.4658203125,435.0479456731815,431.042793543088,433.6937867871956,4066364,HDFCBANK.NS
2018-03-01,430.20501708984375,434.5544804713878,428.7475564282539,431.34116902064073,3909840,HDFCBANK.NS
2018-03-05,429.1951293945313,431.04279475383896,426.5097302190209,430.1591396759388,3781464,HDFCBANK.NS
2018-03-06,423.7554626464844,431.4788921190079,422.2061874276008,429.206616194408,4576828,HDFCBANK.NS
2018-03-07,420.6225280761719,425.3966027453568,419.6814923242445,422.3209985652775,5628164,HDFCBANK.NS
2018-03-08,425.2703247070313,426.5671311127475,420.4847910672873,422.2750759481873,5518724,HDFCBANK.NS
2018-03-09,424.8572082519531,428.1164132723772,423.23906504450537,425.752322688902,4108108,HDFCBANK.NS
2018-03-12,428.575439453125,429.0803772173567,425.39656175964086,426.95729631499154,6557116,HDFCBANK.NS
2018-03-13,426.96875,432.5920449200376,425.76375823142047,428.6212989326255,5124200,HDFCBANK.NS
2018-03-14,427.9442443847656,428.7246256552219,424.1571271778208,425.99330521755167,3680392,HDFCBANK.NS
2018-03-15,431.6855163574219,433.223304429579,428.1049463674538,428.1049463674538,5870924,HDFCBANK.NS
2018-03-16,425.30474853515625,431.7543184490371,423.82434116266927,431.5018495661596,7896336,HDFCBANK.NS
2018-03-19,423.9849548339844,426.9113633732364,423.0439192602266,425.30470770462745,7838740,HDFCBANK.NS
2018-03-20,422.2061767578125,425.9703472425073,421.2307072002041,423.4914957477966,3657372,HDFCBANK.NS
2018-03-21,426.6589050292969,427.6458338679109,423.0783636260131,424.1571069658091,5921140,HDFCBANK.NS
2018-03-22,428.6902160644531,431.501863847502,425.7867537706316,426.6589495961888,6673224,HDFCBANK.NS
2018-03-23,422.6767272949219,425.32769257582464,421.6897703740189,423.847285212324,7190152,HDFCBANK.NS
2018-03-26,434.5888977050781,436.0922796658041,420.82904987750095,422.29799789678793,10501768,HDFCBANK.NS
2018-03-27,434.3938598632813,435.8628080532352,430.5837956334225,434.6693034089418,6136836,HDFCBANK.NS
2018-03-28,432.9019470214844,436.0234442839866,430.5952650230772,432.1789462687861,8837508,HDFCBANK.NS
2018-04-02,443.2533874511719,444.29772496521895,433.9118424624804,433.9118424624804,4596368,HDFCBANK.NS
2018-04-03,439.7417297363281,441.9910312076237,438.6170649917525,441.5893672286935,4079884,HDFCBANK.NS
2018-04-04,432.2478332519531,441.81890110845393,431.1461151022329,439.0646337520098,3714108,HDFCBANK.NS
2018-04-05,438.1350708007813,439.30562878488143,433.8429875019398,436.39070713645,4858892,HDFCBANK.NS
2018-04-06,441.4631042480469,442.1631303045836,437.4235182242167,438.8924382198982,3720008,HDFCBANK.NS
2018-04-09,445.0550842285156,445.7321635891346,439.8564001979148,440.4072591447463,4003536,HDFCBANK.NS
2018-04-10,440.8778076171875,445.9617310502813,439.19082468590494,445.9617310502813,6067236,HDFCBANK.NS
2018-04-11,440.4187316894531,440.6826878612735,437.3316688592319,439.7416523084733,2870812,HDFCBANK.NS
2018-04-12,442.7024841308594,443.6435196611484,437.44641951134514,439.7645884082571,4712516,HDFCBANK.NS
2018-04-13,441.8303527832031,445.2731867009943,440.4761658386344,442.5189195667614,3297172,HDFCBANK.NS
2018-04-16,445.7551574707031,447.5683888547622,440.6482873927449,440.6827213339197,2847744,HDFCBANK.NS
2018-04-17,447.2240905761719,447.79789618378817,443.91896467273136,446.0764793609392,2667832,HDFCBANK.NS
2018-04-18,443.57470703125,448.3717277926742,442.9894420882527,447.7979221517826,2712720,HDFCBANK.NS
2018-04-19,445.0436706542969,446.3749109949069,443.6665370679504,445.2731929186879,3169032,HDFCBANK.NS
2018-04-20,448.9226379394531,450.09319597661647,443.4714837301494,445.5027503266765,9361380,HDFCBANK.NS
2018-04-23,444.2976989746094,454.2245363661382,426.9802562813842,454.2245363661382,15304620,HDFCBANK.NS
2018-04-24,444.1255187988281,447.1207951327512,442.0598187113917,444.1255187988281,5037416,HDFCBANK.NS
2018-04-25,440.8548583984375,444.8141171813989,438.8465387259209,442.4959480772645,4020592,HDFCBANK.NS
2018-04-26,443.0353698730469,445.0895830204512,438.6744466622773,439.9483064915128,7847480,HDFCBANK.NS
2018-04-27,441.4631042480469,444.2403178883144,438.96130610250646,443.66651225942223,5777008,HDFCBANK.NS
2018-04-30,446.2601318359375,448.670115514692,442.7025368815856,442.9779523805876,4609552,HDFCBANK.NS
2018-05-02,452.0440368652344,453.9949758412965,446.6502644020036,447.5683533319152,7100048,HDFCBANK.NS
2018-05-03,451.67681884765625,453.2834745175117,446.6502762198238,451.71125278700913,4152772,HDFCBANK.NS
2018-05-04,456.405029296875,456.74931269840647,451.30964616135134,452.1588673446536,6881436,HDFCBANK.NS
2018-05-07,453.8572998046875,456.12957566849417,453.3064408046961,454.8327693608495,5264128,HDFCBANK.NS
2018-05-08,451.4817810058594,454.4311364972853,448.62421200583066,454.2819414219831,7100564,HDFCBANK.NS
2018-05-09,454.0868225097656,454.568813628548,448.9799524753121,448.9799524753121,4327332,HDFCBANK.NS
2018-05-10,457.3690185546875,458.815020070205,454.9131414603033,456.4279828464588,7171672,HDFCBANK.NS
2018-05-11,461.7414245605469,462.94641647253536,455.8312261350795,457.3690141299037,6057068,HDFCBANK.NS
2018-05-14,464.0366516113281,465.33345804665584,461.8906239800452,462.9923140706474,4742916,HDFCBANK.NS
2018-05-15,467.720458984375,473.963453067027,465.1727395584488,465.2530947613868,9826684,HDFCBANK.NS
2018-05-16,464.4038696289063,470.2911213340973,462.9808427919918,466.0564467488457,6841604,HDFCBANK.NS
2018-05-17,465.4137878417969,469.2467985835922,461.913573187827,464.51864537589904,6615476,HDFCBANK.NS
2018-05-18,461.8331909179688,464.7136782822423,459.84781789498646,464.7136782822423,5217460,HDFCBANK.NS
2018-05-21,457.4493713378906,463.8645075759478,455.8427154482164,462.7398428496048,4848108,HDFCBANK.NS
2018-05-22,456.7263488769531,462.2463423962699,455.71644533358494,458.7461279458356,3960372,HDFCBANK.NS
2018-05-23,451.5850524902344,457.6673924602426,450.64401681542665,456.2443656366655,5726292,HDFCBANK.NS
2018-05-24,455.8312377929688,456.8067074609547,449.0258967409779,451.49326119529536,4520744,HDFCBANK.NS
2018-05-25,461.0413513183594,462.71687501937066,456.7263496517085,456.7492962740812,4759588,HDFCBANK.NS
2018-05-28,468.7303466796875,470.9796760277021,460.4216521011552,460.83480337498776,5103940,HDFCBANK.NS
2018-05-29,466.5269470214844,471.14033891263136,465.6547792312056,467.7663728475168,3351244,HDFCBANK.NS
2018-05-30,470.1419372558594,471.20919333598096,462.78573771631744,463.56609097536256,4866996,HDFCBANK.NS
2018-05-31,494.1877746582031,498.9345942292456,480.455535183718,485.0752999450999,39639192,HDFCBANK.NS
2018-06-01,487.5237731933594,493.8528280392244,485.3062636624932,488.7710870584653,21151356,HDFCBANK.NS
2018-06-04,472.6481323242188,498.2416409693798,470.7424793163386,496.624723265724,88796324,HDFCBANK.NS
2018-06-05,476.6673889160156,477.4411657395182,467.2892431398452,473.52592606855296,17105460,HDFCBANK.NS
2018-06-06,475.2236633300781,476.94451438579387,472.3709360974241,475.88194595742107,9782000,HDFCBANK.NS
2018-06-07,476.3439331054688,480.4093486515482,474.2650389635534,478.8848037233652,10563896,HDFCBANK.NS
2018-06-08,473.3757629394531,476.1245003842265,470.0610592028628,475.6047768543953,6180888,HDFCBANK.NS
2018-06-11,471.7472839355469,476.5171684340504,470.93882511250473,473.9647371568665,7091188,HDFCBANK.NS
2018-06-12,472.1053161621094,474.1495564791259,470.8464415128933,473.9647546054762,5234256,HDFCBANK.NS
2018-06-13,469.2410583496094,474.6346564200245,467.54330039067,473.9878780562346,7897960,HDFCBANK.NS
2018-06-14,470.6154479980469,472.37095299082745,467.7511881694013,468.9061293747578,16927576,HDFCBANK.NS
2018-06-15,468.813720703125,470.9619225883636,467.12752348921225,467.98216868835095,10880816,HDFCBANK.NS
2018-06-18,466.3999328613281,470.9388576349351,464.0784896589832,468.92924293222256,7487404,HDFCBANK.NS
2018-06-19,467.4046936035156,471.37767996748187,466.4345542950699,467.7396152656013,10981152,HDFCBANK.NS
2018-06-20,474.9465026855469,475.3738535369907,467.751240725173,467.9822289921978,9051712,HDFCBANK.NS
2018-06-21,475.2814331054688,478.3304666455804,472.8444958541168,475.83578233326574,13510704,HDFCBANK.NS
2018-06-22,481.2294006347656,482.4882753380047,473.4912941401343,475.131276904319,7848980,HDFCBANK.NS
2018-06-25,483.9087829589844,484.5671219743765,478.8501632606204,481.1600455692087,6992336,HDFCBANK.NS
2018-06-26,483.6200866699219,485.76828866886393,480.4209332507114,481.8530491188009,9161932,HDFCBANK.NS
2018-06-27,487.9858093261719,489.57960572579424,482.7654522136872,483.45841697763024,19126804,HDFCBANK.NS
2018-06-28,492.2013244628906,494.3148443473975,487.6623716120367,488.5401382218437,37533540,HDFCBANK.NS
2018-06-29,487.0271911621094,494.3148821282852,486.2534143183135,490.0877856425765,19458120,HDFCBANK.NS
2018-07-02,478.89642333984375,487.0156383467974,476.5865406757181,487.0041340483725,9864876,HDFCBANK.NS
2018-07-03,478.19183349609375,481.610470657662,477.1293214497549,478.8963588925648,6863100,HDFCBANK.NS
2018-07-04,485.8952941894531,486.934741206685,477.9146397006502,479.5893043395239,6097992,HDFCBANK.NS
2018-07-05,490.561279296875,491.7739675682387,483.3544574200651,486.2302497562905,9735968,HDFCBANK.NS
2018-07-06,488.5747985839844,493.2869929531131,487.6970883054851,488.1475041365295,8121344,HDFCBANK.NS
2018-07-09,491.0001831054688,492.0050046160055,486.8655157180215,490.1224728130681,6182296,HDFCBANK.NS
2018-07-10,495.7931213378906,496.5323287992508,490.8499957033113,491.9818154889002,10950736,HDFCBANK.NS
2018-07-11,496.2204895019531,497.9413406213635,493.11370893438175,495.4813384083233,5857920,HDFCBANK.NS
2018-07-12,500.3089904785156,503.5197610004008,497.0867156589847,497.2945825272322,8020668,HDFCBANK.NS
2018-07-13,503.76220703125,506.049024338886,499.6506616620821,500.8748541632328,7161188,HDFCBANK.NS
2018-07-16,500.9788818359375,505.8758213913912,499.8008192193264,503.4157627257891,9017336,HDFCBANK.NS
2018-07-17,502.8035888671875,503.7852887650561,499.68524801513416,499.68524801513416,6361924,HDFCBANK.NS
2018-07-18,502.6766052246094,512.7939015887315,502.08757392379135,505.1712895380882,17460272,HDFCBANK.NS
2018-07-19,504.9634094238281,506.67269982682,501.47546447414,504.24732332890267,5304776,HDFCBANK.NS
2018-07-20,505.6448364257813,508.8324855323426,501.4986086458306,504.9634323717418,10006964,HDFCBANK.NS
2018-07-23,498.1145935058594,503.0924015028497,493.86443232241805,496.6247305928039,16880132,HDFCBANK.NS
2018-07-24,498.8768310546875,501.0134721878075,495.93173111444105,495.93173111444105,5208792,HDFCBANK.NS
2018-07-25,501.3253479003906,502.81521076568254,498.9345970653406,500.0086698210221,7038616,HDFCBANK.NS
2018-07-26,506.46484375,508.97103234835646,500.0895456909059,500.0895456909059,21281092,HDFCBANK.NS
2018-07-27,508.6707763671875,510.9344726035487,504.6400424917505,508.6245899937145,10554596,HDFCBANK.NS
2018-07-30,501.2214050292969,507.9431859824188,498.7960282885895,507.9431859824188,7169120,HDFCBANK.NS
2018-07-31,503.4388122558594,504.9171142675552,496.6362206344041,498.9345420842653,8860944,HDFCBANK.NS
2018-08-01,498.63427734375,502.3993967452063,497.0173597450298,499.5813516375874,6071560,HDFCBANK.NS
2018-08-02,492.0511474609375,497.4793712100606,490.00693533201087,497.4331848398548,8905704,HDFCBANK.NS
2018-08-03,490.0761413574219,495.94327606481386,488.3091040067993,492.8249350505793,13604008,HDFCBANK.NS
2018-08-06,488.3784790039063,493.7142738601883,486.4843865909367,489.9260890342491,5744632,HDFCBANK.NS
2018-08-07,492.2128601074219,493.0444403999076,486.9232515169854,490.8500519324449,7428456,HDFCBANK.NS
2018-08-08,493.47174072265625,497.0404976914833,492.7094682648455,493.3562466046126,9945380,HDFCBANK.NS
2018-08-09,489.3486328125,494.7768569668987,483.8395402089925,494.7768569668987,8944408,HDFCBANK.NS
2018-08-10,488.41314697265625,490.57290990214045,484.6134011262487,490.5036021408909,5442940,HDFCBANK.NS
2018-08-13,483.14654541015625,485.9877121336246,480.4555548837582,481.3795078739193,10054252,HDFCBANK.NS
2018-08-14,482.55755615234375,486.2302466216366,482.1186446588925,484.61332893690906,4935964,HDFCBANK.NS
2018-08-16,479.4622802734375,482.0031509228925,477.31407835472106,481.1485057104349,10625160,HDFCBANK.NS
2018-08-17,479.8434448242188,483.4699489278767,478.5267667361069,481.12538444641154,6065328,HDFCBANK.NS
2018-08-20,484.197509765625,486.8308093874535,479.3005706359222,479.3005706359222,7811136,HDFCBANK.NS
2018-08-21,484.1628723144531,487.84712316379125,483.377478526225,484.6132880670616,7776320,HDFCBANK.NS
2018-08-23,480.4324340820313,486.69223815538186,479.7279650410744,486.2302616597432,12574552,HDFCBANK.NS
2018-08-24,478.111083984375,483.5970552909381,477.233317296601,478.3766979322976,9714628,HDFCBANK.NS
2018-08-27,480.5594787597656,482.4189453942095,478.203409960432,479.7625806003223,12574788,HDFCBANK.NS
2018-08-28,483.88580322265625,484.671140788492,480.178430185488,482.303511005062,9973532,HDFCBANK.NS
2018-08-29,480.1091003417969,483.70097907797305,478.7809178414527,483.2620675460361,9873692,HDFCBANK.NS
2018-08-30,477.2448425292969,482.2803412290246,476.2631424736944,481.2871368758954,21827460,HDFCBANK.NS
2018-08-31,476.1129455566406,480.1668004179659,475.4315415323046,477.96085146324015,15771500,HDFCBANK.NS
2018-09-03,479.3121948242188,480.2130264706837,476.6442691723715,478.007077333663,7661608,HDFCBANK.NS
2018-09-04,473.9417419433594,479.9820626244726,473.2949635109844,479.7395136631294,7130536,HDFCBANK.NS
2018-09-05,472.5672912597656,475.8819669071567,470.18812927516336,474.40366470953495,5641508,HDFCBANK.NS
2018-09-06,474.0340576171875,475.60478893708176,469.5066937261133,473.2949065235943,10402412,HDFCBANK.NS
2018-09-07,475.1312561035156,475.8357815247873,471.3892578382086,473.7568873336596,5919300,HDFCBANK.NS
2018-09-10,471.4816589355469,474.68084046917727,467.7742863480502,474.68084046917727,8598592,HDFCBANK.NS
2018-09-11,462.0689086914063,473.0639439365064,460.625232104686,472.67127518364174,18186536,HDFCBANK.NS
2018-09-12,464.7136840820313,466.90807235767465,459.5626632583417,462.4153623773168,12246008,HDFCBANK.NS
2018-09-14,468.813720703125,470.61544023247393,466.3536903369469,466.561585389842,10334672,HDFCBANK.NS
2018-09-17,460.17474365234375,467.27763177307975,459.2046043584776,466.896523748436,9338220,HDFCBANK.NS
2018-09-18,459.4818420410156,464.2517553171424,457.5761888689425,460.7984920598064,9325736,HDFCBANK.NS
2018-09-19,453.04876708984375,461.5144915048061,451.9284797943709,460.78687292838777,16712264,HDFCBANK.NS
2018-09-21,455.10455322265625,461.9417990871098,441.2336989437969,455.94766588867,22610148,HDFCBANK.NS
2018-09-24,444.8140563964844,455.5550098923026,442.3424934299331,454.4116293472772,13390792,HDFCBANK.NS
2018-09-25,450.9814453125,453.1989267766329,442.34247949910906,444.81404238782267,16682552,HDFCBANK.NS
2018-09-26,454.6309814453125,456.8946771710896,451.6512561081607,453.4182933486754,14726724,HDFCBANK.NS
2018-09-27,456.4674072265625,458.7426357068956,451.6166542810213,454.9082366369243,18352208,HDFCBANK.NS
2018-09-28,463.3739929199219,465.5452599252617,456.6984268162495,457.50688569601033,14460716,HDFCBANK.NS
2018-10-01,470.1650695800781,471.6780540488219,461.4683836483308,464.2402429277557,12449588,HDFCBANK.NS
2018-10-03,469.1717529296875,474.03403829378976,463.593381489149,469.0100442492512,15332148,HDFCBANK.NS
2018-10-04,452.21722412109375,466.08807912780594,448.8101476017291,463.8243831107936,17970584,HDFCBANK.NS
2018-10-05,453.961181640625,459.6665796673213,448.1518219919005,451.3394426614599,15729180,HDFCBANK.NS
2018-10-08,449.2721557617188,454.815873879087,445.8073319383636,453.8919208595256,20128020,HDFCBANK.NS
2018-10-09,448.2557678222656,453.891886453724,445.807298145388,449.133534403036,12459364,HDFCBANK.NS
2018-10-10,454.3885192871094,457.8764360512664,447.0777358946783,449.2721241617924,15939932,HDFCBANK.NS
2018-10-11,447.5513000488281,450.0344237639728,442.9430674919398,444.6523862003313,14359904,HDFCBANK.NS
2018-10-12,457.7840576171875,461.3066284296417,448.5791814941688,449.2721462441597,9600320,HDFCBANK.NS
2018-10-15,463.8359069824219,464.4711245881514,455.11610166740746,459.6665583279118,12585968,HDFCBANK.NS
2018-10-16,460.3018493652344,466.1804892300789,459.0891610153824,462.6694790006596,9406004,HDFCBANK.NS
2018-10-17,456.109375,464.9793290929983,453.5454111644819,463.385504590874,7940796,HDFCBANK.NS
2018-10-19,454.5271301269531,457.55307057051016,452.2749946835595,452.48288974846514,9867348,HDFCBANK.NS
2018-10-22,461.7224426269531,466.59628931659125,459.3432522492389,465.21035974436376,20331160,HDFCBANK.NS
2018-10-23,458.47705078125,461.7224471735641,455.7398454885091,455.7398454885091,19428564,HDFCBANK.NS
2018-10-24,460.1863403320313,464.0092071421862,455.6474155873744,462.900452265223,18072336,HDFCBANK.NS
2018-10-25,454.7696228027344,462.8079960111428,453.3028250354282,455.87834935037466,29847056,HDFCBANK.NS
2018-10-26,453.0141296386719,456.7099415164397,450.1960843605967,454.7696628380571,15155712,HDFCBANK.NS
2018-10-29,444.9526977539063,453.8803714702822,437.7689402904847,453.6840370880981,17044280,HDFCBANK.NS
2018-10-30,441.82275390625,446.2692775045746,438.7159733721173,444.65235983245657,13828704,HDFCBANK.NS
2018-10-31,441.591796875,443.0123802838301,435.4128610484504,439.3512220783017,23449404,HDFCBANK.NS
2018-11-01,441.6957092285156,445.8073112535144,437.95371095163904,445.8073112535144,19629052,HDFCBANK.NS
2018-11-02,450.3000183105469,452.7369555489849,441.6495199028873,444.88335529966577,30092868,HDFCBANK.NS
2018-11-05,451.8130187988281,452.65613155404645,447.6552302822745,450.4039961075799,5705296,HDFCBANK.NS
2018-11-06,449.6301879882813,456.4327806519673,448.79860773329096,451.5820274162936,8485588,HDFCBANK.NS
2018-11-07,452.263427734375,453.8803454662332,450.427082446202,452.9679531676933,958760,HDFCBANK.NS
2018-11-09,449.364501953125,452.7138312409576,447.2625147290876,452.3211343374045,10101620,HDFCBANK.NS
2018-11-12,443.739990234375,453.1989478207173,442.83913041738816,450.7735711886492,7907764,HDFCBANK.NS
2018-11-13,445.2875671386719,447.58588878332125,440.7717358949328,443.2664200955058,13350420,HDFCBANK.NS
2018-11-14,452.21722412109375,452.736947657946,447.3318172353215,447.78226121867726,26110636,HDFCBANK.NS
2018-11-15,456.2364807128906,456.7331111257676,446.0845294710918,453.175886178438,10392524,HDFCBANK.NS
2018-11-16,462.9697570800781,464.979343560409,457.3567313708941,457.58771961906126,15813216,HDFCBANK.NS
2018-11-19,465.1872863769531,466.8272974679336,462.4154271144023,464.5174147491412,12286428,HDFCBANK.NS
2018-11-20,464.8522644042969,466.5038359315726,461.7570445983775,464.9793192128589,5705168,HDFCBANK.NS
2018-11-21,466.3075256347656,467.50865324560334,462.9004489768769,464.9215961468109,6545604,HDFCBANK.NS
2018-11-22,463.2469482421875,470.061101806458,462.0111667097239,465.0371072294111,12974552,HDFCBANK.NS
2018-11-26,473.4797058105469,473.9878686600172,464.7598997472352,465.18722235203614,18184436,HDFCBANK.NS
2018-11-27,476.759765625,477.66059727585593,471.38928861396255,471.4585963702479,12895440,HDFCBANK.NS
2018-11-28,482.5921630859375,484.751925609807,475.8588786892333,476.99069846713456,13021108,HDFCBANK.NS
2018-11-29,492.2475280761719,493.7142696472725,483.6894020195947,485.30631979138894,31908636,HDFCBANK.NS
2018-11-30,491.6468811035156,493.748896529328,487.3851595886779,492.0049241345421,13040924,HDFCBANK.NS
2018-12-03,488.1474304199219,494.77678124281937,486.6690719339174,492.2359107509095,10799856,HDFCBANK.NS
2018-12-04,481.7375793457031,487.6162193135593,480.132222209349,486.3226624936032,8157420,HDFCBANK.NS
2018-12-05,484.8905029296875,486.2995537534587,479.5200263408224,479.9935635123268,11798844,HDFCBANK.NS
2018-12-06,484.3938903808594,485.45640242765614,481.6104708652419,482.6961042930262,11730252,HDFCBANK.NS
2018-12-07,486.8309020996094,489.2331575585012,480.5249110279924,486.6229788197151,9903920,HDFCBANK.NS
2018-12-10,482.4767150878906,486.18408783982073,477.1986109315172,477.1986109315172,10915056,HDFCBANK.NS
2018-12-11,475.73187255859375,478.4459845588067,469.3681348453286,474.91185297342304,18905780,HDFCBANK.NS
2018-12-12,481.6798400878906,482.7192872799691,475.858947090975,477.4411828694117,11370488,HDFCBANK.NS
2018-12-13,485.3755798339844,490.84998961591975,483.0656975299095,483.920342703695,7064236,HDFCBANK.NS
2018-12-14,484.08209228515625,489.2331418372372,482.3150546277527,486.2071730295215,6158284,HDFCBANK.NS
2018-12-17,492.0511474609375,492.6055530842507,484.84432550678207,485.99926672999976,8437324,HDFCBANK.NS
2018-12-18,493.2638244628906,494.0838439913417,485.6758946360779,490.6190204009396,7413968,HDFCBANK.NS
2018-12-19,490.4920654296875,498.79608304623554,488.2053039519996,492.7211362294056,9009896,HDFCBANK.NS
2018-12-20,493.7257690429688,494.4187337162781,485.6873675538584,487.97418481194495,7980476,HDFCBANK.NS
2018-12-21,487.6508483886719,496.4168980756747,487.16580687302695,492.9289527504056,10220308,HDFCBANK.NS
2018-12-24,480.6056213378906,485.9992188766891,479.8434053205092,485.9992188766891,5601488,HDFCBANK.NS
2018-12-26,490.2379150390625,491.311987800504,477.9146698444959,479.7625757694625,7601916,HDFCBANK.NS
2018-12-27,486.2418212890625,493.8990591301072,484.7172762993378,492.6979315227924,11639868,HDFCBANK.NS
2018-12-28,490.3649291992188,493.7951272400067,488.6556387211948,489.0829895375084,9415612,HDFCBANK.NS
2018-12-31,490.0877990722656,493.6219308667884,488.9328577272333,493.6219308667884,5866528,HDFCBANK.NS
2019-01-01,496.1858520507813,496.8556953773877,486.368852025891,491.4620975121501,6373440,HDFCBANK.NS
2019-01-02,491.6584777832031,496.0472544230344,489.6257699555058,494.9616209540095,8134232,HDFCBANK.NS
2019-01-03,487.8009948730469,491.6007402853583,485.7682870058069,490.66522659942007,12771664,HDFCBANK.NS
2019-01-04,489.1060180664063,491.658449295665,487.46603546376656,488.5978552373293,7287120,HDFCBANK.NS
2019-01-07,489.8451232910156,493.24069508119896,489.2330270940673,491.4736014446249,5387012,HDFCBANK.NS
2019-01-08,485.7682495117188,490.5035082444768,484.3014516882736,490.15702589817744,8343460,HDFCBANK.NS
2019-01-09,488.9559326171875,490.0069404199516,485.6759107879144,489.2331072349149,8568628,HDFCBANK.NS
2019-01-10,487.0387268066406,490.5728583225664,483.377540474053,489.0021269384199,7691540,HDFCBANK.NS
2019-01-11,487.8240661621094,490.61904656486416,486.92323453801015,488.262977676468,6408040,HDFCBANK.NS
2019-01-14,485.4564514160156,487.3621045505913,484.7173002667825,487.3621045505913,4855160,HDFCBANK.NS
2019-01-15,490.1339721679688,491.196540734058,485.537328296727,486.2418537768328,5087556,HDFCBANK.NS
2019-01-16,489.7412414550781,490.8499962547524,486.9809433430973,489.7066157774931,5252452,HDFCBANK.NS
2019-01-17,492.5362854003906,493.3678093125839,488.1590690870281,490.9078068644527,8240228,HDFCBANK.NS
2019-01-18,492.0626831054688,494.0838301432215,488.43617912788034,493.1598772116774,5207976,HDFCBANK.NS
2019-01-21,496.1974182128906,500.4360754271992,491.19654484003655,494.30332572124615,17561512,HDFCBANK.NS
2019-01-22,493.3563232421875,495.8856335415225,491.7855917140749,495.7008316452232,8796976,HDFCBANK.NS
2019-01-23,486.3226013183594,493.3562381008737,485.41020908026326,492.92888731403326,7624288,HDFCBANK.NS
2019-01-24,485.5951232910156,490.0762734731761,484.5903016914367,487.3852825040042,10111572,HDFCBANK.NS
2019-01-25,484.1513671875,487.3852026553554,482.76543770127626,483.4584024443881,11262236,HDFCBANK.NS
2019-01-28,481.4140625,485.5487853568815,479.7047722779282,482.76536610611294,15360436,HDFCBANK.NS
2019-01-29,475.2814331054688,481.148511941841,474.218864626308,480.0513177835483,14762788,HDFCBANK.NS
2019-01-30,469.9917907714844,475.2005871960436,468.4441807430193,475.2005871960436,18514160,HDFCBANK.NS
2019-01-31,480.4439697265625,482.7076657159039,467.0582127419824,469.13710686397934,16579404,HDFCBANK.NS
2019-02-01,482.869384765625,489.0021341940183,479.6702312807808,480.444008096264,15654188,HDFCBANK.NS
2019-02-04,486.2071838378906,488.078211370303,481.06769486345183,483.9204225370491,7938288,HDFCBANK.NS
2019-02-05,488.3206787109375,489.46405917024873,484.3823181123226,486.92318864128566,8690288,HDFCBANK.NS
2019-02-06,490.30712890625,491.31195023356486,488.21673060335934,488.8288268367568,10875684,HDFCBANK.NS
2019-02-07,489.059814453125,492.004914292198,486.4265712721033,490.8615338686915,7217308,HDFCBANK.NS
2019-02-08,490.30712890625,495.4581775569552,486.6113173389077,487.8471268891815,12235644,HDFCBANK.NS
2019-02-11,494.2340087890625,494.9847206353346,488.1475019639194,488.1475019639194,7036364,HDFCBANK.NS
2019-02-12,491.93560791015625,496.16270367549896,490.8037881733681,493.8528214423728,9772388,HDFCBANK.NS
2019-02-14,487.4313659667969,494.3148267014555,486.368853913793,494.3148267014555,7441388,HDFCBANK.NS
2019-02-15,485.2254638671875,486.9463715121861,480.0397887296908,486.7731303178803,8416524,HDFCBANK.NS
2019-02-18,482.7423095703125,489.2331017974985,481.8414779743068,486.64604473810425,7138744,HDFCBANK.NS
2019-02-19,481.39105224609375,486.9578349869339,480.0397484863457,482.6961132430093,5268636,HDFCBANK.NS
2019-02-20,487.0040588378906,487.6161550919069,480.8943750199317,482.41891990025937,4892500,HDFCBANK.NS
2019-02-21,488.74798583984375,489.6834994740693,483.5969932935684,485.4679641684072,5261544,HDFCBANK.NS
2019-02-22,483.100341796875,491.5660946032409,482.5575532706973,489.5564518064753,8890708,HDFCBANK.NS
2019-02-25,490.9424133300781,491.993421166291,483.9550186346808,483.9550186346808,8140596,HDFCBANK.NS
2019-02-26,487.5353088378906,490.8500126572805,485.3294162488394,487.67392434008633,9607428,HDFCBANK.NS
2019-02-27,483.2851257324219,490.72293548301457,482.3380514290088,488.7942175926352,7030092,HDFCBANK.NS
2019-02-28,479.8896179199219,486.4265962357533,478.8847965422854,483.48149624553633,11645376,HDFCBANK.NS
2019-03-01,481.2294006347656,485.2831993700449,479.7626026671426,481.8992440126751,9352928,HDFCBANK.NS
2019-03-05,486.7153625488281,487.6393155458219,478.1456759442649,482.5113312976141,11837276,HDFCBANK.NS
2019-03-06,486.0569763183594,487.45446636943547,482.8924488894366,487.3851586226628,8458044,HDFCBANK.NS
2019-03-07,491.196533203125,492.0049921103486,483.92040303811285,487.2928541799784,10204852,HDFCBANK.NS
2019-03-08,491.5891418457031,492.0049319401494,487.2581125152441,488.55166916605225,7053460,HDFCBANK.NS
2019-03-11,491.6468811035156,495.16945156973713,490.20320468293306,492.46690058912856,9224108,HDFCBANK.NS
2019-03-12,501.4754638671875,502.3994168176568,493.6218637881989,495.931746164372,15097292,HDFCBANK.NS
2019-03-13,514.3069458007812,516.0277971400936,501.7296457302314,502.3994891583275,57166348,HDFCBANK.NS
2019-03-14,513.8910522460938,519.1460343513185,510.6225914282,518.5339381140877,15379864,HDFCBANK.NS
2019-03-15,520.4165649414062,522.0103614243914,514.6534189652309,515.3348230733588,12763088,HDFCBANK.NS
2019-03-18,522.368408203125,529.3442426288613,519.0306390040525,522.4723416451627,14358720,HDFCBANK.NS
2019-03-19,523.8236083984375,525.7061400945231,519.9545551779883,524.22783783938,11957992,HDFCBANK.NS
2019-03-20,531.0419311523438,531.2729193781604,522.275939261326,524.112284377846,11711992,HDFCBANK.NS
2019-03-22,525.7637939453125,532.8898028125808,524.5280408525438,531.2728853354728,30403880,HDFCBANK.NS
2019-03-25,526.9534301757812,528.4664142742879,520.4164523627211,522.0333698800487,9199260,HDFCBANK.NS
2019-03-26,533.8946533203125,534.7377377792377,524.9438596533814,525.706075676581,11786848,HDFCBANK.NS
2019-03-27,531.1458129882812,537.7520981624515,526.4336761967279,535.5577102303214,13885300,HDFCBANK.NS
2019-03-28,531.919677734375,537.0476048764089,528.4664151666869,530.9957248657704,19554328,HDFCBANK.NS
2019-04-01,533.9986572265625,538.6646086817029,532.3355530753938,537.1054379661791,9647076,HDFCBANK.NS
2019-04-02,530.0833740234375,535.892705580366,527.9120507767291,535.892705580366,10910496,HDFCBANK.NS
2019-04-03,529.5982666015625,534.9687429720723,528.558819562109,529.4481468088637,7659452,HDFCBANK.NS
2019-04-04,527.5656127929688,534.2758328675426,526.6532204660601,529.5983207120875,9211552,HDFCBANK.NS
2019-04-05,532.5664672851562,534.4489987373114,527.1151226876476,528.454865654182,8351180,HDFCBANK.NS
2019-04-08,528.824462890625,536.5741297501912,526.6763173378013,535.6617374657447,6398132,HDFCBANK.NS
2019-04-09,528.327880859375,531.9659458385138,523.6503687433394,530.4876435790404,10777600,HDFCBANK.NS
2019-04-10,516.801513671875,527.5770915169117,515.3347159256698,519.7234920810206,108128700,HDFCBANK.NS
2019-04-11,521.4559326171875,522.7263678904519,516.7091131810862,518.5454583428099,8793300,HDFCBANK.NS
2019-04-12,523.24609375,524.8514506873962,520.2086210496088,520.2086210496088,9170444,HDFCBANK.NS
2019-04-15,528.6859130859375,529.6329310661829,523.0382617033592,524.343322746582,10219780,HDFCBANK.NS
2019-04-16,532.4393920898438,533.559651087646,526.722433813418,529.1824357264372,8273776,HDFCBANK.NS
2019-04-18,529.80615234375,534.7493344993587,528.5010913495672,534.2757973302224,10614856,HDFCBANK.NS
2019-04-22,524.0430297851562,537.0476794964162,522.2644315446869,537.0476794964162,20980420,HDFCBANK.NS
2019-04-23,518.637939453125,528.963103157431,517.7832941896289,526.0873106657133,15282400,HDFCBANK.NS
2019-04-24,526.595458984375,527.5540376572327,519.0421545448004,519.723558598462,12354128,HDFCBANK.NS
2019-04-25,522.8303833007812,530.9958411222667,521.5599478283002,528.2470469001811,18086636,HDFCBANK.NS
2019-04-26,526.8726806640625,527.8081944318233,521.3174015183426,523.3962959384243,11707568,HDFCBANK.NS
2019-04-30,535.3037109375,535.8927422562031,526.2836084583007,527.8081534721656,12536836,HDFCBANK.NS
2019-05-02,544.162109375,545.0513802665977,535.315248466815,536.7011779126838,17169300,HDFCBANK.NS
2019-05-03,546.9686279296875,549.2900711744762,544.3238236848837,546.1024219722004,12351520,HDFCBANK.NS
2019-05-06,537.8445434570312,543.2612062784843,535.2113001406168,542.3603747211878,13748092,HDFCBANK.NS
2019-05-07,536.4354858398438,544.6701928735562,535.4306645805357,543.2611422514284,9924204,HDFCBANK.NS
2019-05-08,532.9476318359375,536.7704985949442,528.5011080899881,536.4817632867657,12064208,HDFCBANK.NS
2019-05-09,529.1710205078125,531.2730363831251,524.7129918826258,531.2730363831251,9027724,HDFCBANK.NS
2019-05-10,530.4645385742188,537.024582594393,529.2749715938227,529.2749715938227,10594200,HDFCBANK.NS
2019-05-13,528.3162231445312,534.3565986780401,526.6531193096431,530.3604913624519,11071632,HDFCBANK.NS
2019-05-14,528.4779663085938,533.8138171552147,525.6252954100721,530.5106740784308,10494744,HDFCBANK.NS
2019-05-15,528.2007446289062,532.9360030782465,527.1612976522218,530.348946326109,8956348,HDFCBANK.NS
2019-05-16,533.73291015625,535.6616843585377,526.6531437419,526.7801985421384,8050136,HDFCBANK.NS
2019-05-17,545.617431640625,547.2805359562441,533.952523652521,534.2758846828611,14758780,HDFCBANK.NS
2019-05-20,561.8442993164062,563.3110408856753,549.7520417235694,556.2197128026702,17699632,HDFCBANK.NS
2019-05-21,555.2264404296875,565.7825920843898,554.2447403757037,563.1493486146794,10325176,HDFCBANK.NS
2019-05-22,555.699951171875,560.3774629712018,553.0435864463315,557.1090019750432,11386660,HDFCBANK.NS
2019-05-23,538.687744140625,563.5882334739388,535.684896758188,556.4507187915934,33081996,HDFCBANK.NS
2019-05-24,548.2160034179688,551.1726079986589,540.5471481551533,545.0629798673666,13692800,HDFCBANK.NS
2019-05-27,556.3004760742188,559.430321193375,547.961779166306,549.4978281997397,12049024,HDFCBANK.NS
2019-05-28,558.1138305664062,558.9915972457638,551.3805452479389,558.1831383241274,7364840,HDFCBANK.NS
2019-05-29,558.2755126953125,561.4862834010331,556.7279026052609,556.7279026052609,7475216,HDFCBANK.NS
2019-05-30,563.5075073242188,565.436225754641,557.3863174960925,558.0677216888,9359200,HDFCBANK.NS
2019-05-31,560.2273559570312,569.3860172057554,544.3931006704162,567.4919248978302,19785080,HDFCBANK.NS
2019-06-03,567.561279296875,568.1849363235506,560.1349728612279,560.6085100755325,8480860,HDFCBANK.NS
2019-06-04,566.4525146484375,569.5592954303602,563.853896753845,567.0761716644163,6442988,HDFCBANK.NS
2019-06-06,559.765380859375,570.540959830716,557.4554984309106,566.660346072173,15634924,HDFCBANK.NS
2019-06-07,565.3782348632812,566.9027795129236,556.4505636535125,560.2964945559432,7970932,HDFCBANK.NS
2019-06-10,563.657470703125,570.529370583856,561.7864998658825,570.529370583856,7077140,HDFCBANK.NS
2019-06-11,565.5515747070312,568.2079394221682,563.6921645213253,566.2676607963826,7103292,HDFCBANK.NS
2019-06-12,560.6199951171875,565.5515599934296,559.8346012987171,564.76622256857,7308620,HDFCBANK.NS
2019-06-13,564.6968994140625,566.3831247264316,558.055987980178,562.6757524559237,11107948,HDFCBANK.NS
2019-06-14,562.4795532226562,567.9885895710208,560.1465491614841,564.2927772878935,11956920,HDFCBANK.NS
2019-06-17,559.4534912109375,563.5881579568276,558.3678578122478,562.4563381910127,12810020,HDFCBANK.NS
2019-06-18,558.3562622070312,561.7633383752197,555.2956683610314,558.5295033681256,12419652,HDFCBANK.NS
2019-06-19,560.9203491210938,564.7431596096466,558.2293021260025,560.6084924207678,10744276,HDFCBANK.NS
2019-06-20,563.9418334960938,566.4171256891249,561.2108522786759,564.4066813628883,11171492,HDFCBANK.NS
2019-06-21,561.1177978515625,564.7203684930197,559.1305620521284,563.8604113661409,13250260,HDFCBANK.NS
2019-06-24,561.9894409179688,564.9296377350446,560.1416819880365,560.5948973113595,6915000,HDFCBANK.NS
2019-06-25,564.4879760742188,567.4630136671306,558.5146925423367,562.4310583816161,8899800,HDFCBANK.NS
2019-06-26,573.5989990234375,574.0871119782346,562.9307632434349,563.5582965109426,10533636,HDFCBANK.NS
2019-06-27,572.2974243164062,579.7814631229475,570.8679831750427,573.7965472378339,19879236,HDFCBANK.NS
2019-06-28,567.9859619140625,575.2492095088716,566.4287329785599,572.6925463554987,12756844,HDFCBANK.NS
2019-07-01,577.7012939453125,578.5031451319261,569.4502446676173,570.8331556625193,8524160,HDFCBANK.NS
2019-07-02,579.8976440429688,580.4787038065389,573.4362481232456,578.2706767049724,7246828,HDFCBANK.NS
2019-07-03,578.6542358398438,581.8268566471236,577.1086393463329,580.8274223626604,7463256,HDFCBANK.NS
2019-07-04,577.2944946289062,580.5716375750483,574.5518812578972,579.8511575309439,7993964,HDFCBANK.NS
2019-07-05,574.6449584960938,579.8861299832139,571.7629241775658,577.596788093452,7583060,HDFCBANK.NS
2019-07-08,560.0487060546875,575.1562610091229,557.1317744800452,575.1446284641797,14607140,HDFCBANK.NS
2019-07-09,552.971435546875,560.3276878450141,551.5420509065266,558.712352689921,16482688,HDFCBANK.NS
2019-07-10,555.20263671875,557.3525579703036,549.9730985392955,552.8783975278814,11569148,HDFCBANK.NS
2019-07-11,559.4791870117188,561.0713134779343,556.8063120717866,558.5146504919122,9097596,HDFCBANK.NS
2019-07-12,556.3995971679688,562.0010363152438,554.3426795306572,562.0010363152438,8976272,HDFCBANK.NS
2019-07-15,556.59716796875,558.5146652589649,552.5530145633991,556.8876978612068,8233184,HDFCBANK.NS
2019-07-16,555.7720947265625,562.0010674516086,553.6338059014606,562.0010674516086,12770568,HDFCBANK.NS
2019-07-17,557.2246704101562,560.5135026575853,555.7952861158665,556.1787628550809,7759736,HDFCBANK.NS
2019-07-18,560.5831909179688,564.557662370882,558.2589518798013,558.5146408716465,10802584,HDFCBANK.NS
2019-07-19,552.1578979492188,562.6286075596316,550.1474536110699,561.3038024802423,8939228,HDFCBANK.NS
2019-07-22,533.9358520507812,546.161372982349,530.2170693180301,545.0340942688354,22171296,HDFCBANK.NS
2019-07-23,526.091552734375,533.2966943887888,521.1060709061937,533.2966943887888,27802864,HDFCBANK.NS
2019-07-24,530.1357421875,532.9480945598887,523.1862890773264,524.5227267326771,17363740,HDFCBANK.NS
2019-07-25,531.3326416015625,538.1658812251395,529.9845716995735,531.088585169839,19462008,HDFCBANK.NS
2019-07-26,529.2989501953125,533.0990468519303,528.2646752059865,529.5081090042584,12829828,HDFCBANK.NS
2019-07-29,521.6289672851562,528.4273663232251,516.6899594369867,528.4273663232251,9976492,HDFCBANK.NS
2019-07-30,523.476806640625,527.8812288519465,520.6063483510063,524.115972460699,10394136,HDFCBANK.NS
2019-07-31,523.3372802734375,526.9050100306221,519.2931268905678,520.6295643884399,13891840,HDFCBANK.NS
2019-08-01,517.5487670898438,521.7882855357396,511.77181398304464,519.2492492158949,18241676,HDFCBANK.NS
2019-08-02,515.8132934570312,518.0611529597977,508.27762399203175,515.0329178031083,27825536,HDFCBANK.NS
2019-08-05,507.6371154785156,512.4706454297278,503.7353503371757,511.7834802565292,19822440,HDFCBANK.NS
2019-08-06,509.9316101074219,514.8582938014705,504.7835867742502,504.7835867742502,24890940,HDFCBANK.NS
2019-08-07,508.7435607910156,512.9365022261064,504.3176781650864,510.1412079360459,18750136,HDFCBANK.NS
2019-08-08,520.192626953125,522.4871205606395,508.5106483209434,512.0047663808674,19711600,HDFCBANK.NS
2019-08-09,531.5718383789062,533.2024268401913,521.7417307435278,523.4188960724813,30436112,HDFCBANK.NS
2019-08-13,517.2109375,529.5451607898735,513.0762318288918,529.5451607898735,15440068,HDFCBANK.NS
2019-08-14,519.3307495117188,520.716738284431,513.1811245497369,520.716738284431,14254052,HDFCBANK.NS
2019-08-16,518.923095703125,520.1576954273031,513.425717549471,515.7318126628074,15247560,HDFCBANK.NS
2019-08-19,514.0662841796875,522.254144200774,512.8666029376242,521.4388500416737,8498200,HDFCBANK.NS
2019-08-20,517.2692260742188,518.9463912578008,514.0662847314585,514.6253208358501,10270592,HDFCBANK.NS
2019-08-21,518.4921264648438,522.0677393053584,515.7783277096306,518.2707868568199,10472712,HDFCBANK.NS
2019-08-22,506.43743896484375,517.3274390605752,504.79519228220863,517.3274390605752,13992044,HDFCBANK.NS
2019-08-23,503.7819213867188,507.11299191763226,498.4010137940832,503.3859327211775,20099616,HDFCBANK.NS
2019-08-26,525.5501708984375,527.8795824785478,504.78348940991367,511.2825249702616,25280244,HDFCBANK.NS
2019-08-27,526.4354858398438,529.4520631906976,521.8116368586177,525.5153794175172,20660832,HDFCBANK.NS
2019-08-28,523.535400390625,525.8298941927836,518.6087162563613,524.1177534500139,13662588,HDFCBANK.NS
2019-08-29,518.7483520507812,524.9795286472989,517.1993159441082,523.1858929263077,14783716,HDFCBANK.NS
2019-08-30,518.9813232421875,526.4470999047414,517.595334508113,520.2741582465663,19233320,HDFCBANK.NS
2019-09-03,515.021240234375,517.3623102387564,511.573699733085,517.1293690815124,11428676,HDFCBANK.NS
2019-09-04,523.5935668945312,529.7082732146208,512.2376837286505,514.1012132738207,15060704,HDFCBANK.NS
2019-09-05,520.658447265625,529.3355060795809,518.2941170752189,523.8847053043448,17296252,HDFCBANK.NS
2019-09-06,523.1626586914062,525.6551752200204,517.4323388515847,518.9930336379031,12870004,HDFCBANK.NS
2019-09-09,524.0244750976562,526.6566648038366,516.2209459574943,523.1858641433884,10643404,HDFCBANK.NS
2019-09-11,524.4205322265625,529.7082860651805,522.0561449365234,529.7082860651805,15209116,HDFCBANK.NS
2019-09-12,528.9745483398438,533.1558315181851,523.6867375878046,524.2807490236515,18132300,HDFCBANK.NS
2019-09-13,525.8530883789062,528.1825003249205,521.3223935179903,524.3506290478089,15371340,HDFCBANK.NS
2019-09-16,522.7548828125,527.0642942836014,522.02114090477,524.5601768071506,11030184,HDFCBANK.NS
2019-09-17,515.1144409179688,523.7681819950783,512.027970643815,523.628394555259,10656556,HDFCBANK.NS
2019-09-18,509.6171875,518.0962257162937,507.81189292652266,516.5006123768263,12959884,HDFCBANK.NS
2019-09-19,512.9597778320312,515.7550718972446,505.0164611152218,512.424001762118,10623310,HDFCBANK.NS
2019-09-20,558.8724975585938,563.6711088712841,514.9863996486561,516.1976824753287,46150034,HDFCBANK.NS
2019-09-23,585.7305908203125,597.5872740068311,572.5694142916398,586.8021429849681,41920410,HDFCBANK.NS
2019-09-24,584.1233520507812,587.9202479596363,571.8939395494303,582.3529762548035,23379048,HDFCBANK.NS
2019-09-25,577.5543823242188,582.3064168753895,573.0819227063713,582.3064168753895,15608976,HDFCBANK.NS
2019-09-26,578.85888671875,594.0000648421781,575.9936985613115,577.6010269766603,30671560,HDFCBANK.NS
2019-09-27,579.65087890625,583.9836081207274,576.5760663364977,581.5377254381316,14873170,HDFCBANK.NS
2019-09-30,571.8473510742188,577.6941981667325,566.7459613466372,572.4763378346818,18218458,HDFCBANK.NS
2019-10-01,581.7940063476562,584.6824546903913,568.8890288031575,573.7342174910094,18768352,HDFCBANK.NS
2019-10-03,570.0304565429688,579.4645755281714,566.6760690037603,577.6708827186054,16298876,HDFCBANK.NS
2019-10-04,554.26025390625,577.5077964268856,552.2104168966683,576.133466131315,18403632,HDFCBANK.NS
2019-10-07,552.955810546875,568.3066122849731,550.2769868504864,559.617894486953,22513220,HDFCBANK.NS
2019-10-09,572.1734008789062,572.9886949648351,554.3999784315781,557.7077316346946,17427270,HDFCBANK.NS
2019-10-10,559.315185546875,571.1485540150486,557.754433878059,569.2151873872587,11556858,HDFCBANK.NS
2019-10-11,558.4998168945312,570.240030059355,553.9108299798355,565.3016882319421,17186318,HDFCBANK.NS
2019-10-14,561.1087646484375,568.3299417289361,557.8475879024058,563.2518122788907,12267802,HDFCBANK.NS
2019-10-15,569.7974243164062,570.7058721402233,562.2500962115752,562.3199899373465,8400374,HDFCBANK.NS
2019-10-16,568.8890380859375,575.3648153985139,563.7643312281369,573.8041205931759,10586816,HDFCBANK.NS
2019-10-17,568.3765258789062,572.965456127699,565.1619259568206,571.8706438658667,12243614,HDFCBANK.NS
2019-10-18,572.5694580078125,574.8289762279845,568.5395639553193,570.9155527731333,11233806,HDFCBANK.NS
2019-10-22,577.3679809570312,585.6140752590584,574.2465352960196,585.6140752590584,20006228,HDFCBANK.NS
2019-10-23,578.4395751953125,582.2365281210541,574.4329979381954,580.8854577899399,10190214,HDFCBANK.NS
2019-10-24,575.8771362304688,584.2863350277048,571.3347835169793,581.4211473266541,13107494,HDFCBANK.NS
2019-10-25,572.5694580078125,580.8854473053657,568.3765164927024,577.6941643040582,12993542,HDFCBANK.NS
2019-10-27,576.6226196289062,578.5793598172293,575.3647599060206,577.6708550214476,1750082,HDFCBANK.NS
2019-10-29,578.85888671875,585.777229041065,576.6226284323564,576.76241590166,14232568,HDFCBANK.NS
2019-10-30,581.5842895507812,588.2696906958417,579.0918300553573,580.9087828109485,12011366,HDFCBANK.NS
2019-10-31,573.1983642578125,588.8287405658972,571.6842465508156,585.9402357410744,13217706,HDFCBANK.NS
2019-11-01,577.7174682617188,579.4412103201362,571.9171985065208,577.2282690143909,11512260,HDFCBANK.NS
2019-11-04,576.2265625,582.3529266625709,572.5927143598674,580.6990216026879,9935176,HDFCBANK.NS
2019-11-05,577.461181640625,579.9303808814818,572.5927337569641,578.1600051762933,12367810,HDFCBANK.NS
2019-11-06,585.4511108398438,586.5459230711768,572.1268859948343,578.8355468465815,12130336,HDFCBANK.NS
2019-11-07,588.735595703125,591.5308902435283,582.3530292507025,587.4777359081087,16963034,HDFCBANK.NS
2019-11-08,584.9619140625,590.2729846512815,583.0284907813127,586.5459255532465,13251496,HDFCBANK.NS
2019-11-11,589.2246704101562,590.9717291285101,582.5858472804115,583.5409287946053,14286610,HDFCBANK.NS
2019-11-13,585.8704833984375,591.670697010731,584.0302136437537,587.9203206319065,9293496,HDFCBANK.NS
2019-11-14,593.487548828125,594.9317727677324,585.7072793063352,588.7821483737378,11055218,HDFCBANK.NS
2019-11-15,595.3511352539062,598.6588889471586,592.1831121595625,598.1231128086491,9279012,HDFCBANK.NS
2019-11-18,587.966796875,596.073103638739,586.406045627462,594.9317147180974,9130292,HDFCBANK.NS
2019-11-19,592.5557861328125,594.0000100773509,587.5242338875246,589.4809739253167,10570578,HDFCBANK.NS
2019-11-20,593.2312622070312,597.7037212663577,590.2729207423478,593.068214763227,11054258,HDFCBANK.NS
2019-11-21,597.8901977539062,599.5906799764068,590.9019613905449,591.7871493706533,12019526,HDFCBANK.NS
2019-11-22,589.2246704101562,598.02985772474,587.9434940166967,598.02985772474,7688010,HDFCBANK.NS
2019-11-25,592.18310546875,596.0965289909554,588.9452455467404,588.9452455467404,7893556,HDFCBANK.NS
2019-11-26,594.0233154296875,596.2129397350556,590.2496228836637,595.6072699295346,8716002,HDFCBANK.NS
2019-11-27,595.5840454101562,599.0082695258785,592.2296581550427,594.4659163251183,9580666,HDFCBANK.NS
2019-11-28,589.4810180664062,597.7504305906288,587.9435834123306,596.4226202664681,12366040,HDFCBANK.NS
2019-11-29,593.9767456054688,596.2828976173189,583.2847672291058,590.5990981914024,15567626,HDFCBANK.NS
2019-12-02,589.6906127929688,593.5108254980174,586.359542456636,593.5108254980174,8946204,HDFCBANK.NS
2019-12-03,584.8688354492188,591.2048253555416,584.12343490796,590.8320966497043,6991906,HDFCBANK.NS
2019-12-04,583.1217041015625,585.5675866460592,574.9920222837997,583.5176927584945,11395614,HDFCBANK.NS
2019-12-05,580.3030395507812,586.4294037826509,578.0435215438523,584.9618630167804,12772494,HDFCBANK.NS
2019-12-06,580.5127563476562,587.0117927333266,576.8555342061269,581.8637697393675,13774650,HDFCBANK.NS
2019-12-09,579.0684814453125,582.2830812412412,576.5527620897583,582.1200337823306,8265350,HDFCBANK.NS
2019-12-10,582.1199951171875,584.0534182397568,580.0701014073599,582.8188186407375,9788900,HDFCBANK.NS
2019-12-11,581.7705688476562,584.2164511190878,578.8588042388091,582.3994986290867,11054642,HDFCBANK.NS
2019-12-12,588.68896484375,591.4143653966029,583.7506229827026,583.7506229827026,12913148,HDFCBANK.NS
2019-12-13,588.8054809570312,592.7654814988791,586.6624332143489,589.3412571103048,11775186,HDFCBANK.NS
2019-12-16,585.7772216796875,591.6706453877498,581.5143863644261,591.3212335892924,11327576,HDFCBANK.NS
2019-12-17,592.18310546875,593.9069044657647,584.8454576910184,587.0118222185259,12427354,HDFCBANK.NS
2019-12-18,602.0830688476562,605.1811979789044,593.3710912861918,597.727080066924,17447172,HDFCBANK.NS
2019-12-19,600.4293212890625,608.2095354167752,599.1714045581379,607.9765941929464,13018376,HDFCBANK.NS
2019-12-20,604.1097412109375,605.4608116699911,596.3528440297661,600.4059985365118,15026044,HDFCBANK.NS
2019-12-23,606.7652587890625,607.5106592668415,600.4292694223249,605.1812472297753,10195782,HDFCBANK.NS
2019-12-24,600.59228515625,606.1595568825055,599.5673097918527,604.9948509255141,7179208,HDFCBANK.NS
2019-12-26,591.8802490234375,601.8501433649025,589.1781653320924,600.848484870266,14949758,HDFCBANK.NS
2019-12-27,594.0000610351562,595.8635906384038,591.6706490310968,592.6024138327206,7092992,HDFCBANK.NS
2019-12-30,597.3311767578125,600.405989461671,593.5575403998763,597.2612830183218,9334190,HDFCBANK.NS
2019-12-31,592.6489868164062,597.2379170602602,591.0417152922982,597.2379170602602,8357056,HDFCBANK.NS
2020-01-01,595.6771240234375,596.3293706466624,591.9500654568958,594.5124182213932,3673698,HDFCBANK.NS
2020-01-02,599.47412109375,600.0564740382747,595.8635328376968,595.8635328376968,6137166,HDFCBANK.NS
2020-01-03,590.9252319335938,598.658868195343,588.6889737244671,597.3543747616177,10855550,HDFCBANK.NS
2020-01-06,578.1366577148438,587.8503498429019,575.8305629173403,587.0117388963179,10890186,HDFCBANK.NS
2020-01-07,587.2913208007812,592.3461332836704,583.4012142757196,586.4993434976219,14724494,HDFCBANK.NS
2020-01-08,585.7539672851562,588.0134855627122,577.7174958437635,580.9320389239922,11332110,HDFCBANK.NS
2020-01-09,592.3229370117188,594.372831092114,588.4560900675547,589.3412780648179,9546316,HDFCBANK.NS
2020-01-10,597.5873413085938,599.544081542198,594.0466463859336,598.2395880531285,9214580,HDFCBANK.NS
2020-01-13,599.1246948242188,604.016459439813,594.4658713807955,597.5872603397278,7451568,HDFCBANK.NS
2020-01-14,600.7553100585938,602.1762740209311,595.1647216749543,600.5223688759421,7886290,HDFCBANK.NS
2020-01-15,598.3095092773438,600.0332515160003,593.5807912502222,599.3111678734987,11787448,HDFCBANK.NS
2020-01-16,599.8934936523438,601.4541883440652,596.0266469202477,597.2845635432914,7150400,HDFCBANK.NS
2020-01-17,595.467529296875,598.6122351185539,592.5557646471724,597.1446943610231,16918814,HDFCBANK.NS
2020-01-20,584.6357421875,607.9065416196968,583.5176132311803,607.9065416196968,22178450,HDFCBANK.NS
2020-01-21,579.7207641601562,582.3530111446122,576.9487865752724,582.3530111446122,14984804,HDFCBANK.NS
2020-01-22,578.0901489257812,584.6823960803707,575.0852302757627,581.4445362366947,18368310,HDFCBANK.NS
2020-01-23,579.9537353515625,580.8855002175715,573.5012750285331,577.6942169255735,11508920,HDFCBANK.NS
2020-01-24,579.81396484375,584.2165307845122,577.2748716363558,580.4894715769556,11831756,HDFCBANK.NS
2020-01-27,565.2084350585938,575.3646928712021,564.5329284102665,575.3646928712021,18888552,HDFCBANK.NS
2020-01-28,569.8673095703125,572.0104140338276,565.2318025959702,567.8174725762849,13412158,HDFCBANK.NS
2020-01-29,575.7606811523438,578.625868930549,569.4246926734006,570.8456565650708,13788350,HDFCBANK.NS
2020-01-30,571.1951293945312,577.2049667543175,567.0720247294748,577.2049667543175,12111984,HDFCBANK.NS
2020-01-31,571.3115234375,576.6691702269703,568.4929125957485,573.7107719382025,11178268,HDFCBANK.NS
2020-02-03,555.7045288085938,558.1037775830681,548.6696593338028,557.6612120676856,13077010,HDFCBANK.NS
2020-02-04,572.9422607421875,574.8989442873816,558.1271760585762,558.1271760585762,20897704,HDFCBANK.NS
2020-02-05,579.8604736328125,581.4211681186657,571.7774262994742,575.3181207568854,18020682,HDFCBANK.NS
2020-02-06,577.60107421875,581.7473824553491,576.3897343734716,579.8605926878936,11827550,HDFCBANK.NS
2020-02-07,578.7190551757812,580.9553132918676,573.7807134456975,580.4894309235501,6815448,HDFCBANK.NS
2020-02-10,577.8339233398438,579.0684661177814,571.1950996008843,579.0684661177814,9219834,HDFCBANK.NS
2020-02-11,577.9736938476562,584.6824117792048,576.7857278503509,579.2316104494273,11613520,HDFCBANK.NS
2020-02-12,581.8870849609375,583.7040375931034,579.5809899584544,580.1167091920769,6297930,HDFCBANK.NS
2020-02-13,578.3463745117188,586.9651981930836,574.7124693465487,586.9651981930836,9112140,HDFCBANK.NS
2020-02-14,568.0736694335938,581.6075753387364,566.0470924519831,579.1849528372734,14688858,HDFCBANK.NS
2020-02-17,567.0487060546875,574.4329298288528,565.7907896043532,570.7058710789495,10152690,HDFCBANK.NS
2020-02-18,565.2318115234375,567.6776940789686,560.6894582060227,566.9322936266028,10529116,HDFCBANK.NS
2020-02-19,571.7308349609375,573.0353283753209,565.5346334186361,569.5412105193737,10012268,HDFCBANK.NS
2020-02-20,567.025390625,573.0352842485164,565.6277435902475,573.0352842485164,11123414,HDFCBANK.NS
2020-02-24,563.6943359375,565.9305940025687,559.0588292266576,563.2284535798111,16568084,HDFCBANK.NS
2020-02-25,559.1986694335938,563.2518235796754,558.1271171616635,560.9224115714882,13886680,HDFCBANK.NS
2020-02-26,558.7094116210938,561.2484476958087,552.3734229968032,557.8941175036563,13814786,HDFCBANK.NS
2020-02-27,558.8026123046875,560.2235763483709,550.2071049209364,556.7294584085682,20655098,HDFCBANK.NS
2020-02-28,548.6464233398438,552.0706476282661,545.1289884485627,547.6447647991787,24313056,HDFCBANK.NS
2020-03-02,549.5547485351562,559.5945348269267,543.2886543616646,559.151912520631,14664898,HDFCBANK.NS
2020-03-03,550.5797729492188,552.2336211363472,544.1505738998436,547.4117502845173,22369550,HDFCBANK.NS
2020-03-04,535.2289428710938,549.7411898936383,527.8912956331067,548.9724726184347,34288870,HDFCBANK.NS
2020-03-05,536.3937377929688,542.7530444952581,532.3871601690611,537.1624551957361,19549708,HDFCBANK.NS
2020-03-06,528.7299194335938,531.5252136871466,512.936495526939,524.1176725411502,23053566,HDFCBANK.NS
2020-03-09,515.87158203125,521.0428650742571,496.1647346125599,517.1294417088652,34420590,HDFCBANK.NS
2020-03-11,518.8997192382812,521.7881666986328,508.743462531167,514.7999323232046,35538240,HDFCBANK.NS
2020-03-12,475.8056640625,503.1529651713541,467.4896750399993,500.8235532955608,59000770,HDFCBANK.NS
2020-03-13,498.4009704589844,503.8284544455833,428.239070125055,456.5880002991171,66342364,HDFCBANK.NS
2020-03-16,465.6494140625,483.1200023840045,463.55294346391946,482.1882376735242,31986322,HDFCBANK.NS
2020-03-17,454.2818908691406,470.5411970727661,444.7779075141395,469.60943232608736,42676838,HDFCBANK.NS
2020-03-18,408.5323181152344,462.6212573770823,402.9883057715772,458.8941979017382,61181406,HDFCBANK.NS
2020-03-19,417.220947265625,428.5884883723231,370.37648104223007,394.60236407895457,67220048,HDFCBANK.NS
2020-03-20,411.3042907714844,426.0960578815504,384.1433508674439,407.6471250805587,88637464,HDFCBANK.NS
2020-03-23,359.4515380859375,390.7588391414496,356.40001423929533,370.1901210632312,50276954,HDFCBANK.NS
2020-03-24,357.65789794921875,377.3647163375854,344.1705977708533,370.4929514413145,61057272,HDFCBANK.NS
2020-03-25,399.1447143554688,404.12966132480113,351.85765452812115,358.93907213019304,47228042,HDFCBANK.NS
2020-03-26,419.806640625,436.8579543936663,391.8071183345117,405.3642854901964,57043156,HDFCBANK.NS
2020-03-27,421.3673400878906,460.5946436427536,406.2960274682874,440.2355771858335,55235936,HDFCBANK.NS
2020-03-30,387.45111083984375,413.2376904059768,385.7506286991531,409.9765135933028,39268444,HDFCBANK.NS
2020-03-31,401.54400634765625,406.9948070606745,390.4094068776613,397.77034227494914,35211092,HDFCBANK.NS
2020-04-01,386.5193176269531,402.4524718496196,382.02354140583975,402.4524718496196,29103504,HDFCBANK.NS
2020-04-03,379.1583862304688,393.204752200333,377.3647503344428,392.73886979251273,34996280,HDFCBANK.NS
2020-04-07,417.4772033691406,422.6950918874773,393.8336717898319,407.18121379932654,60412638,HDFCBANK.NS
2020-04-08,414.1228637695313,440.2588542172346,403.5007226339045,409.9532107330256,56219352,HDFCBANK.NS
2020-04-09,430.9644775390625,433.6899064448119,414.6353062766681,425.350600708537,44457146,HDFCBANK.NS
2020-04-13,417.1278076171875,441.0508866152092,412.8650005941316,435.1341742758095,34158056,HDFCBANK.NS
2020-04-15,402.1962585449219,433.503560602156,392.7388517868002,433.503560602156,57978752,HDFCBANK.NS
2020-04-16,409.8600158691406,414.9614335184059,398.9117801511244,402.98825089719423,53854396,HDFCBANK.NS
2020-04-17,424.09271240234375,428.6117770429898,413.3541295449921,426.2823652112344,55883462,HDFCBANK.NS
2020-04-20,440.18896484375,447.68968838432136,435.6000346760573,443.0541529165032,66232986,HDFCBANK.NS
2020-04-21,429.3805236816406,435.13415992541616,423.021217572032,430.9412183415524,33178006,HDFCBANK.NS
2020-04-22,432.6183471679688,434.6682409215296,422.6950586088908,428.2157816238388,38289354,HDFCBANK.NS
2020-04-23,444.8943786621094,446.5482554024853,425.1409546338127,435.6000196153613,40901222,HDFCBANK.NS
2020-04-24,437.02093505859375,446.5016579927215,431.4070583982274,434.6682348656007,33284568,HDFCBANK.NS
2020-04-27,433.1308288574219,446.0357757102357,431.546817484654,440.328716891437,27421072,HDFCBANK.NS
2020-04-28,433.9228210449219,439.6997449757685,429.5435156930596,439.6997449757685,29441436,HDFCBANK.NS
2020-04-29,455.2136840820313,462.4814666217291,435.1807407757034,435.600046312011,55877778,HDFCBANK.NS
2020-04-30,466.7209777832031,474.7341606669781,462.2019128631203,466.5346418862624,43793134,HDFCBANK.NS
2020-05-04,430.0094299316406,447.2470777187162,427.4470768822105,446.082371787157,26722324,HDFCBANK.NS
2020-05-05,424.6284790039063,439.7929440025469,423.0444676196466,436.9976498669374,29672858,HDFCBANK.NS
2020-05-06,440.9111022949219,442.58826751352296,421.926395030526,428.1459135209764,33785846,HDFCBANK.NS
2020-05-07,430.9411926269531,439.4668343183701,429.2407106008844,438.1623693682697,21831730,HDFCBANK.NS
2020-05-08,432.82806396484375,439.76972351481913,431.0344279914642,438.8612470933488,20807484,HDFCBANK.NS
2020-05-11,426.6550903320313,444.45180345293176,425.81650771067046,436.5318027624707,28550784,HDFCBANK.NS
2020-05-12,420.0162353515625,423.6734289332909,405.8301118234422,419.7600057409809,49568418,HDFCBANK.NS
2020-05-13,432.1757507324219,447.2470325920422,429.5900810770887,443.05409166149184,44346966,HDFCBANK.NS
2020-05-14,416.3590698242188,424.4188289459207,414.63529940929686,418.3623582803917,39554890,HDFCBANK.NS
2020-05-15,413.7734375,415.75343756872167,407.6470729721093,414.8682496933295,24349628,HDFCBANK.NS
2020-05-18,389.780517578125,413.7035672135185,387.28802970101975,413.7035672135185,46649964,HDFCBANK.NS
2020-05-19,386.9851989746094,404.0597706398577,384.8654114595988,401.0548236899224,47460692,HDFCBANK.NS
2020-05-20,399.3078002929688,402.52240028040137,387.7073454015666,389.6873456344274,40014306,HDFCBANK.NS
2020-05-21,400.4491882324219,411.8400179452096,397.0715410264232,401.3343761156615,48478908,HDFCBANK.NS
2020-05-22,390.805419921875,405.4574263411776,388.10330782681336,396.0000197908601,42047432,HDFCBANK.NS
2020-05-26,397.1181335449219,406.1329458029453,395.4176515632346,399.261181018783,38005152,HDFCBANK.NS
2020-05-27,420.9945983886719,423.859757789831,399.3310690397221,400.61224550659546,56025754,HDFCBANK.NS
2020-05-28,440.3753051757813,442.5882464078204,425.79319284959575,428.6117754686261,75488806,HDFCBANK.NS
2020-05-29,443.3569641113281,444.9176586602962,430.21907572876887,439.7929526443137,53025166,HDFCBANK.NS
2020-06-01,460.1287536621094,463.5529778530729,450.08896541371087,454.2353300570312,39190230,HDFCBANK.NS
2020-06-02,466.3482666015625,468.2117961384319,454.3285067757959,459.6861541942953,41623594,HDFCBANK.NS
2020-06-03,476.2482299804688,487.4294063263051,473.0802357028555,475.19999469804657,50546088,HDFCBANK.NS
2020-06-04,466.6743469238281,484.0284357004369,461.73597704538673,478.9503636770618,54275882,HDFCBANK.NS
2020-06-05,481.4195556640625,485.6358140358727,467.1868543563627,467.32661338612775,35195984,HDFCBANK.NS
2020-06-08,473.2899169921875,496.93344756618,468.8640344216865,493.83531839274775,49812664,HDFCBANK.NS
2020-06-09,459.9656677246094,478.3447332881716,456.35507928245374,475.2000272256489,61844146,HDFCBANK.NS
2020-06-10,462.08544921875,465.8125084361142,455.7261714902455,461.2235781488166,36497730,HDFCBANK.NS
2020-06-11,451.253662109375,460.47815598594246,449.57649691465576,458.8941445191046,30897714,HDFCBANK.NS
2020-06-12,457.8458862304688,459.6628387964081,432.3388271909183,432.3388271909183,42644876,HDFCBANK.NS
2020-06-15,442.5184020996094,453.76947383626447,439.3271189195045,450.9741793362464,32009936,HDFCBANK.NS
2020-06-16,461.409912109375,463.0637888411654,443.520017669628,454.2353122141673,45399970,HDFCBANK.NS
2020-06-17,456.21527099609375,465.3698701415024,453.41997702011565,460.7576237070582,36957838,HDFCBANK.NS
2020-06-18,475.1767578125,477.4828813710259,452.8376911279437,456.5647503141819,40870126,HDFCBANK.NS
2020-06-19,481.4195556640625,485.9153320954028,471.5428717579379,474.2449839291457,47877752,HDFCBANK.NS
2020-06-22,479.2765197753906,487.2896743201905,476.9703962046187,484.2614387152913,29694474,HDFCBANK.NS
2020-06-23,485.5891723632813,486.8470318984948,473.592674003309,484.0517379354413,28830512,HDFCBANK.NS
2020-06-24,481.0235290527344,492.6705878675706,479.8821400370422,488.4776466942295,39429246,HDFCBANK.NS
2020-06-25,479.2765197753906,488.7106383906535,469.1435775589972,476.0852367043096,70646790,HDFCBANK.NS
2020-06-26,492.1814270019531,495.23297939739126,478.9270957860002,484.98356684165975,39969138,HDFCBANK.NS
2020-06-29,501.3127746582031,504.36427022789616,483.12004435733536,483.12004435733536,46005956,HDFCBANK.NS
2020-06-30,496.5606689453125,502.4774086453141,492.11152682600886,500.3576213003967,35746130,HDFCBANK.NS
2020-07-01,505.2960510253906,510.6071218788699,494.4410249836067,496.56075582901394,34846718,HDFCBANK.NS
2020-07-02,507.5322570800781,517.7117753265919,505.57551703534057,507.951562580408,36954496,HDFCBANK.NS
2020-07-03,500.33441162109375,510.5139881858807,498.4941987756482,509.2094946371808,27597254,HDFCBANK.NS
2020-07-06,513.8682861328125,521.7417100505432,512.4706389357151,516.1743812598592,35558216,HDFCBANK.NS
2020-07-07,514.8699340820312,517.9214296107266,509.2327685436883,516.8499342372218,24349850,HDFCBANK.NS
2020-07-08,517.29248046875,524.0710917307265,514.8000211521851,515.7317858963519,30056350,HDFCBANK.NS
2020-07-09,524.0944213867188,526.3073629482466,515.8483250529808,520.8565612185438,20114484,HDFCBANK.NS
2020-07-10,514.8466796875,521.7883395068076,512.2610662345148,520.8099977443155,17562978,HDFCBANK.NS
2020-07-13,503.2694396972656,518.5270876029222,499.0998151551805,517.0828636027278,29922114,HDFCBANK.NS
2020-07-14,493.299560546875,497.9817013455705,489.1765127421303,495.0466195209541,26612674,HDFCBANK.NS
2020-07-15,490.6441040039063,502.6871537269898,489.2231398110068,498.5873654989372,20974394,HDFCBANK.NS
2020-07-16,495.02337646484375,496.3977068233229,481.7689878056439,490.87701165037896,23662456,HDFCBANK.NS
2020-07-17,511.74853515625,514.3342054044107,493.0434009904553,493.39281281477895,28405738,HDFCBANK.NS
2020-07-20,527.8681030273438,537.1158577655613,523.7217380814993,528.7765510055758,65124096,HDFCBANK.NS
2020-07-21,530.430419921875,539.4684928262943,528.310632291062,536.7198322110544,47512422,HDFCBANK.NS
2020-07-22,524.7466430664062,533.2024202132012,520.6469119655198,530.407125742883,24718012,HDFCBANK.NS
2020-07-23,526.6334228515625,532.9228346128382,520.0411761869593,524.1176467729714,20149122,HDFCBANK.NS
2020-07-24,521.3689575195312,523.1393333029866,513.0529684515155,523.1393333029866,19598440,HDFCBANK.NS
2020-07-27,502.9200134277344,513.8682490141649,500.9865902373261,512.4007081891367,37970094,HDFCBANK.NS
2020-07-28,506.2510986328125,509.8616870709068,493.6023806659232,502.6870870585476,35596450,HDFCBANK.NS
2020-07-29,495.9783935546875,507.112994331172,491.7621919408776,503.6188763178658,33592086,HDFCBANK.NS
2020-07-30,489.4793090820313,504.8534268418584,487.6390396521727,500.3576507289189,26956266,HDFCBANK.NS
2020-07-31,481.1633605957031,492.76378674190425,475.2233316206492,492.76378674190425,37726696,HDFCBANK.NS
2020-08-03,466.8141784667969,478.4379219389381,462.6212367440412,477.97203952529856,31783542,HDFCBANK.NS
2020-08-04,485.286376953125,494.3245062096364,467.2800121689445,469.609423994313,60306168,HDFCBANK.NS
2020-08-05,478.7174377441406,491.8786143035649,475.2000032075308,488.2213923119674,33221360,HDFCBANK.NS
2020-08-06,484.84375,491.5058905057279,478.111772636496,483.120008013687,33646888,HDFCBANK.NS
2020-08-07,486.3113403320313,487.8720350251191,475.4795743434629,482.118398659037,24836784,HDFCBANK.NS
2020-08-10,489.4793090820313,495.6988271653349,486.2880263150572,486.381180038167,22172854,HDFCBANK.NS
2020-08-11,496.9334716796875,498.9600487388586,488.4776947737565,488.4776947737565,20136148,HDFCBANK.NS
2020-08-12,495.5591430664063,496.6306954576805,488.24481129423,496.16481300415546,20666432,HDFCBANK.NS
2020-08-13,493.3927307128906,499.1230495560094,492.2047079597148,497.5390381752432,19892740,HDFCBANK.NS
2020-08-14,481.9320068359375,496.5840418576167,478.6009933042525,496.5840418576167,20924512,HDFCBANK.NS
2020-08-17,481.1400451660156,487.7788693186332,475.2932267747865,487.7788693186332,19561012,HDFCBANK.NS
2020-08-18,492.2047729492188,494.6040787678714,476.13182958268015,478.9271240812086,24040824,HDFCBANK.NS
2020-08-19,496.9101257324219,498.4009834424596,492.0882545647328,496.1647253126064,17715624,HDFCBANK.NS
2020-08-20,493.3694458007813,498.0049527841738,490.1082691052142,491.48259939303983,19216734,HDFCBANK.NS
2020-08-21,505.7851867675781,507.2527275502985,495.9783405108887,496.3510691406096,28924302,HDFCBANK.NS
2020-08-24,520.4139404296875,523.1626010023112,505.7852221801752,505.9482696406922,36779740,HDFCBANK.NS
2020-08-25,521.6484375,525.0494013572187,515.3590258599623,521.3223426075668,27601738,HDFCBANK.NS
2020-08-26,521.0661010742188,527.262359189932,516.8964767141415,522.2541238364602,25190062,HDFCBANK.NS
2020-08-27,518.10791015625,526.4006412968653,515.3825089406819,524.4905344457231,20645996,HDFCBANK.NS
2020-08-28,519.2258911132812,524.117655901697,510.1411850776518,518.0378683450753,38696610,HDFCBANK.NS
2020-08-31,519.8547973632812,535.2056545781394,512.7966685429749,526.2141026740603,38501166,HDFCBANK.NS
2020-09-01,525.189208984375,532.7830573562773,516.1976566572553,525.5153038893357,28877884,HDFCBANK.NS
2020-09-02,528.3804931640625,530.6400112496484,522.1143412619176,523.6983526695798,19761682,HDFCBANK.NS
2020-09-03,526.8663940429688,533.8778897281048,525.5153237691262,529.8247357769847,19833362,HDFCBANK.NS
2020-09-04,521.462158203125,524.304029279035,514.5204995331633,517.1294294246478,23661370,HDFCBANK.NS
2020-09-07,517.3623657226562,521.5553070027138,512.0047185314716,520.0645061846334,17615466,HDFCBANK.NS
2020-09-08,518.2708129882812,521.2292114954615,513.8682473974536,518.9929534005107,14624918,HDFCBANK.NS
2020-09-09,510.8400268554688,517.1294389508165,508.3941443739446,512.936497553918,15728872,HDFCBANK.NS
2020-09-10,508.068115234375,514.7301999719242,505.01656251895895,513.8683288361732,15188088,HDFCBANK.NS
2020-09-11,502.5241088867188,514.7302061541563,498.9600968210567,510.8167822559866,20794730,HDFCBANK.NS
2020-09-14,492.8802185058594,509.6753002806365,490.2712886719225,506.8800061291888,21650590,HDFCBANK.NS
2020-09-15,498.7270812988281,501.3593280856497,492.9501284879364,497.5623753639873,16505110,HDFCBANK.NS
2020-09-16,509.5122985839844,510.6071108508691,497.7254511054125,498.5873221720915,18710112,HDFCBANK.NS
2020-09-17,504.83013916015625,509.6753273204653,502.2212091878077,505.0165034875543,18318686,HDFCBANK.NS
2020-09-18,492.5774841308594,508.83673438999904,487.8720263958429,508.7435806581891,23481778,HDFCBANK.NS
2020-09-21,488.8504333496094,499.12310632138906,485.21652781988456,491.5059403264313,19842878,HDFCBANK.NS
2020-09-22,482.3746032714844,492.9734268813607,479.62588599418274,491.0633205938816,18620678,HDFCBANK.NS
2020-09-23,487.8952941894531,491.5058824252786,481.88540046154657,487.31294124819095,16079828,HDFCBANK.NS
2020-09-24,480.0452270507813,487.7788633671432,477.5294507653503,483.5859218482279,19809510,HDFCBANK.NS
2020-09-25,486.3811645507813,490.08490641773375,477.8322349579013,489.1764585999237,20321544,HDFCBANK.NS
2020-09-28,491.1331787109375,493.3694368669961,485.7522713829328,488.68729623355154,16152422,HDFCBANK.NS
2020-09-29,495.02337646484375,498.4476007971448,489.6424118923626,492.9035887555848,12644446,HDFCBANK.NS
2020-09-30,502.500732421875,506.3675789912015,490.10827227271136,493.8353313774468,18813842,HDFCBANK.NS
2020-10-01,515.7084350585938,517.1293989480084,507.85832898017526,507.85832898017526,21203080,HDFCBANK.NS
2020-10-05,519.156005859375,527.3788410358259,517.5953112992955,518.0611936677017,16940126,HDFCBANK.NS
2020-10-06,533.0160522460938,534.8330050135146,524.6767457589959,528.7998505709778,19371990,HDFCBANK.NS
2020-10-07,541.4718017578125,542.6830845842645,529.9877895979016,533.3887537552557,21248778,HDFCBANK.NS
2020-10-08,555.2386474609375,560.4565074085144,541.9842595267456,549.7412125869052,35060674,HDFCBANK.NS
2020-10-09,574.689208984375,576.2964803811725,555.1687266903496,559.5247153902895,44972388,HDFCBANK.NS
2020-10-12,565.4181518554688,578.9753174994802,561.6677760146721,573.7574576839783,19220546,HDFCBANK.NS
2020-10-13,558.336669921875,569.5178461278751,556.7293985904237,565.3016450557711,18353952,HDFCBANK.NS
2020-10-14,564.4165649414062,565.7210584958747,547.6447974317978,556.9857629179536,22582918,HDFCBANK.NS
2020-10-15,544.7330322265625,566.9789182978204,542.2871494648011,565.6744247433821,28246896,HDFCBANK.NS
2020-10-16,558.7560424804688,560.6894658056045,546.4800526713536,549.7412294562637,25822848,HDFCBANK.NS
2020-10-19,560.7127685546875,575.3647468497838,555.6113223045031,575.3647468497838,42359556,HDFCBANK.NS
2020-10-20,570.2167358398438,571.8240642283002,561.8075927142334,562.5529931737565,27411978,HDFCBANK.NS
2020-10-21,580.8154907226562,582.8188075334824,569.1684322187897,573.3147964202468,35640752,HDFCBANK.NS
2020-10-22,574.57275390625,582.3529667944613,569.7741427117008,577.670826193271,21913060,HDFCBANK.NS
2020-10-23,575.737548828125,581.6309162666618,573.5944440827491,579.3248209098792,15866230,HDFCBANK.NS
2020-10-26,564.136962890625,578.6258929585825,561.2018812651366,572.9421508966846,19571976,HDFCBANK.NS
2020-10-27,574.4795532226562,575.8306235030151,558.0571992756649,571.1717996882658,24317780,HDFCBANK.NS
2020-10-28,563.5314331054688,573.9672119699147,559.7577964138414,572.1036820609215,16571186,HDFCBANK.NS
2020-10-29,553.0955810546875,561.1320527238242,549.0424267871138,559.3384167978385,23060024,HDFCBANK.NS
2020-10-30,551.3950805664062,558.732727611852,548.0406935091028,550.9291982143144,11522716,HDFCBANK.NS
2020-11-02,566.1635131835938,570.705865994571,548.5764548641692,556.4265609121364,21926080,HDFCBANK.NS
2020-11-03,581.3978271484375,582.7023204120117,570.938791656942,571.3813571193683,28164230,HDFCBANK.NS
2020-11-04,585.800537109375,589.2480782197708,573.0353480629954,583.2847607925775,23404822,HDFCBANK.NS
2020-11-05,591.2979736328125,594.4659969919073,583.4478658459915,589.807172564071,21433928,HDFCBANK.NS
2020-11-06,609.2110595703125,610.3058717065451,589.5741073623152,589.9235191209258,35705724,HDFCBANK.NS
2020-11-09,624.5386962890625,627.054415842243,612.7285315325323,612.7285315325323,26288440,HDFCBANK.NS
2020-11-10,649.2769775390625,649.9059073656576,629.6633410994561,632.2023772725429,41517356,HDFCBANK.NS
2020-11-11,647.55322265625,659.1304458555891,638.491832675096,652.1887866837259,36116194,HDFCBANK.NS
2020-11-12,639.0508422851562,646.9010059383767,633.6000411498976,641.7064059916323,27053948,HDFCBANK.NS
2020-11-13,633.041015625,637.6998395348973,627.5435806631576,637.6998395348973,22472480,HDFCBANK.NS
2020-11-14,638.119140625,640.5650233786753,636.0226696932782,637.2340095057151,1835066,HDFCBANK.NS
2020-11-17,656.1719970703125,658.1054202674948,643.1971845231012,645.6198069538088,31059900,HDFCBANK.NS
2020-11-18,656.2885131835938,661.0871246448245,651.7927935264175,653.6330062555946,18862776,HDFCBANK.NS
2020-11-19,640.2854614257812,651.9790982252188,637.327119576682,647.4367448510429,20266882,HDFCBANK.NS
2020-11-20,653.9358520507812,656.1487934843398,635.9528025121568,639.4934974317682,20405362,HDFCBANK.NS
2020-11-23,649.7196044921875,663.2535113941707,640.7513680047175,659.2236171309135,25246636,HDFCBANK.NS
2020-11-24,670.031982421875,673.2000051944815,653.1903807294234,655.9623580026505,40154400,HDFCBANK.NS
2020-11-25,653.539794921875,682.2381368168991,650.8376544957778,676.1350892977126,24152602,HDFCBANK.NS
2020-11-26,664.6510620117188,667.1435211951758,646.1788155710258,659.2235212927192,27943126,HDFCBANK.NS
2020-11-27,671.2666015625,673.6659071425177,659.4798117216003,667.0504002354771,17994580,HDFCBANK.NS
2020-12-01,667.7491455078125,675.0634751124932,664.1152406990055,671.2665228673526,17147574,HDFCBANK.NS
2020-12-02,655.4732055664062,667.0504284490065,649.8127800267889,666.6776997890113,17892150,HDFCBANK.NS
2020-12-03,641.6131591796875,667.1435350861752,640.1456752517646,665.745888015464,37933222,HDFCBANK.NS
2020-12-04,645.5266723632812,652.910897375773,639.7963526965787,643.3836245967808,26912322,HDFCBANK.NS
2020-12-07,639.30712890625,642.8944006689825,632.71488151539,640.5883055172845,24316318,HDFCBANK.NS
2020-12-08,641.1939086914062,647.0174381357792,635.9993090529446,640.5882388810296,19457896,HDFCBANK.NS
2020-12-09,655.5896606445312,656.9174709203267,640.6115876636862,641.5200355541075,22069074,HDFCBANK.NS
2020-12-10,645.64306640625,653.1670780012442,640.9376658774692,651.3035485347642,19727966,HDFCBANK.NS
2020-12-11,644.2222290039062,649.9059717433896,639.6565585689419,647.5998765273038,21356384,HDFCBANK.NS
2020-12-14,639.2605590820312,646.644783892893,637.3271357099983,644.3153718471693,17222050,HDFCBANK.NS
2020-12-15,648.1822509765625,649.8826763585706,636.3954026881263,643.2904854361341,21561436,HDFCBANK.NS
2020-12-16,657.2202758789062,660.062204002033,649.673003782129,654.0988865615698,16832092,HDFCBANK.NS
2020-12-17,671.7092895507812,673.2000905325154,654.3318527009812,660.9007833867663,21924478,HDFCBANK.NS
2020-12-18,657.5230712890625,670.7308250997335,655.1703994436521,668.5412007096832,22995918,HDFCBANK.NS
2020-12-21,639.4935302734375,663.3466879919946,636.7214956867946,660.3883459292866,23761824,HDFCBANK.NS
2020-12-22,639.703125,645.1539833124564,626.611840669391,645.1539833124564,22851558,HDFCBANK.NS
2020-12-23,640.89111328125,643.3602557955827,634.0892418451367,637.0941604754499,15467394,HDFCBANK.NS
2020-12-24,650.88427734375,654.0988772169751,641.5200526551101,647.2970056798262,14952188,HDFCBANK.NS
2020-12-28,658.2218627929688,662.0188152963,654.098815394796,654.5646977419433,11699194,HDFCBANK.NS
2020-12-29,664.9073486328125,668.4247835544119,661.553018050019,662.0422173256148,14495346,HDFCBANK.NS
2020-12-30,667.3765869140625,670.8241283008254,658.2918794482166,670.8241283008254,16216726,HDFCBANK.NS
2020-12-31,669.1469116210938,672.7341833408832,663.9057346386942,668.5412417549636,22145750,HDFCBANK.NS
2021-01-01,663.9057006835938,672.2682665596484,661.8324899943431,670.8706194358238,8810938,HDFCBANK.NS
2021-01-04,659.689453125,669.9388655323093,651.7694526284428,669.9388655323093,15740192,HDFCBANK.NS
2021-01-05,664.6744384765625,666.5612850615263,656.4283422342761,661.1803202602692,14386824,HDFCBANK.NS
2021-01-06,661.8092651367188,670.8706550558015,658.3384071393576,668.54124305908,22134050,HDFCBANK.NS
2021-01-07,659.8059692382812,667.4231353378412,658.0822270535729,667.3765584704946,19894842,HDFCBANK.NS
2021-01-08,666.9805297851562,671.8024011097472,662.9972126337416,667.1435772462953,13768764,HDFCBANK.NS
2021-01-11,676.2050170898438,682.4711697734068,669.146943909302,675.5295103276811,17331392,HDFCBANK.NS
2021-01-12,689.9716796875,693.0930683194263,675.1100230858505,676.6707174018136,20388156,HDFCBANK.NS
2021-01-13,685.14990234375,697.3793142622579,681.1665854278453,695.5157848270568,16934650,HDFCBANK.NS
2021-01-14,684.2647705078125,693.2330066489362,678.3247699468085,685.3828996345541,12297166,HDFCBANK.NS
2021-01-15,683.2864379882812,685.615850004148,673.2000725854961,684.4278271278918,14165236,HDFCBANK.NS
2021-01-18,690.9501953125,700.151372968801,683.4494998376483,684.8005702093648,42825632,HDFCBANK.NS
2021-01-19,700.6172485351562,704.2511540690322,683.4494931587943,695.0033996358874,17360254,HDFCBANK.NS
2021-01-20,695.0964965820312,699.2894379153008,692.3012023598515,699.2894379153008,13346052,HDFCBANK.NS
2021-01-21,687.0834350585938,696.1914025031128,683.9853055045107,695.0965901594512,26333054,HDFCBANK.NS
2021-01-22,672.5245361328125,683.8687607747444,670.9405246579323,683.8687607747444,15392364,HDFCBANK.NS
2021-01-25,681.5159912109375,689.9717673229738,677.9287198278455,682.5642265090312,20344718,HDFCBANK.NS
2021-01-27,656.7078857421875,685.7323849307226,655.100614048632,683.9154320138233,23556276,HDFCBANK.NS
2021-01-28,638.934326171875,652.8409598159711,625.2141137122674,647.5298896517861,42704446,HDFCBANK.NS
2021-01-29,647.8093872070312,656.3117398258938,635.6964464897477,648.205375817939,28704502,HDFCBANK.NS
2021-02-01,687.9917602539062,690.6705837659835,652.7011722469766,657.0105839837964,26370544,HDFCBANK.NS
2021-02-02,727.03271484375,735.3952801723026,697.6122334393361,699.2893985040394,42420206,HDFCBANK.NS
2021-02-03,733.671630859375,736.886173943163,718.3906652955849,735.6283142034556,20237254,HDFCBANK.NS
2021-02-04,735.6748657226562,739.8212303398263,719.0661472568776,729.5718178288212,24484684,HDFCBANK.NS
2021-02-05,744.293701171875,753.9141839806551,721.1859458069237,721.1859458069237,27054716,HDFCBANK.NS
2021-02-08,747.857666015625,760.1569718191174,743.4084666840961,754.7294308956938,17447580,HDFCBANK.NS
2021-02-09,750.9324951171875,758.4565068510009,739.2155420064337,750.07062409712,18421366,HDFCBANK.NS
2021-02-10,736.909423828125,752.3301185888382,730.0376590097499,749.3018832451476,19788006,HDFCBANK.NS
2021-02-11,732.5300903320312,744.3868300786064,728.7331378641071,737.0258663141597,13648618,HDFCBANK.NS
2021-02-12,737.0026245117188,741.9177064770458,732.8329998671228,733.2523053924318,9910106,HDFCBANK.NS
2021-02-15,753.1454467773438,757.0588701571608,743.8743760087222,745.4583874803633,10355244,HDFCBANK.NS
2021-02-16,757.8275756835938,764.5129763820796,749.3484823473618,755.2884826208972,13897358,HDFCBANK.NS
2021-02-17,739.1223754882812,755.5680457969456,737.4917872032456,754.7294347879077,12794426,HDFCBANK.NS
2021-02-18,724.1210327148438,748.1838130338533,721.185950864325,748.1838130338533,14720560,HDFCBANK.NS
2021-02-19,717.0394897460938,728.7331249694511,714.1976188793626,719.7882068940739,17139508,HDFCBANK.NS
2021-02-22,721.1859130859375,733.2522779153973,717.2025960503815,719.8115828343564,29451838,HDFCBANK.NS
2021-02-23,712.4041137695312,725.7050227355288,709.3758780401585,723.8648099250751,18239906,HDFCBANK.NS
2021-02-24,748.416748046875,751.9108659969904,706.3941789149849,711.1694734468092,14314332,HDFCBANK.NS
2021-02-25,748.3933715820312,762.2999474852217,746.3434779962262,749.9540659827873,20109570,HDFCBANK.NS
2021-02-26,714.8499755859375,740.2405667287595,708.6071399675651,739.3786956512046,27912846,HDFCBANK.NS
2021-03-01,726.2640991210938,732.6234053811512,717.7850051508801,728.6400880340791,13536018,HDFCBANK.NS
2021-03-02,730.5967407226562,739.5882935913318,722.5835863686019,734.090858645135,16110038,HDFCBANK.NS
2021-03-03,739.2854614257812,743.5482966812122,729.1059425476798,737.9577079843609,11222410,HDFCBANK.NS
2021-03-04,723.07275390625,731.9012020549309,717.0395431025222,721.4421656139571,16291438,HDFCBANK.NS
2021-03-05,712.8001098632812,720.0678643152556,708.6537449089482,713.2659922880285,17445822,HDFCBANK.NS
2021-03-08,707.9082641601562,724.4470883639638,704.6470875565886,718.3906175287667,15117050,HDFCBANK.NS
2021-03-09,727.941162109375,729.4319628612136,716.6435152734375,719.7882210937499,15066696,HDFCBANK.NS
2021-03-10,724.796630859375,733.7648681366001,723.1194653920032,732.3672207687208,11055016,HDFCBANK.NS
2021-03-12,723.026123046875,745.4117937253521,715.1527564719762,745.4117937253521,15631204,HDFCBANK.NS
2021-03-15,712.1710815429688,721.3722581601378,705.9515634062038,721.3722581601378,12230386,HDFCBANK.NS
2021-03-16,704.484130859375,717.6453095621886,703.4824722565825,713.2194264585876,13722366,HDFCBANK.NS
2021-03-17,696.6572265625,716.9930044366868,694.2579208590815,710.1212391245092,21064428,HDFCBANK.NS
2021-03-18,694.630615234375,709.0962856036157,690.0416852536216,704.2976744336461,18065540,HDFCBANK.NS
2021-03-19,697.6588745117188,704.0414404652653,686.7339552850576,691.8353446743922,21235020,HDFCBANK.NS
2021-03-22,684.4511108398438,696.4475821404212,680.3746400095504,696.4475821404212,14015632,HDFCBANK.NS
2021-03-23,698.8934326171875,702.2943397175386,684.4277626140187,684.8470681114331,19761428,HDFCBANK.NS
2021-03-24,688.94677734375,701.8283776173581,685.312872606244,694.5839418762206,16368900,HDFCBANK.NS
2021-03-25,681.7490234375,696.7504713848288,675.6459751498256,694.2579549579342,23964356,HDFCBANK.NS
2021-03-26,694.7703857421875,698.3576571635782,686.7105981715239,696.0282453651673,12021258,HDFCBANK.NS
2021-03-30,723.8414306640625,727.9645352211458,699.5457100566057,701.9216988192317,25607644,HDFCBANK.NS
2021-03-31,695.865234375,721.1859305763878,693.2329875307913,721.1859305763878,30774506,HDFCBANK.NS
2021-04-01,692.650634765625,698.5440583003154,682.5176929084517,698.5440583003154,35763762,HDFCBANK.NS
2021-04-05,675.3430786132812,691.8353260425176,666.6776778227897,689.5059141703206,16006586,HDFCBANK.NS
2021-04-06,670.987060546875,681.4228366536412,667.4463660295091,680.1882370410952,15075734,HDFCBANK.NS
2021-04-07,674.2250366210938,678.6509197498997,662.2751976696493,670.5446108839972,25088180,HDFCBANK.NS
2021-04-08,667.5162963867188,680.6075798822934,666.4447441652386,676.9270977085577,17613592,HDFCBANK.NS
2021-04-09,662.3683471679688,667.5163707856304,659.2702176235557,664.3483475023903,28157816,HDFCBANK.NS
2021-04-12,636.884521484375,651.7694405705431,630.3388513880949,648.9741463293542,22549128,HDFCBANK.NS
2021-04-13,652.3983154296875,655.2401862946923,634.0658569499969,637.3270332899308,18600682,HDFCBANK.NS
2021-04-15,666.2584228515625,669.3332353820249,648.0424320032669,654.5647857401797,34444984,HDFCBANK.NS
2021-04-16,665.5828857421875,673.2000514205108,663.1835800671953,668.517910667658,15606526,HDFCBANK.NS
2021-04-19,658.0122680664062,660.481410495047,639.3303964800215,647.5764916470772,24069242,HDFCBANK.NS
2021-04-20,648.2288208007812,664.5347057583308,644.7579625947119,663.8824589859461,23186270,HDFCBANK.NS
2021-04-22,662.7177124023438,664.7210294656783,638.748085728293,642.9177104500769,38485312,HDFCBANK.NS
2021-04-23,658.8275146484375,668.3547856399512,652.3284219605015,656.4282092518963,22713528,HDFCBANK.NS
2021-04-26,654.4716796875,665.7460120773833,653.5165979297057,658.2918929778465,30170952,HDFCBANK.NS
2021-04-27,670.2650146484375,671.8024493820121,654.4716461128326,655.6130352932292,20592906,HDFCBANK.NS
2021-04-28,688.0150756835938,689.0399941031312,666.6776413533339,669.123523685343,24103940,HDFCBANK.NS
2021-04-29,686.0119018554688,700.5241514250004,680.654253725528,692.3944686186233,24078552,HDFCBANK.NS
2021-04-30,657.9656982421875,677.299816724806,655.729440103264,673.2000290935819,35232902,HDFCBANK.NS
2021-05-03,658.9673461914062,662.4382042371565,641.6598603108004,648.9741913343149,22473700,HDFCBANK.NS
2021-05-04,646.8077392578125,662.9505738100507,644.4550675488944,656.8707864882977,21486328,HDFCBANK.NS
2021-05-05,653.4467163085938,656.7078934751264,643.7097616801486,652.7013157588982,14421612,HDFCBANK.NS
2021-05-06,652.6546020507812,657.266848736233,649.9058847840652,655.7759910790016,11477044,HDFCBANK.NS
2021-05-07,659.1070556640625,663.8590328931218,657.0105850858768,658.2684446846265,12048334,HDFCBANK.NS
2021-05-10,661.4830932617188,666.2118108456489,658.1986565682562,664.8141636900286,11060050,HDFCBANK.NS
2021-05-11,653.8892211914062,663.5096466065934,649.9292210583383,650.3717865603421,14519034,HDFCBANK.NS
2021-05-12,652.0023803710938,656.2418985871353,647.0407217294511,652.1188509642291,13774926,HDFCBANK.NS
2021-05-14,646.1089477539062,651.7228530109861,644.0124771074226,649.6030654980458,10604142,HDFCBANK.NS
2021-05-17,670.987060546875,672.0818727050178,643.5233185186172,649.9757777493439,15120692,HDFCBANK.NS
2021-05-18,687.968505859375,690.7871170805363,677.8588806961257,679.6990933972745,22165280,HDFCBANK.NS
2021-05-19,679.349609375,688.9700911258076,676.7174196350752,684.9401974873838,10130916,HDFCBANK.NS
2021-05-20,667.5162963867188,682.9369917808087,665.5129794058325,679.4195570658875,10684184,HDFCBANK.NS
2021-05-21,697.565673828125,699.7087212899272,672.2682391694295,672.2682391694295,19341646,HDFCBANK.NS
2021-05-24,703.4591064453125,708.3508716405386,698.1247757186825,700.3377171165229,22146102,HDFCBANK.NS
2021-05-25,689.0166625976562,705.2293907449414,685.0799795808001,703.7152731430117,19236974,HDFCBANK.NS
2021-05-26,688.1315307617188,692.7670372811755,684.8470375274567,689.5058609119972,12283990,HDFCBANK.NS
2021-05-27,690.7405395507812,693.6988813645199,681.3296811145242,686.2913399610924,20439496,HDFCBANK.NS
2021-05-28,700.4307861328125,704.8799852585144,688.9235150039842,694.58399684792,17750020,HDFCBANK.NS
2021-05-31,706.207763671875,707.9082456590891,693.0000101466898,698.8235396437208,15661054,HDFCBANK.NS
2021-06-01,704.2744140625,711.4024376595122,702.2012600931891,708.2810482712531,11030162,HDFCBANK.NS
2021-06-02,700.6871948242188,703.575643224929,695.5624879471799,703.4824894844218,10624016,HDFCBANK.NS
2021-06-03,708.3973999023438,710.4472366588116,693.116436724301,702.5505539104325,10287260,HDFCBANK.NS
2021-06-04,699.2661743164062,708.4440918339504,698.450880106164,706.2777272726534,9424476,HDFCBANK.NS
2021-06-07,698.753662109375,705.3459090268713,696.9600263568028,703.4823795446339,8091668,HDFCBANK.NS
2021-06-08,690.9268188476562,699.4291714512879,690.2046784811048,697.2162303626714,9872540,HDFCBANK.NS
2021-06-09,689.645751953125,699.7553774679799,685.8022220835438,691.3229172494055,10223442,HDFCBANK.NS
2021-06-10,689.9951171875,693.6988593363984,686.5475762237011,690.484259561094,11483540,HDFCBANK.NS
2021-06-11,692.4642333984375,697.2162675857256,689.9950910162944,694.6305977433478,7205974,HDFCBANK.NS
2021-06-14,689.2496948242188,692.3012472963337,681.3763277503531,688.690658691659,8881964,HDFCBANK.NS
2021-06-15,694.28125,696.9600738131186,687.0833896329151,692.3012497903037,7569602,HDFCBANK.NS
2021-06-16,691.64892578125,696.0282312475173,688.620690504738,693.2329371461217,7702098,HDFCBANK.NS
2021-06-17,683.0300903320312,688.923513333274,680.1882194194961,682.983513471905,9283802,HDFCBANK.NS
2021-06-18,689.4127197265625,694.1646969170276,677.8588147746814,684.614108805082,11938060,HDFCBANK.NS
2021-06-21,693.5590209960938,695.0033017551335,679.722338162738,680.8171502942656,7260472,HDFCBANK.NS
2021-06-22,691.2763671875,702.5506991606125,689.5059912186382,697.4259924691225,14366824,HDFCBANK.NS
2021-06-23,692.0682373046875,697.7986130106734,688.8536376859736,694.1647078990134,7844868,HDFCBANK.NS
2021-06-24,701.7353515625,705.089682030104,693.2329979253112,694.1647627074689,14785024,HDFCBANK.NS
2021-06-25,705.8583984375,709.0729983058726,702.0847624487187,703.9948688755924,10383176,HDFCBANK.NS
2021-06-28,702.7136840820312,709.5388723967646,701.152989466271,708.1412252416824,9356786,HDFCBANK.NS
2021-06-29,702.8073120117188,705.6848435152247,698.1751031497531,705.1233878844295,10971692,HDFCBANK.NS
2021-06-30,700.8655395507812,706.0592041820919,699.0875014782571,700.912318001838,9679022,HDFCBANK.NS
2021-07-01,695.6484375,702.783893139398,693.8938172608038,702.783893139398,16911442,HDFCBANK.NS
2021-07-02,692.6773071289062,696.8181995606326,691.0864399872784,694.8296299127342,14827036,HDFCBANK.NS
2021-07-05,699.7191772460938,703.9536838673887,694.6191264593356,697.1457340681139,7373882,HDFCBANK.NS
2021-07-06,718.0841064453125,720.5639923825959,699.9764497430932,700.4443484394454,17669032,HDFCBANK.NS
2021-07-07,720.330078125,723.0672742086946,714.8088503924621,717.756635169698,9629190,HDFCBANK.NS
2021-07-08,711.4166259765625,719.4878793503663,708.1413347524103,713.5455881188799,8420922,HDFCBANK.NS
2021-07-09,702.7838745117188,709.3344565644245,700.6783302804919,707.7202288337677,10695842,HDFCBANK.NS
2021-07-12,695.765380859375,702.7838615001891,694.3616847312122,702.7838615001891,14458978,HDFCBANK.NS
2021-07-13,702.7136840820312,704.7022536501623,694.408481768072,700.0232664310304,18178142,HDFCBANK.NS
2021-07-14,701.4503784179688,705.2871250803108,697.683770870483,700.6783341056623,9788494,HDFCBANK.NS
2021-07-15,711.5335693359375,714.3643794730821,701.6843354297325,704.187582188956,10438802,HDFCBANK.NS
2021-07-16,712.3056030273438,715.8616218663434,710.6445968457965,714.9258244288939,5170628,HDFCBANK.NS
2021-07-19,688.279052734375,696.6310338952321,685.93955901332,695.765432641751,25111600,HDFCBANK.NS
2021-07-20,675.248046875,680.3247365462768,671.9727558462353,674.7099519255372,24174250,HDFCBANK.NS
2021-07-22,677.8448486328125,687.1092660782373,676.113646226117,681.3073105627461,13207114,HDFCBANK.NS
2021-07-23,675.0608520507812,681.9389401209187,671.5750295688387,679.1549656917061,13126684,HDFCBANK.NS
2021-07-26,671.22412109375,675.645741081775,668.2061401271644,669.0951591045279,13167166,HDFCBANK.NS
2021-07-27,673.6572265625,678.4064103071216,671.9493846985216,671.9493846985216,22401430,HDFCBANK.NS
2021-07-28,663.1528930664062,673.1658801980516,656.9298171089981,671.4580955262957,20670342,HDFCBANK.NS
2021-07-29,663.5973510742188,669.0717431809376,661.281275286732,668.2763382138219,13702230,HDFCBANK.NS
2021-07-30,667.43408203125,669.9139680037051,658.7779560259637,663.9482595406024,11655488,HDFCBANK.NS
2021-08-02,665.6561279296875,671.4346657200673,662.6615646871396,671.4346657200673,13258786,HDFCBANK.NS
2021-08-03,671.2943725585938,673.7274805415707,659.7372952682458,659.7372952682458,12033120,HDFCBANK.NS
2021-08-04,685.6119995117188,689.9166447776518,673.7741393555907,674.2420380634766,22053948,HDFCBANK.NS
2021-08-05,694.7593994140625,705.1467852148428,681.915602462393,686.4541971765548,18822408,HDFCBANK.NS
2021-08-06,698.408935546875,701.8479792217546,689.6826142485776,694.15106922957,13339270,HDFCBANK.NS
2021-08-09,703.6729125976562,705.2871403721247,690.6185265864331,698.1049062784269,10998048,HDFCBANK.NS
2021-08-10,705.427490234375,711.089053111212,696.7011680096034,696.7011680096034,14838346,HDFCBANK.NS
2021-08-11,699.4851684570312,710.6679592857763,697.660409142684,708.8197821888172,12585786,HDFCBANK.NS
2021-08-12,702.5031127929688,705.4040618582296,696.8415500011622,700.4443471096191,8597674,HDFCBANK.NS
2021-08-13,714.1069946289062,716.3529313032537,702.3159698799373,702.4095267761425,16658428,HDFCBANK.NS
2021-08-16,716.165771484375,718.2245372816506,711.8844867606579,714.0836450209575,6252778,HDFCBANK.NS
2021-08-17,708.7028198242188,713.0776615079304,704.3279781405072,709.8959273107525,8282666,HDFCBANK.NS
2021-08-18,707.9307250976562,732.4252103424661,705.7549847439424,728.3778752099084,22985932,HDFCBANK.NS
2021-08-20,708.7496337890625,711.1125453306043,695.3209624684945,695.3209624684945,13150406,HDFCBANK.NS
2021-08-23,713.3583374023438,717.3588940823976,705.8953760801488,715.8148055456828,10843054,HDFCBANK.NS
2021-08-24,729.3839111328125,732.0275503345746,714.6918798434089,715.8850444307441,18381314,HDFCBANK.NS
2021-08-25,728.7054443359375,732.1679061275219,724.3071851475217,726.2255583877181,7727974,HDFCBANK.NS
2021-08-26,727.489013671875,735.0689507245156,722.1783170615628,725.2430767810307,11119002,HDFCBANK.NS
2021-08-27,724.5177612304688,729.2903625174678,723.0205081501615,726.1788245585184,6382138,HDFCBANK.NS
2021-08-30,733.7821655273438,734.6009882849862,725.9916404384651,727.8632353130765,9049166,HDFCBANK.NS
2021-08-31,739.9349975585938,740.8473771547274,730.9513084677536,731.5595996095356,12062576,HDFCBANK.NS
2021-09-01,738.85888671875,747.702184301824,736.7065639444443,736.9405133137502,12422558,HDFCBANK.NS
2021-09-02,743.4910888671875,744.8947850702093,735.1858863326421,736.5193863022039,9618524,HDFCBANK.NS
2021-09-03,737.4317626953125,747.7021162261457,733.8055478012244,742.1341103203025,10735334,HDFCBANK.NS
2021-09-06,732.5889892578125,739.724444603404,730.8343690908638,739.2565458922177,7876896,HDFCBANK.NS
2021-09-07,734.2500610351562,740.2157696718924,727.6760612202143,731.0917446980607,7245496,HDFCBANK.NS
2021-09-08,737.5956420898438,739.5140156486024,732.5423124611898,735.5134582662054,6724080,HDFCBANK.NS
2021-09-09,733.9459228515625,739.0226125546611,730.3899039927794,736.4725873700415,8250948,HDFCBANK.NS
2021-09-13,727.8399047851562,741.1516010354179,726.950885759595,730.8578287988149,8959164,HDFCBANK.NS
2021-09-14,724.5645141601562,732.027475160657,723.6520774763231,729.9219311285555,9758506,HDFCBANK.NS
2021-09-15,723.7457275390625,727.4889171159565,718.2245000665279,718.2245000665279,14822998,HDFCBANK.NS
2021-09-16,729.8986206054688,731.9340258288291,718.8328610372279,719.5112913673174,10260550,HDFCBANK.NS
2021-09-17,740.2860107421875,743.4911057217695,729.547700275712,734.1331308228171,20498102,HDFCBANK.NS
2021-09-20,729.851806640625,740.0753822447209,728.9862054323227,731.7935977510607,8781610,HDFCBANK.NS
2021-09-21,726.1553344726562,733.9692767081914,715.393664819418,730.8577390590561,14774996,HDFCBANK.NS
2021-09-22,717.6162719726562,725.3132404864232,715.8850694878332,724.7751455141527,10582202,HDFCBANK.NS
2021-09-23,734.6010131835938,735.5368106526174,721.4998486172622,721.4998486172622,13664304,HDFCBANK.NS
2021-09-24,749.3632202148438,752.3577263390091,736.940486313232,738.812081199107,20806702,HDFCBANK.NS
2021-09-27,760.3822021484375,765.248360283423,752.3811454208159,755.9839427357285,16415462,HDFCBANK.NS
2021-09-28,755.6798706054688,763.6107312729913,740.215794653108,763.6107312729913,12773790,HDFCBANK.NS
2021-09-29,745.7603759765625,751.7260847567792,741.6896798907969,747.2342683926307,16263036,HDFCBANK.NS
2021-09-30,746.2750244140625,751.6090811295566,740.7304361257566,742.0873538076034,15975348,HDFCBANK.NS
2021-10-01,740.5432739257812,743.4910586790553,732.3784641896735,740.6836663870009,11128596,HDFCBANK.NS
2021-10-04,741.9703979492188,749.2696065845623,740.9644042742369,743.4910687947713,7051028,HDFCBANK.NS
2021-10-05,746.5089111328125,747.4681262541196,737.5252795042604,744.8946835659208,10257178,HDFCBANK.NS
2021-10-06,755.609619140625,761.2009857374555,742.5552340376382,746.7663223214056,18600830,HDFCBANK.NS
2021-10-07,753.5508422851562,761.5986769283292,751.9131968657225,761.0839997912436,11265724,HDFCBANK.NS
2021-10-08,749.8779296875,758.9317589146212,748.7081828334393,754.2527714983781,7245562,HDFCBANK.NS
2021-10-11,764.4530029296875,769.6934460990624,748.1701035333743,748.5912238329689,13080848,HDFCBANK.NS
2021-10-12,762.48779296875,768.0792173113862,760.3354701381298,760.3354701381298,8176946,HDFCBANK.NS
2021-10-13,767.0731201171875,771.0970374085115,762.6748610290496,765.9501518432847,6225644,HDFCBANK.NS
2021-10-14,789.5323486328125,790.7488739386398,766.4181393559124,766.4181393559124,14757288,HDFCBANK.NS
2021-10-18,781.53125,807.125286978139,780.0105791694615,797.7673126363635,28856456,HDFCBANK.NS
2021-10-19,790.1405029296875,791.8951230348935,781.8587188797318,783.9408452246269,8987540,HDFCBANK.NS
2021-10-20,783.1923217773438,794.8430122320457,778.7940620449946,790.3277778106263,10908568,HDFCBANK.NS
2021-10-21,784.3387451171875,786.9823275220377,777.1096747206212,782.2332006142838,9738190,HDFCBANK.NS
2021-10-22,786.4207763671875,799.1710165314034,781.7417891509615,786.1166307748242,12175554,HDFCBANK.NS
2021-10-25,775.3081665039062,790.7488240142435,755.0949649733542,790.7488240142435,16426766,HDFCBANK.NS
2021-10-26,773.319580078125,783.1922312714548,770.3250169606707,772.0328586470465,12090656,HDFCBANK.NS
2021-10-27,768.6640625,779.0748093238908,766.090619464881,773.3196320532794,13249642,HDFCBANK.NS
2021-10-28,745.6434326171875,772.0329334003637,742.6255085423319,772.0329334003637,17797750,HDFCBANK.NS
2021-10-29,740.6134643554688,749.5737361074018,729.9219902169456,743.9589515672715,12406874,HDFCBANK.NS
2021-11-01,751.1177978515625,753.7847975661676,740.9410012363768,741.6194314974399,8122320,HDFCBANK.NS
2021-11-02,751.7963256835938,758.931781707664,748.6614268671785,751.4454016168362,13237722,HDFCBANK.NS
2021-11-03,739.9584350585938,753.2701884011461,737.197878202498,751.0242516160887,10207338,HDFCBANK.NS
2021-11-04,745.8071899414062,747.6320064902674,744.0057911766709,746.2985064756734,1096808,HDFCBANK.NS
2021-11-08,748.7549438476562,750.8370703527786,734.8115388253409,744.9415577689133,18943580,HDFCBANK.NS
2021-11-09,735.6538696289062,746.1113961201809,734.1566163535281,746.1113961201809,12695476,HDFCBANK.NS
2021-11-10,727.6994018554688,734.1330085267516,725.2429338537062,733.6651098597492,13714126,HDFCBANK.NS
2021-11-11,724.4476318359375,727.5357520533504,718.5052836512886,725.2664546194623,7999404,HDFCBANK.NS
2021-11-12,726.646728515625,729.4775386819591,722.9269564545162,725.2430323240301,14914092,HDFCBANK.NS
2021-11-15,728.6353149414062,735.4666251415645,727.3018149519153,730.904612413564,9533594,HDFCBANK.NS
2021-11-16,724.3071899414062,728.6118351487053,721.3126268284178,727.582480851994,8245406,HDFCBANK.NS
2021-11-17,716.2593994140625,722.4356398093381,715.1832094874179,719.1135702464771,7598878,HDFCBANK.NS
2021-11-18,720.2833862304688,722.2017597861827,713.6626071356496,714.0369490025669,9152874,HDFCBANK.NS
2021-11-22,709.0303344726562,726.5063407477103,701.4036193856,723.3714420794946,15261272,HDFCBANK.NS
2021-11-23,709.1239624023438,714.8557220008774,700.1402722718575,702.7839115916332,11235214,HDFCBANK.NS
2021-11-24,710.293701171875,718.8562137965511,708.422106222235,713.0776758128465,30802286,HDFCBANK.NS
2021-11-25,713.9900512695312,717.4291526623336,705.1233930948175,708.7730260715878,10251652,HDFCBANK.NS
2021-11-26,697.122314453125,704.9829786803473,694.8295993014816,701.8480801025066,18624936,HDFCBANK.NS
2021-11-29,702.4329223632812,705.4274854622762,684.0678984147324,699.4149985992442,12990996,HDFCBANK.NS
2021-11-30,698.8302001953125,715.4171880192514,695.554908948658,699.5086305355009,25221542,HDFCBANK.NS
2021-12-01,704.0237426757812,705.1467109030004,696.7478955371545,699.5085091034117,8677634,HDFCBANK.NS
2021-12-02,713.896484375,715.3235983422754,701.8480921268228,703.9536364032033,11203110,HDFCBANK.NS
2021-12-03,708.1881103515625,718.6689956881011,705.146768758102,713.9198695084689,8124694,HDFCBANK.NS
2021-12-06,703.6261596679688,710.6446408837688,700.6081784752469,707.9308053003743,7029532,HDFCBANK.NS
2021-12-07,713.873046875,716.8208316271332,706.4802814453766,708.3752369718545,12427534,HDFCBANK.NS
2021-12-08,727.0211181640625,727.6059916156952,717.7566998435823,718.6924973661944,15295534,HDFCBANK.NS
2021-12-09,714.4111328125,727.4421004421224,712.1418354958904,722.9970627041388,11747744,HDFCBANK.NS
2021-12-10,712.3992309570312,714.9492561772763,705.8018132009037,713.4987815442046,7779384,HDFCBANK.NS
2021-12-13,707.0651245117188,719.4644399316592,705.216890396181,714.0134087105283,10322142,HDFCBANK.NS
2021-12-14,702.994384765625,709.3344350495244,700.4677774580217,703.0178025474343,9191100,HDFCBANK.NS
2021-12-15,701.8480224609375,712.7734452539385,699.8126746191084,703.2517185058593,10115148,HDFCBANK.NS
2021-12-16,701.8948974609375,709.8023976917555,699.0407265336075,707.8372458051468,13210432,HDFCBANK.NS
2021-12-17,689.23828125,704.6555223213686,686.7349772271347,700.4444335425557,14994768,HDFCBANK.NS
2021-12-20,667.0598754882812,682.1963888799697,661.6556219890123,679.3889963331386,21156668,HDFCBANK.NS
2021-12-21,674.6163940429688,678.8040647198691,669.0951663273568,673.5402041456153,9118750,HDFCBANK.NS
2021-12-22,676.2072143554688,681.2605434308314,671.7621764690725,679.5293409953787,8577484,HDFCBANK.NS
2021-12-23,675.6925048828125,682.1027513772324,672.3002392895576,679.9737894341596,9779166,HDFCBANK.NS
2021-12-24,673.2594604492188,679.3889220832733,668.1593531232193,676.3475804899253,5561024,HDFCBANK.NS
2021-12-27,678.8275146484375,680.3247677693998,665.4222043278841,668.5805208219992,4705098,HDFCBANK.NS
2021-12-28,683.5064697265625,686.3606404814903,680.0440077919508,683.4596341615539,5450678,HDFCBANK.NS
2021-12-29,680.2545166015625,683.6000037447715,677.2365928197368,681.2839280160719,7668702,HDFCBANK.NS
2021-12-30,683.833984375,686.3372311223421,676.1136554374787,682.4302882045415,7215918,HDFCBANK.NS
2021-12-31,692.2094116210938,694.7360762558859,683.8340127004611,683.8340127004611,6325736,HDFCBANK.NS
2022-01-03,711.0422973632812,712.6097466433577,692.7240511526534,694.8295953810808,9069184,HDFCBANK.NS
2022-01-04,715.2066040039062,717.2419519918268,705.4977056629859,711.2060471421149,8857352,HDFCBANK.NS
2022-01-05,732.1912841796875,735.5367713761124,714.9960066045779,719.066759647386,14332638,HDFCBANK.NS
2022-01-06,720.4470825195312,727.4655635961949,715.9084876032401,721.967753419475,9628930,HDFCBANK.NS
2022-01-07,725.5004272460938,733.0803641242641,718.6456991580834,722.4356675971685,11179384,HDFCBANK.NS
2022-01-10,729.5243530273438,735.5368405872058,723.1375236180195,728.986258037447,8856496,HDFCBANK.NS
2022-01-11,732.6826171875,733.992699333782,724.2136617774655,730.6472691784858,8389198,HDFCBANK.NS
2022-01-12,728.3545532226562,737.7125276138084,726.1788127534048,733.6651922663265,21085530,HDFCBANK.NS
2022-01-13,714.9492797851562,727.5825458546584,711.3932607592723,727.5825458546584,41963896,HDFCBANK.NS
2022-01-14,722.9736938476562,724.634699976791,710.7381313157847,715.8850170593487,11208968,HDFCBANK.NS
2022-01-17,711.9078979492188,728.0504036864833,710.8083473875251,715.8850370439071,22989372,HDFCBANK.NS
2022-01-18,715.5340576171875,725.6640754798688,712.609690862172,717.2886776701968,12341152,HDFCBANK.NS
2022-01-19,710.480712890625,720.4469774121077,708.0944410960062,717.7565600585635,14317626,HDFCBANK.NS
2022-01-20,706.0591430664062,715.183167778,701.894833184986,715.1597499962256,15197846,HDFCBANK.NS
2022-01-21,711.9547119140625,715.791515854972,695.1103572609701,701.8481105455162,11537694,HDFCBANK.NS
2022-01-24,695.6016845703125,711.7909698146024,686.664829914109,706.503691119895,11868508,HDFCBANK.NS
2022-01-25,696.2566528320312,699.5085258077329,675.6456931547601,682.500420232304,13594248,HDFCBANK.NS
2022-01-27,690.127197265625,694.8296022690124,671.4346661656787,678.4531469966787,28617838,HDFCBANK.NS
2022-01-28,684.6527709960938,695.6249726359689,683.1321002250448,691.3203274537698,24925208,HDFCBANK.NS
2022-01-31,695.1571044921875,697.8943576936214,686.3138643897004,689.0978389232178,12842546,HDFCBANK.NS
2022-02-01,700.4443969726562,709.8023715481092,689.4253590634428,705.8252323535418,14739484,HDFCBANK.NS
2022-02-02,716.4464721679688,718.2245100884196,704.468276778076,707.439422122886,13969290,HDFCBANK.NS
2022-02-03,709.0303344726562,720.5406318948554,706.0591889378767,715.3001889256323,10564762,HDFCBANK.NS
2022-02-04,713.0776977539062,717.218590284089,708.4454886877073,715.1364636851665,11579958,HDFCBANK.NS
2022-02-07,686.9454956054688,710.7381333465257,683.1321097339879,707.5096208566665,12268042,HDFCBANK.NS
2022-02-08,683.9976196289062,691.7647256769316,675.9030073774984,690.8055677290065,13981130,HDFCBANK.NS
2022-02-09,700.72509765625,701.7076735253208,686.4074085334615,689.6826995080589,11308342,HDFCBANK.NS
2022-02-10,713.5923461914062,718.4585044373451,702.6201437504593,708.3986816790235,14314530,HDFCBANK.NS
2022-02-11,710.66796875,713.5455573389709,701.614139822811,701.965063867404,10711104,HDFCBANK.NS
2022-02-14,689.5424194335938,701.5908131967175,687.483710464398,697.1691925069682,14656620,HDFCBANK.NS
2022-02-15,710.1766967773438,713.4987662506672,689.238229154205,690.6185075252026,13135066,HDFCBANK.NS
2022-02-16,709.2174682617188,718.1075437339092,705.1233545574205,717.9203728269758,10032264,HDFCBANK.NS
2022-02-17,704.889404296875,712.1418342780244,702.7838601087993,707.9775243494109,7351208,HDFCBANK.NS
2022-02-18,707.6266479492188,709.8023885133234,697.3796541208723,701.0527049227635,7796128,HDFCBANK.NS
2022-02-21,712.1886596679688,716.2125774026551,699.765982409433,703.7197039099151,7468066,HDFCBANK.NS
2022-02-22,706.8545532226562,712.1886099012698,696.209857647376,697.0755159478297,9536196,HDFCBANK.NS
2022-02-23,702.2692260742188,713.873080486644,699.8127577039627,713.592352667638,9029562,HDFCBANK.NS
2022-02-24,664.1354370117188,690.1271759497945,658.4036778434378,678.4063475939694,23630766,HDFCBANK.NS
2022-02-25,681.3074340820312,685.8928651876679,670.4287869369182,673.7508570073841,18318654,HDFCBANK.NS
2022-02-28,667.340576171875,673.0957535053741,661.6322344054892,667.2236014871822,24880832,HDFCBANK.NS
2022-03-02,643.0098266601562,654.3095923595013,633.7220483369093,648.7415860755369,38505560,HDFCBANK.NS
2022-03-03,641.4890747070312,651.3149467484956,637.6991069143452,646.1680613934428,17527922,HDFCBANK.NS
2022-03-04,639.3836059570312,648.5076310694807,625.5338151583654,636.3422642528815,21219364,HDFCBANK.NS
2022-03-07,619.8722534179688,623.4048545200336,606.8880638056838,616.9244686053191,27054458,HDFCBANK.NS
2022-03-08,621.2760009765625,624.1769504634315,604.5252023978661,609.2977469385984,39212492,HDFCBANK.NS
2022-03-09,641.5593872070312,643.2203935118266,617.0882595553301,622.3053420795318,23134694,HDFCBANK.NS
2022-03-10,651.6425170898438,667.6914658500247,645.8172009386801,667.6914658500247,22273206,HDFCBANK.NS
2022-03-11,653.5609741210938,659.2458980426811,642.284568944958,649.4434424176493,15150780,HDFCBANK.NS
2022-03-14,674.96728515625,678.4531075865442,662.0766532654897,662.0766532654897,25018126,HDFCBANK.NS
2022-03-15,666.2877197265625,678.2191360559357,660.5559609016676,675.4117439784361,18867928,HDFCBANK.NS
2022-03-16,677.5875244140625,680.7926191358266,671.996100591785,677.0494294773479,13364108,HDFCBANK.NS
2022-03-17,692.5135498046875,697.075562498746,688.0685117950921,688.7469421183597,14823954,HDFCBANK.NS
2022-03-21,695.5314331054688,698.8769203085982,689.1212436187219,695.765382460701,12257876,HDFCBANK.NS
2022-03-22,699.1109008789062,700.912299571318,681.8220084853747,693.0984136042903,10461814,HDFCBANK.NS
2022-03-23,692.13916015625,710.6445768066046,689.4955210466934,705.1233492347262,31188256,HDFCBANK.NS
2022-03-24,675.0140991210938,687.6473645478017,671.22413091639,685.93952279829,20160044,HDFCBANK.NS
2022-03-25,669.5162353515625,679.3888861163086,663.9482296136653,678.9209874344103,16366462,HDFCBANK.NS
2022-03-28,670.4052734375,672.8383238063171,655.8067998749772,669.5162544931684,15754886,HDFCBANK.NS
2022-03-29,679.29541015625,683.2491316427125,669.0951948290217,674.2420809430911,12377448,HDFCBANK.NS
2022-03-30,691.0630493164062,693.7768849654531,680.3482134276455,688.746973305781,20109742,HDFCBANK.NS
2022-03-31,687.974853515625,694.6891885485168,685.8927271127579,688.2789990989702,14295714,HDFCBANK.NS
2022-04-01,704.655517578125,706.5271125783324,687.9515550478917,690.8057259998988,14568556,HDFCBANK.NS
2022-04-04,775.214599609375,805.7683508673401,731.1151465312183,739.2799561112737,97450970,HDFCBANK.NS
2022-04-05,752.4981079101562,779.8467649375319,749.573740943305,779.8467649375319,30922582,HDFCBANK.NS
2022-04-06,725.6406860351562,743.8653746340015,724.0030405883982,742.8827416727144,27027860,HDFCBANK.NS
2022-04-07,709.6854248046875,721.1957225623213,708.258310779131,721.1723618948894,40781732,HDFCBANK.NS
2022-04-08,708.7028198242188,713.8964842819717,700.5847883163185,707.5096552211411,41256322,HDFCBANK.NS
2022-04-11,700.0467529296875,706.5271394409854,698.6898350796367,704.6555443696186,20799066,HDFCBANK.NS
2022-04-12,698.8067016601562,705.0531378211556,692.5602654991568,694.3616640533457,27435402,HDFCBANK.NS
2022-04-13,685.4481811523438,702.9242433781278,684.3720484068768,697.1690664926792,28892520,HDFCBANK.NS
2022-04-18,652.9292602539062,669.8672285581865,650.4026528038955,663.8781019646151,45620376,HDFCBANK.NS
2022-04-19,628.0137329101562,650.1687863035042,620.9016941508291,646.1214503478619,74096022,HDFCBANK.NS
2022-04-20,633.6752319335938,636.29545322895,624.8085173031893,633.7453710453256,49325736,HDFCBANK.NS
2022-04-21,643.056640625,645.6067231021995,633.2074061310639,638.6817987018899,52446270,HDFCBANK.NS
2022-04-22,634.2835083007812,643.524508237747,631.2655843325418,636.3422741404268,20659148,HDFCBANK.NS
2022-04-25,639.0325927734375,641.325307623133,618.6790011310106,631.6631889029036,20935488,HDFCBANK.NS
2022-04-26,641.9804077148438,646.6125589606428,635.0087059489563,641.956989934193,17016842,HDFCBANK.NS
2022-04-27,642.2144165039062,645.2323404272349,634.5174482238076,636.3422646708045,18054334,HDFCBANK.NS
2022-04-28,641.65283203125,645.2322682931671,637.3247693178985,641.9569775911713,20773722,HDFCBANK.NS
2022-04-29,647.8526000976562,657.2807713665148,641.7465556586802,645.8640304031856,28401476,HDFCBANK.NS
2022-05-02,656.7894287109375,658.0761502267766,637.3014921733744,637.3014921733744,19494316,HDFCBANK.NS
2022-05-04,634.4706420898438,656.7426089581849,631.6632498682072,655.0581850485112,29055916,HDFCBANK.NS
2022-05-05,633.0435180664062,643.360707162427,630.0255943230603,643.360707162427,17862912,HDFCBANK.NS
2022-05-06,616.5033569335938,624.6448062814701,614.3510341929365,622.3053126249852,26731268,HDFCBANK.NS
2022-05-09,617.55615234375,620.6676904474025,606.162829230765,608.2683736009221,32762434,HDFCBANK.NS
2022-05-10,627.4755249023438,633.066891078932,615.3101596635764,615.3101596635764,20113812,HDFCBANK.NS
2022-05-11,631.0081787109375,634.002741829974,621.6736224435258,633.0669444250589,17102924,HDFCBANK.NS
2022-05-12,616.7843627929688,628.0261632360961,612.0272830721492,625.3280964613642,22382290,HDFCBANK.NS
2022-05-13,611.2462768554688,623.8607721581939,609.1872638600877,620.0977504004504,16768238,HDFCBANK.NS
2022-05-16,617.7547607421875,621.0208116277611,608.382682552167,614.8674041954738,9804356,HDFCBANK.NS
2022-05-17,621.9674072265625,623.3874241380387,614.4886283805336,621.3047211117464,16641444,HDFCBANK.NS
2022-05-18,621.9201049804688,631.1028928608465,620.0740713797754,626.7245072423251,15732384,HDFCBANK.NS
2022-05-19,609.2109375,613.636645262878,605.0692215597546,608.8085531555822,20537506,HDFCBANK.NS
2022-05-20,625.257080078125,626.7954317079133,611.7195972921158,616.760668804318,13919350,HDFCBANK.NS
2022-05-23,617.2340087890625,629.5171317872963,614.9146363103386,621.9673984270154,19486320,HDFCBANK.NS
2022-05-24,624.3104858398438,627.1742100621962,613.8733949747416,615.3407344006453,12870796,HDFCBANK.NS
2022-05-25,628.972900390625,632.3572280918651,626.3221557067814,629.5408840910824,12887112,HDFCBANK.NS
2022-05-26,646.912353515625,648.9477342187919,634.2742260052379,635.2919163568214,26992428,HDFCBANK.NS
2022-05-27,658.9115600585938,660.1658621498103,648.8294165218157,649.326445570491,24031718,HDFCBANK.NS
2022-05-30,663.4082641601562,672.3780146327596,661.9408671117387,667.5262901343535,12624674,HDFCBANK.NS
2022-05-31,657.4442138671875,664.9466836174759,653.2078527172565,660.7339547503448,13485388,HDFCBANK.NS
2022-06-01,660.2368774414062,662.887564224445,652.8054784242131,653.2078050088518,12091896,HDFCBANK.NS
2022-06-02,655.6218872070312,656.9945819675592,652.5451834730333,656.6395776905593,11475020,HDFCBANK.NS
2022-06-03,653.349853515625,663.0296130823147,651.4564974904033,661.8699556291225,6957244,HDFCBANK.NS
2022-06-06,652.47412109375,656.5211926538722,644.0487215665758,651.4564884687982,6173266,HDFCBANK.NS
2022-06-07,644.9716796875,650.5097803969437,640.9482983756177,644.6876878569063,10253966,HDFCBANK.NS
2022-06-08,647.2437744140625,653.6811733997421,642.3210371494931,650.0364861317101,5986588,HDFCBANK.NS
2022-06-09,652.119140625,654.178211573515,642.3920584937911,644.8060759244232,7311816,HDFCBANK.NS
2022-06-10,639.5283203125,647.5040710182226,635.9782777627149,643.7883713722422,9155430,HDFCBANK.NS
2022-06-13,627.9315185546875,629.5408827433928,619.2694493477306,626.511501525943,10892572,HDFCBANK.NS
2022-06-14,621.0208129882812,627.6475594683392,617.7074397482523,620.6658087125638,11870356,HDFCBANK.NS
2022-06-15,618.8670043945312,622.8194309622124,614.5833214454613,616.1216730760376,11810470,HDFCBANK.NS
2022-06-16,606.4891967773438,625.0677498612076,604.9271551892505,620.0740010155853,12169192,HDFCBANK.NS
2022-06-17,610.489013671875,614.867399697434,601.8978987250547,603.5072629824699,14723922,HDFCBANK.NS
2022-06-20,625.8251953125,627.1741999600592,612.5717027850421,617.5653947653956,15936840,HDFCBANK.NS
2022-06-21,632.6412353515625,640.9009774209887,626.7244981154012,632.8068924380476,13220684,HDFCBANK.NS
2022-06-22,629.6591186523438,632.8304664064475,626.3220560463876,630.6057965228979,8159698,HDFCBANK.NS
2022-06-23,631.978515625,638.0609096242678,624.0974104893153,629.7774779340417,15372244,HDFCBANK.NS
2022-06-24,640.806396484375,644.5220962821917,633.5879763381755,633.5879763381755,8013432,HDFCBANK.NS
2022-06-27,641.966064453125,651.3145103686636,639.9543735599078,648.4744761664746,9804164,HDFCBANK.NS
2022-06-28,637.06689453125,639.4809115828753,633.5168524610268,636.1675389840003,9770574,HDFCBANK.NS
2022-06-29,636.1438598632812,639.362587841217,630.1324782999224,630.1324782999224,9994046,HDFCBANK.NS
2022-06-30,638.0609741210938,640.9010081305348,632.3809061022116,632.3809061022116,12475822,HDFCBANK.NS
2022-07-01,640.7826538085938,643.7410224780701,629.5645429261943,636.1439086225995,11472452,HDFCBANK.NS
2022-07-04,641.6820068359375,643.8356645501927,635.3392528781949,640.7589611464242,8487480,HDFCBANK.NS
2022-07-05,640.2383422851562,652.9001609789714,638.203019182199,645.6344186304245,14325718,HDFCBANK.NS
2022-07-06,649.0661010742188,650.0837914761512,637.6349527152158,638.0609693695875,15049078,HDFCBANK.NS
2022-07-07,660.6865844726562,661.7279071370114,650.5807508251304,653.2078053283803,17743142,HDFCBANK.NS
2022-07-08,661.3018188476562,667.4079027051275,660.1894838992741,667.4079027051275,12474030,HDFCBANK.NS
2022-07-11,665.5856323242188,667.3606535366644,659.4795477972783,659.8345520397675,7462880,HDFCBANK.NS
2022-07-12,658.7932739257812,665.1596606593656,657.6572487168633,665.1596606593656,9876974,HDFCBANK.NS
2022-07-13,642.7233276367188,659.9291881427924,641.0193188510601,657.9411875229638,15945610,HDFCBANK.NS
2022-07-14,639.504638671875,649.728748870004,638.6526054134325,644.6876772822643,10372410,HDFCBANK.NS
2022-07-15,644.71142578125,646.0604304121975,637.4930058328619,640.4276846012615,13595646,HDFCBANK.NS
2022-07-18,637.8480224609375,646.628426654129,635.2446578389066,638.0610019086649,20332220,HDFCBANK.NS
2022-07-19,638.0846557617188,643.0547152126437,632.8542367511087,632.8542367511087,15792538,HDFCBANK.NS
2022-07-20,646.13134765625,648.9950135948013,641.4926028997119,643.6936405421574,20347862,HDFCBANK.NS
2022-07-21,644.0960083007812,648.2377243196178,642.8416484646634,644.0013636183196,12640278,HDFCBANK.NS
2022-07-22,659.12451171875,661.2545370708034,644.8770203644754,646.581029089991,12729592,HDFCBANK.NS
2022-07-25,661.0652465820312,664.8519586435416,654.7698724481547,660.3079157258574,10143126,HDFCBANK.NS
2022-07-26,659.7162475585938,663.6212944051289,656.189895033676,660.7812603349215,8527964,HDFCBANK.NS
2022-07-27,664.7572021484375,665.5145328772356,655.2194111915459,657.4204487632333,9212778,HDFCBANK.NS
2022-07-28,670.6503295898438,674.0347148899765,667.8813080826944,669.7983540849104,17420406,HDFCBANK.NS
2022-07-29,678.8626708984375,680.9453737484189,669.9166113379738,680.6613819462922,20019736,HDFCBANK.NS
2022-08-01,684.5192260742188,685.6078711371147,676.898479511382,681.1348405708483,13193036,HDFCBANK.NS
2022-08-02,676.9931030273438,683.7855061039321,673.5850853482716,682.5548362631915,15036510,HDFCBANK.NS
2022-08-03,678.5787353515625,679.5964256924633,670.7213200112976,674.4843417078575,10975498,HDFCBANK.NS
2022-08-04,677.774169921875,684.779552911016,668.8043606176687,681.6082045161496,12012206,HDFCBANK.NS
2022-08-05,675.4783935546875,680.164403086726,672.6856821032446,678.2947372860145,9268982,HDFCBANK.NS
2022-08-08,692.0452880859375,693.2049454902074,675.5020558450844,675.9280724889151,15357736,HDFCBANK.NS
2022-08-10,694.0570068359375,696.5183465521361,685.8919089915445,691.7139440904666,17353102,HDFCBANK.NS
2022-08-11,703.2396850585938,705.7484047134244,697.9620017642866,703.6183793470861,18301766,HDFCBANK.NS
2022-08-12,702.9794311523438,704.9437995689399,698.6246776607533,702.9084187458374,8850370,HDFCBANK.NS
2022-08-16,711.026123046875,714.0318138560021,704.3520553352726,707.5470932825897,12563756,HDFCBANK.NS
2022-08-17,714.694580078125,716.0435846954439,703.2634314733141,710.0085123405493,12384350,HDFCBANK.NS
2022-08-18,715.546630859375,716.5880114553529,709.8429298789185,710.0085869930875,8342138,HDFCBANK.NS
2022-08-19,706.7188110351562,715.6885618964038,705.2751039852128,714.7418839044774,8063702,HDFCBANK.NS
2022-08-22,695.9739990234375,704.494101169479,694.7196390958088,702.8137823590608,8234066,HDFCBANK.NS
2022-08-23,693.8203125,698.6246570090722,686.5308805205054,687.903575143371,14966884,HDFCBANK.NS
2022-08-24,697.1573486328125,698.4117085642,690.696259596575,691.9743095906954,13455520,HDFCBANK.NS
2022-08-25,693.3706665039062,703.7604928802608,689.654966674725,700.4944420172992,11823040,HDFCBANK.NS
2022-08-26,693.4889526367188,701.3937485514476,691.642918993121,696.778693332773,7706176,HDFCBANK.NS
2022-08-29,681.3241577148438,684.4481835108402,676.2120734809305,680.1881325761254,8653178,HDFCBANK.NS
2022-08-30,703.4290771484375,705.251420744394,683.0755001251575,684.6611742208433,10135400,HDFCBANK.NS
2022-09-01,696.8259887695312,705.014718429371,690.6015696459982,693.3232687724303,22403136,HDFCBANK.NS
2022-09-02,703.1450805664062,705.5117755531663,693.5362758079048,696.8260165078848,12038086,HDFCBANK.NS
2022-09-05,707.6654663085938,709.5351321703702,702.482369800808,703.4290477623429,12131932,HDFCBANK.NS
2022-09-06,704.9674072265625,713.156194796427,703.5947126110668,709.4878176550125,12238696,HDFCBANK.NS
2022-09-07,701.63037109375,705.2750580128373,696.4236424775478,696.4236424775478,9776206,HDFCBANK.NS
2022-09-08,708.8724975585938,710.0085227511238,701.5594328865137,705.3224549448381,11164690,HDFCBANK.NS
2022-09-09,709.3457641601562,714.2685009714878,707.1921065293857,708.2097390835974,15128888,HDFCBANK.NS
2022-09-12,706.9555053710938,711.901874940438,705.2751287641307,710.0085188900646,11080492,HDFCBANK.NS
2022-09-13,716.209228515625,717.5346008263482,709.3221807419732,709.4878378356536,13001966,HDFCBANK.NS
2022-09-14,723.5696411132812,728.4213656433966,706.3874130797399,707.1921240116534,20219760,HDFCBANK.NS
2022-09-15,719.8065795898438,729.3916941454547,715.6885534856144,724.2086553128241,13539372,HDFCBANK.NS
2022-09-16,706.5767822265625,716.9665500169183,701.9617270420313,711.4758292509372,20560046,HDFCBANK.NS
2022-09-19,711.2391357421875,716.6352116395905,700.5416864112245,704.8017372069685,12076038,HDFCBANK.NS
2022-09-20,719.8065795898438,721.3686213704209,714.694553161901,716.6352314664156,10781668,HDFCBANK.NS
2022-09-21,718.6942138671875,720.1852431794865,712.3751501709676,713.7951670816074,9072304,HDFCBANK.NS
2022-09-22,703.3817749023438,714.8129236481702,701.8434231066286,710.9551991274026,12048144,HDFCBANK.NS
2022-09-23,684.5192260742188,698.1750450604594,680.1881625436476,696.9206851182904,15806252,HDFCBANK.NS
2022-09-26,675.2891235351562,679.9278112565614,671.1947294615087,674.6737596977232,8923486,HDFCBANK.NS
2022-09-27,669.2303466796875,681.6081733278456,665.9879860224158,678.0108084136324,12639700,HDFCBANK.NS
2022-09-28,657.728271484375,667.6920233859096,656.0005724707542,665.5146754065687,11816132,HDFCBANK.NS
2022-09-29,654.3201293945312,663.7158966193714,652.6398106789119,660.9232428535685,14410388,HDFCBANK.NS
2022-09-30,672.7803344726562,677.561046520772,646.1076950288735,652.6397959370244,15781756,HDFCBANK.NS
2022-10-03,668.922607421875,671.1236451823496,663.1952174570123,667.3842557736752,11541112,HDFCBANK.NS
2022-10-04,687.7615966796875,690.1282917818199,675.0524555373647,676.638129699665,11538526,HDFCBANK.NS
2022-10-06,680.1881103515625,692.3055766138067,678.8627381029233,691.051216767887,12549198,HDFCBANK.NS
2022-10-07,677.25341796875,679.2177284598232,672.3069910888432,676.9930584243101,13297994,HDFCBANK.NS
2022-10-10,669.774658203125,674.9813869948101,661.8225402090238,666.4612853356891,13109302,HDFCBANK.NS
2022-10-11,662.9822387695312,670.721319359864,662.4141973381068,663.195218193418,14521620,HDFCBANK.NS
2022-10-12,667.3133544921875,669.7036818066864,661.3966169107936,664.1892708246992,9225050,HDFCBANK.NS
2022-10-13,659.645263671875,665.6330139849169,655.1012205192,663.6450131620727,14714234,HDFCBANK.NS
2022-10-14,681.1348876953125,684.9216000660995,669.8930853445386,670.7214286756482,12849920,HDFCBANK.NS
2022-10-17,684.70849609375,689.9388569363749,675.454696308178,679.2414079903542,18410500,HDFCBANK.NS
2022-10-18,683.4305419921875,692.4476735610679,681.6081982959277,690.1519908382136,10561108,HDFCBANK.NS
2022-10-19,690.4358520507812,699.3109571200404,687.9508226313887,692.9682038077501,12967040,HDFCBANK.NS
2022-10-20,685.7735595703125,687.7142378951055,682.7915007873737,683.5015092803935,7898078,HDFCBANK.NS
2022-10-21,680.9454956054688,689.9626269558933,678.7681476920131,687.2882499642978,10492606,HDFCBANK.NS
2022-10-24,691.5719604492188,692.4949483754677,688.3769222390107,688.3769222390107,2167794,HDFCBANK.NS
2022-10-25,686.7675170898438,694.7669571686256,683.9748056352751,691.5955514291327,13773394,HDFCBANK.NS
2022-10-27,688.4242553710938,694.5539723285599,686.9332259601686,693.2049677303476,15937276,HDFCBANK.NS
2022-10-28,690.4595947265625,694.3883316443048,685.110898551334,686.3415684282495,10474278,HDFCBANK.NS
2022-10-31,708.4464721679688,709.061835992368,694.5066614551414,696.7550217495098,12830528,HDFCBANK.NS
2022-11-01,716.2802124023438,723.7353013468916,709.4878095867721,711.6651573414332,19073756,HDFCBANK.NS
2022-11-02,716.7297973632812,723.3802325595925,715.499127679653,718.0551695029621,12720406,HDFCBANK.NS
2022-11-03,713.582275390625,719.5936579391653,708.5885255286502,708.9198397362794,10332352,HDFCBANK.NS
2022-11-04,708.659423828125,717.6291738598813,705.0856916268333,711.5230898204973,10818060,HDFCBANK.NS
2022-11-07,714.1738891601562,715.6885508115232,706.2690933816195,714.7418728342593,9835834,HDFCBANK.NS
2022-11-09,713.9608154296875,718.504857932011,711.9018024905791,717.1322211596956,9269790,HDFCBANK.NS
2022-11-10,721.7236328125,722.7886455515248,707.6654877696277,708.6357980412447,12774182,HDFCBANK.NS
2022-11-11,762.6200561523438,774.8558563783679,727.9953006169394,731.3086732465354,56722338,HDFCBANK.NS
2022-11-14,764.4661865234375,770.5959035530808,756.3957333401862,763.0224794395369,19195390,HDFCBANK.NS
2022-11-15,766.3358764648438,768.3002449618797,759.8274649136445,768.3002449618797,11030202,HDFCBANK.NS
2022-11-16,772.915283203125,777.2226566503574,763.022486309608,766.170202291269,13578150,HDFCBANK.NS
2022-11-17,765.9334106445312,772.2761639414015,763.9217201670565,765.9097205854847,12100930,HDFCBANK.NS
2022-11-18,763.9218139648438,768.2291872540715,759.8274201106582,767.2825092660813,10459232,HDFCBANK.NS
2022-11-21,756.0880126953125,763.0224403501558,752.7036274118254,760.9634273308967,8344816,HDFCBANK.NS
2022-11-22,754.9756469726562,759.4013547263689,753.0822911181793,757.3423417907524,8546314,HDFCBANK.NS
2022-11-23,756.9400634765625,759.7090850341104,754.5023561024125,759.7090850341104,10185738,HDFCBANK.NS
2022-11-24,769.2468872070312,772.4892478000642,756.9400732102165,760.1587437409996,17197960,HDFCBANK.NS
2022-11-25,765.6968383789062,772.3472166038309,764.0164618309748,771.400538611901,8410496,HDFCBANK.NS
2022-11-28,757.460693359375,760.8687108608916,754.5260148319932,758.7150531969597,16105980,HDFCBANK.NS
2022-11-29,756.32470703125,763.188122507995,753.958012039269,756.0407151883402,12638236,HDFCBANK.NS
2022-11-30,761.342041015625,763.4484340945068,755.969655277555,755.969655277555,15184806,HDFCBANK.NS
2022-12-01,766.572509765625,774.8559422576894,764.4424842676656,767.7558572644913,20446366,HDFCBANK.NS
2022-12-02,760.703125,766.1465237122118,759.7801370262731,762.0758197096427,7811078,HDFCBANK.NS
2022-12-05,763.4721069335938,764.2531278294877,755.5436787874839,762.052089952201,11592622,HDFCBANK.NS
2022-12-06,762.6200561523438,763.8270357990309,757.3423153362178,757.8156542833029,12353092,HDFCBANK.NS
2022-12-07,762.288818359375,766.1465430130813,759.4487841771094,764.0402074401583,11674720,HDFCBANK.NS
2022-12-08,766.572509765625,769.6492132626774,759.7090942722001,762.0757892699328,14803634,HDFCBANK.NS
2022-12-09,772.0396118164062,773.8382653777363,766.8091926677436,769.649226714661,11963384,HDFCBANK.NS
2022-12-12,778.0509643554688,782.7133418481023,767.4718494913106,769.175858298182,14434808,HDFCBANK.NS
2022-12-13,780.2047119140625,784.322738181516,778.6426700715715,781.0093651173817,17031702,HDFCBANK.NS
2022-12-14,786.8076782226562,788.3460298269417,781.0092760218877,782.4292928873821,14227640,HDFCBANK.NS
2022-12-15,772.3945922851562,790.1921268749417,770.146232067255,784.3464018645261,18182648,HDFCBANK.NS
2022-12-16,776.1103515625,778.6900261619706,761.6024987468371,766.8329181370016,14647958,HDFCBANK.NS
2022-12-19,778.5242919921875,779.4236476156718,769.7438307486328,778.169287755073,9604542,HDFCBANK.NS
2022-12-20,773.1519165039062,774.5719334714851,766.9038071781762,766.9038071781762,7174698,HDFCBANK.NS
2022-12-21,765.6731567382812,778.5480122385196,760.4427954437242,776.7493009218134,9269198,HDFCBANK.NS
2022-12-22,763.0460815429688,770.359145247349,761.6023746254898,767.850425686671,9747096,HDFCBANK.NS
2022-12-23,756.2301025390625,759.3068061921712,750.4553317833038,751.1890303820713,10693152,HDFCBANK.NS
2022-12-26,771.2821655273438,775.8025758263841,752.6089661769071,757.105686415071,9907322,HDFCBANK.NS
2022-12-27,772.0631713867188,774.3588538023118,763.7324171897993,772.9625269730042,7926772,HDFCBANK.NS
2022-12-28,771.4478149414062,772.9624764124482,768.2764094267546,768.2764094267546,8691870,HDFCBANK.NS
2022-12-29,776.891357421875,777.9326801546684,762.5491619891518,766.856535519368,11012896,HDFCBANK.NS
2022-12-30,770.6668090820312,778.6425586893796,766.8090851530668,778.6425586893796,7122640,HDFCBANK.NS
2023-01-02,770.92724609375,776.1576654267515,766.1229012195713,770.122592864354,4381378,HDFCBANK.NS
2023-01-03,775.9683227539062,777.6960217594701,767.8505468805683,767.8505468805683,8378030,HDFCBANK.NS
2023-01-04,762.0994873046875,778.9976666530196,760.6557802287117,773.9092723546631,10351600,HDFCBANK.NS
2023-01-05,757.2003173828125,765.8861335942461,752.3249607233827,764.4424266422033,10941436,HDFCBANK.NS
2023-01-06,754.6917114257812,761.649771597572,747.0235849749788,758.2890762614053,9092462,HDFCBANK.NS
2023-01-09,756.1591186523438,762.809555296411,752.6090758417694,755.4491100902288,10729340,HDFCBANK.NS
2023-01-10,742.3375854492188,757.3424088115413,740.7755436187888,757.3424088115413,16371766,HDFCBANK.NS
2023-01-11,753.0349731445312,756.3956682495882,738.4087875277582,742.1718091980973,15195798,HDFCBANK.NS
2023-01-12,757.0584106445312,759.1884361515325,749.8399908708047,751.5676897826115,9250070,HDFCBANK.NS
2023-01-13,757.6500854492188,762.0284712196939,750.7156575106625,756.750729788885,9244546,HDFCBANK.NS
2023-01-16,750.3843383789062,767.4245423463568,748.017643383427,764.4424835397972,14748094,HDFCBANK.NS
2023-01-17,761.5551147460938,762.5491150718101,746.6922588614403,752.5143515673539,10786354,HDFCBANK.NS
2023-01-18,774.9979858398438,777.0333089188046,757.200392801334,759.7091126719464,19090642,HDFCBANK.NS
2023-01-19,778.216552734375,781.0092640832843,772.9625019684869,774.8558577602039,11172162,HDFCBANK.NS
2023-01-20,786.1924438476562,790.0028461760414,777.885378485851,778.2166926967351,18843404,HDFCBANK.NS
2023-01-23,791.9434814453125,796.4402020140254,786.4054381729433,788.701120801895,15444400,HDFCBANK.NS
2023-01-24,802.5462646484375,805.8123152644733,792.842815267551,792.866505329516,24983940,HDFCBANK.NS
2023-01-25,780.370361328125,801.3392445591735,778.7846872191718,800.6056037705797,14704142,HDFCBANK.NS
2023-01-27,764.8211059570312,774.8558686823252,752.5852477560804,772.4891739093187,35179948,HDFCBANK.NS
2023-01-30,764.0401000976562,769.3178411010082,748.8222408528942,754.975647383291,18512822,HDFCBANK.NS
2023-01-31,758.9990844726562,768.0871701361255,754.975702983403,766.6671531399184,18596244,HDFCBANK.NS
2023-02-01,770.3828735351562,788.1093950748863,760.18239548965,768.7024970580272,17302790,HDFCBANK.NS
2023-02-02,758.9281005859375,768.9392323415261,752.0173625008308,761.1764609144216,17497106,HDFCBANK.NS
2023-02-03,785.1747436523438,785.9793968271139,760.6557607354243,762.5491167048964,14411100,HDFCBANK.NS
2023-02-06,781.8377075195312,790.1921525781385,779.2106529093284,785.7427543408033,11167672,HDFCBANK.NS
2023-02-07,782.997314453125,788.0620761871278,772.7732040823922,785.4587118076032,10264588,HDFCBANK.NS
2023-02-08,782.9026489257812,789.6240391235308,781.0092930638084,783.0209836671545,8444826,HDFCBANK.NS
2023-02-09,781.2697143554688,786.5237657315753,774.1696293119086,785.7427448206556,11777336,HDFCBANK.NS
2023-02-10,784.3701171875,785.032803404326,777.317353885381,780.4414377960402,8172116,HDFCBANK.NS
2023-02-13,784.961669921875,786.5710339771882,778.4296267994425,783.3759959273335,5736944,HDFCBANK.NS
2023-02-14,792.2273559570312,794.0260670303663,784.7722676972827,788.1093303162801,10908592,HDFCBANK.NS
2023-02-15,790.6181640625,794.262851292887,784.204397425203,794.262851292887,11438712,HDFCBANK.NS
2023-02-16,787.7544555664062,796.1089007357218,786.216103767944,791.9908166376073,8062500,HDFCBANK.NS
2023-02-17,783.8021240234375,789.6005272348177,777.6723488173061,786.2161415593935,8956270,HDFCBANK.NS
2023-02-20,776.4415893554688,790.2157422072587,773.8145926677021,785.7427119293137,8086706,HDFCBANK.NS
2023-02-21,779.3526611328125,786.8550727038969,773.4359236507838,776.2759576421577,12389296,HDFCBANK.NS
2023-02-22,764.0638427734375,777.199000918852,761.6261929817764,775.8026738859212,10359102,HDFCBANK.NS
2023-02-23,758.8807983398438,766.2648756370453,753.6030566097003,763.4958538731751,27882010,HDFCBANK.NS
2023-02-24,752.1119995117188,765.8151985685134,750.3369782178833,765.8151985685134,17061740,HDFCBANK.NS
2023-02-27,753.981689453125,756.8690457387776,746.5976127581428,750.6683165199346,14312972,HDFCBANK.NS
2023-02-28,757.153076171875,759.8511432233867,751.993669356785,753.5557112171675,18993992,HDFCBANK.NS
2023-03-01,756.4193725585938,763.4957671267764,755.330669803195,763.0224281514963,14137256,HDFCBANK.NS
2023-03-02,749.9819946289062,760.1587836607059,748.8223371305629,754.5024054273814,17391814,HDFCBANK.NS
2023-03-03,764.8684692382812,766.8091474999005,751.6623001418777,755.4490119813835,14986234,HDFCBANK.NS
2023-03-06,770.2646484375,776.0156715902972,765.8862622860476,766.8092503084201,27004710,HDFCBANK.NS
2023-03-08,771.8029174804688,776.039278351897,766.8091679963849,766.8091679963849,20099774,HDFCBANK.NS
2023-03-09,771.8739013671875,779.0923212778464,770.1225701404643,771.5188971092862,20700166,HDFCBANK.NS
2023-03-10,751.9700317382812,763.8508293638935,750.2423327911828,762.2887875145955,27387000,HDFCBANK.NS
2023-03-13,742.4559326171875,759.1411328403547,740.751865944351,751.6150309707979,26443550,HDFCBANK.NS
2023-03-14,740.4678955078125,749.5796717797343,738.0775680892785,743.2606073239067,33185612,HDFCBANK.NS
2023-03-15,729.8413696289062,749.2482674050162,727.3326499748621,746.9288948951588,37264754,HDFCBANK.NS
2023-03-16,734.5747680664062,737.982785579755,725.1790009533352,728.4686837227395,21753342,HDFCBANK.NS
2023-03-17,744.3966064453125,747.4969422958127,728.9420761958121,737.2255088798554,22950876,HDFCBANK.NS
2023-03-20,739.2371826171875,742.2428737084866,731.4981015299404,742.1718613024195,26503114,HDFCBANK.NS
2023-03-21,747.6151733398438,749.0588802339063,736.6100428719521,744.0651312534271,33050494,HDFCBANK.NS
2023-03-22,745.8876342773438,750.7393591246861,740.9175746776272,749.7689910429613,14177324,HDFCBANK.NS
2023-03-23,739.8998413085938,752.7746385074203,737.722493547406,742.0771890697815,28364178,HDFCBANK.NS
2023-03-24,738.7164306640625,744.9881716394126,736.0183640289285,738.4087487959376,31477748,HDFCBANK.NS
2023-03-27,741.9351806640625,747.6152485739262,737.8881669466679,739.4501509534972,31872006,HDFCBANK.NS
2023-03-28,747.97021484375,749.2482647269658,740.3494690077168,741.1067998011212,39276302,HDFCBANK.NS
2023-03-29,751.567626953125,758.2890171010677,748.7749155212824,749.7689157853254,39763612,HDFCBANK.NS
2023-03-31,761.8628540039062,763.4721604711577,753.7450781349003,755.2597399090109,34711228,HDFCBANK.NS
2023-04-03,762.3361206054688,764.7737701383646,758.6440534334533,760.916103659407,40025398,HDFCBANK.NS
2023-04-05,782.7843627929688,783.8493755314626,764.9158157360166,766.1464855665928,43365392,HDFCBANK.NS
2023-04-06,788.7484130859375,790.0974176490104,779.6366375439686,780.3230137466818,44637344,HDFCBANK.NS
2023-04-10,785.0090942382812,790.9495222000966,782.9027586588628,787.2811447033577,31813286,HDFCBANK.NS
2023-04-11,787.3047485351562,790.1921047569881,781.5299783108553,785.26936780893,42361542,HDFCBANK.NS
2023-04-12,797.52880859375,799.0907924607276,789.4347241030233,789.5293687807915,26955504,HDFCBANK.NS
2023-04-13,801.1025390625,803.2799446098875,794.3338262706332,799.138228506588,35330086,HDFCBANK.NS
2023-04-17,788.8904418945312,814.1430655398879,782.571377912893,814.1430655398879,32405148,HDFCBANK.NS
2023-04-18,785.5533447265625,793.9077891209577,784.0386831315956,790.4760815811592,29637226,HDFCBANK.NS
2023-04-19,788.4407348632812,790.6181404482337,784.3937211551915,788.1094206815565,24741168,HDFCBANK.NS
2023-04-20,791.37548828125,794.0024850715804,788.7721237726142,791.280785812552,32922716,HDFCBANK.NS
2023-04-21,792.6534423828125,793.7657774269219,787.2810565292857,790.0027556575246,20128618,HDFCBANK.NS
2023-04-24,799.0671997070312,800.6291836512714,792.4167640167948,798.5228483313539,35675852,HDFCBANK.NS
2023-04-25,787.7070922851562,798.8541908386393,786.6420795569525,798.8541908386393,50353068,HDFCBANK.NS
2023-04-26,791.3281860351562,792.8428477663938,783.3760674945562,785.7427625625156,27392750,HDFCBANK.NS
2023-04-27,795.6828002929688,797.6944908945422,788.5117034159383,790.7127411596693,47790392,HDFCBANK.NS
2023-04-28,798.806884765625,800.4162489215953,790.4761299225689,797.4341901096315,27916272,HDFCBANK.NS
2023-05-02,798.6411743164062,804.202907194295,796.1561447326687,799.3274927082318,32221184,HDFCBANK.NS
2023-05-03,801.4339599609375,802.7829645894082,795.0438832970477,797.552545393005,29407270,HDFCBANK.NS
2023-05-04,817.8350830078125,820.9827408858079,798.5701525541848,798.5701525541848,56854638,HDFCBANK.NS
2023-05-05,769.4835815429688,786.1924141095578,767.8032049269116,775.8026458391606,62770416,HDFCBANK.NS
2023-05-08,778.38232421875,781.1750359781396,771.5425985281042,773.9092936156137,37244524,HDFCBANK.NS
2023-05-09,778.4059448242188,783.8493430397727,776.2522293745058,780.9619868467801,43688938,HDFCBANK.NS
2023-05-10,782.0032958984375,783.2103333766557,773.009855524588,778.4059313050248,46340550,HDFCBANK.NS
2023-05-11,782.5240478515625,798.9962689250709,780.6543818274131,788.1804838313546,35734618,HDFCBANK.NS
2023-05-12,789.434814453125,791.8015094745331,778.287657790037,779.5893400518114,22478760,HDFCBANK.NS
2023-05-15,793.2214965820312,795.5645014526352,788.1567347587811,791.4227853213184,18512260,HDFCBANK.NS
2023-05-16,788.6732177734375,800.4030139627808,787.0932626645074,800.4030139627808,32722086,HDFCBANK.NS
2023-05-17,784.4360961914062,789.9658807338478,778.1642575542323,789.9658807338478,30466868,HDFCBANK.NS
2023-05-18,787.5720825195312,791.8570257917997,785.1782464024507,789.0083841897797,49646942,HDFCBANK.NS
2023-05-19,788.481689453125,789.9658560394562,781.1326248446826,789.0083216684993,30460332,HDFCBANK.NS
2023-05-22,785.680908203125,791.354287626984,781.6831554747228,787.5720151966582,28334032,HDFCBANK.NS
2023-05-23,783.8375854492188,789.774310031499,782.0422085660649,789.487061418846,22470074,HDFCBANK.NS
2023-05-24,773.592041015625,782.6646557954235,772.538718142512,779.2175554402136,33588112,HDFCBANK.NS
2023-05-25,770.6236572265625,775.6268094273125,764.7587591498904,773.5441253964981,29776930,HDFCBANK.NS
2023-05-26,773.592041015625,775.1240726305493,767.1047222806039,775.1240726305493,26635066,HDFCBANK.NS
2023-05-29,783.023681640625,785.6569009919081,777.9247997535801,779.6723115571738,21816292,HDFCBANK.NS
2023-05-30,783.6221923828125,786.4469304713781,779.696324831423,782.1140640569184,37125928,HDFCBANK.NS
2023-05-31,771.22216796875,782.7604463317739,768.2538345692759,780.3427069263231,43334270,HDFCBANK.NS
2023-06-01,767.9425048828125,775.5549142196161,766.0274362920823,775.5549142196161,50366938,HDFCBANK.NS
2023-06-02,769.1395263671875,773.1133176055869,766.5063067001975,771.9881679023533,17859710,HDFCBANK.NS
2023-06-05,768.1341552734375,773.9272270660708,767.2005241092544,772.9696926063541,18697242,HDFCBANK.NS
2023-06-06,765.740234375,770.7433279959911,762.3170373717256,769.6900635841799,32182852,HDFCBANK.NS
2023-06-07,769.7139892578125,772.0360568877586,764.1124365028589,767.6792286969496,24949026,HDFCBANK.NS
2023-06-08,770.1928100585938,778.4755064131117,767.5835520644657,767.5835520644657,37395522,HDFCBANK.NS
2023-06-09,771.1024780273438,774.8847507794242,769.3789277124094,773.6399676877086,18212578,HDFCBANK.NS
2023-06-12,766.4105834960938,773.5920917430839,765.7642009992537,772.0360982895694,13408292,HDFCBANK.NS
2023-06-13,767.7032470703125,770.3364668139276,761.287754551761,761.287754551761,27926108,HDFCBANK.NS
2023-06-14,766.8652954101562,771.7726587801916,766.1231829378727,771.030546307908,20113968,HDFCBANK.NS
2023-06-15,757.4336547851562,768.8761438484094,755.9733914813049,767.9425712071014,35377476,HDFCBANK.NS
2023-06-16,767.3441772460938,770.4322024997265,758.3672916910389,759.8754201529412,15779272,HDFCBANK.NS
2023-06-19,768.0143432617188,772.8498798378108,765.2374703858508,771.2938865843043,24829146,HDFCBANK.NS
2023-06-20,769.6182861328125,771.2939713592292,761.5510703742875,768.0144276761805,20005626,HDFCBANK.NS
2023-06-21,783.0716552734375,783.8616328770374,771.2939933210611,773.6878294269613,24308946,HDFCBANK.NS
2023-06-22,786.9017333984375,793.580570693625,784.7233777731387,785.1781832214814,56596140,HDFCBANK.NS
2023-06-23,786.8538208007812,794.7056138469821,782.3294945543738,784.0051796001923,21339218,HDFCBANK.NS
2023-06-26,783.0476684570312,790.3249060654587,779.7680665871447,787.571994837304,16130314,HDFCBANK.NS
2023-06-27,794.0833129882812,800.929707728713,784.4840651290187,786.5905941784453,33831864,HDFCBANK.NS
2023-06-28,802.4856567382812,804.2810337444777,794.9929383437692,799.5412267594668,59562950,HDFCBANK.NS
2023-06-30,814.574462890625,818.1173515857972,805.8848271927366,815.8192458258862,40699016,HDFCBANK.NS
2023-07-03,823.3839111328125,841.4334124492976,818.691968869587,819.8888869527296,44104116,HDFCBANK.NS
2023-07-04,827.4054565429688,836.406303333363,820.5112555769142,825.1313123295552,38795188,HDFCBANK.NS
2023-07-05,801.1211547851562,823.4795589682101,798.8470106542848,821.6841820227852,37165754,HDFCBANK.NS
2023-07-06,801.9349975585938,808.0871439109142,794.9450086715105,800.9774632331506,52156544,HDFCBANK.NS
2023-07-07,794.9450073242188,801.9349961994551,792.9820736490386,797.1473245803539,19926336,HDFCBANK.NS
2023-07-10,793.0538940429688,802.772891445225,789.8222154878739,795.2323081500037,38398442,HDFCBANK.NS
2023-07-11,789.1998291015625,802.4137915457645,787.8113925946035,796.1898182223189,50670426,HDFCBANK.NS
2023-07-12,781.8028564453125,797.7697889233564,779.0260418202364,792.5272531476065,70958358,HDFCBANK.NS
2023-07-13,785.704833984375,793.5326659534852,784.2446291019418,793.1735905563402,41913546,HDFCBANK.NS
2023-07-14,787.3326416015625,791.6894113288874,782.7843533101579,791.6894113288874,24727214,HDFCBANK.NS
2023-07-17,803.80224609375,805.2864126924621,781.8268204083179,789.9658626293475,49252928,HDFCBANK.NS
2023-07-18,803.1320190429688,815.8193504913376,799.5412648594681,812.9467471445371,81076818,HDFCBANK.NS
2023-07-19,806.7706298828125,808.5181419226229,801.9350926545632,804.8555610048314,32935134,HDFCBANK.NS
2023-07-20,808.5181274414062,810.0741208768967,804.3289143458549,804.8795083270657,56210948,HDFCBANK.NS
2023-07-21,802.2941284179688,809.0208308967337,801.0972104283851,804.3288890002611,42154248,HDFCBANK.NS
2023-07-24,803.5628662109375,806.555161158962,799.5890751426567,803.6107312414538,32179444,HDFCBANK.NS
2023-07-25,812.2764282226562,813.4254812031791,803.5628884699448,806.555183500857,55992596,HDFCBANK.NS
2023-07-26,809.45166015625,813.7126998116902,808.1590121278992,813.7126998116902,24794358,HDFCBANK.NS
2023-07-27,801.04931640625,815.3405049960073,798.3203084228094,813.85633843129,59741302,HDFCBANK.NS
2023-07-28,786.8538208007812,799.0145182505155,785.7047679378544,795.471629607848,41015684,HDFCBANK.NS
2023-07-31,790.5403442382812,793.2214872008873,784.5557544882844,789.989808735889,34565006,HDFCBANK.NS
2023-08-01,795.8306884765625,798.3202542585794,789.965790937782,792.0962813602819,35394188,HDFCBANK.NS
2023-08-02,785.4176025390625,790.6840418124119,781.8986752587043,786.1357533490648,28116322,HDFCBANK.NS
2023-08-03,779.7442016601562,790.6121935791729,777.0391553272656,785.1781976196645,57673946,HDFCBANK.NS
2023-08-04,791.0191040039062,793.0778262359121,780.0314207032054,782.856158727379,37388304,HDFCBANK.NS
2023-08-07,790.5643310546875,796.2377106290166,788.7929158097952,796.2377106290166,28300918,HDFCBANK.NS
2023-08-08,789.91796875,792.6469182530226,786.1596581385537,790.7797145936216,43773828,HDFCBANK.NS
2023-08-09,790.2052612304688,792.1203300247262,780.917165889668,791.4021792268796,33361236,HDFCBANK.NS
2023-08-10,783.1912841796875,792.0006120305654,780.8692750321005,788.5535116922156,50781118,HDFCBANK.NS
2023-08-11,775.0283203125,784.4121451817492,773.7834789124577,784.4121451817492,28225822,HDFCBANK.NS
2023-08-14,771.24609375,773.2090275802822,766.1472113841155,771.2939587813216,31304410,HDFCBANK.NS
2023-08-16,768.9957885742188,770.6475703412267,757.0745330516527,757.936278873205,34137542,HDFCBANK.NS
2023-08-17,764.73486328125,770.7673182443161,763.1549081618289,764.8784583736676,52884040,HDFCBANK.NS
2023-08-18,761.5989379882812,764.2561193764838,759.0854101401351,760.0669062962402,25633366,HDFCBANK.NS
2023-08-21,761.0004272460938,766.2668661889733,759.8035093045302,766.2668661889733,21837270,HDFCBANK.NS
2023-08-22,757.7448120117188,765.069973432526,756.4521639695814,764.2799958764373,32273570,HDFCBANK.NS
2023-08-23,759.6119995117188,761.5031649471699,753.2204693186583,756.4521477981758,36498588,HDFCBANK.NS
2023-08-24,756.1170654296875,764.2081843881693,754.6089370548672,762.8198062571005,43145792,HDFCBANK.NS
2023-08-25,747.594970703125,755.2552457791736,746.1108040957927,753.8429059393314,30069756,HDFCBANK.NS
2023-08-28,755.3749389648438,757.7209098998453,747.5949720764402,747.5949720764402,28867238,HDFCBANK.NS
2023-08-29,761.383544921875,762.5086362173317,757.1464082058284,761.0962378308944,35538932,HDFCBANK.NS
2023-08-30,755.8297119140625,767.918583020737,753.4358760513546,767.918583020737,28084204,HDFCBANK.NS
2023-08-31,752.3587036132812,757.9603149977916,748.3610091258726,755.9734194012763,100075772,HDFCBANK.NS
2023-09-01,753.9146728515625,755.9733951516992,746.5656081528945,752.1432576208482,43226776,HDFCBANK.NS
2023-09-04,758.630615234375,761.9340622690505,754.0104999128797,761.2398731833899,25073638,HDFCBANK.NS
2023-09-05,754.0104370117188,760.473793886353,751.9517147780502,760.473793886353,38712082,HDFCBANK.NS
2023-09-06,763.873046875,766.0274992165465,754.010454511239,754.9201238552107,56320910,HDFCBANK.NS
2023-09-07,771.22216796875,772.730296406896,759.8754081832036,763.8731027987624,34208342,HDFCBANK.NS
2023-09-08,777.2306518554688,781.7789400663747,769.6661070326583,770.0012791246807,34502210,HDFCBANK.NS
2023-09-11,781.2523193359375,783.5025017381441,777.51791189902,779.8638828046087,31573022,HDFCBANK.NS
2023-09-12,783.6940307617188,786.5666339228394,778.0206512071577,785.178197372979,39033340,HDFCBANK.NS
2023-09-13,787.04541015625,790.7318942113928,779.7202486339522,781.0129551372609,46420094,HDFCBANK.NS
2023-09-14,786.5665893554688,789.9658245482066,782.8321820803015,787.2129133414476,23538848,HDFCBANK.NS
2023-09-15,795.5914306640625,799.5412602431078,789.9659158090586,789.9659158090586,173411202,HDFCBANK.NS
2023-09-18,779.9356689453125,792.3596534268783,778.5232707508934,791.7611944741388,37056288,HDFCBANK.NS
2023-09-20,748.6482543945312,765.548760092835,747.0683576854377,765.548760092835,115474648,HDFCBANK.NS
2023-09-21,743.6929931640625,751.161749541656,735.8891231351594,743.5254363384076,72841442,HDFCBANK.NS
2023-09-22,732.3462524414062,748.9834124885792,729.5215142987016,746.3980579436757,61704250,HDFCBANK.NS
2023-09-25,732.9925537109375,737.636571986799,730.1199506265053,730.1199506265053,40208754,HDFCBANK.NS
2023-09-26,736.1763916015625,737.3014828250133,730.1199748754191,730.1199748754191,27575308,HDFCBANK.NS
2023-09-27,731.0056762695312,733.7107225961398,725.3322967263633,729.1624342668326,39338538,HDFCBANK.NS
2023-09-28,729.49755859375,736.1524343562999,726.9361657647512,734.4288841265327,55354188,HDFCBANK.NS
2023-09-29,730.742431640625,735.1231049512756,728.8273627596361,729.4975901133708,32053782,HDFCBANK.NS
2023-10-03,722.0048828125,731.0774976675469,721.0233866976592,731.0774976675469,38971694,HDFCBANK.NS
2023-10-04,732.2984008789062,734.9076587656226,713.0040591639762,715.7569705893197,54649430,HDFCBANK.NS
2023-10-05,735.2667846679688,742.8313303944558,733.7586561818523,734.9316709791724,48512674,HDFCBANK.NS
2023-10-06,734.452880859375,739.6953585670591,732.4420234594476,739.2165913446855,17759356,HDFCBANK.NS
2023-10-09,725.9307861328125,732.513835306317,723.8960254791839,731.55630088108,16454972,HDFCBANK.NS
2023-10-10,730.0481567382812,732.035052316478,725.4280415474352,727.989492834349,33266292,HDFCBANK.NS
2023-10-11,737.1099853515625,738.330865115236,731.7956810054357,732.5616968533279,31333360,HDFCBANK.NS
2023-10-12,742.017333984375,743.046695154072,733.2798325755078,735.4342849776942,22025336,HDFCBANK.NS
2023-10-13,735.2667846679688,741.5147204919085,732.4899113143808,737.3015454264508,39745300,HDFCBANK.NS
2023-10-16,732.3223266601562,734.6443359841811,727.965556654919,733.2319960651158,17856084,HDFCBANK.NS
2023-10-17,737.8759765625,744.8420626176685,734.9076433348039,744.8420626176685,32902558,HDFCBANK.NS
2023-10-18,727.6065063476562,737.8760401745988,726.8165287202147,737.8760401745988,31216200,HDFCBANK.NS
2023-10-19,725.308349609375,730.7184423716426,719.682834983418,720.7361578942352,30252364,HDFCBANK.NS
2023-10-20,729.0667114257812,731.0775102771368,720.5446319365362,720.5446319365362,21094010,HDFCBANK.NS
2023-10-23,721.04736328125,731.9153553189844,718.1986633818357,729.4018275247573,22376136,HDFCBANK.NS
2023-10-25,716.4751586914062,729.0667602000749,714.0573608059868,728.2049558099759,28311996,HDFCBANK.NS
2023-10-26,700.6278686523438,714.3205976423598,699.1197404204128,713.9615222749121,55561798,HDFCBANK.NS
2023-10-27,703.380859375,707.6179375015631,702.3036331507926,703.548416210113,31940532,HDFCBANK.NS
2023-10-30,711.01708984375,713.3390988556793,699.9097152306466,700.5560392009198,23310982,HDFCBANK.NS
2023-10-31,706.8997192382812,720.0658162779376,705.7028013255851,720.0658162779376,32634824,HDFCBANK.NS
2023-11-01,705.9421997070312,707.354539496317,700.0773018118728,700.0773018118728,33877466,HDFCBANK.NS
2023-11-02,707.0194702148438,713.6025192857455,702.4233167339939,710.9692996573848,45225154,HDFCBANK.NS
2023-11-03,710.370849609375,714.0334304636632,709.3654501545199,712.4056102569502,18095340,HDFCBANK.NS
2023-11-06,715.517578125,717.193263319672,710.0117553425058,717.193263319672,25593730,HDFCBANK.NS
2023-11-07,712.0464477539062,715.2781260341811,707.234814492639,715.2781260341811,41952848,HDFCBANK.NS
2023-11-08,714.1051635742188,715.0147744015756,709.0541467812902,710.4664864917698,31399546,HDFCBANK.NS
2023-11-09,711.2805786132812,714.6079876326531,710.2512173342882,711.4481354625899,22116740,HDFCBANK.NS
2023-11-10,714.081298828125,716.2357512885518,708.5994376116778,708.6233409063911,14015186,HDFCBANK.NS
2023-11-13,712.7886352539062,716.2117740009877,711.4001986764561,714.3685319579603,20605914,HDFCBANK.NS
2023-11-15,720.2574462890625,723.3933366396359,718.4142041069291,720.1137927400063,41245460,HDFCBANK.NS
2023-11-16,722.1484375,727.2473194666765,719.9461202422743,722.794761480394,29713838,HDFCBANK.NS
2023-11-17,720.5924682617188,721.7415211781168,712.8843283809061,713.3630955591337,23701874,HDFCBANK.NS
2023-11-20,720.6403198242188,724.3747271219125,718.8928664109501,724.3747271219125,19331452,HDFCBANK.NS
2023-11-21,726.74462890625,728.6836593929769,723.9438525479579,727.2473578304415,24959972,HDFCBANK.NS
2023-11-22,724.1593017578125,727.7260937743376,719.8503972552013,727.7260937743376,29123650,HDFCBANK.NS
2023-11-23,728.3485717773438,729.5693930831869,722.220328180805,722.220328180805,13046220,HDFCBANK.NS
2023-11-24,733.5192260742188,734.0219550188177,727.654327789123,728.3006518298484,16469192,HDFCBANK.NS
2023-11-28,731.867431640625,735.9848175325754,730.5029569217514,735.0033214761758,28489338,HDFCBANK.NS
2023-11-29,746.4698486328125,748.3130905581396,733.950075384279,734.3809775281464,34042488,HDFCBANK.NS
2023-11-30,746.3023681640625,752.8374939821603,738.3308822383686,751.257597217354,69491440,HDFCBANK.NS
2023-12-01,744.6744995117188,749.6297282428743,743.09454440636,745.8714174875178,22153536,HDFCBANK.NS
2023-12-04,770.5279541015625,771.7727371502491,753.4120264631497,760.2823241901957,50662456,HDFCBANK.NS
2023-12-05,777.3743286132812,784.6994906156142,773.9272279317513,783.5025725396295,52230820,HDFCBANK.NS
2023-12-06,779.3372192382812,784.4360428215049,773.9989536278642,784.4360428215049,38613060,HDFCBANK.NS
2023-12-07,780.60595703125,782.3056039667443,773.7835244385168,777.996699171334,20450386,HDFCBANK.NS
2023-12-08,791.4979248046875,792.3597291563016,780.605970823838,780.605970823838,33728038,HDFCBANK.NS
2023-12-11,790.4446411132812,796.5249611291558,788.5295723280279,789.9898356540881,23187620,HDFCBANK.NS
2023-12-12,782.5928344726562,792.9581557902037,781.2762247045517,791.9766596766761,36581476,HDFCBANK.NS
2023-12-13,780.8214111328125,783.2631120796166,773.2568662574292,781.563465201162,29346914,HDFCBANK.NS
2023-12-14,790.0376586914062,794.2507747290626,787.5719960728002,788.0507632436652,35172366,HDFCBANK.NS
2023-12-15,793.101806640625,798.5836675519721,788.3380380661904,789.9658581899005,138837130,HDFCBANK.NS
2023-12-18,792.69482421875,797.0037289891579,790.4206800343679,795.0886602023099,18014754,HDFCBANK.NS
2023-12-19,791.3543090820312,794.1072204559873,787.1172310907685,789.9658725265142,24008446,HDFCBANK.NS
2023-12-20,793.3171997070312,799.038444004139,787.308648353673,793.795966876438,34232520,HDFCBANK.NS
2023-12-21,807.5365600585938,808.9968233004131,790.0855201370065,793.31719852569,36589240,HDFCBANK.NS
2023-12-22,799.9481201171875,807.1535894553359,798.1527432166448,806.052401579033,48578850,HDFCBANK.NS
2023-12-26,805.5018310546875,807.1775162105685,798.8470139045111,801.0971963079616,18045856,HDFCBANK.NS
2023-12-27,815.4841918945312,817.0162235511344,803.6586070355986,805.0470435987298,27009078,HDFCBANK.NS
2023-12-28,816.417724609375,824.1498261689791,814.8617312916912,818.3567550440999,44076470,HDFCBANK.NS
2023-12-29,818.3328247070312,821.0378710363707,811.9891593992248,812.4679265922668,25011426,HDFCBANK.NS
2024-01-01,812.9945068359375,818.2849073581062,810.074038833758,816.7767791077962,14239686,HDFCBANK.NS
2024-01-02,813.4733276367188,815.2448013204753,808.4941371304667,813.3297325444754,29242092,HDFCBANK.NS
2024-01-03,800.9296264648438,816.1543877106121,799.038461039413,814.8617397029581,28389762,HDFCBANK.NS
2024-01-04,809.5234985351562,811.4864323425077,799.8763278844378,803.3713517790169,26734056,HDFCBANK.NS
2024-01-05,805.3821411132812,816.2501913581319,798.6315354441177,807.7520737623003,31889470,HDFCBANK.NS
2024-01-08,796.4052124023438,805.453923454508,794.753489070434,803.6106815691105,17998470,HDFCBANK.NS
2024-01-09,790.2052612304688,803.2756291285802,788.4098842358525,798.1767467752176,25326888,HDFCBANK.NS
2024-01-10,792.814453125,794.729521759928,785.8484260314029,786.6144417967229,16115824,HDFCBANK.NS
2024-01-11,789.4871215820312,796.1419974247106,786.6145183500772,794.7535608406137,18314010,HDFCBANK.NS
2024-01-12,785.752685546875,792.8384633063858,782.1140666068262,790.9233945544381,19773552,HDFCBANK.NS
2024-01-15,800.8817749023438,804.7597774337735,786.9017379565865,788.8646717373587,28320356,HDFCBANK.NS
2024-01-16,803.9219360351562,806.0763883828079,793.8438633427261,800.9775061380469,25322500,HDFCBANK.NS
2024-01-17,736.1045532226562,764.4954709128732,731.7477834906084,751.6644868680132,170145236,HDFCBANK.NS
2024-01-18,711.5198364257812,725.332257495375,708.5993683977847,715.2781469954391,161070930,HDFCBANK.NS
2024-01-19,704.0989379882812,723.058105901483,703.0217118745396,720.9993837290294,109600538,HDFCBANK.NS
2024-01-23,683.3683471679688,706.0379622645205,682.243255943311,701.3939438294391,115469402,HDFCBANK.NS
2024-01-24,697.037109375,698.2579305485548,660.8183625809348,660.8183625809348,86004404,HDFCBANK.NS
2024-01-25,686.9830322265625,697.731331945695,679.5621410018516,695.409322831776,98941852,HDFCBANK.NS
2024-01-29,696.438720703125,700.3406850803747,692.2016426624417,693.2788688648152,65645498,HDFCBANK.NS
2024-01-30,691.4835205078125,700.53217422801,689.8557002681358,696.3908845219285,41728768,HDFCBANK.NS
2024-01-31,700.2210083007812,706.1576749666016,687.8927526091608,689.1854007024332,65761040,HDFCBANK.NS
2024-02-01,702.0402221679688,705.5112841214318,697.1089554241759,701.4178599181299,32690740,HDFCBANK.NS
2024-02-02,692.3692626953125,708.9824627111053,690.4063286804585,706.1816860179249,44867754,HDFCBANK.NS
2024-02-05,691.7467651367188,695.1220972150085,686.5761145330804,692.2973590957444,38605046,HDFCBANK.NS
2024-02-06,691.3876953125,694.0687799185687,685.8818725644124,692.0819428119112,41075740,HDFCBANK.NS
2024-02-07,684.6131591796875,696.0318040698868,683.0332624281431,695.6487669186412,54837086,HDFCBANK.NS
2024-02-08,671.7343139648438,688.9220089386799,670.5134342809237,684.5652392978377,69106124,HDFCBANK.NS
2024-02-09,671.9976196289062,677.0725401801844,664.0500959229506,666.515758652701,56642124,HDFCBANK.NS
2024-02-12,665.4864501953125,676.809306881893,662.3026364247897,670.1065656569043,34447812,HDFCBANK.NS
2024-02-13,667.6168823242188,672.3566891768745,662.7813454112104,666.4199643535106,57580994,HDFCBANK.NS
2024-02-14,662.6378173828125,666.2046099191948,652.8230890297091,658.7837177497752,91320810,HDFCBANK.NS
2024-02-15,677.0007934570312,677.6949825309235,662.7813723217212,663.0925826953933,41584944,HDFCBANK.NS
2024-02-16,679.8015747070312,683.5359238875297,674.31965507416,681.7166435513678,32175742,HDFCBANK.NS
2024-02-19,678.4610595703125,684.1584015447481,677.5513901049375,684.1584015447481,34451756,HDFCBANK.NS
2024-02-20,696.2711791992188,697.6835190961174,675.9235727064516,677.4556044062488,56133508,HDFCBANK.NS
2024-02-21,689.017822265625,700.9151754054046,687.0309267122648,700.9151754054046,45893136,HDFCBANK.NS
2024-02-22,679.634033203125,684.0626300055545,676.1150473676641,678.7722288264276,50560882,HDFCBANK.NS
2024-02-23,680.1366577148438,686.5042847124961,678.8918747107963,681.0702888003248,29833452,HDFCBANK.NS
2024-02-26,680.9505615234375,686.9590543726445,676.761348833584,676.761348833584,23506870,HDFCBANK.NS
2024-02-27,679.9212036132812,683.0570934898373,676.5219684176848,676.7613520010825,32087150,HDFCBANK.NS
2024-02-28,674.7745361328125,681.8602559709077,672.1891814386264,679.9212837827165,25321986,HDFCBANK.NS
2024-02-29,671.9019165039062,675.2532869853846,668.9814482015562,671.2794957514693,53295700,HDFCBANK.NS
2024-03-01,684.9961547851562,685.9536891619308,670.2740637422462,670.2740637422462,34738898,HDFCBANK.NS
2024-03-04,685.9296875,687.9884096675396,681.9080901062357,685.0918449690896,35616474,HDFCBANK.NS
2024-03-05,689.8316650390625,690.8610261429652,680.6393587545882,680.806915575396,37991672,HDFCBANK.NS
2024-03-06,690.6695556640625,695.576919496979,686.3367475409569,686.3367475409569,42409530,HDFCBANK.NS
2024-03-07,692.34521484375,694.7151474764962,690.0950324505662,692.0579662212759,49348046,HDFCBANK.NS
2024-03-11,683.5838012695312,692.2733788101641,681.2856954339823,684.6370656855901,50531094,HDFCBANK.NS
2024-03-12,698.7847290039062,700.9152197851,684.2780586597365,686.5522029862251,65418454,HDFCBANK.NS
2024-03-13,699.1915893554688,704.5537583020961,694.2602641088363,701.6332902428926,63067454,HDFCBANK.NS
2024-03-14,696.8216552734375,701.8726723020275,691.4834480743144,700.0054686474973,52432158,HDFCBANK.NS
2024-03-15,695.4811401367188,698.6649535010525,690.5019498876019,694.2123954494871,143613804,HDFCBANK.NS
2024-03-18,692.3213500976562,697.0850604784281,687.413986176019,692.7761555716247,21437856,HDFCBANK.NS
2024-03-19,693.9011840820312,695.3614473234808,687.2702704859524,687.2702704859524,36183594,HDFCBANK.NS
2024-03-20,685.1397705078125,695.0023623556473,682.0756489825828,693.7575794231888,43606094,HDFCBANK.NS
2024-03-21,692.1776123046875,694.8108316494399,688.6108203877344,690.6694840822236,28922860,HDFCBANK.NS
2024-03-22,690.7891845703125,694.5714568199686,688.3474837448974,689.9034770136652,45980326,HDFCBANK.NS
2024-03-26,682.434814453125,688.4433080631126,680.8788209713061,683.2965603924812,56844290,HDFCBANK.NS
2024-03-27,689.7598876953125,693.2309499256703,680.4478889511747,681.5490768981103,62168668,HDFCBANK.NS
2024-03-28,693.2069702148438,699.2394246339555,689.75981165874,689.75981165874,55592142,HDFCBANK.NS
2024-04-01,704.027099609375,705.6070545940972,696.8934573296461,698.04251018733,25199570,HDFCBANK.NS
2024-04-02,708.6472778320312,715.685132245699,700.5561005197442,701.4657698820595,41225446,HDFCBANK.NS
2024-04-03,709.6765747070312,716.0681045148733,704.4580010474605,704.7931146774648,45584386,HDFCBANK.NS
2024-04-04,731.36474609375,732.5137990357915,720.0658521240722,720.0658521240722,88935066,HDFCBANK.NS
2024-04-05,741.8737182617188,744.2435924609226,732.5856231419043,736.8227010597361,59055902,HDFCBANK.NS
2024-04-08,740.4613647460938,745.5602472863112,738.0436253706997,744.4590593119542,20482940,HDFCBANK.NS
2024-04-09,741.3949584960938,744.4111567395224,737.4451291623751,744.4111567395224,21884494,HDFCBANK.NS
2024-04-10,735.5540161132812,742.041335404094,733.9261958559255,742.041335404094,27807400,HDFCBANK.NS
2024-04-12,727.223388671875,732.4419626511461,724.5901691674342,728.2048847735614,41084208,HDFCBANK.NS
2024-04-15,715.61328125,722.9384424882777,714.3445949763995,716.9778144689066,23415248,HDFCBANK.NS
2024-04-16,722.5794067382812,724.3269187314523,709.6526921569106,711.9268363888184,20744886,HDFCBANK.NS
2024-04-18,715.61328125,727.1755203466597,713.8658277959437,722.8427124294902,34234884,HDFCBANK.NS
2024-04-19,733.13623046875,734.8836839791993,708.6951417404246,711.7113984519393,34576434,HDFCBANK.NS
2024-04-22,723.99169921875,745.6320106114753,722.12455398941,745.6320106114753,42298438,HDFCBANK.NS
2024-04-23,721.7894287109375,730.838140600938,719.7068030516607,730.7424105369589,26827060,HDFCBANK.NS
2024-04-24,723.7523803710938,728.5640142912791,722.4836939974829,725.3323355684494,22441580,HDFCBANK.NS
2024-04-25,723.2975463867188,727.5824894434112,721.1430939897369,721.1430939897369,35445204,HDFCBANK.NS
2024-04-26,722.8427124023438,731.5562517090086,720.807951885483,727.630384206722,24854694,HDFCBANK.NS
2024-04-29,732.2744140625,734.6442882658492,721.2867304749565,725.3322898363435,36093350,HDFCBANK.NS
2024-04-30,727.7739868164062,737.0620819015442,725.2844208297038,732.1307565147657,52307382,HDFCBANK.NS
2024-05-02,733.591064453125,735.8652087221101,727.8937229116466,728.6837005042626,33475006,HDFCBANK.NS
2024-05-03,727.53466796875,737.5887797565925,721.59794265299,734.0698523195007,31865242,HDFCBANK.NS
2024-05-06,728.994873046875,734.6682525558684,726.361653503664,728.6836626849343,28793396,HDFCBANK.NS
2024-05-07,721.0951538085938,729.6650974721125,720.1376195097258,728.6596397036968,28480602,HDFCBANK.NS
2024-05-08,709.8441772460938,716.6905129132654,708.7429893452799,716.2117457291306,41687862,HDFCBANK.NS
2024-05-09,693.0155029296875,711.8071150125822,691.9622384959757,706.1576388307392,46281278,HDFCBANK.NS
2024-05-10,697.8200073242188,704.6385064038308,692.4331341667237,698.3538309269745,27276608,HDFCBANK.NS
2024-05-13,706.2400512695312,708.4482125597933,694.1317160729689,694.956710818051,27047202,HDFCBANK.NS
2024-05-14,709.0062866210938,711.2144479759614,703.8378359787137,704.7841569928967,25665142,HDFCBANK.NS
2024-05-15,698.1112060546875,708.39964782104,696.8009063196256,708.39964782104,38931996,HDFCBANK.NS
2024-05-16,708.6665649414062,709.782790041372,696.655267230535,701.7752582341244,34945236,HDFCBANK.NS
2024-05-17,710.5349731445312,712.4276743183018,701.848002597153,701.848002597153,20920190,HDFCBANK.NS
2024-05-21,707.962890625,713.2526672307866,703.7407019802051,703.7407019802051,43769978,HDFCBANK.NS
2024-05-22,708.156982421875,711.2629460513618,702.7943980944078,707.5018325662894,39996278,HDFCBANK.NS
2024-05-23,724.3661499023438,725.8463536828482,707.1135946322969,707.8900706969359,40861920,HDFCBANK.NS
2024-05-24,736.3046875,737.6150464828621,721.1631959122375,721.8911533778286,31060206,HDFCBANK.NS
2024-05-27,741.400390625,749.7961904344879,737.2025499615863,739.2893258205864,29385440,HDFCBANK.NS
2024-05-28,742.75927734375,745.4527436990592,739.9930626339711,742.5651435020584,27908904,HDFCBANK.NS
2024-05-29,731.9854736328125,739.5319299971256,728.5640500675219,736.692907911739,35147706,HDFCBANK.NS
2024-05-30,735.1642456054688,739.4106642295702,726.8170235494816,727.569210732381,33755350,HDFCBANK.NS
2024-05-31,743.2688598632812,745.4284433104547,734.751733835956,737.1782587165238,74079588,HDFCBANK.NS
2024-06-03,762.9964599609375,776.0026570209221,752.2227131847588,776.0026570209221,72637256,HDFCBANK.NS
2024-06-04,719.7800903320312,756.5904610836327,705.6334383679294,755.6198511271432,89531240,HDFCBANK.NS
2024-06-05,753.0963134765625,756.8816568854197,719.3918460943981,725.0699500696824,81631650,HDFCBANK.NS
2024-06-06,756.9301147460938,759.7206182378197,750.5726316827747,759.4537360573207,46422870,HDFCBANK.NS
2024-06-07,763.5545043945312,768.8928586568827,753.2175448676818,757.5852892641512,36712216,HDFCBANK.NS
2024-06-10,757.7067260742188,767.0973660487972,755.9110620154896,763.8700759254958,22454058,HDFCBANK.NS
2024-06-11,759.4052124023438,762.4140794074847,753.2903226155619,755.1345051292465,29545326,HDFCBANK.NS
2024-06-12,763.9428100585938,770.8098870497467,760.1816966411113,764.3553074238586,39280436,HDFCBANK.NS
2024-06-13,767.1458129882812,769.5480488358222,763.8700045190919,767.6311179466796,24120192,HDFCBANK.NS
2024-06-14,774.9835205078125,776.0026490992642,765.6656295141681,768.7230745298527,25540554,HDFCBANK.NS
2024-06-18,780.2733764648438,781.5836762242601,771.3679826211641,774.983540294414,32415714,HDFCBANK.NS
2024-06-19,804.5628051757812,810.4107535609992,778.4291452824868,782.9910236928816,90131196,HDFCBANK.NS
2024-06-20,810.1438598632812,816.0160382972864,801.7238302737451,810.3622826499824,41408742,HDFCBANK.NS
2024-06-21,808.3967895507812,811.8424431419929,797.4289085916951,811.8424431419929,51630776,HDFCBANK.NS
2024-06-24,811.6240234375,812.9343231272944,798.6906344612428,799.2972656586157,28544994,HDFCBANK.NS
2024-06-25,830.5266723632812,833.2443684249017,810.9931467609703,810.9931467609703,74521548,HDFCBANK.NS
2024-06-26,825.7464599609375,830.3083388227997,820.699276097629,828.876653523733,47596666,HDFCBANK.NS
2024-06-27,823.1500244140625,831.3274011881083,818.5153383232833,823.1257354693937,55074650,HDFCBANK.NS
2024-06-28,817.1565551757812,828.2214732583296,814.8270675577021,823.8537284054296,26476046,HDFCBANK.NS
2024-07-01,827.5419921875,828.5611799942127,815.3123309202279,815.3123309202279,21187024,HDFCBANK.NS
2024-07-02,839.8687744140625,841.9556094944659,826.353042764463,832.2980286836319,45921690,HDFCBANK.NS
2024-07-03,858.3346557617188,870.6371250279785,856.3934358619908,869.1812101031826,123217802,HDFCBANK.NS
2024-07-04,838.1945190429688,854.0154497500956,837.0782938778042,854.0154497500956,45848658,HDFCBANK.NS
2024-07-05,799.8310546875,817.7388187080663,796.9677437114144,817.7388187080663,82242548,HDFCBANK.NS
2024-07-08,793.6434326171875,803.1553977227993,789.6639557513818,798.472252380916,39087800,HDFCBANK.NS
2024-07-09,794.2015991210938,799.1516862165171,786.3639118522315,788.6205918556537,48550878,HDFCBANK.NS
2024-07-10,789.1544799804688,795.9002315965357,786.5581099756618,791.0228924563764,45507182,HDFCBANK.NS
2024-07-11,787.1161499023438,789.0330808548738,776.973264088155,788.1109895551602,44177074,HDFCBANK.NS
2024-07-12,787.50439453125,795.1237185250396,781.899157363576,787.1647047300575,56049960,HDFCBANK.NS
2024-07-15,787.2131958007812,790.9500796896383,783.8645795922547,787.8926346206944,33375694,HDFCBANK.NS
2024-07-16,786.0726928710938,789.5911537590798,784.6410669649267,786.5579978211608,28950324,HDFCBANK.NS
2024-07-18,783.6705322265625,788.1110255525017,776.0754971813087,780.3704345530638,33717064,HDFCBANK.NS
2024-07-19,780.0307006835938,787.649965003423,778.1865181041212,784.2528302190582,26002152,HDFCBANK.NS
2024-07-22,797.1376953125,801.2384985771903,782.6270649860646,784.7381297391379,53744822,HDFCBANK.NS
2024-07-23,785.4176025390625,799.6855810002239,778.9145038672318,799.5642547535156,52002152,HDFCBANK.NS
2024-07-24,778.4534912109375,786.6793870769927,770.6886113878456,780.4432298173384,61728206,HDFCBANK.NS
2024-07-25,784.5440063476562,788.6205799631161,773.0908208499962,773.0908208499962,25535732,HDFCBANK.NS
2024-07-26,785.2962646484375,787.0433507268658,774.7651110455088,778.9144923179402,43810540,HDFCBANK.NS
2024-07-29,778.938720703125,791.9448576014164,775.662912345258,783.7674811785615,51001148,HDFCBANK.NS
2024-07-30,784.0344848632812,793.3523167913979,776.0026637402938,777.4585786816452,54595834,HDFCBANK.NS
2024-07-31,784.1314697265625,790.0279366929944,780.9526986206498,783.2821860675673,37820484,HDFCBANK.NS
2024-08-01,795.3178100585938,800.7774909815698,785.1991540216145,787.6014491725216,26215174,HDFCBANK.NS
2024-08-02,805.1937255859375,810.7019249608421,791.5323792943032,791.5323792943032,44119238,HDFCBANK.NS
2024-08-05,784.1314697265625,798.8119444034794,776.9732217436031,795.9486333620303,41333634,HDFCBANK.NS
2024-08-06,777.0702514648438,792.4786834136157,773.2363898060842,791.0470575275043,45116050,HDFCBANK.NS
2024-08-07,787.8926391601562,791.0471215466921,777.5556193354371,784.7381567736204,42346264,HDFCBANK.NS
2024-08-08,797.21044921875,802.3547292854007,785.8300713873926,788.1352699911228,33976950,HDFCBANK.NS
2024-08-09,800.8502197265625,806.8437833638833,798.7149252998082,801.7237923493824,26644618,HDFCBANK.NS
2024-08-12,805.65478515625,813.3468572381819,799.4671466635041,801.7238266679481,39316196,HDFCBANK.NS
2024-08-13,778.0409545898438,792.2118961762867,777.0461148817201,790.0765423217451,54055042,HDFCBANK.NS
2024-08-14,780.2733764648438,783.1366284755188,778.0409261468292,779.6424562895212,32334428,HDFCBANK.NS
2024-08-16,792.0662231445312,793.061122021343,781.8263002104013,790.3191371152319,27849246,HDFCBANK.NS
2024-08-19,791.7993774414062,794.759726022084,787.9896858897818,794.759726022084,19502164,HDFCBANK.NS
2024-08-20,794.783935546875,798.8119905444514,789.8095595425733,789.8095595425733,31134494,HDFCBANK.NS
2024-08-21,789.0088500976562,793.2552686183906,785.1264103072706,790.1250159925943,47630904,HDFCBANK.NS
2024-08-22,791.6781005859375,795.0752357163401,790.0765703279278,792.0177904024437,21300638,HDFCBANK.NS
2024-08-23,788.6448974609375,792.9883534236101,787.6499985352013,792.9883534236101,20333422,HDFCBANK.NS
2024-08-26,795.8758544921875,799.7582942162704,792.1147410094821,792.1147410094821,22364266,HDFCBANK.NS
2024-08-27,794.8082275390625,799.4914324239653,792.1147612152419,797.550212512406,35773244,HDFCBANK.NS
2024-08-28,794.4927368164062,795.7788068064845,791.1441207498361,794.8081968881353,26921188,HDFCBANK.NS
2024-08-29,795.1964721679688,798.035494358065,791.6052035874162,796.8707505966252,49052604,HDFCBANK.NS
2024-08-30,794.395751953125,806.5768953841255,786.7521983416328,803.6650654368904,445342100,HDFCBANK.NS
2024-09-02,789.56689453125,799.200245545704,787.747000900005,799.200245545704,34049680,HDFCBANK.NS
2024-09-03,794.6140747070312,795.8758557711201,788.4264363868309,792.9883149182248,37282860,HDFCBANK.NS
2024-09-04,796.7737426757812,798.2296576209254,792.0177301584446,795.4148650304477,24682744,HDFCBANK.NS
2024-09-05,798.5451049804688,800.704747819695,796.8708263925602,798.8120464324933,22876318,HDFCBANK.NS
2024-09-06,794.419921875,799.6612390821284,793.0368146024134,795.0751309568867,26029602,HDFCBANK.NS
2024-09-09,799.0546875,800.0252975060735,791.0956736019307,794.9295949741877,23792914,HDFCBANK.NS
2024-09-10,800.9230346679688,802.6944096330184,794.9295302169795,802.6944096330184,26606646,HDFCBANK.NS
2024-09-11,797.7928466796875,801.9664575454252,795.5118777911906,800.9473289635273,22226684,HDFCBANK.NS
2024-09-12,808.8092651367188,810.4593139115112,799.32158835399,802.6944342572692,32424046,HDFCBANK.NS
2024-09-13,808.4937744140625,812.400503038587,804.1746076631325,812.400503038587,23860532,HDFCBANK.NS
2024-09-16,810.9203491210938,814.2447356947455,807.5717920840796,809.0034181076534,15172820,HDFCBANK.NS
2024-09-17,809.876953125,814.3417351276187,807.6202731787942,814.3417351276187,20127122,HDFCBANK.NS
2024-09-18,822.494873046875,824.4846115422112,810.9931099061356,811.3570886275262,40917342,HDFCBANK.NS
2024-09-19,829.1435546875,834.2392569551141,824.6059649927001,824.6301946967953,30651776,HDFCBANK.NS
2024-09-20,845.0130004882812,846.8328941482245,828.6825354394553,833.0259912779876,60623386,HDFCBANK.NS
2024-09-23,854.0396728515625,857.2183847223622,844.551937403139,848.7983557064159,26965350,HDFCBANK.NS
2024-09-24,858.0435180664062,864.6436541344489,851.3462854547951,856.5633141386422,33039036,HDFCBANK.NS
2024-09-25,863.4060668945312,867.7252930088929,854.2095613390953,854.2095613390953,31965312,HDFCBANK.NS
2024-09-26,865.5171508789062,867.7253122548344,858.0435015109396,860.4700264333525,31899644,HDFCBANK.NS
2024-09-27,850.5697021484375,862.9692076341789,849.2836322285123,862.3868654114664,35613502,HDFCBANK.NS
2024-09-30,840.572509765625,849.987378933711,836.8599148404105,848.7013681367213,26383534,HDFCBANK.NS
2024-10-01,837.7334594726562,845.4013020975134,834.773110848595,836.6658121791694,24572284,HDFCBANK.NS
2024-10-03,816.282958984375,837.7091852435565,812.0850591484665,832.613483062025,48473398,HDFCBANK.NS
2024-10-04,804.4657592773438,820.4808225688465,802.2090794198211,812.6431358067093,48683232,HDFCBANK.NS
2024-10-07,785.1264038085938,805.1209448670484,782.7969162571121,801.8208473760044,94458296,HDFCBANK.NS
2024-10-08,801.2628173828125,804.0533210403008,787.164683903665,791.0471237749532,29734406,HDFCBANK.NS
2024-10-09,792.5758056640625,804.0289908485573,790.4161630516477,800.5105298956967,41125642,HDFCBANK.NS
2024-10-10,806.7709350585938,808.2510795642027,792.2603056670246,795.4147877416559,21754766,HDFCBANK.NS
2024-10-11,801.238525390625,807.7658537028776,797.4774117796152,807.7658537028776,23672594,HDFCBANK.NS
2024-10-14,819.2433471679688,821.1603374358971,802.6944587482099,803.689357680797,18527508,HDFCBANK.NS
2024-10-15,817.3021240234375,824.0478752509669,813.1285129464045,822.1066552857113,19651130,HDFCBANK.NS
2024-10-16,824.92138671875,828.8765747113987,815.3608435545054,815.3608435545054,20470682,HDFCBANK.NS
2024-10-17,811.988037109375,823.8780090897097,808.1298269832027,822.5676501021808,14695732,HDFCBANK.NS
2024-10-18,816.2101440429688,820.6506963237373,802.7429312558701,807.1106759435778,24809724,HDFCBANK.NS
2024-10-21,838.9466552734375,848.3858722296796,830.3810701774502,832.2980010606213,46548354,HDFCBANK.NS
2024-10-22,832.07958984375,844.4305765922039,830.211118473748,839.6018162444277,38875280,HDFCBANK.NS
2024-10-23,842.3923950195312,847.5851345291038,827.4692671141377,827.4692671141377,38036090,HDFCBANK.NS
2024-10-24,849.1138916015625,858.3346864549975,843.5085952441257,843.5085952441257,30832258,HDFCBANK.NS
2024-10-25,846.0807495117188,853.0933830706845,838.9467304613248,851.7102756678665,26130478,HDFCBANK.NS
2024-10-28,841.6158447265625,849.7689918168825,839.043763962605,845.4012471416386,22012142,HDFCBANK.NS
2024-10-29,850.1815185546875,856.0779859182065,837.1996103215174,837.7092042477628,35794926,HDFCBANK.NS
2024-10-30,841.8099975585938,851.5889046504595,836.7628139716957,845.4012662208864,32715724,HDFCBANK.NS
2024-10-31,842.3438110351562,843.8968224808245,834.4333755848933,838.6069864702176,22895912,HDFCBANK.NS
2024-11-01,843.120361328125,846.4203996311912,837.6849100339031,841.0335262277963,1759692,HDFCBANK.NS
2024-11-04,831.8612060546875,846.8571409139798,830.3082539054162,846.8571409139798,28089248,HDFCBANK.NS
2024-11-05,853.0933227539062,855.447039991069,823.999313734677,826.4743572133567,44232406,HDFCBANK.NS
2024-11-06,851.83154296875,859.7177486791857,847.0270119492034,859.7177486791857,27787910,HDFCBANK.NS
2024-11-07,847.609375,854.5977188117542,843.4599940256105,846.5174388742477,18895456,HDFCBANK.NS
2024-11-08,851.4432983398438,855.0103373353861,847.2696873607207,850.2543248355499,19902986,HDFCBANK.NS
2024-11-11,857.1942138671875,865.2017460745226,849.8660612419557,851.4918803256005,24565362,HDFCBANK.NS
2024-11-12,833.8509521484375,861.4162973605047,829.2163253609564,859.9603824917264,31395406,HDFCBANK.NS
2024-11-13,815.967529296875,839.2864576545572,811.9152444974701,833.1473377113161,35728500,HDFCBANK.NS
2024-11-14,821.5,827.3721783747438,811.4784403744485,811.9637453515568,27146470,HDFCBANK.NS
2024-11-18,827.4934692382812,834.190701332557,822.5919010273279,825.0184258091194,27081968,HDFCBANK.NS
2024-11-19,845.5225219726562,851.1035287183504,826.3286881202827,831.812657575625,50981272,HDFCBANK.NS
2024-11-21,845.0130004882812,853.6514527573436,841.6158656563873,848.9925368361551,35716512,HDFCBANK.NS
2024-11-22,847.1483764648438,851.370565411524,839.3592669406547,846.1535367827626,24773612,HDFCBANK.NS
2024-11-25,866.5604858398438,875.2717450257129,856.5146973151911,866.2936036686173,427737274,HDFCBANK.NS
2024-11-26,866.5362548828125,878.4019369086114,858.8927021168951,878.4019369086114,30935566,HDFCBANK.NS
2024-11-27,879.5182495117188,881.9690041453489,866.3422072982357,868.6474059809165,32714976,HDFCBANK.NS
2024-11-28,870.224609375,891.0684339141281,867.725276958314,882.7697308653094,35722392,HDFCBANK.NS
2024-11-29,871.632080078125,875.7814023363161,865.2503073983569,874.1799313606635,27669536,HDFCBANK.NS
2024-12-02,875.8298950195312,877.5042327860683,861.4163604593637,875.2475527258944,15110876,HDFCBANK.NS
2024-12-03,886.3125,891.6993733770357,881.3623537076274,884.5653546960274,43410242,HDFCBANK.NS
2024-12-04,902.7157592773438,905.0937654692016,888.6662041479593,891.9905313310416,44669084,HDFCBANK.NS
2024-12-05,905.457763671875,912.349070670313,890.6316728815866,902.6672600453908,39682714,HDFCBANK.NS
2024-12-06,900.6531982421875,904.7054828102569,894.9023463139778,901.2113107944992,17783156,HDFCBANK.NS
2024-12-09,907.520263671875,912.3733132102273,897.3288596413352,899.5855395249345,26947912,HDFCBANK.NS
2024-12-10,906.5982055664062,911.2571214453396,901.963578632584,911.2571214453396,13325480,HDFCBANK.NS
2024-12-11,904.1716918945312,908.4423993938312,901.0900171351184,903.492253077643,14045426,HDFCBANK.NS
2024-12-12,902.3032836914062,906.8651623497836,897.183292457994,898.299517608064,17293790,HDFCBANK.NS
2024-12-13,908.36962890625,909.9468701478396,887.7441665162323,903.8805576801874,19009002,HDFCBANK.NS
2024-12-16,905.1907958984376,907.4959944793276,900.3620351992098,905.1422772502634,13107082,HDFCBANK.NS
2024-12-17,889.6853637695312,903.8077269850552,886.4095551207139,900.8958970749952,21079532,HDFCBANK.NS
2024-12-18,878.74169921875,891.0199388482123,877.0189020931173,888.0353013877913,23422312,HDFCBANK.NS
2024-12-19,870.3944091796875,874.0827148724125,863.3574875554302,873.3547574630064,25380770,HDFCBANK.NS
2024-12-20,859.7177734375,872.3599918831414,857.5581899695972,864.9105130352275,25692348,HDFCBANK.NS
2024-12-23,874.0343017578125,876.4608267488114,864.4738169898098,864.8135067920166,11044592,HDFCBANK.NS
2024-12-24,872.6268310546875,877.7710517489787,868.4775092184595,874.5438211790217,14485834,HDFCBANK.NS
2024-12-26,869.0598754882812,879.3726061062491,864.2068257857081,872.8452779528201,10481678,HDFCBANK.NS
2024-12-27,872.6996459960938,876.4364704987394,868.2590937552997,871.0253675774094,7259330,HDFCBANK.NS
2024-12-30,862.82373046875,880.8285332674382,859.4751142791366,869.7635560951499,22222218,HDFCBANK.NS
2024-12-31,860.3729248046875,864.7164399349241,856.8544636879918,859.1354326463724,14117236,HDFCBANK.NS
2025-01-01,865.1774291992188,870.637110073425,854.6705648241472,860.6640693133434,7313806,HDFCBANK.NS
2025-01-02,870.5157470703125,875.2231813509705,860.4456694386978,862.4354078694503,18558576,HDFCBANK.NS
2025-01-03,848.8954467773438,871.2437647886038,847.4881097293069,869.181218624921,24426194,HDFCBANK.NS
2025-01-06,830.1141357421875,852.7778537230372,827.8332261221516,844.4791507386858,18816348,HDFCBANK.NS
2025-01-07,831.5215454101562,835.209851324859,825.0184469798143,832.2980215119891,13527906,HDFCBANK.NS
2025-01-08,822.252197265625,830.6722262669281,816.9380725391129,829.0221775951162,19738190,HDFCBANK.NS
2025-01-09,809.3916625976562,819.6801043914131,804.6841687860751,817.3263871062876,40420222,HDFCBANK.NS
2025-01-10,804.0289916992188,812.8372885629307,802.6944030605147,810.9445873725031,17453280,HDFCBANK.NS
2025-01-13,791.4596557617188,799.1760171914914,788.2809435229427,795.9002084068898,21669066,HDFCBANK.NS
2025-01-14,799.1031494140625,803.7620652641559,794.4442335639691,795.8516298211142,26661432,HDFCBANK.NS
2025-01-15,797.3803100585938,806.9165047926833,794.1045016943054,803.9076378434971,14022892,HDFCBANK.NS
2025-01-16,801.7481079101562,805.873200199019,797.2832665938832,802.1363163454865,21212454,HDFCBANK.NS
2025-01-17,794.3229370117188,800.9958805790999,790.31917087129,797.5987456720695,23112076,HDFCBANK.NS
2025-01-20,801.3598022460938,806.0672365854673,789.1058522041777,789.1058522041777,17557618,HDFCBANK.NS
2025-01-21,797.0648803710938,806.115829748555,792.5272908307279,804.756952160241,31158144,HDFCBANK.NS
2025-01-22,808.5423583984375,811.3813805875693,788.8389294808721,797.0648841596673,30619306,HDFCBANK.NS
2025-01-23,807.9842529296875,818.7094808723397,801.359828269384,818.7094808723397,34909158,HDFCBANK.NS
2025-01-24,800.6561889648438,810.6049411699597,798.0840488445496,805.6062761215885,24236200,HDFCBANK.NS
2025-01-27,790.9500122070312,797.6471848113616,789.1058297447998,796.4339224655055,22804166,HDFCBANK.NS
2025-01-28,810.6534423828125,817.3991933860295,799.2972941154203,799.2972941154203,30179312,HDFCBANK.NS
2025-01-29,814.0020141601562,815.8704263644069,809.9011517987993,812.8857890816031,12619890,HDFCBANK.NS
2025-01-30,820.8933715820312,823.9993352943973,811.696865930955,815.7976693049923,25744846,HDFCBANK.NS
2025-01-31,824.4118041992188,827.2993450265934,817.2292670650723,818.830797136207,15821686,HDFCBANK.NS
2025-02-01,820.6264038085938,831.3274019434516,813.3954072501344,823.8051750140157,5587528,HDFCBANK.NS
2025-02-03,814.341796875,818.6125046075882,807.2805853688532,810.4593568422229,20276540,HDFCBANK.NS
2025-02-04,835.161376953125,837.5393832746403,815.3366797744094,819.5345205841194,28616502,HDFCBANK.NS
2025-02-05,843.363037109375,846.4689416589049,834.1907609306318,841.0335494558958,23675506,HDFCBANK.NS
2025-02-06,846.299072265625,848.7984047453597,836.6657803207547,842.2467875560731,26760716,HDFCBANK.NS
2025-02-07,840.9122314453125,857.5339275509261,837.1511177279839,849.2837426225924,23509600,HDFCBANK.NS
2025-02-10,832.6619873046875,836.3988118099606,829.1435263354559,833.4142336911924,17195950,HDFCBANK.NS
2025-02-11,825.6979370117188,830.3568531530897,819.5345279806279,826.4744131617251,22724704,HDFCBANK.NS
2025-02-12,828.3185424804688,830.8421046157138,815.8946879155817,821.6213102303759,22809570,HDFCBANK.NS
2025-02-13,823.9022216796875,831.9340426083429,821.8882534526111,824.5331418355402,12602434,HDFCBANK.NS
2025-02-14,822.5191040039062,825.9405276867242,815.3123371576534,825.9405276867242,19959892,HDFCBANK.NS
2025-02-17,833.4384765625,834.7245465784594,815.918979031997,817.8359099627821,12938946,HDFCBANK.NS
2025-02-18,836.2047119140625,840.329803960056,828.003046468469,831.3516624481879,16350910,HDFCBANK.NS
2025-02-19,838.2186889648438,843.4114874933574,831.0604409265417,833.2686021535318,11884112,HDFCBANK.NS
2025-02-20,818.758056640625,832.152462841255,817.884543182236,830.3568580312333,26390510,HDFCBANK.NS
2025-02-21,821.378662109375,822.5676355898997,813.9777613134116,815.7491363030065,15680940,HDFCBANK.NS
2025-02-24,813.9049072265625,817.3505604700815,806.1400281464854,815.8461269965818,20693646,HDFCBANK.NS
2025-02-25,816.4527587890625,819.1947435645432,810.9930781817751,810.9930781817751,24138708,HDFCBANK.NS
2025-02-27,825.3580932617188,830.235431637752,816.5498559350805,816.5498559350805,35786800,HDFCBANK.NS
2025-02-28,840.7423095703125,843.0960267361039,817.7388430279666,817.7388430279666,54516728,HDFCBANK.NS
2025-03-03,825.7706909179688,845.9108470636534,822.1551333662954,844.3336059197142,21205364,HDFCBANK.NS
2025-03-04,829.8714599609375,831.9582949310542,821.7426020928991,824.0478005927906,19920958,HDFCBANK.NS
2025-03-05,820.1654052734375,830.2597724194886,819.316121569752,825.9647760106438,21583872,HDFCBANK.NS
2025-03-06,820.7477416992188,824.9699304836942,811.5512362127743,818.7094845214233,32966088,HDFCBANK.NS
2025-03-07,819.8014526367188,825.576593853863,814.1476376668198,816.2829914666041,13372914,HDFCBANK.NS
2025-03-10,818.9521484375,824.969941998729,816.7925649870414,819.6801059027778,15604050,HDFCBANK.NS
2025-03-11,817.9815063476562,822.1065984888339,810.4835684463997,816.4770728267864,19898430,HDFCBANK.NS
2025-03-12,830.4296875,833.9966675086949,820.9177210630354,820.9177210630354,18784106,HDFCBANK.NS
2025-03-13,828.2214965820312,835.112863088808,825.0427843943695,832.8076643515269,15736264,HDFCBANK.NS
2025-03-17,830.0656127929688,836.6657483797172,827.4449541690359,827.4449541690359,18950652,HDFCBANK.NS
2025-03-18,830.0656127929688,830.0656127929688,830.0656127929688,830.0656127929688,0,HDFCBANK.NS
2025-03-19,846.42041015625,849.7690263917825,840.6452690024086,842.004146653194,15221406,HDFCBANK.NS
2025-03-20,858.3831787109375,860.9310298420936,848.9440205977578,851.2249302948321,17833978,HDFCBANK.NS
2025-03-21,859.1596069335938,860.9795004972574,851.9771292137973,851.9771292137973,33508264,HDFCBANK.NS
2025-03-24,873.5489501953125,875.6843039218336,860.7611760226637,863.3575457763671,17393736,HDFCBANK.NS
2025-03-25,883.9586791992188,894.7567143577081,874.2768691244298,875.9269178059026,39101416,HDFCBANK.NS
2025-03-26,876.7277221679688,886.8948376499686,874.5195608455505,885.681575218163,24478442,HDFCBANK.NS
2025-03-27,885.8513793945312,893.4464137168152,872.626819495681,873.5489107497378,41658100,HDFCBANK.NS
2025-03-28,887.2345581054688,891.0199607200933,876.3880034384333,887.6228257936006,28773648,HDFCBANK.NS
2025-04-01,857.9464111328125,878.3535095734435,856.7331486628899,874.5195883202217,28511006,HDFCBANK.NS
2025-04-02,872.0444946289062,873.16066049231,859.3294691298255,859.3294691298255,11573564,HDFCBANK.NS
2025-04-03,871.0496215820312,875.490173946712,862.3869396359797,864.3766781830471,11250038,HDFCBANK.NS
2025-04-04,881.9447021484375,893.9074216754443,878.9357759381479,879.8578671839032,33540454,HDFCBANK.NS
2025-04-07,853.0205688476562,863.7700863708694,843.5571214137302,855.4956717234414,37995450,HDFCBANK.NS
2025-04-08,858.5773315429688,864.8134887917699,849.4293443655757,856.5633039940931,35563872,HDFCBANK.NS
2025-04-09,856.5632934570312,861.4163432783175,850.982286162552,856.5632934570312,22454608,HDFCBANK.NS
2025-04-11,876.82470703125,882.9638264173292,861.2949488328275,861.2949488328275,32775766,HDFCBANK.NS
2025-04-15,905.0452270507812,910.8203678930464,900.240696123474,905.0937456982635,49298344,HDFCBANK.NS
2025-04-16,911.4027709960938,914.2175636339348,902.90993367318,914.2175636339348,19136820,HDFCBANK.NS
2025-04-17,925.3309326171876,931.639897022746,910.7717839889756,913.3439239431574,35703084,HDFCBANK.NS
2025-04-21,935.231201171875,946.6843866809209,926.9324979858176,933.7267676045618,34247298,HDFCBANK.NS
2025-04-22,952.0227661132812,956.3419923313836,939.0651467003056,939.0651467003056,45961750,HDFCBANK.NS
2025-04-23,933.6782836914062,960.370058186636,932.028234874344,960.370058186636,30570642,HDFCBANK.NS
2025-04-24,930.2325439453124,933.6781972127432,924.554440533806,926.9324466168476,25931754,HDFCBANK.NS
2025-04-25,927.5148315429688,938.094503546439,918.099962552793,934.1150265036636,18500878,HDFCBANK.NS
2025-04-28,931.882568359375,936.4929655182808,926.156005327847,927.5148236825167,13920492,HDFCBANK.NS
2025-04-29,926.3501586914062,936.0562581779408,922.1764885191324,931.2032084346736,18918308,HDFCBANK.NS
2025-04-30,934.2120361328124,939.9871769317172,927.0780770079656,928.3883766867898,31936870,HDFCBANK.NS
2025-05-02,932.7076416015624,942.41374108388,931.7855503024764,936.541562745344,17840404,HDFCBANK.NS
2025-05-05,939.9386596679688,947.31527128059,937.754787372496,941.0063068714468,15068024,HDFCBANK.NS
2025-05-06,937.463623046875,941.5401968005328,933.872413523286,936.6386282625548,17490156,HDFCBANK.NS
2025-05-07,944.2094116210938,945.7138452974748,932.9503591331654,938.5798853771296,21420778,HDFCBANK.NS
2025-05-08,935.91064453125,948.6741890736062,931.348765916796,948.6741890736062,34803430,HDFCBANK.NS
2025-05-09,917.080810546875,931.3002703673066,915.6734734771652,926.9810441332826,17188796,HDFCBANK.NS
2025-05-12,949.8388671875,951.149226156264,928.0487213449755,930.6208021509264,18618972,HDFCBANK.NS
2025-05-13,933.04736328125,952.0227765695508,931.7855821536832,946.3447318748346,24242102,HDFCBANK.NS
2025-05-14,927.2236938476562,936.7356597192896,923.5353878045328,932.8047011833116,15445308,HDFCBANK.NS
2025-05-15,938.4827270507812,943.8210814498384,920.6234813646776,928.6310129632632,32241458,HDFCBANK.NS
2025-05-16,938.9194946289062,943.335817215416,935.8621088859328,938.4827675522878,15868010,HDFCBANK.NS
2025-05-19,940.8607177734376,943.9181627683964,937.123893216336,940.0357230243618,10202964,HDFCBANK.NS
2025-05-20,929.3104858398438,938.8709699179398,928.3883945615378,935.7164876572758,23879090,HDFCBANK.NS
2025-05-21,935.0856323242188,944.840250294002,932.3193584728106,935.1826696209016,15132040,HDFCBANK.NS
2025-05-22,931.7369995117188,933.8237752836328,924.6029810935156,929.4560306672616,21306670,HDFCBANK.NS
2025-05-23,938.3856811523438,940.0357299039,929.1163680438908,931.8340640363384,9566072,HDFCBANK.NS
2025-05-26,941.588623046875,946.2961165204464,935.1341028748952,939.0650610496284,10802860,HDFCBANK.NS
2025-05-27,934.8429565429688,945.3740503477449,929.989907003196,937.415037254252,26162148,HDFCBANK.NS
2025-05-28,933.484130859375,938.8224856498368,930.6693382733266,931.8826007257044,18157594,HDFCBANK.NS
2025-05-29,935.4253540039062,941.8799339693112,925.6222170514742,935.6680064952172,28917794,HDFCBANK.NS
2025-05-30,943.86962890625,945.7623300992254,934.406182182701,937.560664423884,28748078,HDFCBANK.NS
2025-06-02,937.6577758789062,939.5504772215758,925.9619372617595,936.6871658817764,14668822,HDFCBANK.NS
2025-06-03,934.0179443359376,947.3153125177,931.7855532960984,940.5210428582492,24377584,HDFCBANK.NS
2025-06-04,942.0740356445312,943.0932235303936,932.2223797589662,932.2708984103568,12961542,HDFCBANK.NS
2025-06-05,946.1505126953124,950.6638723983344,941.5886343458624,945.3740366284826,22255418,HDFCBANK.NS
2025-06-06,960.27294921875,968.8143643397722,942.8019697752012,943.4328899516396,30127008,HDFCBANK.NS
2025-06-09,960.3700561523438,968.1834546397668,958.9141411829606,968.1834546397668,13202588,HDFCBANK.NS
2025-06-10,953.7698974609376,962.2627345803988,951.7315810074684,962.2627345803988,15533126,HDFCBANK.NS
2025-06-11,946.5388793945312,954.886101658722,944.8888305540286,954.886101658722,11096394,HDFCBANK.NS
2025-06-12,943.1417236328124,951.6830795561876,939.2107650861756,946.3447246989118,16349130,HDFCBANK.NS
2025-06-13,930.620849609375,938.0945584051008,928.3884584733356,931.7855934494534,12117762,HDFCBANK.NS
2025-06-16,939.2592163085938,940.957783641244,931.8340268436208,933.7267280054108,16513746,HDFCBANK.NS
2025-06-17,936.4444580078124,942.268117646221,931.3487558242052,940.0357266330968,16978736,HDFCBANK.NS
2025-06-18,938.5313110351562,939.6960548333932,930.329645039179,930.329645039179,18433816,HDFCBANK.NS
2025-06-19,939.210693359375,944.7917002839464,934.5031997999406,938.531254581162,16876220,HDFCBANK.NS
2025-06-20,953.4786987304688,956.0023202459612,937.415115265286,937.415115265286,32900408,HDFCBANK.NS
2025-06-23,945.5681762695312,950.1785732937572,942.3651754483344,945.5681762695312,11739518,HDFCBANK.NS
2025-06-24,951.634521484375,960.418529537386,949.06238146316,953.6242600004869,22625322,HDFCBANK.NS
2025-06-25,961.0009155273438,961.874488204082,953.0904797513926,954.1096083800328,18405932,HDFCBANK.NS
2025-06-26,981.1896362304688,983.7617170900772,960.9038642878594,961.5833031108746,50084830,HDFCBANK.NS
2025-06-27,988.5983276367188,991.0024945345428,978.04948462384,987.666092322087,28213384,HDFCBANK.NS
2025-06-30,982.023681640625,988.0586250503452,979.0798184930638,986.9301202198938,13649020,HDFCBANK.NS
2025-07-01,987.2244873046876,989.138010315157,983.250284063281,983.740927917604,14389386,HDFCBANK.NS
2025-07-02,974.418701171875,991.051539922754,970.4444979040134,991.051539922754,18878250,HDFCBANK.NS
2025-07-03,974.9583740234376,985.2128423794024,973.584607191008,978.7854199779472,16860506,HDFCBANK.NS
2025-07-04,976.037841796875,983.0049605598704,971.4748300017684,974.9583893832662,7863944,HDFCBANK.NS
2025-07-07,975.1055908203124,980.5026731224452,973.3392849545876,975.8906089947404,11349426,HDFCBANK.NS
2025-07-08,981.974609375,983.740915249207,970.0028875050784,970.0028875050784,15224316,HDFCBANK.NS
2025-07-09,986.7828979492188,988.058619887602,980.3554754225707,984.7222177139128,13861428,HDFCBANK.NS
2025-07-10,984.3296508789062,989.6286283244264,981.2876830187668,989.1379844829172,17030310,HDFCBANK.NS
2025-07-11,973.2901611328124,983.6427940678678,971.9163943170896,980.3063919997392,12516922,HDFCBANK.NS
2025-07-14,972.94677734375,975.7434233970494,966.8627814826074,972.94677734375,13088850,HDFCBANK.NS
2025-07-15,979.079833984375,983.0540373178538,968.0403470063502,968.0403470063502,14498168,HDFCBANK.NS
2025-07-16,979.4723510742188,992.4253009235872,977.6569328760376,990.1192987637652,17994612,HDFCBANK.NS
2025-07-17,974.8602905273438,983.6428275379242,972.7995503940688,983.2502884954768,22529158,HDFCBANK.NS
2025-07-18,960.3862915039062,979.8157761377424,958.227446568358,974.8602851924708,16129446,HDFCBANK.NS
2025-07-21,981.5330200195312,982.2689857931024,969.7575676423912,970.5916382285528,22309078,HDFCBANK.NS
2025-07-22,984.771240234375,990.119270074138,982.759612467046,987.715103277212,14836814,HDFCBANK.NS
2025-07-23,993.2103881835938,995.9089294093236,982.7596500249108,986.6848008987,13634916,HDFCBANK.NS
2025-07-24,988.2548217773438,999.7849522880986,985.4091233743482,999.7849522880986,19107176,HDFCBANK.NS
2025-07-25,985.9922485351562,991.1076548914018,983.237817433207,991.1076548914018,9306598,HDFCBANK.NS
2025-07-28,987.9105224609376,994.2555908496132,983.9756037755068,985.205265864704,12059580,HDFCBANK.NS
2025-07-29,994.3539428710938,996.7640925817828,981.9097985152404,983.6804999207344,19895696,HDFCBANK.NS
2025-07-30,996.4197998046876,999.764444634085,992.091365270063,997.5018784172968,15154036,HDFCBANK.NS
2025-07-31,992.6815795898438,999.1742313953042,987.664582321978,990.9108782036614,22183032,HDFCBANK.NS
2025-08-01,989.7304077148438,997.6494796779898,988.3040477115344,990.6157884442932,11317258,HDFCBANK.NS
2025-08-04,979.7947387695312,992.8291567300696,977.8764539291844,988.6974801605749,13933946,HDFCBANK.NS
2025-08-05,972.7118530273438,980.975205994727,966.7603007320948,977.089461920278,23978058,HDFCBANK.NS
2025-08-06,976.499267578125,977.8272785976123,968.9737116887808,969.5147509914576,14080204,HDFCBANK.NS
2025-08-07,981.4671020507812,984.5166400056098,972.3184281442016,973.9415460716062,13081186,HDFCBANK.NS
2025-08-08,970.8920288085938,980.1882863803764,968.9737439061472,977.3846207407717,13895264,HDFCBANK.NS
2025-08-11,981.5654296875,982.5491593344192,970.4984711596596,971.8757166821836,9105854,HDFCBANK.NS
2025-08-12,968.924560546875,981.7622208654036,967.7440729221852,979.7455870293594,12937802,HDFCBANK.NS
2025-08-13,974.0399169921876,980.7784409396806,968.5309950398891,980.7784409396806,13577396,HDFCBANK.NS
2025-08-14,979.35205078125,981.7622004561192,969.5639286580632,972.908633518138,17511716,HDFCBANK.NS
2025-08-18,985.5003662109376,996.8132573563984,981.5654475516468,988.6483131467888,19284796,HDFCBANK.NS
2025-08-19,979.35205078125,986.7300232295676,977.1878335213248,982.8935135816984,12352438,HDFCBANK.NS
2025-08-20,977.9256591796876,979.7947696044056,973.4005266300796,977.3354453835108,9950228,HDFCBANK.NS
2025-08-21,979.4012451171876,982.5000176251586,975.4663263982884,982.5000176251586,12439850,HDFCBANK.NS
2025-08-22,966.317626953125,981.762194526744,962.628640751246,978.7618310909676,19833502,HDFCBANK.NS
2025-08-25,966.0717163085938,972.6135426708398,962.5794879672084,964.1534314319724,17518044,HDFCBANK.NS
2025-08-26,957.5625,969.6623631247152,952.2503356808104,963.563227065448,16917731,HDFCBANK.NS
2025-08-28,942.2162475585938,956.3819785474136,939.4618165446824,951.266572354668,25438255,HDFCBANK.NS
2025-08-29,936.1171264648438,947.6267755693488,934.6415319653456,938.4781016808784,14823813,HDFCBANK.NS
2025-09-01,935.1333618164062,941.8719458039564,930.9525108908948,934.149632186874,20178344,HDFCBANK.NS
2025-09-02,929.1326904296876,939.2650942089082,928.6408255856272,935.5269334024698,14196320,HDFCBANK.NS
2025-09-03,938.9207763671876,940.740652202688,924.7058709175366,929.624519167098,16083481,HDFCBANK.NS
2025-09-04,945.610107421875,949.9877162864988,940.6914592688354,944.5772033181552,17597657,HDFCBANK.NS
2025-09-05,947.7251586914062,951.7584261964354,938.5272505370174,951.7584261964354,11602111,HDFCBANK.NS
2025-09-08,950.2828369140624,957.3165278914954,944.823149393627,953.2340258485784,11711307,HDFCBANK.NS
2025-09-09,949.4467163085938,958.5462157684692,947.0365666053972,958.1526998830964,13985539,HDFCBANK.NS
2025-09-10,950.1845092773438,958.0543466125588,946.0528326679372,958.0543466125588,18091100,HDFCBANK.NS
2025-09-11,952.0535278320312,953.4799478098324,944.2820997482356,944.6755555766032,15113633,HDFCBANK.NS
2025-09-12,951.5617065429688,954.9555859441328,946.5938836721522,954.1194397337724,14363519,HDFCBANK.NS
2025-09-15,951.3157348632812,956.5294899386952,949.2991011128588,953.824233432933,14486377,HDFCBANK.NS
2025-09-16,951.1190185546876,953.5783427584718,945.560981879392,945.560981879392,18661794,HDFCBANK.NS
2025-09-17,950.7747192382812,958.5462075924,948.6596764461076,949.4467082101404,17361476,HDFCBANK.NS
2025-09-18,961.0055541992188,963.7108108355188,953.4799980850368,957.4640913046234,17791598,HDFCBANK.NS
2025-09-19,951.168212890625,960.8087513537788,946.4462625851606,959.0380500102756,31243267,HDFCBANK.NS
2025-09-22,948.5121459960938,955.398253585716,946.298754270858,948.315388056543,10854415,HDFCBANK.NS
2025-09-23,941.6260375976562,952.447063800625,939.9536851760516,951.266576206428,21022298,HDFCBANK.NS
2025-09-24,935.5761108398438,940.8882751893464,927.6570988338276,936.7074240016012,15117220,HDFCBANK.NS
2025-09-25,934.3955688476562,942.4129893816752,931.9854792780052,937.0024763946196,31413279,HDFCBANK.NS
2025-09-26,929.6737060546876,935.9695999150294,925.9847198182592,929.7228805294212,14874656,HDFCBANK.NS
2025-09-29,934.8382568359376,941.232499440892,923.8204729543668,930.6574059019288,32398179,HDFCBANK.NS
2025-09-30,935.5269165039062,944.3804835370664,930.9033750448372,942.4621986714628,28296687,HDFCBANK.NS
2025-10-01,949.5450439453124,953.8242439027432,930.6082481971154,937.1992488555558,25350832,HDFCBANK.NS
2025-10-03,949.4467163085938,951.0206597658968,936.5106471136628,936.5106471136628,26658296,HDFCBANK.NS
2025-10-06,957.6116333007812,961.497377400324,946.3479168763192,956.0868643620496,18542683,HDFCBANK.NS
2025-10-07,966.514404296875,973.7447933808842,955.201513050652,958.152702071406,25535736,HDFCBANK.NS
2025-10-08,962.7762451171876,969.8591107869768,958.69374294831,960.1201629857547,15939710,HDFCBANK.NS
2025-10-09,961.2022094726562,963.0713198098596,954.3653364923584,958.644536419518,15370950,HDFCBANK.NS
2025-10-10,964.9404296875,970.1541847807785,962.1859386567032,963.0713193511868,13757080,HDFCBANK.NS
2025-10-13,961.1038818359376,965.0388004923792,956.1852335153852,958.4477997344204,18634254,HDFCBANK.NS
2025-10-14,961.25146484375,964.4977607253468,951.2665847409552,954.2177737318784,22934382,HDFCBANK.NS
2025-10-15,962.3335571289062,968.8753835018975,957.5132576917448,959.1364356766506,23310447,HDFCBANK.NS
2025-10-16,978.1715698242188,980.384961573746,965.5306676270898,966.6619807603524,22936566,HDFCBANK.NS
2025-10-17,986.2381591796876,992.5832274986776,969.9574453059424,977.7781081157632,25210511,HDFCBANK.NS
2025-10-20,986.6316528320312,1003.4042311581684,980.77844947519,980.77844947519,22195202,HDFCBANK.NS
2025-10-21,991.3043823242188,993.5669485153896,987.664570603417,989.632029907408,3471600,HDFCBANK.NS
2025-10-23,992.386474609375,1003.8961237048558,989.6320435542232,999.469340209832,43526526,HDFCBANK.NS
2025-10-24,978.5650634765624,995.4852253636408,975.1711841959708,994.5506701933195,17707768,HDFCBANK.NS
2025-10-27,986.6316528320312,992.6323796093756,979.9914777728962,980.286584655995,15700796,HDFCBANK.NS
2025-10-28,987.2218627929688,991.5994716753509,978.8109864255694,981.4178939740924,33904289,HDFCBANK.NS
2025-10-29,991.451904296875,996.0262711888014,983.729650556841,988.5499498614066,17769445,HDFCBANK.NS
2025-10-30,981.9097900390624,993.0750977302372,980.876825856188,983.7296659041476,19962917,HDFCBANK.NS
2025-10-31,971.2362670898438,988.1072545286754,965.1863657946756,977.8272677237644,23221330,HDFCBANK.NS
2025-11-03,976.499267578125,978.3683179002892,967.3013592642496,968.9737116887808,16607180,HDFCBANK.NS
2025-11-04,969.2196655273438,980.7784892471572,967.6948965344257,970.9411924643372,20024544,HDFCBANK.NS
2025-11-06,968.6294555664062,974.9252895070432,958.1527104344484,965.0388182096444,22279516,HDFCBANK.NS
2025-11-07,966.317626953125,968.8753600783504,958.8904800750938,964.0550607577244,15004568,HDFCBANK.NS
2025-11-10,968.4818725585938,974.8269410200376,964.2518469316628,966.3176552483678,15988262,HDFCBANK.NS
2025-11-11,975.564697265625,977.3353986115102,962.0875891716728,967.498102198712,10200530,HDFCBANK.NS
2025-11-12,973.4005126953124,982.7459446009268,971.629811290036,982.549186657653,13137263,HDFCBANK.NS
2025-11-13,970.596923828125,973.9907432290496,966.6127705451346,967.990016129637,14124839,HDFCBANK.NS
2025-11-14,973.4988403320312,975.5155341538172,960.169315545859,960.169315545859,21386965,HDFCBANK.NS
2025-11-17,980.3357543945312,981.7129998984626,969.5639028977658,975.121999344663,18396408,HDFCBANK.NS
2025-11-18,976.302490234375,982.7459073482096,973.8923406153428,981.4178963551165,20002640,HDFCBANK.NS
2025-11-19,978.41748046875,980.3357652840727,967.9899702531848,973.8923481205824,19813847,HDFCBANK.NS
2025-11-20,992.4356689453124,995.1409255797436,976.3025381325072,979.106143718625,19850865,HDFCBANK.NS
2025-11-21,981.8114013671876,991.8946306513916,980.3358068377918,986.7792242744008,17499897,HDFCBANK.NS
2025-11-24,982.8934936523438,994.9933562138264,977.4337461176168,983.7296398293618,32204053,HDFCBANK.NS
2025-11-25,973.6956176757812,989.7303993265384,972.3184321597588,987.6645910314578,24989383,HDFCBANK.NS
2025-11-26,987.5662231445312,990.566586579224,965.3338969506472,965.3338969506472,19494356,HDFCBANK.NS
2025-11-27,993.0750732421876,1000.2562876177888,984.713371288192,985.795449877166,25536848,HDFCBANK.NS
2025-11-28,991.2059936523438,995.583602701878,987.8613487922536,990.615779865885,15988807,HDFCBANK.NS
2025-12-01,985.7954711914062,1000.944932017152,983.04104014366,1000.944932017152,16746566,HDFCBANK.NS
2025-12-02,973.6956176757812,978.2208101938114,968.973727256958,971.9249162739844,27316662,HDFCBANK.NS
2025-12-03,984.2214965820312,985.992197910792,969.957416921422,969.957416921422,15448777,HDFCBANK.NS
2025-12-04,980.9752197265624,988.3531921071142,976.8435431850352,983.7296507402166,14528169,HDFCBANK.NS
2025-12-05,986.9759521484376,991.5994935414244,974.0891176678616,975.8598190407668,12843366,HDFCBANK.NS
2025-12-08,986.7791748046876,990.123879587144,981.2703128546212,983.7296369469886,12901022,HDFCBANK.NS
2025-12-09,980.8768310546876,986.4841021884776,977.82729309106,978.7126738119038,15294322,HDFCBANK.NS
2025-12-10,973.6956176757812,982.2540778335764,969.268834150242,981.2703481612342,15322830,HDFCBANK.NS
2025-12-11,984.0247802734376,986.3857555063868,972.4167821359742,973.892376646044,11844809,HDFCBANK.NS
2025-12-12,985.2052612304688,988.3532081724248,981.9589653386772,986.6808557305644,11988618,HDFCBANK.NS
2025-12-15,979.89306640625,985.5003373398883,975.8597989154724,975.8597989154724,9790060,HDFCBANK.NS
2025-12-16,978.1223754882812,982.4508099496376,973.9906989646398,973.9906989646398,20049088,HDFCBANK.NS
2025-12-17,967.989990234375,979.7947462128428,964.8420432983648,979.7947462128428,19080922,HDFCBANK.NS
2025-12-18,963.7599487304688,971.334679033018,957.464054962666,957.464054962666,14912404,HDFCBANK.NS
2025-12-19,969.465576171875,971.9249003123414,962.7762265182248,970.9411706561548,25952384,HDFCBANK.NS
2025-12-22,971.6298217773438,976.745228147207,967.8916609831688,971.9249286743926,13540411,HDFCBANK.NS
2025-12-23,980.3849487304688,982.647574967353,971.6297908389564,974.3842218605324,17927849,HDFCBANK.NS
2025-12-24,980.9752197265624,983.1394369666097,976.8435431850352,976.8435431850352,13699996,HDFCBANK.NS
2025-12-26,975.9581909179688,980.9752483081762,971.6298163538564,979.7947606844748,9360853,HDFCBANK.NS
2025-12-29,975.564697265625,981.1719682293384,971.1379138798658,976.9418827381612,13545749,HDFCBANK.NS
2025-12-30,974.7777709960938,978.8110386964976,966.219310709625,974.0891482066822,33155849,HDFCBANK.NS
