Date,Close,High,Low,Open,Volume,Company
2015-01-01,359.98101806640625,361.3666779706182,356.79034356363843,358.9873375102883,2002764,INFY.NS
2015-01-02,367.05517578125,368.1217904621725,359.5434254899942,359.5434254899942,6778320,INFY.NS
2015-01-05,363.9010009765625,370.1182538936478,360.5462300860535,366.45354065858766,9937024,INFY.NS
2015-01-06,356.2980041503906,361.9135993808658,352.63329155000065,361.0019782237352,9667316,INFY.NS
2015-01-07,358.0028991699219,360.0449224901249,355.53239592644314,358.2672605104927,7249916,INFY.NS
2015-01-08,359.8078308105469,364.1015763799739,355.53233547368507,362.0230751982361,13564920,INFY.NS
2015-01-09,378.2226867675781,384.5220010934516,348.7955585430611,361.020391169938,44863328,INFY.NS
2015-01-12,385.7890319824219,386.3815858626536,378.3228619940553,381.422374598344,12758888,INFY.NS
2015-01-13,380.8571472167969,384.3031026041001,378.3228576860764,384.3031026041001,8801236,INFY.NS
2015-01-14,388.10443115234375,388.8975593104674,381.531678664492,382.607373752,9921260,INFY.NS
2015-01-15,389.1256103515625,392.5077347851084,385.1144760290912,389.2988095220252,8342452,INFY.NS
2015-01-16,386.2174987792969,393.8204117140013,385.0688470092457,391.6325205378124,6690960,INFY.NS
2015-01-19,383.3367309570313,388.77912755836064,381.8963872046732,386.52740529317776,4087744,INFY.NS
2015-01-20,387.293212890625,388.8976754000788,383.1453356682378,384.1572442887792,6804504,INFY.NS
2015-01-21,395.6253662109375,396.72843680909534,386.1627555859589,388.6241329232632,8494908,INFY.NS
2015-01-22,400.4660949707031,401.6603277255479,394.0574153089185,396.5187927144086,9958396,INFY.NS
2015-01-23,403.8572998046875,405.671417014178,394.75021330056006,401.11331120503,9486328,INFY.NS
2015-01-27,389.5357971191406,404.9421977072836,388.36893961342696,404.9421977072836,13739968,INFY.NS
2015-01-28,391.0035095214844,392.8723332287162,388.4053887577718,391.9971678583874,13134356,INFY.NS
2015-01-29,391.1767578125,391.9789668703046,387.9131708798556,391.0855956689874,15369424,INFY.NS
2015-01-30,390.5203552246094,394.28537829207113,387.79461615723153,394.0939288966471,10833744,INFY.NS
2015-02-02,389.5997009277344,392.36189628654,387.630589571698,390.4474911234319,8702540,INFY.NS
2015-02-03,386.6915283203125,390.1648145832728,383.2456174056423,389.59963605117815,5265956,INFY.NS
2015-02-04,390.6935424804688,391.99714308142745,387.6942729150587,390.1556503251049,5160016,INFY.NS
2015-02-05,399.9829711914063,404.7598579092246,391.63251116622274,392.143027997669,11875936,INFY.NS
2015-02-06,406.6742248535156,409.8284431664973,399.0166066316606,402.0249566473893,7453728,INFY.NS
2015-02-09,410.0290222167969,410.9588937744518,401.11338345332473,401.11338345332473,6536868,INFY.NS
2015-02-10,415.3894348144531,418.9812143903552,408.5887299603072,408.9533785368001,8516920,INFY.NS
2015-02-11,416.5835571289063,418.10593782364526,411.3690660653148,415.7904288806428,5796972,INFY.NS
2015-02-12,421.38775634765625,423.3477418428275,414.4229795836447,416.2462219047342,6287536,INFY.NS
2015-02-13,418.6348571777344,424.2139542385504,416.7933638804163,419.2729922492923,5657516,INFY.NS
2015-02-16,415.471435546875,420.6038460075496,413.0100578705688,415.7540470715218,6244276,INFY.NS
2015-02-18,418.7076416015625,420.2482726169442,411.7154887843023,417.6228212127882,8613764,INFY.NS
2015-02-19,423.8492126464844,425.544837224352,417.89634316136784,418.2518665778336,9673624,INFY.NS
2015-02-20,416.26458740234375,425.90952414662,415.1341412400308,424.5420920271424,6971628,INFY.NS
2015-02-23,413.0739135742188,421.023225609292,409.88323862014056,419.3458511074152,5090488,INFY.NS
2015-02-24,414.3866882324219,418.6074780771232,411.61536770615936,415.5170900179378,6437676,INFY.NS
2015-02-25,422.55474853515625,425.6907170957369,415.6993381362262,417.32200634402176,6044972,INFY.NS
2015-02-26,411.7064208984375,420.9867077377039,409.3908672335457,420.71322135329217,6445776,INFY.NS
2015-02-27,413.1011657714844,415.8177792672736,410.5030452320411,414.7694148390772,7801076,INFY.NS
2015-03-02,417.83251953125,420.89557616155366,415.3438110575565,419.89279267925406,7040992,INFY.NS
2015-03-03,418.9538879394531,419.8837151115877,415.3894391643554,417.5226244566242,4905552,INFY.NS
2015-03-04,414.7239685058594,421.8801975796534,410.5760905076731,419.3459075089466,4375228,INFY.NS
2015-03-05,409.7919616699219,419.1178283321132,407.1938413637848,413.3381590799586,5684916,INFY.NS
2015-03-09,399.2992248535156,411.87047274410577,397.28453302762574,411.87047274410577,7984720,INFY.NS
2015-03-10,400.7487487792969,402.38054210676034,393.8568824136611,400.7669990115525,6329916,INFY.NS
2015-03-11,397.8680114746094,408.40636314033634,395.479590254972,400.037696986449,6780912,INFY.NS
2015-03-12,404.4499816894531,405.935906848875,396.9199796046888,397.2846281849411,5688564,INFY.NS
2015-03-13,404.8328247070313,406.5831556485615,399.7277447257937,405.6715342233405,6179684,INFY.NS
2015-03-16,413.2653198242188,416.064015383989,403.0369542167847,403.0369542167847,6818632,INFY.NS
2015-03-17,408.4974670410156,415.6081125284513,404.25842838504434,413.265228197361,5539312,INFY.NS
2015-03-18,406.491943359375,412.57247532058335,405.2247986371914,411.0500499231715,4905564,INFY.NS
2015-03-19,406.6651306152344,410.047254489229,405.2612427371871,407.4218029903549,6891740,INFY.NS
2015-03-20,411.587890625,413.6754944933138,407.1209462681261,408.58866545936496,6430896,INFY.NS
2015-03-23,407.212158203125,414.7877410129696,405.76268906565446,410.7766068141629,5078700,INFY.NS
2015-03-24,403.2009582519531,410.84945172211263,402.2072999809342,407.47645305953455,6736532,INFY.NS
2015-03-25,404.5958251953125,406.42814858842365,401.250156871704,405.28862184506426,6170968,INFY.NS
2015-03-26,391.3317565917969,403.83005102739565,388.7153852322427,402.572031234893,15740840,INFY.NS
2015-03-27,401.5054321289063,405.61685392159535,394.3674537189887,394.5497780156687,10074220,INFY.NS
2015-03-30,406.2184448242188,408.40633590944793,400.183494109025,402.1343992702275,4623088,INFY.NS
2015-03-31,404.4590759277344,414.54157279174217,401.9065360608437,409.3180000835318,8016412,INFY.NS
2015-04-01,396.3638000488281,401.022193605446,393.4010309439914,400.91278124878,6738488,INFY.NS
2015-04-06,397.13873291015625,398.3238407155839,393.8933518635093,397.2846012349153,7741752,INFY.NS
2015-04-07,393.7292785644531,397.9774431468168,389.80930658522846,396.555304875057,8542268,INFY.NS
2015-04-08,401.213623046875,402.0067067986654,396.1997063492454,397.9226615482435,10185576,INFY.NS
2015-04-09,403.8482055664063,404.55925232189503,398.2690658243596,403.1918204746047,10581548,INFY.NS
2015-04-10,407.3033142089844,408.0417364415586,402.97311258231457,402.97311258231457,7123776,INFY.NS
2015-04-13,408.1875915527344,409.1356688703808,404.04883945557305,408.0417232316899,4872336,INFY.NS
2015-04-15,403.61126708984375,409.31802620180287,400.2109369267257,407.7682697551591,6237784,INFY.NS
2015-04-16,400.137939453125,406.7654444413049,393.91158346725206,405.1245260190854,9007812,INFY.NS
2015-04-17,397.3301696777344,400.1926518450182,392.62619455850864,397.476037997858,6450316,INFY.NS
2015-04-20,388.7425842285156,397.4668163277832,385.6430723580696,396.73751941709,12825384,INFY.NS
2015-04-21,390.64794921875,392.9270023050333,386.5456536634401,391.6324823469221,8881648,INFY.NS
2015-04-22,389.7547302246094,392.9089501890071,382.50733775592585,392.1887779531653,12350984,INFY.NS
2015-04-23,386.8921508789063,391.99723109785504,385.0689079435674,391.7602006137076,11891800,INFY.NS
2015-04-24,363.7734375,392.0337042363652,361.00211701937474,389.4264578220048,43565452,INFY.NS
2015-04-27,361.8497924804688,365.0131134630517,355.1858328800789,364.6484649980536,19822640,INFY.NS
2015-04-28,357.5196533203125,361.3666908350402,355.8969629212909,361.3666908350402,10393500,INFY.NS
2015-04-29,357.5652160644531,359.5434297739519,353.3352800074029,357.5196350008408,8289056,INFY.NS
2015-04-30,354.1192932128906,358.2671701188468,352.30517573239786,357.35554882083443,13134260,INFY.NS
2015-05-04,363.3905029296875,364.6485448607333,355.51410326324805,357.2644118273034,13361592,INFY.NS
2015-05-05,357.85699462890625,365.3231652856724,355.9061336588167,364.6485743257229,9408516,INFY.NS
2015-05-06,350.43634033203125,360.090400652024,349.20565162094204,360.090400652024,10508408,INFY.NS
2015-05-07,354.4384155273437,358.6501021247717,348.23938974137167,350.4272811952442,6779984,INFY.NS
2015-05-08,356.98175048828125,358.73208106447163,354.6662414540804,356.9908756031818,5777676,INFY.NS
2015-05-11,363.4908142089844,364.6485689641692,355.9334592633725,358.2672190072962,4785512,INFY.NS
2015-05-12,355.0035095214844,363.66391058650726,354.07366038472554,363.4907114677573,8284892,INFY.NS
2015-05-13,356.7538757324219,358.24894803959296,351.6123404295737,355.8513795350897,7099084,INFY.NS
2015-05-14,352.7610168457031,357.501448004749,347.87471736382645,357.35557968191813,6233844,INFY.NS
2015-05-15,357.674560546875,358.55882861689577,352.3051208407313,352.7973873624076,5189344,INFY.NS
2015-05-18,363.3813171386719,364.44790943769465,357.64720672555234,359.1787347157168,6469976,INFY.NS
2015-05-19,368.7234802246094,371.1575047596231,362.0959975109692,362.3330279627481,10272076,INFY.NS
2015-05-20,373.2724609375,374.12937604440685,370.7746052582299,371.9414849564279,5882188,INFY.NS
2015-05-21,373.482177734375,375.9344304980899,371.4401546174336,373.56421476117663,10059312,INFY.NS
2015-05-22,373.1174926757813,374.0473642559838,370.1364953186546,372.67080711774713,6888824,INFY.NS
2015-05-25,367.7116088867188,374.9589988606232,365.9339471950063,373.8559280878286,4675808,INFY.NS
2015-05-26,365.97955322265625,370.3826669849941,365.0405786855686,368.295062784142,3965040,INFY.NS
2015-05-27,358.90533447265625,366.2894675923629,356.4439567660873,365.9248190432416,8454708,INFY.NS
2015-05-28,367.6751098632813,370.482908007131,360.1268808098914,360.1268808098914,10980540,INFY.NS
2015-05-29,368.8693237304688,374.940708113832,364.8308370005512,365.5327809363079,18993044,INFY.NS
2015-06-01,373.3636779785156,376.3173224791421,368.887607900157,370.62881371631255,5724892,INFY.NS
2015-06-02,366.2256774902344,374.6946538354558,365.56018940239,373.4183838475173,4673140,INFY.NS
2015-06-03,368.4591674804688,371.8412697554138,366.10717965392536,367.9668785364666,5495796,INFY.NS
2015-06-04,369.7628173828125,374.6764485229315,366.9458935035901,370.1183408766671,7489464,INFY.NS
2015-06-05,366.7725524902344,372.6707370524855,366.1344176665144,370.1181977576055,6125788,INFY.NS
2015-06-08,364.65771484375,369.1428880461086,362.27837389323145,368.2950756237179,6141048,INFY.NS
2015-06-09,363.2081909179688,366.04334235251866,361.5490444341213,365.33227321476073,7561740,INFY.NS
2015-06-10,369.4801940917969,371.8230568964192,361.9137356388931,362.82535713924295,6385840,INFY.NS
2015-06-11,364.2200927734375,372.8075616833476,363.7460541092343,371.2030991591721,9229464,INFY.NS
2015-06-12,360.0994873046875,369.30686112272144,356.5350396270368,365.56008921105024,9852924,INFY.NS
2015-06-15,366.6424255371094,369.73339960371766,358.33193351078074,361.6450277040561,5236426,INFY.NS
2015-06-16,369.9369201660156,371.2880772413709,364.624881438435,368.0860324429779,5223444,INFY.NS
2015-06-17,368.5859069824219,377.9513974243128,367.2902851499193,374.24962076001975,6412068,INFY.NS
2015-06-18,370.8994140625,373.1204794422718,368.62281301069567,372.2505486122206,3474426,INFY.NS
2015-06-19,368.456298828125,374.0274902928449,367.623399151933,373.9904589731488,6670458,INFY.NS
2015-06-22,379.0063781738281,380.8202576976073,369.0671173020797,371.9915297766174,5710868,INFY.NS
2015-06-23,370.3257446289063,380.3205415710962,369.49284488372376,379.4321061386943,6952116,INFY.NS
2015-06-24,368.3638000488281,375.73034491273705,366.9201206542434,375.73034491273705,7073694,INFY.NS
2015-06-25,366.6424255371094,371.4732389236245,365.60593272754215,369.8814796881624,7117466,INFY.NS
2015-06-26,372.1210632324219,374.4716821496454,369.4742841355816,369.8074530407257,5320284,INFY.NS
2015-06-29,366.5314331054688,369.9925853213088,363.6995648606162,365.36536439432894,5690668,INFY.NS
2015-06-30,364.3843994140625,367.7530299429041,362.7741355031967,366.47591239608647,6212530,INFY.NS
2015-07-01,369.2152099609375,372.02855116103257,364.9951755669434,366.10570855548383,6880852,INFY.NS
2015-07-02,365.7354736328125,370.69586257589793,364.64344517961297,369.8074272866192,4007568,INFY.NS
2015-07-03,366.5868835449219,367.5863676130927,363.51441389331023,365.73547955864615,2695306,INFY.NS
2015-07-06,363.9956665039063,365.7355059192557,360.9231966308444,364.6249730065454,4305602,INFY.NS
2015-07-07,362.9591674804688,366.4758549777298,362.4039010335328,364.6249668212766,3497418,INFY.NS
2015-07-08,354.44512939453125,362.4039495323719,353.4456451375203,362.4039495323719,7024178,INFY.NS
2015-07-09,347.2266540527344,357.59162880057715,345.764447739179,354.4451186092677,8587772,INFY.NS
2015-07-10,347.0415344238281,352.4461188823819,345.2461819232821,350.9654083355069,7411522,INFY.NS
2015-07-13,351.7242431640625,353.5195954226493,345.7643704597914,348.3371092070293,6531768,INFY.NS
2015-07-14,359.5350341796875,360.3679338727679,350.00295991443454,353.5196475074405,5367074,INFY.NS
2015-07-15,364.2547607421875,364.9766115855986,358.3319191041032,359.0722743088637,4129566,INFY.NS
2015-07-16,366.1242065429688,367.0311463199173,362.5890144431256,365.6244757443701,3472938,INFY.NS
2015-07-17,370.8624877929688,371.8434676510922,366.1427225241271,366.8460691311423,3447978,INFY.NS
2015-07-20,370.6404113769531,374.1756037906668,365.51345941816896,370.69594706788416,4377180,INFY.NS
2015-07-21,411.8782348632813,425.33418547950816,383.13392686796425,383.13392686796425,38310112,INFY.NS
2015-07-22,408.3614196777344,411.63748232959927,398.5517134891243,409.0462391854381,12665660,INFY.NS
2015-07-23,406.45501708984375,413.4883917025096,403.49359620030026,408.6575558013631,7710748,INFY.NS
2015-07-24,402.6051330566406,409.582971507586,400.9393339214588,405.5480719747448,4480302,INFY.NS
2015-07-27,394.3502807617188,402.7347686422073,392.5548829537792,402.34610921036176,6752244,INFY.NS
2015-07-28,393.4433288574219,398.3111742719856,390.2598099221568,395.53484173756186,8476602,INFY.NS
2015-07-29,401.7908325195313,404.2339959851981,394.2391993811685,397.5707982491784,7071334,INFY.NS
2015-07-30,396.090087890625,403.4936409353096,391.6479560638143,403.4936409353096,11956598,INFY.NS
2015-07-31,398.6997680664063,400.2915044976963,392.3882224509628,399.2550344189313,7931012,INFY.NS
2015-08-03,399.403076171875,404.2339115970818,395.701300424649,399.0514255509654,7961012,INFY.NS
2015-08-04,391.3702697753906,399.4031056649622,389.0566597625306,399.0514550180857,9099054,INFY.NS
2015-08-05,402.1424560546875,403.4936134307798,393.1101129183303,393.1286398747598,4753476,INFY.NS
2015-08-06,402.3645324707031,409.2313451661637,398.6812833504824,404.9743026791344,7238252,INFY.NS
2015-08-07,405.5666198730469,407.56558819875534,399.2365911647208,399.6067688106779,4988058,INFY.NS
2015-08-10,402.0128784179688,409.5459836307111,394.9795039336765,406.455009671206,3992754,INFY.NS
2015-08-11,410.5825500488281,413.45142683991816,405.60363353747687,406.7512204040741,7574406,INFY.NS
2015-08-12,423.6313171386719,425.3341253130025,411.2673744323288,412.7480850513471,10168440,INFY.NS
2015-08-13,428.6656799316406,431.9417428003145,390.7410011941146,424.59372614990656,9787960,INFY.NS
2015-08-14,425.4266662597656,432.62660351098685,423.1500646640373,431.25696427463737,5109066,INFY.NS
2015-08-17,422.79833984375,426.9813194623952,415.52434122485846,425.704224862884,3107436,INFY.NS
2015-08-18,431.0162963867188,435.9581585025386,425.7042566564151,425.7042566564151,4150446,INFY.NS
2015-08-19,435.1624145507813,439.1047709168553,430.44264886232463,433.1079102348406,6869518,INFY.NS
2015-08-20,419.9850769042969,432.5525902269084,417.5603951869514,429.0359025014864,8369114,INFY.NS
2015-08-21,425.667236328125,429.75767174404126,413.6734729082787,422.3356378885953,10822142,INFY.NS
2015-08-24,404.2524108886719,415.7093879672804,399.2734957367352,410.8785528726384,14122684,INFY.NS
2015-08-25,401.8833618164063,414.22877700875176,386.6505429719761,407.1954018852787,13735078,INFY.NS
2015-08-26,394.091064453125,406.0848277468143,392.01807892787264,403.4195670983035,11498212,INFY.NS
2015-08-27,400.8283386230469,407.23238423436646,399.06999495606976,402.7532441412904,15343392,INFY.NS
2015-08-28,411.285888671875,416.4128399941437,407.7876828299988,407.7876828299988,7208820,INFY.NS
2015-08-31,405.1224365234375,420.0961046616283,400.7173133712386,420.0961046616283,9917064,INFY.NS
2015-09-01,403.1233825683594,412.5999195305913,400.5321395215472,403.4935601464754,9071550,INFY.NS
2015-09-02,406.9917297363281,412.74800928620425,403.49356961610994,406.45499031054015,11171830,INFY.NS
2015-09-03,406.9548034667969,411.6375599261593,404.4190955209794,410.9527402893623,8590536,INFY.NS
2015-09-04,397.5522766113281,411.2673768765776,394.9795599705745,408.3059556209406,7318888,INFY.NS
2015-09-07,391.9254760742188,401.6426366380424,390.5373102793868,401.6241096857025,5180988,INFY.NS
2015-09-08,391.9441223144531,397.5708046402396,389.5379675377664,393.128672744818,5459496,INFY.NS
2015-09-09,403.0124206542969,407.0473663889539,396.8304714961827,402.4201454060226,9148664,INFY.NS
2015-09-10,399.9583740234375,404.0488546212504,392.7584377032952,401.60569147326487,8363004,INFY.NS
2015-09-11,403.7712707519531,409.5645599978529,401.8278380941968,404.0674309463108,9883810,INFY.NS
2015-09-14,407.1028442382813,408.6760991489543,400.7728158705247,406.8252110187507,6557076,INFY.NS
2015-09-15,406.8992614746094,408.3799720988805,402.8088254876819,406.9733241184442,5291886,INFY.NS
2015-09-16,407.8061828613281,410.80461253660366,406.5660968756664,410.1568017035881,7478240,INFY.NS
2015-09-18,408.8426818847656,413.8215983219005,406.8437587522216,411.5635237252743,11576876,INFY.NS
2015-09-21,408.916748046875,410.4714760939501,404.4190805845274,407.1954129455196,4351234,INFY.NS
2015-09-22,409.9532470703125,420.5033107812193,407.6026278775285,412.7481065845994,9626986,INFY.NS
2015-09-23,413.2108154296875,416.9496007803573,406.2514573052642,409.9532339272547,4758254,INFY.NS
2015-09-24,422.2061767578125,426.7037994809943,410.8972304044808,412.1928523021526,13399262,INFY.NS
2015-09-28,409.2499084472656,423.05750732250897,407.5655821082504,421.98398312773554,9788464,INFY.NS
2015-09-29,415.2837524414063,419.5593220118562,406.26993646489547,407.93573574880617,8699370,INFY.NS
2015-09-30,430.1278381347656,432.7190812979559,416.80144472407295,419.92947251225513,9495692,INFY.NS
2015-10-01,434.2369384765625,443.3803089475074,429.4061017567177,433.0708697661478,10864394,INFY.NS
2015-10-05,437.4574890136719,440.2708304449301,430.1464795717256,434.2184341976197,6881760,INFY.NS
2015-10-06,427.4071350097656,441.4554049048197,425.0009801194941,439.4194276899746,8711880,INFY.NS
2015-10-07,419.4852294921875,432.64506097268026,417.7268859288761,427.9252966711601,9182488,INFY.NS
2015-10-08,419.0966796875,425.5562622862168,416.8386048218793,420.6699348659325,9080874,INFY.NS
2015-10-09,432.1453857421875,434.1813627610975,420.52179881487024,420.52179881487024,11782138,INFY.NS
2015-10-12,415.6725463867188,451.5427743833263,410.5270673436973,443.84306018493504,30404970,INFY.NS
2015-10-13,406.9732360839844,411.267286927962,401.7166873922717,409.95313845811074,15326862,INFY.NS
2015-10-14,406.3070373535156,412.9517542280932,402.4571802087702,404.03043544488713,8865510,INFY.NS
2015-10-15,406.2144775390625,408.8057213592076,403.1605116081772,407.1584487200549,8255666,INFY.NS
2015-10-16,409.0349426269531,411.4632256370828,407.2043816986626,410.5666197126882,6418992,INFY.NS
2015-10-19,415.4045715332031,416.91759718364966,411.1270750005434,411.6874481150376,7347494,INFY.NS
2015-10-20,420.6346740722656,422.147699555345,414.9001989555981,415.79680496026464,8788310,INFY.NS
2015-10-21,425.2857666015625,428.4425163246893,420.2797585787259,420.2797585787259,7278098,INFY.NS
2015-10-23,429.58197021484375,430.740065346204,420.3171179574148,426.55596499958847,6033362,INFY.NS
2015-10-26,430.4225463867188,432.79478316428833,427.0603081057705,431.1136640238142,3195942,INFY.NS
2015-10-27,429.3952331542969,431.4872835904432,427.4152299752974,429.6193732718698,5263748,INFY.NS
2015-10-28,430.8147583007813,432.6079702009545,425.5099119679509,427.56461303539936,5255472,INFY.NS
2015-10-29,427.7701416015625,431.8234976950538,424.4079031750813,430.77744972105984,5887324,INFY.NS
2015-10-30,424.1836242675781,427.7513502775757,422.1476207979568,427.7513502775757,4044676,INFY.NS
2015-11-02,422.5958862304688,424.31439969378334,416.2076439663382,422.1476061289832,3544988,INFY.NS
2015-11-03,427.9381408691406,429.787353354418,423.4178082136992,423.4178082136992,3614682,INFY.NS
2015-11-04,424.6880798339844,432.4585588769514,423.0069606598403,429.6566935867112,3205572,INFY.NS
2015-11-05,419.4953002929688,427.7514546195552,418.18776309544177,426.98559316254943,2345306,INFY.NS
2015-11-06,425.24853515625,427.3405858570141,419.495361526685,419.5327106171248,3026172,INFY.NS
2015-11-09,423.8662109375,425.8835632525101,416.61870960009065,418.4119217919397,6125676,INFY.NS
2015-11-10,412.3785705566406,421.2137958836366,410.9776377543669,421.2137958836366,4680052,INFY.NS
2015-11-13,411.2390441894531,413.18165216083736,407.20434073717246,410.9214630374572,3520868,INFY.NS
2015-11-16,403.5432739257813,408.6987239685216,398.6867077360273,404.832159238103,6808334,INFY.NS
2015-11-17,396.5574035644531,404.552069714106,393.0083735749456,403.4686724913889,7184106,INFY.NS
2015-11-18,381.0537109375,390.4493091072522,377.7848678289676,388.89893439797794,10125252,INFY.NS
2015-11-19,391.4392700195313,393.0082963072043,382.4732784808472,384.8828871392559,8539622,INFY.NS
2015-11-20,393.1577453613281,397.19240400411286,389.2911803940976,391.5139752757746,6082978,INFY.NS
2015-11-23,393.6434020996094,396.8935934142826,387.7781819435096,392.2611667058623,5616350,INFY.NS
2015-11-24,388.9548950195313,392.5599703159756,387.4045206522938,392.2610864849648,4325802,INFY.NS
2015-11-26,393.1577453613281,395.8101687067588,388.5440163191438,388.8802036702522,9853968,INFY.NS
2015-11-27,398.3692321777344,399.73281585715546,390.393264084792,395.249831006421,5142478,INFY.NS
2015-11-30,406.4198303222656,410.3050918930494,394.5772546267349,399.7327040037917,18105534,INFY.NS
2015-12-01,403.0950012207031,409.0723135650324,400.834811749194,406.4572394143883,5898550,INFY.NS
2015-12-02,396.2584228515625,403.4498766000661,395.623351670926,403.4498766000661,6397616,INFY.NS
2015-12-03,395.1563415527344,397.79011276775685,391.9061965498835,396.3704829945178,5504726,INFY.NS
2015-12-04,391.90625,397.8275161029999,388.5626634423431,391.8875526570379,8375530,INFY.NS
2015-12-07,390.8601989746094,395.623369858171,388.525311286589,394.24113458817294,4513870,INFY.NS
2015-12-08,390.1690979003906,397.0243193227342,388.263838586752,390.411935350907,5724372,INFY.NS
2015-12-09,384.1170043945313,391.1216670811895,382.0062797192667,389.6460363831759,6818254,INFY.NS
2015-12-10,391.2710876464844,392.8588111021204,384.90154208642457,387.2550812586993,5587746,INFY.NS
2015-12-11,393.30712890625,396.7067158219288,390.7294041096956,393.75540904335975,5390198,INFY.NS
2015-12-14,399.5459899902344,400.9095735507815,391.5326735094405,392.0743492237036,4816672,INFY.NS
2015-12-15,402.5533447265625,403.1323695255657,395.5486814890343,400.94692371611217,5431808,INFY.NS
2015-12-16,409.3898620605469,410.1930725527762,404.7387839873926,404.7387839873926,5495852,INFY.NS
2015-12-17,413.5926513671875,414.6013501981408,406.4572437998127,410.9402281064282,4958782,INFY.NS
2015-12-18,404.6453857421875,412.21042186514927,403.26310486639727,412.21042186514927,7219820,INFY.NS
2015-12-21,412.2290649414063,413.7047412938749,398.2197390821903,402.34783867668233,4331012,INFY.NS
2015-12-22,404.8695068359375,409.987562175853,403.5059233670004,409.987562175853,4109254,INFY.NS
2015-12-23,411.25775146484375,411.87417090930825,406.1023470276708,409.09100314311246,2870928,INFY.NS
2015-12-24,409.57659912109375,412.6026040714556,407.2417117206186,411.7060437922888,1230054,INFY.NS
2015-12-28,412.7146911621094,414.6759965512029,407.2043569737038,407.2043569737038,5526952,INFY.NS
2015-12-29,412.6960144042969,414.6760172323906,409.9315441053645,411.40717475420735,3345062,INFY.NS
2015-12-30,405.8221435546875,413.40583076868126,404.5893047172875,411.3511297751955,5153970,INFY.NS
2015-12-31,412.9575805664063,414.65735142235184,406.0836621689268,407.260454671212,7943938,INFY.NS
2016-01-01,412.9015502929688,414.28378560160974,408.3998684633024,410.9402445801996,1806550,INFY.NS
2016-01-04,403.0577087402344,411.8555392205509,401.9930089500407,410.9215840355949,3975362,INFY.NS
2016-01-05,401.2457580566406,405.5232536376736,396.83747229536505,405.5232536376736,4949786,INFY.NS
2016-01-06,399.489990234375,401.4699935101307,395.5860757190971,401.4699935101307,5588328,INFY.NS
2016-01-07,392.5599365234375,398.9481788327657,391.47653973337225,396.015569606907,5294088,INFY.NS
2016-01-08,397.2297668457031,398.76144395591297,394.3158089456768,396.557300990844,3156716,INFY.NS
2016-01-11,394.3905944824219,399.7141392691162,393.0457080780188,394.6147802192245,5360622,INFY.NS
2016-01-12,392.2424926757813,397.0990597903317,385.1070839589059,396.7441750501965,6565212,INFY.NS
2016-01-13,404.7388916015625,407.5781066888197,391.5514240787485,394.8763141797273,8751294,INFY.NS
2016-01-14,423.2684020996094,431.4872060238737,393.88616894971045,398.2384083302592,30227006,INFY.NS
2016-01-15,425.84613037109375,434.84944743882056,424.968221792881,428.8721354465344,13036614,INFY.NS
2016-01-18,422.8575134277344,434.1396726138239,421.5312789656536,425.8461696998932,10066612,INFY.NS
2016-01-19,425.7527465820313,432.96285200908585,421.60599539397583,424.0155811158361,7500436,INFY.NS
2016-01-20,418.87890625,433.3552118171684,417.2911824136009,423.6420777591973,7507998,INFY.NS
2016-01-21,424.781494140625,426.81749810031744,419.1590659681016,424.01563268609215,6743000,INFY.NS
2016-01-22,424.4825134277344,430.55322044045226,422.521208085164,428.9094506517397,6436018,INFY.NS
2016-01-25,425.0055541992188,428.4424902186438,420.1116393181769,425.9768582392068,4579262,INFY.NS
2016-01-27,425.3230285644531,429.4697788790797,424.0154918055812,428.2929866754425,6971962,INFY.NS
2016-01-28,421.9982604980469,426.85482698622246,420.728072449715,424.38919465903473,7788598,INFY.NS
2016-01-29,435.1857299804688,437.0909892746001,422.7454297367272,425.1363639269188,10232108,INFY.NS
2016-02-01,438.342529296875,440.78951018925926,433.9529398083115,437.0910384356856,4251126,INFY.NS
2016-02-02,439.1643981933594,444.56264058775673,434.8495072639906,439.65002749758105,7632702,INFY.NS
2016-02-03,432.4959106445313,439.2951311530138,430.64669778280575,436.2691257414282,5245966,INFY.NS
2016-02-04,440.7333984375,446.4118270334436,433.3738507121062,433.3738507121062,5549346,INFY.NS
2016-02-05,438.8468017578125,443.3111344734766,437.78210207026353,439.1456856294961,3984224,INFY.NS
2016-02-08,429.9181823730469,437.9128006631264,427.3031083819779,434.7560510152159,4221044,INFY.NS
2016-02-09,413.7981872558594,421.5126660903166,408.5119918664244,421.5126660903166,7579572,INFY.NS
2016-02-10,414.1343688964844,421.21372997493074,412.8081344765397,413.9288805429918,5866054,INFY.NS
2016-02-11,402.9642028808594,415.7967344876549,400.1623380932067,415.04957054428087,5214378,INFY.NS
2016-02-12,405.2057800292969,412.5840255236459,398.6120477200206,408.9602522733155,7408096,INFY.NS
2016-02-15,407.8582153320313,411.0149655079907,405.9342585961156,409.539334607501,5093478,INFY.NS
2016-02-16,403.1510620117188,408.2317685648054,401.1150125599082,406.0836718645101,5125448,INFY.NS
2016-02-17,410.1370849609375,412.0610418290278,402.3479075701386,404.1224224828203,4164598,INFY.NS
2016-02-18,419.6820373535156,421.0269234630893,410.94020923637817,410.94020923637817,4189072,INFY.NS
2016-02-19,421.1203002929688,423.7166768948951,416.11429248176177,418.1129470174105,3974018,INFY.NS
2016-02-22,420.896240234375,423.6233619312369,416.18911536307866,422.5213130871312,3857010,INFY.NS
2016-02-23,419.8688354492188,423.0816316550394,416.9362257544279,422.24107212195,2501960,INFY.NS
2016-02-24,420.4104919433594,427.284409820914,417.795417959756,418.22504637771647,4950714,INFY.NS
2016-02-25,414.7881164550781,422.3718037591868,411.3511346631712,420.4291955835708,4484528,INFY.NS
2016-02-26,418.8414916992188,422.8948475038437,416.9175351716339,418.4679096784556,4235636,INFY.NS
2016-02-29,404.9815368652344,422.29705137192224,399.097621069536,421.9608184915148,8166076,INFY.NS
2016-03-01,420.4477844238281,422.2596933511742,408.997534219616,408.997534219616,6386154,INFY.NS
2016-03-02,431.8608093261719,434.6626744385821,420.2797668615426,424.7814483834578,7214898,INFY.NS
2016-03-03,436.8294677734375,445.6272968524909,431.1136447105755,436.3437929133035,5814304,INFY.NS
2016-03-04,437.3337707519531,442.69466324955306,433.0188804764404,439.1829833824468,4281680,INFY.NS
2016-03-08,434.64398193359375,444.7493937927906,428.6480178882718,434.47588826628777,7617746,INFY.NS
2016-03-09,440.2664794921875,442.2277854042232,426.9856183608053,427.75147986300783,6305782,INFY.NS
2016-03-10,426.8174743652344,434.4385569887786,425.6406818360449,434.4385569887786,24381016,INFY.NS
2016-03-11,427.0042114257813,431.84207991934977,425.2109996456773,428.1996555436705,4058548,INFY.NS
2016-03-14,426.3317565917969,431.2070198923168,425.3231034415444,428.1249684181026,4174262,INFY.NS
2016-03-15,423.7914123535156,431.3004011215963,421.7553631759517,427.3777902841976,6720258,INFY.NS
2016-03-16,430.5345764160156,431.48722879882894,422.72674875846513,426.59331350626746,5588850,INFY.NS
2016-03-17,434.0089721679688,436.99762874412,431.1324084547352,432.1971082393331,6474622,INFY.NS
2016-03-18,445.8327941894531,447.924844392064,434.10230957763,434.401193436549,8477422,INFY.NS
2016-03-21,446.39306640625,447.9247432299197,440.8453837529543,443.8153419158838,5138392,INFY.NS
2016-03-22,444.5437927246094,446.0568177598232,437.83801542254,445.0294674676628,7097950,INFY.NS
2016-03-23,451.2124938964844,452.2958455405328,441.6114062394827,444.5627140500519,6333176,INFY.NS
2016-03-28,450.12896728515625,462.1209405340599,446.7106828161699,460.40247243041625,10787510,INFY.NS
2016-03-29,447.27099609375,455.3590545486522,445.1415971893188,447.92476451568695,6995356,INFY.NS
2016-03-30,450.5212097167969,452.03423510867646,446.6359932695556,447.4018090331891,5756818,INFY.NS
2016-03-31,455.135009765625,459.4685522346293,448.4105331609811,452.1276561539046,17996320,INFY.NS
2016-04-01,450.33447265625,456.5919721149867,446.4679074844923,454.2757816014224,5511428,INFY.NS
2016-04-04,464.6239318847656,466.230352783904,453.3604706619076,453.3604706619076,4577054,INFY.NS
2016-04-05,455.6953430175781,464.1009380392752,453.52854917067646,463.9888451976772,4790716,INFY.NS
2016-04-06,448.5599060058594,458.7587132302183,446.8040887812224,458.7587132302183,4931354,INFY.NS
2016-04-07,441.3871765136719,451.4365424250319,438.9588932742822,451.4365424250319,5657890,INFY.NS
2016-04-08,435.5031433105469,439.89273107284487,434.12090838415,439.2763117557843,4195578,INFY.NS
2016-04-11,442.2838134765625,443.3485132353849,430.0303035696763,435.5219872573738,5768678,INFY.NS
2016-04-12,441.6486206054688,446.3931393507458,440.30373453085286,441.0135494490109,5842138,INFY.NS
2016-04-13,438.099609375,446.411809182677,435.7273727078456,446.411809182677,12511386,INFY.NS
2016-04-18,462.7560119628906,473.66463388525,460.8134037756358,466.9775068662706,25015990,INFY.NS
2016-04-20,464.5865478515625,465.65124738913534,457.93681587442376,464.7359897663535,8072848,INFY.NS
2016-04-21,458.1236267089844,467.3510839052942,455.06022693453264,467.3510839052942,5441100,INFY.NS
2016-04-22,452.5011596679688,458.9454486291844,450.9134363007127,458.123586539206,5143938,INFY.NS
2016-04-25,454.21966552734375,457.5632517889238,448.7093310279746,452.8000812894692,5364134,INFY.NS
2016-04-26,460.3092041015625,463.0737208250752,451.51132720521446,454.0703555277415,5846744,INFY.NS
2016-04-27,463.2976379394531,464.1194999411842,458.9640966877329,459.206888458747,4486208,INFY.NS
2016-04-28,451.716796875,463.09235336562233,450.9135862543874,459.8795564864548,12165168,INFY.NS
2016-04-29,451.3244018554688,457.0962710762023,450.1663067843955,452.5758924258749,5036410,INFY.NS
2016-05-02,448.6906433105469,452.4638120868996,446.86008253689033,452.0341837007453,3615250,INFY.NS
2016-05-03,440.0049133300781,452.85609809984,437.7634212511745,449.3257663168762,6824810,INFY.NS
2016-05-04,444.1329956054688,445.68337017980895,437.33382077278713,441.2003857354186,5812842,INFY.NS
2016-05-05,445.4778137207031,447.9247939305219,441.2376673692039,446.486512428463,6302668,INFY.NS
2016-05-06,441.3871765136719,444.4879256606644,439.7247546910924,444.4879256606644,2596720,INFY.NS
2016-05-09,447.9436340332031,448.8775892806738,441.05101694489935,441.5740410041397,5123678,INFY.NS
2016-05-10,453.080322265625,454.518604017738,447.0282657766849,449.2324089621024,3395704,INFY.NS
2016-05-11,448.9895935058594,453.7901138969984,445.49661033583175,447.7381027148799,3709888,INFY.NS
2016-05-12,452.0343017578125,453.1550479605178,447.103036707221,449.755460266301,3406932,INFY.NS
2016-05-13,451.0069274902344,452.0342781223306,445.3658476855616,450.5399499301906,5652064,INFY.NS
2016-05-16,453.9022216796875,457.1337157530427,450.16640092512216,452.1090094761839,4533878,INFY.NS
2016-05-17,453.6219787597656,457.9181720937062,451.343137503287,455.7700754267359,3796294,INFY.NS
2016-05-18,451.9781799316406,453.5285543740846,447.5138932102062,447.92482429532737,4256596,INFY.NS
2016-05-19,450.4465026855469,454.33176465955376,448.6719881611792,452.3891108709143,3954400,INFY.NS
2016-05-20,448.896240234375,455.5833689151641,448.2985179977014,450.1664284893585,3994548,INFY.NS
2016-05-23,443.8155212402344,450.2224631801417,442.69477497447616,449.5686945251161,4585946,INFY.NS
2016-05-24,443.7220458984375,445.2163739839722,439.9301792607386,444.9548848103132,3485060,INFY.NS
2016-05-25,451.5299072265625,453.1923289360839,446.0942707190548,446.0942707190548,3857396,INFY.NS
2016-05-26,461.0562438964844,463.1669913605197,452.07157837051903,452.07157837051903,6136436,INFY.NS
2016-05-27,466.0435485839844,470.5265326184596,460.1035856176504,460.1035856176504,6180764,INFY.NS
2016-05-30,473.55267333984375,475.1964437438915,463.8021893931143,463.8021893931143,5285700,INFY.NS
2016-05-31,466.4731750488281,473.2350001517752,462.8680996155907,472.58123164949336,13782038,INFY.NS
2016-06-01,470.0408935546875,473.888806718505,465.4832110139986,465.5019083568743,4840534,INFY.NS
2016-06-02,471.2924499511719,476.2797611613211,468.4718872531138,468.8454693003651,5053552,INFY.NS
2016-06-03,473.291015625,477.92344125891753,470.7319882040524,470.7319882040524,3998380,INFY.NS
2016-06-06,473.2350463867188,477.0642622741976,471.1242987524776,472.5439287374388,4225768,INFY.NS
2016-06-07,469.74212646484375,475.3832068717022,468.8828694213266,473.3285053881703,5692420,INFY.NS
2016-06-08,462.5318298339844,472.1889146774511,461.5044794122695,472.1889146774511,8741370,INFY.NS
2016-06-09,448.0382690429688,463.43899402272496,445.97855863435166,463.43899402272496,12740804,INFY.NS
2016-06-10,446.1863708496094,449.73893976875297,442.2180860869439,444.2211435160898,6383956,INFY.NS
2016-06-13,446.29974365234375,447.8114710955667,440.6685496994862,444.7502322498923,5286722,INFY.NS
2016-06-14,444.0698852539063,446.8665899283138,441.1409136703167,446.8665899283138,2940728,INFY.NS
2016-06-15,449.7199401855469,450.7403837561167,445.6005203517698,447.3578663660626,6711572,INFY.NS
2016-06-16,448.2271728515625,449.54993432287824,442.21804722644777,449.54993432287824,5302564,INFY.NS
2016-06-17,445.7705993652344,450.7781961787904,444.10769006444735,449.3609517975953,8515082,INFY.NS
2016-06-20,456.8252258300781,457.97793668401897,445.8462846790684,446.3376146476296,6229566,INFY.NS
2016-06-21,455.8235778808594,459.1116125325083,451.8742086508913,457.75102101637367,4761724,INFY.NS
2016-06-22,453.3292846679688,458.0345180642982,449.03976710784207,455.0299781077402,3031258,INFY.NS
2016-06-23,457.9022521972656,459.13053079550633,451.0049954532989,452.4978540455641,3828626,INFY.NS
2016-06-24,451.45849609375,453.1402743212224,438.40093262103255,448.983024098092,7808348,INFY.NS
2016-06-27,440.7441101074219,447.16895163163656,438.4009510640592,442.9550483628681,5583778,INFY.NS
2016-06-28,438.0796203613281,443.1250002632755,436.5489782393416,439.4590805484858,7655974,INFY.NS
2016-06-29,444.7691040039063,445.9218146404323,438.47652925443685,441.80234810447934,5459150,INFY.NS
2016-06-30,442.4826049804688,447.6602525973304,441.4054623576541,446.1485252774576,9346224,INFY.NS
2016-07-01,443.0872802734375,445.9595529128044,442.2180186233797,445.9595529128044,3991912,INFY.NS
2016-07-04,447.4523620605469,451.4773451904148,444.5233904409806,444.5233904409806,5381322,INFY.NS
2016-07-05,444.2399597167969,448.7940568101311,442.5770965400221,447.8492272168466,3596416,INFY.NS
2016-07-07,437.3616943359375,442.5582579973064,436.51134755498623,441.6889961675167,5954876,INFY.NS
2016-07-08,437.7206115722656,441.0464300123504,435.9443504877859,439.5347027458128,5551648,INFY.NS
2016-07-11,444.0888671875,445.4682816207809,438.4009740276605,441.19767912331,6668882,INFY.NS
2016-07-12,444.65576171875,446.0918751494141,441.4244257647979,445.9596082212855,6197368,INFY.NS
2016-07-13,451.1750793457031,451.9309430764654,444.14550974220526,445.9596011497391,5275420,INFY.NS
2016-07-14,444.54241943359375,452.0254898786165,439.9127534288656,451.6286429102185,7413328,INFY.NS
2016-07-15,405.3508605957031,449.7011579516331,397.5843419266064,449.5499759711962,61484126,INFY.NS
2016-07-18,408.90338134765625,410.0183080803088,398.7748345888439,407.127119955651,14332824,INFY.NS
2016-07-19,410.7929992675781,411.9457098451601,405.9365843003836,411.416596036856,10404644,INFY.NS
2016-07-20,409.3380126953125,411.9079679499324,404.3871142615794,404.3871142615794,9822896,INFY.NS
2016-07-21,408.1285705566406,410.88744508713313,406.50344532109057,407.7884227010308,8668002,INFY.NS
2016-07-22,405.3130187988281,408.12863893360816,403.1399105287903,404.3871041635602,9386538,INFY.NS
2016-07-25,408.4876708984375,409.3947166542264,401.7415959413272,401.7415959413272,8469552,INFY.NS
2016-07-26,411.4544677734375,411.9080137634248,404.5194261853117,404.5194261853117,7189610,INFY.NS
2016-07-27,410.1883544921875,414.4023041580387,407.6184454027726,409.9426895446759,7431820,INFY.NS
2016-07-28,407.2215270996094,410.79296426641,405.917680802969,410.2071976388379,11258562,INFY.NS
2016-07-29,405.8421630859375,406.93817482683545,403.0643728375389,405.369748209194,8156784,INFY.NS
2016-08-01,410.1505737304688,411.1331873939173,403.7635157166593,404.9540103682997,9096662,INFY.NS
2016-08-02,409.60247802734375,410.0559777056684,406.2766599387959,408.1285348714134,6822502,INFY.NS
2016-08-03,410.018310546875,410.6229923349657,404.5005142623696,410.3017594601297,7213460,INFY.NS
2016-08-04,405.06732177734375,410.7740827316716,404.4059411272072,410.58511683163255,4237278,INFY.NS
2016-08-05,403.6312255859375,405.6909357646711,400.6077707126346,405.1429530225889,5609968,INFY.NS
2016-08-08,407.6750793457031,408.5443410782973,401.5715167078621,404.0091587536538,4643064,INFY.NS
2016-08-09,409.4514770507813,409.8671929620168,404.9540776936847,407.0327033841329,7192664,INFY.NS
2016-08-10,409.0545349121094,411.1520751655742,406.35231291619607,406.6546768545502,5576454,INFY.NS
2016-08-11,407.1648864746094,413.8353931341722,406.37123878312207,408.8088808643176,5038552,INFY.NS
2016-08-12,401.5714721679688,407.7128642180904,400.6077275771706,406.2956198988316,7449928,INFY.NS
2016-08-16,397.50872802734375,399.8708020288985,388.5139317757202,393.8049775392028,16429408,INFY.NS
2016-08-17,390.5169982910156,397.82997034728777,389.4587706593923,396.8095266737384,6599316,INFY.NS
2016-08-18,386.7754821777344,392.7089940399659,386.0574024030937,391.7263804119497,8434000,INFY.NS
2016-08-19,385.9818115234375,392.671210189172,384.9047149283079,389.2698233829135,5686016,INFY.NS
2016-08-22,383.7709045410156,389.2698083858559,381.3710234354464,384.7346261522343,10253518,INFY.NS
2016-08-23,392.9168701171875,393.8050007673058,385.5282837508145,385.5282837508145,7406138,INFY.NS
2016-08-24,399.625244140625,401.3826368953295,395.6947427224496,395.6947427224496,6129966,INFY.NS
2016-08-25,391.5940856933594,399.7007052169824,390.0634432858953,398.71809165870354,4796562,INFY.NS
2016-08-26,385.5849609375,395.3167058472188,384.375574432381,391.5373874356775,6881054,INFY.NS
2016-08-29,386.5486755371094,389.2697893576957,382.0890845054663,384.5834253851788,5220282,INFY.NS
2016-08-30,393.2002868652344,394.9387640639276,387.3801274311251,390.1957011231413,4375438,INFY.NS
2016-08-31,391.480712890625,395.2222475786569,388.4383890598182,391.953127721582,11139814,INFY.NS
2016-09-01,392.1231994628906,393.2191648926504,390.0256592949559,392.2932503373684,2877826,INFY.NS
2016-09-02,389.9690246582031,393.04917889272514,387.8337001806347,392.69016203878897,3332592,INFY.NS
2016-09-06,394.9387512207031,396.412694543019,391.3861828919625,392.3877114400909,8215044,INFY.NS
2016-09-07,398.472412109375,400.2298043297421,394.5608269313038,396.072554237554,7425470,INFY.NS
2016-09-08,392.1610412597656,394.9388314695647,387.00226165055903,394.9388314695647,9092774,INFY.NS
2016-09-09,391.3484802246094,393.42710566278936,387.9660081925498,391.91537807138576,5053438,INFY.NS
2016-09-12,398.3402099609375,399.8519375129714,387.4746681806937,387.4746681806937,6203096,INFY.NS
2016-09-14,395.1655883789063,399.7763852740698,393.29484391357215,398.3213105407372,5152418,INFY.NS
2016-09-15,393.8805541992188,395.6190776103712,391.2917302628844,395.1655317114475,4701722,INFY.NS
2016-09-16,400.66448974609375,402.30848418877736,392.331073381292,396.45054007893606,9949384,INFY.NS
2016-09-19,401.0613098144531,403.9714130959023,393.5593709013485,395.3167634456222,5809154,INFY.NS
2016-09-20,396.8852233886719,399.53074688448936,395.22231367873286,398.07571818864346,4214004,INFY.NS
2016-09-21,399.0015869140625,401.08021227804767,397.22532551127136,398.34020611643086,4231532,INFY.NS
2016-09-22,400.154296875,400.9857285653511,397.5843416123933,400.2298647980271,3629514,INFY.NS
2016-09-23,394.0128479003906,400.1542401391405,393.0491032799918,399.47394439129937,5205294,INFY.NS
2016-09-26,391.4996337890625,394.5608727125663,389.64775839718,394.0884578745484,6371798,INFY.NS
2016-09-27,392.9546508789063,396.7906684793297,390.53587775147713,391.17838959312405,6525660,INFY.NS
2016-09-28,392.6523742675781,393.9184831857903,390.4981806432158,393.04922126198346,5434708,INFY.NS
2016-09-29,388.9674682617188,394.9198953077428,387.00224096054586,394.9198953077428,8902638,INFY.NS
2016-09-30,391.5562744140625,394.52302992760906,389.685484253896,389.685484253896,6502354,INFY.NS
2016-10-03,392.3310241699219,393.0491038750064,387.7958422021334,391.3484106370857,3656160,INFY.NS
2016-10-04,396.5260620117188,397.3575397275608,392.4066419261077,393.0491075905818,5066586,INFY.NS
2016-10-05,393.6159973144531,396.7717188389948,391.9153040951396,396.5260539249094,2307574,INFY.NS
2016-10-06,388.2872314453125,394.9388234556069,387.73920252646656,394.9388234556069,3721882,INFY.NS
2016-10-07,382.6749267578125,390.7060024066822,381.7489890231975,389.2509277374036,6288558,INFY.NS
2016-10-10,389.25091552734375,389.9312113548685,381.7111930878771,384.35671620828816,5413170,INFY.NS
2016-10-13,397.7166748046875,399.8519995299768,386.0196995103309,386.0196995103309,9778690,INFY.NS
2016-10-14,388.1927185058594,409.18680560936485,376.5146148266671,397.9244638828096,33461690,INFY.NS
2016-10-17,386.3975524902344,393.72943998323456,384.48897809611503,391.1405697705103,8014858,INFY.NS
2016-10-18,392.6901245117188,393.2381072646782,388.2494250784079,389.2698226646983,6388134,INFY.NS
2016-10-19,393.72943115234375,395.2033285024942,391.5374079053471,393.8049990708221,3509836,INFY.NS
2016-10-20,391.78314208984375,397.0930579936409,390.7060453227173,394.84438147745993,3535490,INFY.NS
2016-10-21,396.615234375,397.6465757180375,390.579849828716,395.3546646187981,3863620,INFY.NS
2016-10-24,392.3369140625,398.2958727094861,391.7257471859708,396.30956870350536,2902974,INFY.NS
2016-10-25,388.5553588867188,396.8444425770098,387.7913884694482,395.9276687504744,5636014,INFY.NS
2016-10-26,387.4093627929688,389.5675650076014,385.5376261403622,388.4789166025192,2775216,INFY.NS
2016-10-27,383.3221130371094,388.8418033336826,382.4053393153963,388.8227087383395,7227790,INFY.NS
2016-10-28,381.0302734375,385.8050888941103,379.36864698441104,383.97156442167767,5840706,INFY.NS
2016-11-01,377.9551696777344,384.5826019740468,376.7901197615338,384.5826019740468,6332798,INFY.NS
2016-11-02,374.7465515136719,377.2103605569233,374.3454717425669,376.17899592085007,5377194,INFY.NS
2016-11-03,369.3222961425781,375.1093799141082,368.65382219670266,374.7464893948716,5225108,INFY.NS
2016-11-04,370.9075927734375,374.0398757687236,367.0877411485823,369.3796521234954,6005548,INFY.NS
2016-11-07,373.5624084472656,376.6373844586938,372.4355475124,376.255399281758,4537672,INFY.NS
2016-11-08,375.3385925292969,377.30582534335537,370.7547708091042,376.98114729731753,5261108,INFY.NS
2016-11-09,366.0563049316406,372.282657199125,344.16856406624714,355.2461316111097,12764158,INFY.NS
2016-11-10,358.8369140625,367.6607630498865,357.1561698198898,367.6607630498865,7287330,INFY.NS
2016-11-11,352.0184020996094,360.975958320846,350.9297537733397,359.0660326154447,7096782,INFY.NS
2016-11-15,352.7824401855469,359.0470070291041,347.052661968096,352.95433819497583,9235850,INFY.NS
2016-11-16,359.4099426269531,365.5025889090661,354.6924106487897,355.2462939420355,12222616,INFY.NS
2016-11-17,355.1697998046875,362.5039195953378,353.8710642395304,356.8696384425125,5706730,INFY.NS
2016-11-18,351.42633056640625,356.4876336968464,350.47136771160626,355.2461819856064,6040228,INFY.NS
2016-11-21,348.02667236328125,354.06205658474755,346.4414479270043,354.06205658474755,7940568,INFY.NS
2016-11-22,349.2108459472656,354.73053629881525,348.23678842982144,350.2422105658342,5483126,INFY.NS
2016-11-23,351.5218505859375,352.5341206061811,348.54237094069754,352.2285138203929,8251786,INFY.NS
2016-11-24,355.3607788085937,359.0278502210703,352.6868827704335,354.558619322955,16780644,INFY.NS
2016-11-25,373.3905029296875,376.255391698969,355.4181053799665,355.4181053799665,12631380,INFY.NS
2016-11-28,374.2499694824219,375.6633192712109,370.7547958588176,374.078071493396,7365712,INFY.NS
2016-11-29,371.5187683105469,376.1408028723646,369.41784986822734,373.88708103570286,6125506,INFY.NS
2016-11-30,372.6456298828125,373.1995130451191,367.10684488879593,371.67157235711454,8500918,INFY.NS
2016-12-01,372.6646728515625,375.7014592111767,369.3796101532573,372.8174762250042,4611590,INFY.NS
2016-12-02,368.4247131347656,370.3728282641003,367.12595417219205,368.5393040280455,4453228,INFY.NS
2016-12-05,367.3360290527344,369.9908071952738,365.9417739285543,368.9594659412483,3659576,INFY.NS
2016-12-06,369.1886596679688,374.15446678197145,367.3360409550928,367.39332474077065,3562110,INFY.NS
2016-12-07,369.15045166015625,371.67154427909736,366.7821391097589,369.7616185633775,3385980,INFY.NS
2016-12-08,376.1216735839844,376.6755333797075,370.5446766082508,370.5446766082508,5941662,INFY.NS
2016-12-09,377.9170227050781,385.09836263044406,374.9184484139249,376.2553965233989,8648384,INFY.NS
2016-12-12,373.3331909179688,375.41501472583553,368.6920851614928,375.41501472583553,5345020,INFY.NS
2016-12-13,378.2417297363281,379.253976474178,370.945798812749,374.53646882901575,4854282,INFY.NS
2016-12-14,381.88958740234375,383.8759145003486,375.9115115170495,378.5472179202027,5382614,INFY.NS
2016-12-15,379.0629577636719,389.2237768358547,377.7833168252098,380.99200144053566,7966416,INFY.NS
2016-12-16,383.9523620605469,385.69038973604273,381.1256627777793,383.4366681472533,6436742,INFY.NS
2016-12-19,383.7614135742188,385.1365508719039,379.73145134541215,384.3152734237289,4124134,INFY.NS
2016-12-20,386.6263427734375,389.24293215741886,382.4817892224955,382.74918353457673,7636498,INFY.NS
2016-12-21,382.5771789550781,390.3887790500503,381.3166327658637,388.0968684098347,7343976,INFY.NS
2016-12-22,376.1407775878906,384.6590416730588,370.33459871105305,382.94010851761806,7060054,INFY.NS
2016-12-23,377.5732727050781,384.5062900431523,371.900778539898,376.2172299183909,7306036,INFY.NS
2016-12-26,375.3959655761719,379.69329919380806,372.4737693903685,377.4013879310688,3213828,INFY.NS
2016-12-27,381.5840759277344,382.7109367998901,374.345452564726,375.3959117428413,4912816,INFY.NS
2016-12-28,381.4122009277344,385.72862878409165,380.07525280229913,383.1120396358356,5476816,INFY.NS
2016-12-29,379.0629577636719,385.0410347419732,377.4586387705325,383.41759783953927,6240124,INFY.NS
2016-12-30,386.0341796875,386.5689682183544,379.21575414898354,381.22117616790285,7267768,INFY.NS
2017-01-02,382.4052734375,386.9318108511899,381.7367995139801,386.2251244290424,2335222,INFY.NS
2017-01-03,379.6359252929688,383.85687977749694,375.1094106712682,383.55127301127885,6778482,INFY.NS
2017-01-04,381.1257019042969,383.5895109042428,379.0247834773626,380.0943372863515,7073586,INFY.NS
2017-01-05,380.5144958496094,385.613987999575,377.6877965671914,382.5962961525214,8207074,INFY.NS
2017-01-06,371.3851318359375,381.5459294083892,369.7807892417273,380.03710643414144,14393448,INFY.NS
2017-01-09,370.65924072265625,373.18035642757405,368.61562971790414,371.38502175464487,10545692,INFY.NS
2017-01-10,370.7356567382813,374.7274059394808,369.7425047435572,373.19946544635343,11939854,INFY.NS
2017-01-11,370.1818542480469,373.7534299171009,368.2146444235286,372.1299927896745,12241574,INFY.NS
2017-01-12,382.0042114257813,383.6658606727169,373.4095462970423,373.4095462970423,11855740,INFY.NS
2017-01-13,372.7410888671875,397.26453911795,367.7370929406453,393.44468778027743,31276246,INFY.NS
2017-01-16,365.0440979003906,368.7875475021552,363.8217408245331,368.61564953117926,12351372,INFY.NS
2017-01-17,364.9486389160156,368.233702035753,363.80268341175497,365.27331698307967,5560094,INFY.NS
2017-01-18,363.1914367675781,367.0876895400647,362.8094516587956,365.97992339878687,5952962,INFY.NS
2017-01-19,365.97998046875,366.55295822127255,362.16012878526647,363.2678950992864,8876480,INFY.NS
2017-01-20,362.3893127441406,364.08915130707845,361.3579481868338,362.88588877113335,9124742,INFY.NS
2017-01-23,363.9172058105469,365.9417221574912,359.0659904259308,360.9759159069198,7948580,INFY.NS
2017-01-24,361.1860961914063,362.8859349707535,359.10427221735307,362.8859349707535,6826010,INFY.NS
2017-01-25,357.76727294921875,361.6635260417681,357.07970435983304,361.3961317807506,9978090,INFY.NS
2017-01-27,359.8873596191406,361.9500656766852,344.2259666753137,356.71686385937926,10635138,INFY.NS
2017-01-30,362.63763427734375,363.4589117695277,354.80693780726983,358.11111905825777,11369208,INFY.NS
2017-01-31,354.71142578125,359.6390438868156,345.4482852456629,359.6390438868156,24068534,INFY.NS
2017-02-01,350.18487548828125,352.64868429288134,345.75385721042073,351.8465015138483,11531782,INFY.NS
2017-02-02,357.4998779296875,360.975933145278,347.64464332553285,350.2803499409735,11828268,INFY.NS
2017-02-03,357.5763244628906,359.40987201333144,351.8274520576193,356.6977631951109,8423958,INFY.NS
2017-02-06,357.25164794921875,360.4985220551459,355.45631289833034,358.0156183270839,6727934,INFY.NS
2017-02-07,359.9254455566406,362.8094282791999,354.6922452406447,356.39208352809305,9268002,INFY.NS
2017-02-08,357.72906494140625,360.632142528096,356.182029868045,357.53807238137347,6319962,INFY.NS
2017-02-09,361.3579406738281,362.8858812263602,357.7481764555667,357.920074430631,11907266,INFY.NS
2017-02-10,369.8762817382813,371.28963170706754,360.3266512931406,361.4535123485727,12252452,INFY.NS
2017-02-13,376.007080078125,376.6755541030723,367.79439920020087,371.6142507713284,13724268,INFY.NS
2017-02-14,377.2866821289063,377.7832580883631,371.4231969453952,374.3453922412496,9338818,INFY.NS
2017-02-15,375.0330200195313,381.5267676459332,370.0672130111063,377.859719488598,7259486,INFY.NS
2017-02-16,386.6071472167969,387.2947391139209,378.184379622252,378.5472701647292,12815858,INFY.NS
2017-02-17,382.02337646484375,387.2374835969158,379.19670006774686,387.2374835969158,4851208,INFY.NS
2017-02-20,385.9005126953125,393.8267048640111,379.5022611856402,380.64821667990986,4650662,INFY.NS
2017-02-21,387.1800842285156,391.3437311033984,382.0041908372947,390.42695754660144,7613996,INFY.NS
2017-02-22,378.22265625,387.71497917290543,376.7902117456666,387.71497917290543,6607838,INFY.NS
2017-02-23,385.36572265625,389.62486655270936,379.44495262530194,381.56498893316393,9542656,INFY.NS
2017-02-27,386.72174072265625,390.7707736260127,384.63991717777566,384.7736026425528,5328696,INFY.NS
2017-02-28,386.72174072265625,390.6561827541293,385.518478281577,386.5116302572618,5940132,INFY.NS
2017-03-01,391.5921325683594,392.29879585436055,385.84323672335177,386.5690179207526,4282448,INFY.NS
2017-03-02,390.8854675292969,392.680802710431,388.2879727190205,391.3056652563221,2948498,INFY.NS
2017-03-03,393.9031372070313,395.0873286832404,382.1380204982282,385.9005655607102,5401612,INFY.NS
2017-03-06,394.9344787597656,395.7175203851406,389.5102846530439,389.64397013746895,5286386,INFY.NS
2017-03-07,389.5484313964844,391.8403654938623,387.6003165568658,390.388803346436,4644496,INFY.NS
2017-03-08,384.9646911621094,388.44077057254384,383.6850500304745,388.44077057254384,6179176,INFY.NS
2017-03-09,386.3971252441406,386.9510084482601,381.6032156365369,384.9646807410005,3480630,INFY.NS
2017-03-10,390.33154296875,392.5470756422992,387.1037868815246,387.7149538376262,4550324,INFY.NS
2017-03-14,395.27825927734375,397.9903445673466,390.6944140769399,390.6944140769399,7878396,INFY.NS
2017-03-15,386.5499572753906,395.3165229467023,384.8501183428812,395.3165229467023,6373978,INFY.NS
2017-03-16,393.00537109375,394.09401933143073,387.06550729621375,387.06550729621375,6702956,INFY.NS
2017-03-17,397.3791809082031,398.3723329991648,389.3383746323399,395.50744429694,9507846,INFY.NS
2017-03-20,390.1977844238281,392.12682785404496,387.7530704281105,392.12682785404496,4427388,INFY.NS
2017-03-21,394.5333862304688,395.3355457875247,389.1664990818177,389.9686819533989,4869584,INFY.NS
2017-03-22,392.5661315917969,397.2454498174287,389.7776678919104,390.5607328096215,3990852,INFY.NS
2017-03-23,397.43646240234375,398.4105432642456,392.1459769781924,392.7762618518318,4501662,INFY.NS
2017-03-24,393.9794921875,398.7924957413274,392.56611915811527,396.5005848462623,4883896,INFY.NS
2017-03-27,393.00537109375,397.9711775237002,391.343745191075,392.375086336448,7684824,INFY.NS
2017-03-28,395.4119262695313,396.8825597300173,393.4638113849235,394.0176711852866,4796796,INFY.NS
2017-03-29,394.15142822265625,397.8375948119672,391.859516970739,395.0873199612881,6981186,INFY.NS
2017-03-30,391.7257995605469,395.6984547327047,389.7203773784963,394.9726735695812,12157180,INFY.NS
2017-03-31,390.4843444824219,393.17735861323087,385.0410557478907,390.86632965677495,14153854,INFY.NS
2017-04-03,385.3465881347656,394.3805223217712,384.3152236378469,394.2659547620845,4315600,INFY.NS
2017-04-05,380.4380187988281,384.0477822182801,378.54718812058974,383.894978871032,7398338,INFY.NS
2017-04-06,381.8323059082031,384.2006182486292,378.9292284035008,381.2784461513671,5379008,INFY.NS
2017-04-07,374.93743896484375,382.3288640219638,373.9633817040036,382.3288640219638,6404508,INFY.NS
2017-04-10,364.1847229003906,377.97438019933537,362.92415300606206,376.2172574898591,9528472,INFY.NS
2017-04-11,369.43695068359375,371.1749784698209,365.1969014893051,365.1969014893051,8655466,INFY.NS
2017-04-12,370.0862731933594,373.16127205272727,366.83939968206977,370.5255654059895,6696752,INFY.NS
2017-04-13,355.781005859375,378.1653280741135,353.96657625497903,370.5256244766567,30973188,INFY.NS
2017-04-17,353.2980651855469,356.0483395409458,352.7632766639289,355.2461800730416,7213434,INFY.NS
2017-04-18,352.4386291503906,356.7741515375911,351.08256313478967,353.2407886877809,4647518,INFY.NS
2017-04-19,351.12078857421875,355.2462239311593,348.61879026212483,352.57232762200005,10071702,INFY.NS
2017-04-20,354.2148132324219,355.1315868879503,350.87244328031994,351.9993040985045,4549000,INFY.NS
2017-04-21,352.8397521972656,357.0797788112959,351.84657663705474,357.0797788112959,3577466,INFY.NS
2017-04-24,353.9283142089844,354.6731898683813,348.7524204090814,350.47135347791044,5556666,INFY.NS
2017-04-25,354.9978942871094,356.392149427937,351.6364295877784,353.68006415466994,4737060,INFY.NS
2017-04-26,349.2299499511719,357.3662296021416,347.6829146389035,355.2271219252427,9084496,INFY.NS
2017-04-27,353.4317626953125,354.86420701858447,349.8984000312415,349.8984000312415,7797208,INFY.NS
2017-04-28,351.02520751953125,354.25298623340484,349.7455434632751,354.0428757796548,5029702,INFY.NS
2017-05-02,352.41949462890625,353.87105686932625,349.5546059667988,352.95428317164243,3231126,INFY.NS
2017-05-03,356.8887634277344,358.7222877028952,350.5287239125336,353.9092835662823,4659448,INFY.NS
2017-05-04,358.1683654785156,358.93233573640015,354.82599560027086,357.9200658188944,5279806,INFY.NS
2017-05-05,355.81915283203125,358.05375654333164,351.42632378472223,357.5380859375,4432788,INFY.NS
2017-05-08,361.16693115234375,362.3319811060599,356.01013202959746,358.30204275081803,4707098,INFY.NS
2017-05-09,361.6062927246094,363.63080958709753,359.86824144269804,363.1151155871968,5649372,INFY.NS
2017-05-10,360.4603576660156,362.8859544568373,357.9774537671004,361.7973059192777,3364302,INFY.NS
2017-05-11,360.6321411132813,362.8285555450414,358.1301432495718,361.68260018934046,3229482,INFY.NS
2017-05-12,368.3291320800781,368.9976060039984,363.43972747087946,364.0317997120191,10979996,INFY.NS
2017-05-15,363.47796630859375,368.042693532698,362.54209802435525,368.042693532698,7297164,INFY.NS
2017-05-16,364.7957763671875,366.7630089896356,361.7208009256352,364.0699953397063,6130168,INFY.NS
2017-05-17,363.9554443359375,366.11366974785454,360.536672598579,363.49705749545245,2915508,INFY.NS
2017-05-18,367.3742980957031,372.01542800572327,360.1547678611226,360.2120749719241,8057848,INFY.NS
2017-05-19,365.9226684570313,367.7370978667312,362.0646045655872,367.2787110371656,4257396,INFY.NS
2017-05-22,367.2595825195313,369.3414059970577,365.387846186081,366.0945326164541,5503052,INFY.NS
2017-05-23,365.6744079589844,369.3796688659429,364.4520507207216,368.4820130192245,4039982,INFY.NS
2017-05-24,364.719482421875,368.8067289278965,362.7331546202589,366.7058102234911,5636286,INFY.NS
2017-05-25,375.6060485839844,376.86659510150696,367.0877831488468,367.0877831488468,10438514,INFY.NS
2017-05-26,380.3426208496094,381.9851523417743,374.5746310605345,377.01934536133126,4988004,INFY.NS
2017-05-29,376.312744140625,380.7246687139893,372.7029791934989,378.5091591283783,6308434,INFY.NS
2017-05-30,380.53363037109375,381.9851693517254,373.82979531187584,375.1094363033943,3716910,INFY.NS
2017-05-31,373.2186279296875,379.52138361033616,372.3782558426958,379.52138361033616,7763900,INFY.NS
2017-06-01,376.7480163574219,379.9670855958419,371.7642551000166,375.9335376551465,5508606,INFY.NS
2017-06-02,375.99163818359375,378.31867908379,373.955477395922,377.5236115105998,3917966,INFY.NS
2017-06-05,371.8417663574219,376.98064865649445,371.1824333280694,376.2049683094647,5462698,INFY.NS
2017-06-06,379.8312377929688,382.9921444539243,374.0330465435532,374.2657411625691,7008686,INFY.NS
2017-06-07,372.8307495117188,383.5351523731171,366.5089594950177,382.0225662461296,12455046,INFY.NS
2017-06-08,370.9497985839844,373.4707601188502,367.73072935845664,373.4707601188502,6195352,INFY.NS
2017-06-09,367.90521240234375,368.8166510956694,357.976512531124,364.007423040364,14757662,INFY.NS
2017-06-12,373.81976318359375,374.34336165095857,364.6085585350558,365.8690391711716,8591676,INFY.NS
2017-06-13,371.4732971191406,373.4706833936426,369.0686834147368,369.8055891807569,4937794,INFY.NS
2017-06-14,371.7835693359375,373.0634608063637,368.9135663440395,372.326555030778,7438110,INFY.NS
2017-06-15,369.2626037597656,375.40988444716487,368.2930033679252,372.1908158806315,5528062,INFY.NS
2017-06-16,364.6667175292969,369.9413343390841,363.0183968172527,368.0990935432701,10948450,INFY.NS
2017-06-19,360.6331787109375,364.666726015976,359.9156838530451,364.55037869738334,6855860,INFY.NS
2017-06-20,365.9465942382813,367.245873034236,362.2621125571406,362.63056545963184,5184396,INFY.NS
2017-06-21,365.8690490722656,368.0603557061839,363.03782030121096,366.5089948812896,3735864,INFY.NS
2017-06-22,364.6278991699219,375.70072988836506,362.6692876216721,367.55608734863785,9465242,INFY.NS
2017-06-23,365.8302307128906,368.11849712434906,363.7940698740434,366.5089509925064,6403018,INFY.NS
2017-06-27,359.5472106933594,367.6724666689973,358.26734291717963,366.5089462048549,6904660,INFY.NS
2017-06-28,358.63580322265625,361.8548718390446,357.20078988613085,361.77729907211904,5905224,INFY.NS
2017-06-29,360.7689208984375,367.653083725692,359.3726821218917,360.7689208984375,15914040,INFY.NS
2017-06-30,362.8438720703125,363.79408523627694,360.30352365085423,361.0016312335616,4216700,INFY.NS
2017-07-03,369.1851501464844,370.3874454745565,362.4754947621553,364.9964564329245,5088924,INFY.NS
2017-07-04,373.1604919433594,376.2050283223671,368.21552894221486,369.94139905216167,5167726,INFY.NS
2017-07-05,368.7972412109375,371.9387372391981,366.6641201944457,371.9387372391981,4226228,INFY.NS
2017-07-06,367.2846984863281,371.16310079346994,366.1987505747063,366.5090180248998,3829720,INFY.NS
2017-07-07,362.7857055664063,366.683494552129,361.8742669610626,366.062936075151,5776886,INFY.NS
2017-07-10,371.1824645996094,372.2490251666314,364.5697938184501,365.8108872126351,1464376,INFY.NS
2017-07-11,378.2798461914063,383.7677932800814,371.02725498809576,371.02725498809576,11539708,INFY.NS
2017-07-12,377.1163635253906,380.6651103962078,375.7201484425128,378.1247621269218,6275976,INFY.NS
2017-07-13,378.9392700195313,381.42145681639136,373.9167345978162,379.01684279541206,5170392,INFY.NS
2017-07-14,377.0000915527344,390.496926847976,374.6730501683173,387.6269233436616,22478180,INFY.NS
2017-07-17,381.6540832519531,384.737417084944,377.7562945975156,378.1441347357061,7698250,INFY.NS
2017-07-18,382.2552795410156,389.70181587947934,380.50999869630783,382.42981235986366,8260180,INFY.NS
2017-07-19,380.0252075195313,383.4382201902622,375.8559254022438,380.6457660377946,5890278,INFY.NS
2017-07-20,375.99163818359375,380.0251615408035,375.0220378085119,379.8118541926624,6809740,INFY.NS
2017-07-21,380.1221008300781,381.07231388016953,376.7479106464745,377.3684453839025,5980754,INFY.NS
2017-07-24,384.1750793457031,385.51313267942027,381.0917452302381,381.4408108553419,6129176,INFY.NS
2017-07-25,385.4549560546875,387.45234246407256,382.48799286057175,383.9617808202521,7145614,INFY.NS
2017-07-26,385.5325317382813,387.4523453912639,384.1169292640576,387.1032797554902,6870024,INFY.NS
2017-07-27,376.6121826171875,389.3915206230068,374.9638619372594,386.28879934314216,12676852,INFY.NS
2017-07-28,386.8123779296875,389.0036843240957,373.218584921732,378.5319999006156,11098428,INFY.NS
2017-07-31,392.1838989257813,396.2562198207672,382.70120410736655,384.6985900150879,19158248,INFY.NS
2017-08-01,389.99267578125,394.4334504344813,387.20022184025714,392.10640942896816,7689398,INFY.NS
2017-08-02,385.2611083984375,392.785218825188,382.8759050298366,390.1672971001127,4257584,INFY.NS
2017-08-03,381.6347351074219,387.35537773225366,380.18033444009177,384.3496163531048,4640348,INFY.NS
2017-08-04,381.5377502441406,383.5739110459518,378.5513763337741,383.18607089322586,5349018,INFY.NS
2017-08-07,375.5262451171875,381.53776776042673,374.53725741670905,381.44080771779386,6073744,INFY.NS
2017-08-08,373.81976318359375,376.3019499050072,370.4067741955655,375.6232295624833,6004648,INFY.NS
2017-08-09,375.9528503417969,377.7175420106588,374.0912223046356,375.2935410060516,3922410,INFY.NS
2017-08-10,380.5681762695313,382.9921773922672,375.95286866308777,376.1661996993973,9140684,INFY.NS
2017-08-11,383.0696716308594,386.67657982767406,376.0497516154128,378.53193772498486,6544156,INFY.NS
2017-08-14,380.6457214355469,383.6514826097626,378.9780135184234,383.18606969357177,3816470,INFY.NS
2017-08-16,378.2217102050781,382.4491535384847,375.817096596708,380.8590184292749,6178080,INFY.NS
2017-08-17,395.9266662597656,399.1845334707155,387.08391426532864,389.779408441165,25784260,INFY.NS
2017-08-18,358.073486328125,394.7825729492845,342.92833033559964,394.7825729492845,164404960,INFY.NS
2017-08-21,338.73956298828125,358.3642631692745,337.42089713990134,358.3642631692745,90407176,INFY.NS
2017-08-22,339.5152893066406,347.9120146608437,333.5425413074965,347.19451982562225,49242598,INFY.NS
2017-08-23,346.2637023925781,350.49116975524345,338.93353731177194,341.29935290291286,61284190,INFY.NS
2017-08-24,353.7684936523437,356.1343097095646,349.967640263262,352.9346276457433,42380524,INFY.NS
2017-08-28,364.9576721191406,369.9802080479319,363.7941513791221,366.1018055812035,40712108,INFY.NS
2017-08-29,359.702392578125,365.3454626651682,358.96548674093737,365.132155292894,13369392,INFY.NS
2017-08-30,359.3921203613281,364.1819372234679,358.4031089425411,363.4838296181197,16149664,INFY.NS
2017-08-31,354.8543395996094,360.2841015408228,354.05927204973693,360.2259160512708,15022452,INFY.NS
2017-09-01,356.7935791015625,359.10123291195987,352.93456456779023,355.2422183781876,8433922,INFY.NS
2017-09-04,349.1336975097656,357.2395422035536,346.53516384671184,357.2007676584461,10177108,INFY.NS
2017-09-05,349.7929992675781,350.9952941212298,347.98953331521926,349.8317738092257,9783392,INFY.NS
2017-09-06,347.3496398925781,349.1724933897937,345.177744452418,349.05614607547886,7735910,INFY.NS
2017-09-07,347.4078063964844,349.250047066742,346.0891404479675,349.0561269961886,6241192,INFY.NS
2017-09-08,342.9670104980469,348.6682649484887,342.1137575068444,348.6682649484887,8604542,INFY.NS
2017-09-11,340.79510498046875,345.87580088695665,338.8365171846951,345.33283894311325,13787642,INFY.NS
2017-09-12,342.8700866699219,344.30509998774534,340.8339258420586,342.2883264333895,17241354,INFY.NS
2017-09-13,342.7537841796875,344.2469595132994,341.68722360656824,343.43250454439976,11478228,INFY.NS
2017-09-14,346.1085510253906,347.7374606788047,341.91985856837266,343.04460444514297,13698006,INFY.NS
2017-09-15,352.255859375,354.19506036247594,346.03102893957976,346.06980349057443,13459460,INFY.NS
2017-09-18,352.5855407714844,355.9403682025962,351.49959287064854,352.9346064444157,8475860,INFY.NS
2017-09-19,353.80718994140625,355.2615905577727,350.413588503218,352.15886924285763,6033330,INFY.NS
2017-09-20,353.9817199707031,355.64942793000006,351.94555912377564,355.64942793000006,5767830,INFY.NS
2017-09-21,352.76007080078125,354.9707648106803,352.2171086906285,354.8738047547364,8204152,INFY.NS
2017-09-22,348.3968505859375,353.03154575900777,344.4021012183454,352.2170907992059,17604088,INFY.NS
2017-09-25,347.2527770996094,349.8125370908174,344.8287754063584,349.4440840990649,9088700,INFY.NS
2017-09-26,351.3443908691406,352.3139912152064,346.8454310602654,347.8926041683931,7366478,INFY.NS
2017-09-27,348.97857666015625,352.120096208137,347.1557231454344,351.42196497177343,6000138,INFY.NS
2017-09-28,347.5047302246094,350.56867648886896,346.84539731904806,347.5435047659266,17537266,INFY.NS
2017-09-29,349.01739501953125,349.98699549055794,347.1169686275643,348.2804891927963,5705832,INFY.NS
2017-10-03,350.4329833984375,353.7102375929687,349.6766903271017,352.97333179589583,4947522,INFY.NS
2017-10-04,348.9009704589844,351.1504621439128,347.95078108076933,350.2196363658815,4991492,INFY.NS
2017-10-05,350.23907470703125,350.97598052807933,348.66832669046704,349.0561668758847,8611300,INFY.NS
2017-10-06,356.8711242675781,357.58861907788526,350.5881090895334,350.6074963626988,8574308,INFY.NS
2017-10-09,358.3255310058594,360.3035063404817,354.48590397761063,356.8129449227591,3504832,INFY.NS
2017-10-10,362.8050842285156,364.550364957281,360.5168178042693,364.550364957281,7143220,INFY.NS
2017-10-11,360.96282958984375,363.7940579289008,359.9156564584435,362.805070288311,5982504,INFY.NS
2017-10-12,359.6441650390625,362.3784333521383,356.6384038876076,360.69133817459135,10280972,INFY.NS
2017-10-13,360.7301635742188,362.04882973402425,359.7411757903083,361.77733685737167,7180728,INFY.NS
2017-10-16,364.1819152832031,365.3454357793156,361.85487429097816,362.9990075131991,5758750,INFY.NS
2017-10-17,360.8853149414063,363.3287035268899,360.4974747319045,363.3287035268899,5625102,INFY.NS
2017-10-18,358.5000915527344,360.6913982257644,357.9571294574628,360.264783460059,7231852,INFY.NS
2017-10-19,359.5084533691406,361.4670415098976,358.8297330658763,360.6913611633098,1091434,INFY.NS
2017-10-23,364.3758544921875,365.3454549565095,359.9544669061249,360.6913727277641,9154096,INFY.NS
2017-10-24,359.3339233398437,367.14891236099726,357.4334970072306,366.89680677764943,14529328,INFY.NS
2017-10-25,362.7469787597656,366.392686555096,354.9707865316102,356.4251874597648,13984134,INFY.NS
2017-10-26,367.42041015625,369.1463038095395,364.6085686591462,365.3454745202457,33659258,INFY.NS
2017-10-27,367.0325317382813,371.4345318268668,366.1211168166549,370.3873586439676,8524956,INFY.NS
2017-10-30,366.1598510742188,370.2515833140533,364.9769434320927,370.2515833140533,12968326,INFY.NS
2017-10-31,362.5222778320313,365.7273171477775,361.7947653504896,363.7610412491335,9954988,INFY.NS
2017-11-01,364.5672302246094,365.4913943507729,363.0925232170649,363.7610618609636,5633134,INFY.NS
2017-11-02,362.9352416992188,364.1543232451947,361.794791993066,362.9942155790861,4686138,INFY.NS
2017-11-03,364.409912109375,365.6879914091671,360.5953321679788,360.614990125959,3699086,INFY.NS
2017-11-06,365.2160949707031,367.69359783478,362.83690590283874,363.0335334952638,5066534,INFY.NS
2017-11-07,375.75537109375,377.5250196232339,364.0953439596372,364.2526556521046,13442820,INFY.NS
2017-11-08,374.4968872070313,378.2524692160373,372.60926722368487,377.6232705557186,5369994,INFY.NS
2017-11-09,375.3620300292969,378.7046987094949,372.90418541150416,374.7721473210266,4723232,INFY.NS
2017-11-10,378.3311462402344,379.23562836600064,373.5924260575615,377.0530668879322,6589428,INFY.NS
2017-11-13,374.3592529296875,381.2215602459013,373.33677511616673,378.33112042952985,5021216,INFY.NS
2017-11-14,373.238525390625,375.49974294009456,370.9379919195136,374.3593171861464,5733710,INFY.NS
2017-11-15,374.3002624511719,374.9688010343016,371.4295045379107,371.6851299969396,7023516,INFY.NS
2017-11-16,388.6934814453125,391.6428956893763,373.0025880659352,374.3003255328444,15687502,INFY.NS
2017-11-17,381.83111572265625,387.5529736997853,379.550240515566,387.5529736997853,8057670,INFY.NS
2017-11-20,377.74127197265625,381.85079355235416,376.4435346323286,381.0642831639868,5661190,INFY.NS
2017-11-21,379.98284912109375,382.0474389869522,377.54466200283935,378.03623101852,5364656,INFY.NS
2017-11-22,380.0025024414063,381.8704646781846,378.82273681817776,380.12047420325047,6084920,INFY.NS
2017-11-23,389.814208984375,391.072630398977,381.064280964297,382.047418944081,11894618,INFY.NS
2017-11-24,397.0107727050781,400.84501081183777,389.4012943710813,389.6765778048654,18619912,INFY.NS
2017-11-27,392.763671875,395.890055840842,390.6204260114735,395.890055840842,6017730,INFY.NS
2017-11-28,387.2384338378906,393.21591819698506,385.9013564409267,391.0530144093281,4616868,INFY.NS
2017-11-29,386.4518737792969,390.0894842281155,385.50805173756567,388.3984917388728,3838070,INFY.NS
2017-11-30,383.8563537597656,389.1063245702415,380.80862625638935,389.1063245702415,17266944,INFY.NS
2017-12-01,377.0530395507813,386.64847497794784,376.3648430263604,385.1541101825405,4085000,INFY.NS
2017-12-04,387.4940490722656,391.9968264630004,380.8873657053828,385.3901430961175,17811606,INFY.NS
2017-12-05,387.10064697265625,394.4348641675539,384.9967417946513,387.4939020715272,9976738,INFY.NS
2017-12-06,389.440673828125,390.935038995119,386.9631705246355,387.3564257792336,7490094,INFY.NS
2017-12-07,393.1765747070313,394.39568032318414,387.592345632691,388.9294230175311,7549544,INFY.NS
2017-12-08,393.9826965332031,396.0079703319847,391.2889081234606,393.6484392277227,5983244,INFY.NS
2017-12-11,395.3394470214844,395.96866974174526,390.8760101107739,391.26926531003977,5139098,INFY.NS
2017-12-12,397.3843994140625,398.7607926826912,394.041730047393,394.041730047393,9320434,INFY.NS
2017-12-13,394.72991943359375,400.7270614224976,392.3310722389895,397.5417038031191,5362398,INFY.NS
2017-12-14,398.4068603515625,399.15405488284273,392.9799430265406,395.3198164246085,6023572,INFY.NS
2017-12-15,402.2607727050781,403.6371659701719,397.9152833376528,398.3675364399983,10384134,INFY.NS
2017-12-18,399.78326416015625,405.3281533984977,395.5361124028741,397.93498374897234,4035448,INFY.NS
2017-12-19,394.80859375,400.3141669810307,393.0782611335754,400.1175393656368,7118898,INFY.NS
2017-12-20,399.48828125,400.5697330389848,393.6484511904394,395.2607878930597,4186326,INFY.NS
2017-12-21,401.9264221191406,404.6398682585272,392.6259522031252,399.07532227552514,11059162,INFY.NS
2017-12-22,408.7297973632813,410.87306708399154,399.54729771074847,399.54729771074847,12906940,INFY.NS
2017-12-26,407.2550354003906,409.5752504527835,402.30002996946473,405.052816098288,10808906,INFY.NS
2017-12-27,406.7242126464844,408.6314908689113,404.0304239814246,404.26636751325685,6970172,INFY.NS
2017-12-28,406.3309326171875,408.985405199008,402.6146662021604,405.0528532259406,8433472,INFY.NS
2017-12-29,409.7916259765625,412.4460987424844,405.052881318446,405.0921972399465,6601768,INFY.NS
2018-01-01,406.4489440917969,410.7550694668685,405.0528688854711,408.0809148198848,5431340,INFY.NS
2018-01-02,404.9349060058594,409.77196471448207,402.3001150699761,407.9040023033556,6112248,INFY.NS
2018-01-03,401.6315307617188,405.6820545192454,400.5697369217632,404.4629730008028,6846552,INFY.NS
2018-01-04,399.3114013671875,401.5136212264328,397.0305016529166,401.5136212264328,8947614,INFY.NS
2018-01-05,397.9742431640625,403.6371273713061,395.6147120781096,399.2719804608584,11025976,INFY.NS
2018-01-08,407.4320983886719,408.5921821099753,401.1399907349208,403.04729299317495,5594690,INFY.NS
2018-01-09,409.5162963867188,410.9123715604544,404.6202883071748,408.9854114631804,9948236,INFY.NS
2018-01-10,413.8027648925781,415.2774718237705,406.2522846067864,411.6595433544917,9468634,INFY.NS
2018-01-11,423.0640258789063,426.0527562395997,414.9826111227858,414.9826111227858,16775298,INFY.NS
2018-01-12,424.1060791015625,427.0358593369181,420.999401221284,426.9965434152921,18016528,INFY.NS
2018-01-15,425.1677856445313,429.8081672910153,418.85602172126,424.7155326523259,10649250,INFY.NS
2018-01-16,441.5665893554688,446.2660177731852,425.2071827239928,425.2071827239928,22646966,INFY.NS
2018-01-17,453.0693054199219,456.8839096552229,441.6255887235891,442.3531012411883,26154088,INFY.NS
2018-01-18,453.3052673339844,458.10300976203047,445.2042195022711,450.2772213790272,13204970,INFY.NS
2018-01-19,449.6675720214844,451.4175862027622,446.7378404213366,450.2771366922803,5988278,INFY.NS
2018-01-22,452.2434997558594,454.97660431333856,445.1649058466372,445.2239037301715,9650214,INFY.NS
2018-01-23,462.9007263183594,467.1872179697127,454.20979524833183,454.20979524833183,15403796,INFY.NS
2018-01-24,466.3220825195313,480.1843297213746,459.1254924298497,461.9962748820765,20604718,INFY.NS
2018-01-25,462.232177734375,465.3782193755758,457.0608621856941,464.8276524874085,13548914,INFY.NS
2018-01-29,465.18170166015625,470.4316502881175,458.2210540818551,458.75198713805554,10823002,INFY.NS
2018-01-30,460.36419677734375,465.2602046803258,457.23778922074496,463.6085520878168,8628312,INFY.NS
2018-01-31,452.3417053222656,458.7714169836613,449.15634842627634,455.8416855186289,9213698,INFY.NS
2018-02-01,450.1199035644531,455.3502170570369,439.8756341513902,449.1760814599165,13005454,INFY.NS
2018-02-02,449.5889587402344,457.316432184834,444.4176438189774,446.4429174807357,10244486,INFY.NS
2018-02-05,447.6030883789063,454.15079762950455,446.6789481794645,448.3109670024048,9860220,INFY.NS
2018-02-06,435.62841796875,443.72946493304414,430.6734123890192,432.56100841688806,10552078,INFY.NS
2018-02-07,436.1397399902344,442.333509975732,433.97683618577497,438.8728446866809,8342056,INFY.NS
2018-02-08,446.0497131347656,450.82777344287496,439.0891152571247,441.546960271092,8807244,INFY.NS
2018-02-09,436.1789855957031,440.5637903842729,434.9402221973492,439.659284282673,4382690,INFY.NS
2018-02-12,433.6818542480469,440.68176801302224,431.7155782458428,438.4009166533367,6291972,INFY.NS
2018-02-14,431.6958923339844,439.3840506341715,428.7267963959087,434.940247707936,8345712,INFY.NS
2018-02-15,438.2632751464844,444.26041744879774,433.7605219312533,433.7605219312533,7986736,INFY.NS
2018-02-16,443.611572265625,448.9598336825004,439.6986540048525,442.4121246369165,9889222,INFY.NS
2018-02-19,445.0665588378906,446.7378933862105,440.5638061390364,443.74916355958345,6461840,INFY.NS
2018-02-20,447.1115417480469,452.0469143867216,434.05548651965546,434.05548651965546,7188594,INFY.NS
2018-02-21,451.2210388183594,452.99068726831433,448.31094065525394,451.2603547385122,13771358,INFY.NS
2018-02-22,456.4709777832031,457.7490571954757,448.4878779446324,450.4935178877194,17859974,INFY.NS
2018-02-23,454.4654541015625,458.535636470994,450.9654726613313,457.5524983138949,9459828,INFY.NS
2018-02-26,447.7603149414063,454.2293911171199,446.08898051377145,452.6366885194616,5083608,INFY.NS
2018-02-27,452.32220458984375,453.67896411092767,442.66781625301655,450.2576143664854,6616026,INFY.NS
2018-02-28,461.1309814453125,467.77700311234537,449.3136929354218,451.29960264934056,17268416,INFY.NS
2018-03-01,456.4709777832031,459.9512767356652,454.6226975273693,459.9512767356652,6579852,INFY.NS
2018-03-05,454.5636291503906,460.4231403788976,449.5889419931582,456.4709069919601,8101456,INFY.NS
2018-03-06,452.7743835449219,458.2996385341296,449.7266556195468,457.1788707689813,6689734,INFY.NS
2018-03-07,449.9232482910156,456.17601534366565,447.54408322075705,454.2097394154602,6370416,INFY.NS
2018-03-08,454.8586730957031,458.4569680647298,451.8502609739008,451.8502609739008,6093014,INFY.NS
2018-03-09,457.51312255859375,458.53557650730966,454.4260787499607,457.1001853846957,4220964,INFY.NS
2018-03-12,466.3024291992188,468.7012767082034,460.796855504267,462.4681903759488,7676970,INFY.NS
2018-03-13,465.5355224609375,470.7264718711363,462.1338553982551,464.1197653447152,8581052,INFY.NS
2018-03-14,464.3557739257813,468.2096462037815,459.7546591386027,464.0411505539995,4429710,INFY.NS
2018-03-15,465.0242919921875,467.3445073629157,460.895112232426,464.041153954149,6101500,INFY.NS
2018-03-16,460.8558349609375,464.9850150669873,459.813698952262,464.8277033667511,17954826,INFY.NS
2018-03-19,450.9653930664063,464.237755844685,449.35305637429815,457.7490451530821,7526620,INFY.NS
2018-03-20,457.9653625488281,460.1085841877888,451.692913303397,451.692913303397,8553766,INFY.NS
2018-03-21,459.1254577636719,462.2714994442794,457.0411859483548,460.10859578886175,7692994,INFY.NS
2018-03-22,456.6872253417969,463.0382576166606,454.3276944394983,457.9456226211112,6813168,INFY.NS
2018-03-23,459.164794921875,461.6030061399944,449.2351004081704,451.0637468205628,12008084,INFY.NS
2018-03-26,454.3080749511719,458.88950768407545,449.88395390100897,458.88950768407545,8930722,INFY.NS
2018-03-27,453.8165893554688,456.6873720775728,452.28288417523225,456.17612101589583,3802088,INFY.NS
2018-03-28,445.0862426757813,452.53840931485536,442.90365717215366,452.53840931485536,12558322,INFY.NS
2018-04-02,447.190185546875,452.0665599033436,440.9570998756672,448.7042085514592,8072702,INFY.NS
2018-04-03,448.4878845214844,449.70701407489696,443.63119228458464,446.2266670666117,4077168,INFY.NS
2018-04-04,442.097412109375,450.10019266511415,440.44575971236486,449.8838831347727,4813302,INFY.NS
2018-04-05,451.2800903320313,452.7547975489176,444.0245020220751,448.1340482693404,7763544,INFY.NS
2018-04-06,443.1985778808594,450.6704261326219,441.2716179412906,449.4906606191857,5937742,INFY.NS
2018-04-09,437.0047912597656,442.72667297041056,435.1565112320524,442.4120496443072,7202882,INFY.NS
2018-04-10,437.850341796875,442.21546484130585,434.7043002506496,437.2997749253287,8926058,INFY.NS
2018-04-11,442.1171569824219,444.9682571719905,439.0694291935726,439.6593119914144,9025574,INFY.NS
2018-04-12,457.198486328125,461.1900362126535,442.41210039585184,444.16206683550354,17044366,INFY.NS
2018-04-13,460.67877197265625,466.3613382568296,452.3417811673984,461.6815919065645,21227038,INFY.NS
2018-04-16,445.6366882324219,448.3108422830381,433.3671475402702,433.3671475402702,24745084,INFY.NS
2018-04-17,442.4906921386719,443.35588230391977,438.4795086604616,443.1985706370765,10397940,INFY.NS
2018-04-18,442.7856140136719,446.2462785127077,438.02723633108167,441.5665326576861,10430380,INFY.NS
2018-04-19,445.49908447265625,448.23223655204873,441.6648467825669,442.018786016454,8525542,INFY.NS
2018-04-20,463.4316101074219,469.4287524104194,447.111517938609,447.9177103681408,24272692,INFY.NS
2018-04-23,467.0692138671875,477.5691572300884,454.3081009540128,459.3221050978464,21830638,INFY.NS
2018-04-24,454.0131530761719,470.490556452696,452.2828205011691,466.0074373280759,8526216,INFY.NS
2018-04-25,456.3136596679688,460.50183713010045,450.3558338137914,453.0299883636855,11594178,INFY.NS
2018-04-26,462.6450500488281,464.6900058440092,456.1760213616052,461.68159403321073,11302084,INFY.NS
2018-04-27,466.08599853515625,468.6028411714796,461.7601917556188,464.04109089583255,7663370,INFY.NS
2018-04-30,471.7096252441406,475.0326125727079,464.2967741232538,464.7096632916252,5511678,INFY.NS
2018-05-02,470.7461853027344,472.5354677698659,464.43441975278176,471.4736978665038,10295042,INFY.NS
2018-05-03,465.0439147949219,473.7544783000102,462.5073901765911,470.8247465212724,5332230,INFY.NS
2018-05-04,461.3276062011719,466.4006072298384,454.2096975973553,466.00735208040345,6023368,INFY.NS
2018-05-07,465.2208557128906,467.9736418413693,462.2714420038063,464.53265918077096,4638960,INFY.NS
2018-05-08,458.3586730957031,463.215365803173,456.5890244812962,463.215365803173,5718556,INFY.NS
2018-05-09,460.3838195800781,462.82203049659626,457.35577389891154,459.1254222072049,3783504,INFY.NS
2018-05-10,459.3221130371094,465.2209415435791,457.2968389822636,462.46815490722656,3182862,INFY.NS
2018-05-11,464.3361206054688,465.29957673320223,458.55528782948886,461.0131330581861,3311706,INFY.NS
2018-05-14,467.698486328125,468.5636286730661,460.10864082877663,465.7518440448209,4432094,INFY.NS
2018-05-15,469.7630920410156,475.0523561086862,467.226566800308,467.226566800308,5611974,INFY.NS
2018-05-16,467.9539184570313,471.1196414264568,465.8106972200652,466.8921488176634,6205004,INFY.NS
2018-05-17,465.18170166015625,470.9035374438545,461.504774224381,470.3333364636059,9519598,INFY.NS
2018-05-18,465.2994689941406,466.61691213550296,461.2882857116033,465.2208371669452,7139660,INFY.NS
2018-05-21,463.8445129394531,467.344493854663,460.1085885028912,463.8641949015598,8475320,INFY.NS
2018-05-22,469.4876708984375,471.11968944027615,461.64224952912,462.0748206112892,5636804,INFY.NS
2018-05-23,465.9680786132813,474.9146340779031,464.63100138244704,469.9399463834314,9538442,INFY.NS
2018-05-24,480.1646728515625,482.74051400858,471.1198018641866,471.1198018641866,9740570,INFY.NS
2018-05-25,483.0354919433594,491.03822749447073,480.0860772681491,483.74332266253214,8901438,INFY.NS
2018-05-28,477.5691833496094,484.7264096699471,474.2658296614569,484.0972108733445,5739794,INFY.NS
2018-05-29,478.4735412597656,482.3471430486052,474.3443620168564,477.4314534737133,3388934,INFY.NS
2018-05-30,476.50732421875,483.2123448280448,474.108477011202,478.5915960575629,6323066,INFY.NS
2018-05-31,484.4118347167969,488.4230190529968,475.9371649024874,476.5073658113817,19720340,INFY.NS
2018-06-01,480.0859069824219,490.0942313617799,478.6701500366508,483.8611468266601,4998356,INFY.NS
2018-06-04,487.4005126953125,488.816221838215,476.6253104327567,480.2039232121115,4270156,INFY.NS
2018-06-05,480.10552978515625,488.4228856268591,478.5915070916969,488.4228856268591,4710862,INFY.NS
2018-06-06,486.6336669921875,488.246051845084,479.7910643682783,481.81629040656566,4038184,INFY.NS
2018-06-07,492.5323791503906,494.7149643715881,486.8498615993848,486.8498615993848,6676226,INFY.NS
2018-06-08,495.521240234375,496.2880686821677,490.0156673646837,490.7824958124765,6459878,INFY.NS
2018-06-11,496.4453430175781,499.4340727496115,493.5549270793931,497.6841064210238,5171290,INFY.NS
2018-06-12,494.91162109375,499.92562440638034,491.7458978395496,497.76272101661823,7839820,INFY.NS
2018-06-13,501.3218688964844,504.9397984058851,498.1758265388153,498.1758265388153,5766928,INFY.NS
2018-06-14,499.4683532714844,504.8268704516572,497.2121536308982,504.8268704516572,7598848,INFY.NS
2018-06-15,516.2086791992188,520.3383486328124,497.574804925686,498.3805940834603,19957760,INFY.NS
2018-06-18,510.6286315917969,520.2376580730574,508.5939941664352,517.3166721903626,8214846,INFY.NS
2018-06-19,500.23388671875,509.01700798999934,498.8036405085812,508.8558403262077,7545700,INFY.NS
2018-06-20,500.8584289550781,504.56503958124176,498.7835119406788,503.0139052164277,5371802,INFY.NS
2018-06-21,502.2283020019531,506.2370837486234,497.97774414110506,501.9865258877754,5798790,INFY.NS
2018-06-22,502.75201416015625,505.8341676704276,500.0727552477904,500.7979851966082,4343118,INFY.NS
2018-06-25,512.6632080078125,515.2216280325985,505.2298223986968,506.4989502099156,7731178,INFY.NS
2018-06-26,514.8388061523438,517.2763379247311,510.1652390700092,511.2731991153735,4483504,INFY.NS
2018-06-27,511.6761474609375,521.1240062591833,509.90340136572365,517.2965075183337,6952142,INFY.NS
2018-06-28,519.5728759765625,522.957200515732,514.1942428029298,514.2144072058924,10996818,INFY.NS
2018-06-29,526.6637573242188,529.806354613524,517.0144521352127,522.9773113882401,9966600,INFY.NS
2018-07-02,537.743408203125,539.8787692765832,529.4035095742017,529.4035095742017,4830144,INFY.NS
2018-07-03,545.4185180664062,547.0905403495881,536.5548376250686,536.6152816461889,8127452,INFY.NS
2018-07-04,541.9737548828125,544.9753489326063,539.4153842043668,544.7336220273494,5025722,INFY.NS
2018-07-05,517.3165283203125,542.7996049684898,510.9104960538865,542.7391609583293,17019902,INFY.NS
2018-07-06,517.4172973632812,524.5082312167642,511.2731558139022,519.83466453025,11215356,INFY.NS
2018-07-09,523.2996215820312,524.9716439450877,515.3223383126212,522.5542764365148,6644998,INFY.NS
2018-07-10,524.3270263671875,529.9876658165508,521.4664846302759,527.1875681040991,5974488,INFY.NS
2018-07-11,532.0021362304688,540.7248138507006,520.2779136181434,530.8337812766399,11899832,INFY.NS
2018-07-12,521.486572265625,534.6813693173017,517.497906221344,534.2784747508383,13272240,INFY.NS
2018-07-13,530.7733154296875,536.4943986411349,523.0981542119712,529.8063586270787,19496158,INFY.NS
2018-07-16,536.9979248046875,557.7671559644915,518.8072282826922,530.7732244486077,35344680,INFY.NS
2018-07-17,535.0037231445312,543.7062362447977,528.8796960136272,535.7289038803642,11161690,INFY.NS
2018-07-18,532.8482666015625,541.248609075933,529.4034981397097,539.7981983693784,6919016,INFY.NS
2018-07-19,530.4912109375,536.6152373365366,527.4292223287124,533.0294661632429,5118864,INFY.NS
2018-07-20,543.1420288085938,550.8171881860824,532.3444864491457,534.2380707982471,11705738,INFY.NS
2018-07-23,546.304931640625,551.159831407114,538.3679274252603,544.7739616178214,7675702,INFY.NS
2018-07-24,554.8463745117188,556.9615714144135,546.3251428674251,553.7384142293549,6172246,INFY.NS
2018-07-25,557.5053100585938,561.5544197879725,550.1323204318468,555.5915610267757,6936922,INFY.NS
2018-07-26,553.2749633789062,560.1846150298348,551.6432207121932,555.410324253683,7362218,INFY.NS
2018-07-27,553.35546875,559.6204983209943,551.2806012799397,553.2547451181928,6493232,INFY.NS
2018-07-30,544.3106689453125,553.1743511931267,543.1019850024287,551.9656672502429,6409970,INFY.NS
2018-07-31,549.9913330078125,551.9655261126834,538.0858287235299,543.3234578034312,7943996,INFY.NS
2018-08-01,545.5394287109375,551.3410713495545,544.310580562617,549.4676508874627,4675706,INFY.NS
2018-08-02,545.3782958984375,550.6562054263911,543.968164770585,547.7754991431984,5940742,INFY.NS
2018-08-03,549.5885620117188,550.4346309093004,546.3251253030617,550.4346309093004,3970390,INFY.NS
2018-08-06,548.198486328125,553.9800133585193,542.9004130913489,550.374126762335,6178930,INFY.NS
2018-08-07,551.1396484375,555.9743836378517,548.198547366168,553.5771804402652,7351528,INFY.NS
2018-08-08,549.0445556640625,552.9727775813067,545.2372217860884,552.6907710649621,3992358,INFY.NS
2018-08-09,555.9743041992188,559.8018023526172,553.4360980905795,553.4360980905795,6409524,INFY.NS
2018-08-10,558.190185546875,559.6204807462038,553.1943329112988,558.3312379721441,4779520,INFY.NS
2018-08-13,567.5777587890625,568.0209330057718,555.4707565776204,560.0234851583297,9979746,INFY.NS
2018-08-14,567.3965454101562,573.943583358914,565.6640787726643,569.6728607979289,6151320,INFY.NS
2018-08-16,575.9578247070312,578.1133003430457,568.584836035722,570.0755259421176,6626774,INFY.NS
2018-08-17,576.2803344726562,579.2214849967546,573.3190687255828,576.5019461957021,6390408,INFY.NS
2018-08-20,557.706787109375,567.2553683791713,553.375670648168,559.2176416888658,16101876,INFY.NS
2018-08-21,557.5858764648438,562.4407753226998,553.4763718478215,560.0234080935192,8361482,INFY.NS
2018-08-23,563.0048828125,564.6567407157248,558.1499835640132,561.2321368655046,7717182,INFY.NS
2018-08-24,555.3095092773438,564.8178096454144,554.4231118680626,562.6421695081248,7053000,INFY.NS
2018-08-27,570.2568969726562,572.0900374768307,556.5584836883293,557.2031050654176,7012950,INFY.NS
2018-08-28,574.00390625,579.5235916760143,568.6857173017003,570.982196806314,6496890,INFY.NS
2018-08-29,568.12158203125,577.5896037381412,566.127273727277,577.5896037381412,5646496,INFY.NS
2018-08-30,570.5792236328125,572.7347487509547,562.5012176747548,569.2094215521677,11507962,INFY.NS
2018-08-31,580.611328125,585.9295657117973,572.5534370978501,574.16501530328,10875864,INFY.NS
2018-09-03,577.8515014648438,591.4089127473919,576.1391996477089,583.7941960066645,10976328,INFY.NS
2018-09-04,593.9874877929688,603.1331749143405,576.945027706971,581.7797625760238,15370124,INFY.NS
2018-09-05,588.1455688476562,599.5474567532515,584.5195173730874,597.855319071041,8658978,INFY.NS
2018-09-06,585.9296264648438,592.657946497565,583.4719301015618,590.280858561791,5598659,INFY.NS
2018-09-07,590.4822387695312,592.3758726509852,583.2301369171125,591.731202030044,6510605,INFY.NS
2018-09-10,588.9110107421875,601.9245258532354,587.7426557600708,594.4709758343031,5629871,INFY.NS
2018-09-11,591.69091796875,600.1114237815681,589.8376129011183,592.9802100194881,6963561,INFY.NS
2018-09-12,598.6207275390625,601.5215485560983,593.2622104814835,599.8294111597379,4636617,INFY.NS
2018-09-14,591.20751953125,600.3129272492063,587.460580245631,597.8150005131052,7896514,INFY.NS
2018-09-17,584.962646484375,596.2839742676223,583.8748016170337,592.2550284955437,5427054,INFY.NS
2018-09-18,579.44287109375,588.2259911826222,577.7507338053974,588.2259911826222,7729732,INFY.NS
2018-09-19,579.9666748046875,585.808645478302,574.688766308266,585.808645478302,4849498,INFY.NS
2018-09-21,568.3230590820312,578.0731369872121,557.6060735736288,575.2125462530424,14350769,INFY.NS
2018-09-24,578.758056640625,588.1857995262679,569.2900341337996,569.2900341337996,8637881,INFY.NS
2018-09-25,585.1641235351562,593.060847813774,577.7508531011902,578.7580895954392,9602273,INFY.NS
2018-09-26,578.4357299804688,589.7167782428395,573.7218830577079,589.1930447966812,6599606,INFY.NS
2018-09-27,584.0360107421875,588.8707460118769,578.1134797094061,581.7798107859599,14592616,INFY.NS
2018-09-28,588.2664184570312,591.892469997775,576.3004680451656,580.9740357502743,7490031,INFY.NS
2018-10-01,601.6423950195312,608.2901544739105,590.6433551587927,594.2694057702723,8252398,INFY.NS
2018-10-03,587.0173950195312,605.9131603990065,585.2446490555194,599.3459591623715,7792464,INFY.NS
2018-10-04,569.8541259765625,588.0246624057708,566.066906940807,587.0174259165523,6173037,INFY.NS
2018-10-05,583.8748168945312,589.4347818780668,571.5462523456788,574.5276821313215,8543578,INFY.NS
2018-10-08,575.6961669921875,587.1786643530546,571.5060528557866,584.2375137775056,7259306,INFY.NS
2018-10-09,578.355224609375,582.1021642324112,566.187826808468,577.8314419329602,6777212,INFY.NS
2018-10-10,564.4150390625,580.0876483969016,560.3458135535266,580.0876483969016,8866251,INFY.NS
2018-10-11,542.578125,558.3313428234537,534.4799535725238,551.9655886251168,10985897,INFY.NS
2018-10-12,546.9696044921875,551.1999970602849,533.029463580273,545.0357402556482,8909221,INFY.NS
2018-10-15,563.0853881835938,568.0812902175438,549.1452472102924,554.8663298930901,6222176,INFY.NS
2018-10-16,560.224853515625,575.2528394134042,555.5110071068485,572.1102423532452,11588963,INFY.NS
2018-10-17,568.3633422851562,581.6185832892453,565.1401857701907,572.1102814063898,20360697,INFY.NS
2018-10-19,550.7970581054688,554.1411021097879,546.3249390161852,553.577039976577,10421001,INFY.NS
2018-10-22,547.8961791992188,560.0635720678251,542.9405577300616,554.9468321618272,6672840,INFY.NS
2018-10-23,529.8869018554688,549.5481759156527,526.4220185005046,544.6731616107583,9041701,INFY.NS
2018-10-24,523.6019897460938,537.0586837821847,521.4666771514255,534.2384206265393,7058164,INFY.NS
2018-10-25,528.448486328125,534.6391539111992,518.2664345684309,523.7647425186657,8270469,INFY.NS
2018-10-26,516.1078491210938,528.4077981779974,513.0940014021074,525.6382600547072,5464141,INFY.NS
2018-10-29,525.190185546875,529.9146472221893,514.3972115903088,516.189262492544,7137446,INFY.NS
2018-10-30,537.2864990234375,540.7076784323162,519.2439327441133,522.2170620922068,8793411,INFY.NS
2018-10-31,559.1168823242188,564.4522678484144,540.0967785751158,540.789187969846,11947995,INFY.NS
2018-11-01,543.0699462890625,561.8049223441848,537.2865108070329,561.8049223441848,5860244,INFY.NS
2018-11-02,539.4451293945312,550.4824641144593,537.6937965168486,542.4590268105876,6654067,INFY.NS
2018-11-05,542.4996337890625,544.6174803404614,535.1685576567779,540.4632237523168,5799426,INFY.NS
2018-11-06,542.8661499023438,549.8306616734668,538.1416889750756,544.0472775634202,6975525,INFY.NS
2018-11-07,550.2380981445312,551.8672264884085,547.3871235427462,548.2016877146847,758956,INFY.NS
2018-11-09,537.205078125,553.0890796768385,533.9468213964177,553.0890796768385,9694143,INFY.NS
2018-11-12,541.0335083007812,550.9712006891774,539.4858165577751,542.4997138000743,7118080,INFY.NS
2018-11-13,542.25537109375,543.925217677842,534.5984481052125,540.4633199988741,4137808,INFY.NS
2018-11-14,532.0732421875,542.2552927126854,521.7282689105028,542.2552927126854,7323026,INFY.NS
2018-11-15,534.6798095703125,542.4996037922134,526.7785291212223,532.7248361563177,5513390,INFY.NS
2018-11-16,530.1591186523438,539.6488119877047,524.7422962565876,537.5309648388017,8583785,INFY.NS
2018-11-19,530.8513793945312,539.2413788194619,528.8556876110811,536.7976867704311,6018930,INFY.NS
2018-11-20,522.4613647460938,534.3539791513658,521.4023917820699,530.8513639265561,5384830,INFY.NS
2018-11-21,504.2966613769531,521.3617908042531,498.5947121460592,521.3210725388714,14359086,INFY.NS
2018-11-22,505.6406555175781,511.668449630462,502.3823991791644,506.8625016444833,6632975,INFY.NS
2018-11-26,506.2107849121094,511.5461689280628,488.6161734754432,505.84422118523406,15075209,INFY.NS
2018-11-27,520.4249877929688,522.1355523991907,509.3468869602012,509.5098097124708,12285851,INFY.NS
2018-11-28,542.8255004882812,544.6989878518702,521.3209897733144,522.094835560918,17719890,INFY.NS
2018-11-29,538.4677124023438,549.7494576164208,536.6349427551492,546.5726370077936,13399070,INFY.NS
2018-11-30,543.6807861328125,547.3870426238359,538.3861197979093,538.4268380570767,10445773,INFY.NS
2018-12-03,546.0430297851562,553.0890292045517,542.4589775410107,548.3238490606687,8260890,INFY.NS
2018-12-04,558.1801147460938,560.6238073316293,546.8169342799425,547.8351395239157,7827923,INFY.NS
2018-12-05,555.0440063476562,556.8767756014527,547.7943658569312,556.3472890413145,5177288,INFY.NS
2018-12-06,544.5360717773438,558.3429424786075,541.318533810718,550.7267387200067,8039771,INFY.NS
2018-12-07,556.184326171875,558.5873000747744,542.1738144985557,547.3870443313865,5553948,INFY.NS
2018-12-10,545.1063232421875,556.998939598886,541.8480667371141,545.6765280739851,5121196,INFY.NS
2018-12-11,549.4234619140625,555.4512558826656,538.1010015222698,545.1062823124092,7120933,INFY.NS
2018-12-12,552.6817016601562,554.4330342346219,546.2466258512825,551.5412921162655,6926183,INFY.NS
2018-12-13,568.3621215820312,570.1948908741266,553.903608277723,555.5327365373633,7521474,INFY.NS
2018-12-14,575.1229248046875,581.3543595358117,565.6332836628642,568.117694016859,9560576,INFY.NS
2018-12-17,565.63330078125,579.8474037950681,564.2892502010627,579.8474037950681,4778465,INFY.NS
2018-12-18,551.134033203125,559.1982374316376,549.464186792951,559.1982374316376,8021298,INFY.NS
2018-12-19,541.5629272460938,547.0205167123889,538.5083118414935,547.0205167123889,8295459,INFY.NS
2018-12-20,543.3549194335938,547.0204575224874,534.6798424534375,537.6122530377354,11705260,INFY.NS
2018-12-21,526.3713989257812,537.20509290293,524.1313473632596,537.20509290293,12802132,INFY.NS
2018-12-24,528.6522216796875,536.6349417400677,527.5118117923224,535.1687359684972,8379825,INFY.NS
2018-12-26,524.6199340820312,527.0229078246399,519.1623453404391,527.0229078246399,6178552,INFY.NS
2018-12-27,535.005615234375,540.2595628793614,528.6520260968044,531.7066410395826,15333902,INFY.NS
2018-12-28,535.1278686523438,540.4632532968692,532.1546899493487,540.3410488011674,4736598,INFY.NS
2018-12-31,536.757080078125,539.24149090095,534.1911830065035,537.6123625296481,3373319,INFY.NS
2019-01-01,541.725830078125,542.7440351755266,532.8471114590108,538.3861372454661,2943390,INFY.NS
2019-01-02,544.9840087890625,549.0161103440474,539.282061055519,542.4995986485692,7416655,INFY.NS
2019-01-03,545.0656127929688,551.4599213890202,540.1374599847597,547.3871006992933,6827249,INFY.NS
2019-01-04,538.4677124023438,548.9348933287788,530.2813512549532,547.183560223525,7889310,INFY.NS
2019-01-07,547.1427001953125,548.6903421106242,538.8341366705881,541.6851109386865,8046340,INFY.NS
2019-01-08,545.7985229492188,551.8263156043414,544.5766771178048,549.7899058853181,8621545,INFY.NS
2019-01-09,550.7267456054688,561.8862832625952,540.8705402852809,558.9538725093123,18130292,INFY.NS
2019-01-10,553.6591796875,555.5326670081953,547.8350270014034,555.2068215102297,9572493,INFY.NS
2019-01-11,556.7544555664062,558.3835834539451,547.7942521849425,554.0664044953746,12281903,INFY.NS
2019-01-14,571.7425537109375,578.5034257033313,566.8958874400549,575.8968106762389,19312937,INFY.NS
2019-01-15,591.8621826171875,594.6317201044906,576.0596708446352,576.0596708446352,19671304,INFY.NS
2019-01-16,600.1707153320312,600.985279291417,593.409844412537,594.5502538424925,9658944,INFY.NS
2019-01-17,597.3605346679688,601.9628415026759,593.8986374062822,599.3562265622323,6903771,INFY.NS
2019-01-18,595.4055786132812,599.6820397057184,591.6178360445916,594.6317328531462,5902151,INFY.NS
2019-01-21,606.8502197265625,611.737604046508,597.8900151399959,601.3111941073665,8129422,INFY.NS
2019-01-22,607.1353149414062,610.1084937094522,597.8900325537222,603.7956221123251,6723375,INFY.NS
2019-01-23,595.975830078125,604.895266996342,593.9801381351687,604.6916259759801,7212099,INFY.NS
2019-01-24,599.5386352539062,602.8966868486704,590.5291748880688,596.3443520371522,7429783,INFY.NS
2019-01-25,598.187255859375,604.3710624467266,593.1911200634729,596.2625273126797,5543112,INFY.NS
2019-01-28,596.2216186523438,600.030133860744,588.8911829417159,598.7196866903954,7944693,INFY.NS
2019-01-29,596.1806640625,600.2348817816172,586.8435657007085,594.2149433578005,6760819,INFY.NS
2019-01-30,594.5426025390625,601.8320462803938,590.61116098154,596.1806865245783,5763026,INFY.NS
2019-01-31,613.912841796875,615.3461651117188,594.6244151866188,594.6244151866188,13825233,INFY.NS
2019-02-01,620.0556030273438,624.5193909674094,609.7766381314575,615.3870546312231,6276585,INFY.NS
2019-02-04,619.1137084960938,624.5193643090577,613.6261185099979,620.0146344681399,3945391,INFY.NS
2019-02-05,618.2535400390625,622.4306822491719,611.8240833891384,611.8240833891384,4694366,INFY.NS
2019-02-06,625.1746215820312,628.1641442707773,617.8441871733214,618.8270473717,5880482,INFY.NS
2019-02-07,625.748046875,630.2118354797051,623.2909210364857,624.9699470280665,3961797,INFY.NS
2019-02-08,623.208984375,632.5050896853397,618.2947331116629,622.4718266893599,5915169,INFY.NS
2019-02-11,624.7650146484375,629.6383228854235,621.6526661073644,628.1231156980301,5500216,INFY.NS
2019-02-12,614.6499633789062,622.7584476607594,606.9100079355055,622.7584476607594,7310690,INFY.NS
2019-02-14,606.1319580078125,616.7385607843115,603.8386506483846,615.1004769575271,4610535,INFY.NS
2019-02-15,607.68798828125,611.4146179505301,600.0299185310698,607.9746328749111,5586389,INFY.NS
2019-02-18,606.950927734375,612.3566337140543,602.8147765617418,608.0156720970807,5346825,INFY.NS
2019-02-19,593.2321166992188,606.5415493360142,590.7749906739642,605.3539284257365,9401334,INFY.NS
2019-02-20,606.6644287109375,608.548215341784,594.6654432305992,595.4435431406151,5210675,INFY.NS
2019-02-21,600.726318359375,604.452949172599,595.5253720680821,604.452949172599,7202786,INFY.NS
2019-02-22,601.9547729492188,604.6166587640241,596.2624225164122,599.9481105676813,3750833,INFY.NS
2019-02-25,618.2947387695312,620.8337486160164,602.4462483060341,602.4462483060341,6547552,INFY.NS
2019-02-26,608.1386108398438,616.4109140349257,606.2138823706995,613.1347464344417,8319610,INFY.NS
2019-02-27,602.2005004882812,611.3328368128035,600.1528959303475,610.1861582642224,5936354,INFY.NS
2019-02-28,601.4224243164062,608.0566933381883,599.7843406058943,605.0262284756717,8559921,INFY.NS
2019-03-01,607.647216796875,608.8757796695008,602.4053285441976,602.4053285441976,3998826,INFY.NS
2019-03-05,599.9481201171875,608.1385381392652,598.10527606222,606.5004545348496,4826505,INFY.NS
2019-03-06,599.9481201171875,602.8966506089977,595.4433902050448,602.8966506089977,6076668,INFY.NS
2019-03-07,592.1262817382812,601.5862045690379,590.1605614140758,601.1766836673571,5951551,INFY.NS
2019-03-08,583.4445190429688,592.1263937958173,582.0521877060365,592.1263937958173,7193994,INFY.NS
2019-03-11,582.5435791015625,588.4816331591883,581.0283715105853,584.2226050784069,9932198,INFY.NS
2019-03-12,579.0216064453125,585.5739407993375,577.9158700288644,580.7006321254626,11997387,INFY.NS
2019-03-13,580.250244140625,588.5634894326691,578.4892840592191,581.5197490877465,11348867,INFY.NS
2019-03-14,580.1683349609375,585.533099630242,578.407424793989,584.79594189222,6415187,INFY.NS
2019-03-15,588.5225830078125,592.7816111446774,581.1921475593172,583.1578682349019,14638664,INFY.NS
2019-03-18,581.68359375,592.7406599012969,577.7112103606929,590.9796997403197,8065544,INFY.NS
2019-03-19,591.552978515625,595.0339063919718,579.390226990882,583.8130230042669,8917337,INFY.NS
2019-03-20,605.2310180664062,607.9747884174195,595.5663337073393,595.6482179006665,13471173,INFY.NS
2019-03-22,608.6299438476562,611.2918297075571,599.7843023728237,610.1861432695822,8883260,INFY.NS
2019-03-25,602.2005004882812,608.0566695201097,598.3509939212969,608.0566695201097,7644966,INFY.NS
2019-03-26,596.0578002929688,602.2006151362491,588.9730671775767,602.2006151362491,9406261,INFY.NS
2019-03-27,597.65478515625,599.784273746397,595.5662386562325,597.9004876873682,7387487,INFY.NS
2019-03-28,604.2890625,610.1861737748193,597.9005461149236,597.9005461149236,9277241,INFY.NS
2019-04-01,618.4585571289062,622.4718826844606,607.7291275682497,607.7291275682497,6584982,INFY.NS
2019-04-02,621.9804077148438,627.2222456181854,618.0489667994027,621.6527709751077,7283600,INFY.NS
2019-04-03,616.9841918945312,621.2432193489146,611.6604200741384,619.1956148026096,6897127,INFY.NS
2019-04-04,612.5614013671875,617.393718144058,610.2680442632128,615.42804775681,7688525,INFY.NS
2019-04-05,621.8984985351562,623.2499376529606,612.6433351545545,615.0185766372562,6276040,INFY.NS
2019-04-08,628.4099731445312,630.662338639673,618.7043454616087,624.9699867538799,4919911,INFY.NS
2019-04-09,622.963134765625,633.1192724570623,620.9974645607392,630.6621472081993,6730692,INFY.NS
2019-04-10,616.4927368164062,627.9593213460419,615.3460583673061,625.7478986172582,7031088,INFY.NS
2019-04-11,608.3023681640625,615.7146866181305,606.1318873504478,615.7146866181305,8200995,INFY.NS
2019-04-12,612.4384765625,615.5508252550869,606.5823079773671,608.6299123791141,7043212,INFY.NS
2019-04-15,595.8529663085938,599.0062575430907,583.6492223289517,593.5596590480188,31574803,INFY.NS
2019-04-16,593.0681762695312,596.1805752533975,584.877757870613,596.1805752533975,12524411,INFY.NS
2019-04-18,587.2939453125,591.7577333685049,583.7720753749506,591.7577333685049,13801105,INFY.NS
2019-04-22,590.5701293945312,594.4196361752723,585.6149360872473,587.2939619199173,6455426,INFY.NS
2019-04-23,596.4263305664062,597.9005960105538,588.3997298235129,592.9044603414006,5516668,INFY.NS
2019-04-24,603.183349609375,604.37097022926,592.9862690998515,596.426254692146,8285120,INFY.NS
2019-04-25,596.7129516601562,604.1662627621687,595.4843888401887,603.1834025081248,8005235,INFY.NS
2019-04-26,604.4529418945312,605.9272073644963,597.081564554354,598.7196484077267,6895168,INFY.NS
2019-04-30,615.38720703125,617.3938699956051,604.4530159662157,604.4530159662157,9920046,INFY.NS
2019-05-02,598.5557861328125,612.9709529796536,597.4910417042673,611.8242743702367,6351352,INFY.NS
2019-05-03,592.6586303710938,598.7195597269849,588.2358346162913,592.085341099609,6348116,INFY.NS
2019-05-06,588.3997192382812,591.1844316959409,582.0521445318133,585.6149567902713,8858265,INFY.NS
2019-05-07,593.4367065429688,596.1805264763262,588.6453321677511,590.0377131797176,5747536,INFY.NS
2019-05-08,589.1776733398438,594.6243210703022,586.8434243069856,590.529112247504,6247642,INFY.NS
2019-05-09,590.5701293945312,598.146266679576,586.2701595841004,589.0139798382986,7396525,INFY.NS
2019-05-10,587.1300659179688,594.6243180214,585.6148586574394,590.3652908694593,8352335,INFY.NS
2019-05-13,589.4645385742188,594.9930720852498,583.2397893675848,586.8845362729284,6808993,INFY.NS
2019-05-14,584.6729125976562,587.8671953060086,576.2777349565742,586.8433931546572,10513001,INFY.NS
2019-05-15,586.515869140625,593.969180228459,583.6492225661541,585.5330588787999,6668929,INFY.NS
2019-05-16,600.4395751953125,603.6338584860183,588.9729890096893,589.7101466891902,6468556,INFY.NS
2019-05-17,592.9044189453125,602.650987027489,589.7920199034324,600.4805561055279,8155948,INFY.NS
2019-05-20,591.67578125,594.9519482558353,578.2434765299386,589.4643585229929,11213708,INFY.NS
2019-05-21,580.9463500976562,591.8805883355938,579.6359031881788,591.8805883355938,8645535,INFY.NS
2019-05-22,581.3148803710938,588.2767352258373,579.0625155651472,581.5196408079979,5795713,INFY.NS
2019-05-23,574.1893920898438,587.0074195643061,571.2408608449674,585.6150381468644,7233736,INFY.NS
2019-05-24,580.864501953125,582.953048715469,573.6978856183721,576.4416558761096,7016424,INFY.NS
2019-05-27,579.9634399414062,584.6319878884138,577.8339513994299,579.3901507118794,10247544,INFY.NS
2019-05-28,596.3443603515625,600.7262643120674,581.3559042593108,583.1578063556703,23860490,INFY.NS
2019-05-29,596.0986938476562,600.890119029415,592.6996999054012,594.2149074472032,10293077,INFY.NS
2019-05-30,600.8081665039062,603.8386314853548,591.7987057425107,595.4434521395088,15089296,INFY.NS
2019-05-31,604.2482299804688,608.5072583396358,600.5215989125811,603.2244274898206,8290306,INFY.NS
2019-06-03,609.8995361328125,615.0185477165822,597.0815111309138,597.7367346155668,7744761,INFY.NS
2019-06-04,602.2415161132812,605.6405600906025,600.4806059726637,603.8386578615449,11733702,INFY.NS
2019-06-06,602.4872436523438,609.8996133564523,600.8901518282667,603.2244014098823,7563925,INFY.NS
2019-06-07,605.3538818359375,609.3262652652536,602.6919955134449,602.6919955134449,3218358,INFY.NS
2019-06-10,617.14794921875,617.6393542651238,606.1727699398915,606.1727699398915,4435148,INFY.NS
2019-06-11,618.2947387695312,621.652790500734,614.6909344806336,618.3766229618633,5733127,INFY.NS
2019-06-12,617.3937377929688,619.9737396218774,610.1861794963166,619.9737396218774,8738342,INFY.NS
2019-06-13,616.8539428710938,620.633216846507,614.6528010751194,614.6528010751194,4808577,INFY.NS
2019-06-14,615.0264892578125,619.2210685162378,613.1991332422704,617.8505388304515,5556353,INFY.NS
2019-06-17,615.109619140625,618.390546214176,612.8254364648843,617.1446283910446,3085588,INFY.NS
2019-06-18,623.08349609375,624.9938931988295,614.8188980928701,614.8188980928701,6202838,INFY.NS
2019-06-19,624.5370483398438,627.4441897126518,621.7959887739784,625.0353951537162,4596253,INFY.NS
2019-06-20,627.0288696289062,628.6900932329605,611.2472453903904,612.8253773963293,7148684,INFY.NS
2019-06-21,623.125,627.1119266126701,620.591644078154,627.1119266126701,13200318,INFY.NS
2019-06-24,619.2210693359375,624.5370048979119,616.8538460899207,624.5370048979119,4758178,INFY.NS
2019-06-25,621.3806762695312,623.7064299003147,612.4100788393664,617.9751881189896,3677911,INFY.NS
2019-06-26,613.98828125,624.1632762731413,612.9915369043468,617.1445960974658,5447130,INFY.NS
2019-06-27,606.8034057617188,618.5565823403731,604.8099679732611,616.313920468905,11122346,INFY.NS
2019-06-28,608.0078125,614.2374007428278,605.1006713200137,610.9149536799863,5919494,INFY.NS
2019-07-01,607.42626953125,612.5760717312077,606.2218725390527,610.4995426744916,3224968,INFY.NS
2019-07-02,614.6526489257812,616.0231784891539,606.429572938574,609.668978799356,4837606,INFY.NS
2019-07-03,607.42626953125,617.310568119822,606.3464845610597,615.48321241061,5958379,INFY.NS
2019-07-04,609.5029296875,611.662550788909,605.1837381812029,605.5160031803492,3274064,INFY.NS
2019-07-05,596.3792724609375,611.6625498611075,592.6415193605555,610.4996730623802,4926289,INFY.NS
2019-07-08,596.0470581054688,602.1520857727191,591.6448253302872,595.0918848721274,7177092,INFY.NS
2019-07-09,594.3026733398438,597.9158139683353,588.945217717603,596.3792025967964,5022638,INFY.NS
2019-07-10,595.7562255859375,600.2830693668483,586.8271500543253,588.9036792477235,7573816,INFY.NS
2019-07-11,599.286376953125,600.9476004512626,589.4020768605993,597.5836330068375,6252688,INFY.NS
2019-07-12,603.6471557617188,606.8449910726279,597.7082608168605,600.1170554356268,7874441,INFY.NS
2019-07-15,647.3372192382812,649.2476667383165,626.4473650422821,633.7567379885612,31064152,INFY.NS
2019-07-16,651.9056396484375,654.3559545552573,644.5547456244981,645.3853574100967,9924322,INFY.NS
2019-07-17,659.6304321289062,660.3364319347548,645.1777654154979,651.1166605222003,6754348,INFY.NS
2019-07-18,658.4259033203125,663.2434410307003,653.026927281866,655.3941503431944,6534471,INFY.NS
2019-07-19,652.362548828125,659.9210961708561,648.9154894694542,655.1035577163394,6812754,INFY.NS
2019-07-22,651.531982421875,657.8446124648974,649.5800140755597,652.819420703429,7107151,INFY.NS
2019-07-23,656.2249145507812,667.8119605731658,652.4871610401105,653.6915584217431,10782564,INFY.NS
2019-07-24,653.110107421875,659.2981760322863,650.8674452192159,654.5221577492177,5745146,INFY.NS
2019-07-25,659.9210815429688,664.6555789884969,654.2314109360275,654.7297577422845,9773568,INFY.NS
2019-07-26,653.6915283203125,660.3364231444071,649.7046015651606,658.0937610019704,4941763,INFY.NS
2019-07-29,657.3877563476562,661.9561215054628,653.0270441515682,655.7680531069474,6244316,INFY.NS
2019-07-30,658.4259033203125,662.6620027026415,654.9788444940831,657.7614241010374,8673253,INFY.NS
2019-07-31,659.2151489257812,664.3233816480152,649.2062350614366,656.8893950689794,7350584,INFY.NS
2019-08-01,638.6158447265625,654.8543455307068,634.9196628746307,653.2346424255967,10066407,INFY.NS
2019-08-02,644.2224731445312,647.7941443383114,633.1338262142699,635.4595290476127,10838336,INFY.NS
2019-08-05,645.1362915039062,652.7779313439386,638.4498756550762,641.7307521976219,9976238,INFY.NS
2019-08-06,643.2672729492188,650.9504315533787,639.404908075007,646.8804137439195,9331718,INFY.NS
2019-08-07,644.6378784179688,650.7429063303058,641.5230837779582,646.9636323063985,5130457,INFY.NS
2019-08-08,655.14501953125,658.4674665399663,648.9154313899069,650.1198285698702,8009009,INFY.NS
2019-08-09,656.058837890625,661.7900807068935,651.8642576219364,657.8446738874925,4362520,INFY.NS
2019-08-13,635.2103881835938,652.860889326322,631.3895940971885,651.3242777407403,7517099,INFY.NS
2019-08-14,643.5579833984375,646.4236041181558,637.909833553156,643.8071567878654,5940968,INFY.NS
2019-08-16,643.3504638671875,647.9188295079282,633.3416001935979,647.8773090505001,5128088,INFY.NS
2019-08-19,645.92529296875,650.36904586431,642.3536216360327,644.2224982046083,3881451,INFY.NS
2019-08-20,658.467529296875,662.8282414114238,651.0750637193164,652.1964201095427,8435344,INFY.NS
2019-08-21,664.0325927734375,667.6042132618487,658.6751366925611,658.6751366925611,5926896,INFY.NS
2019-08-22,660.9179077148438,665.5693141377823,658.1353273951073,664.4064878803115,5222488,INFY.NS
2019-08-23,666.3168334960938,672.7540753073816,661.0008973991304,661.5408153780414,6895015,INFY.NS
2019-08-26,666.6076049804688,670.1377057396227,653.6085584852665,661.0840659752397,5412074,INFY.NS
2019-08-27,651.7395629882812,660.2948543081113,648.7908505689361,657.0139275898189,16061642,INFY.NS
2019-08-28,666.5659790039062,668.6425085335134,653.1100575127473,654.0237609236875,5881134,INFY.NS
2019-08-29,670.2621459960938,672.5463282547296,660.7516315435613,660.7516315435613,7830413,INFY.NS
2019-08-30,676.865478515625,678.9004365750304,666.1505675617741,672.7954610037867,8174186,INFY.NS
2019-09-03,676.3258056640625,683.0953135891747,674.4984491661918,676.9487646499366,5647088,INFY.NS
2019-09-04,682.181396484375,683.1366202423644,673.0031471043897,673.418452964991,6199015,INFY.NS
2019-09-05,692.7717895507812,695.637410515493,686.6252924011552,689.4908626693439,7926895,INFY.NS
2019-09-06,697.8385009765625,703.5281713398414,693.6023505187062,700.4548976421462,6106841,INFY.NS
2019-09-09,688.6602783203125,697.9631413655492,687.372840066386,695.0559998324455,4377870,INFY.NS
2019-09-11,681.1847534179688,688.2034336435265,676.2426535002521,683.0121096152328,7981036,INFY.NS
2019-09-12,678.1114501953125,680.9770201638365,673.5015144445196,678.1114501953125,4400017,INFY.NS
2019-09-13,688.8263549804688,690.27992562916,679.0251458885981,679.523492689541,4832021,INFY.NS
2019-09-16,687.4974975585938,696.0112697538913,681.5586020413115,691.1106391384745,4846496,INFY.NS
2019-09-17,690.4461059570312,693.5609004199953,681.5585489500689,690.6537589212288,5540901,INFY.NS
2019-09-18,689.283203125,691.85813020201,684.4241442243464,689.3247742734939,3199389,INFY.NS
2019-09-19,681.68310546875,686.9159496008917,677.114740628599,685.130113975679,6601607,INFY.NS
2019-09-20,668.6424560546875,693.560808454241,666.1506208147322,683.5104265983616,22462366,INFY.NS
2019-09-23,634.878173828125,670.2207500813512,616.230977572765,670.2207500813512,17279260,INFY.NS
2019-09-24,659.5473022460938,663.3681470169731,635.4180391346006,635.4180391346006,13717998,INFY.NS
2019-09-25,658.3844604492188,665.3200486679606,649.2477306922306,654.27292191927,9313576,INFY.NS
2019-09-26,649.9952392578125,661.9975896358084,646.2990066920602,654.314430659483,18442824,INFY.NS
2019-09-27,649.7046508789062,659.7135143280847,647.9603354372701,653.7330983931703,5087642,INFY.NS
2019-09-30,669.1824340820312,671.1343515833988,651.3242799247997,652.1133205977852,8178091,INFY.NS
2019-10-01,659.132080078125,670.7606469775567,657.4708562353491,670.303820560099,5881438,INFY.NS
2019-10-03,652.5286254882812,662.7036202828897,651.3242789065454,658.3013877763635,5497672,INFY.NS
2019-10-04,659.0488891601562,662.4958974314346,653.7329537946084,656.1832685442987,8201713,INFY.NS
2019-10-07,655.8094482421875,666.1505738989997,652.9438277787556,660.2116800500975,3679845,INFY.NS
2019-10-09,650.908935546875,661.0839297560707,646.880438033894,660.7101443192862,6335025,INFY.NS
2019-10-10,650.4105224609375,660.0871696532703,645.0530665196142,652.3624904966385,10402917,INFY.NS
2019-10-11,676.782470703125,684.2579767507218,645.053090450688,649.1231084663209,20636344,INFY.NS
2019-10-14,652.9437866210938,661.9974737298809,647.8770759213389,653.4837044629659,15150858,INFY.NS
2019-10-15,638.1591186523438,644.5133200259127,635.4181094957851,642.1460456706589,13762133,INFY.NS
2019-10-16,640.7754516601562,644.5132045758913,632.5523749669317,635.6256486147287,10767032,INFY.NS
2019-10-17,639.1558227539062,640.0279550628036,635.5011103114015,637.0792931153295,9860495,INFY.NS
2019-10-18,637.7852783203125,642.7274288863458,631.2649956829857,634.421310522096,10037200,INFY.NS
2019-10-22,534.5402221679688,574.0358037405917,530.2210306006513,574.0358037405917,90152532,INFY.NS
2019-10-23,547.1983032226562,552.2868008823475,517.3404174351423,529.8723393277127,60516887,INFY.NS
2019-10-24,534.3720703125,549.3851519067364,531.5545154873773,546.6937263715115,25666433,INFY.NS
2019-10-25,536.13818359375,548.7962320115289,534.9186261445707,544.1703633892095,16549337,INFY.NS
2019-10-27,545.7263793945312,548.7962949114259,542.9508681699579,547.6187804114672,2945281,INFY.NS
2019-10-29,547.2403564453125,549.8476440514997,544.1704408433197,547.53470941113,16709764,INFY.NS
2019-10-30,555.6090087890625,564.6925762217521,551.9083436634032,555.4408364055968,22879467,INFY.NS
2019-10-31,576.6356811523438,584.9202242950498,560.2348699171029,562.1693656433549,27405901,INFY.NS
2019-11-01,578.570068359375,583.7005570444895,574.1123717407302,580.3362887041756,9713519,INFY.NS
2019-11-04,596.3165893554688,616.0816667177445,570.3696891818358,573.4395533756042,29381982,INFY.NS
2019-11-05,585.466796875,596.1063163892159,581.5979086887376,596.1063163892159,12897805,INFY.NS
2019-11-06,599.0921020507812,606.8299298571256,582.0184497035772,585.2144945072711,21372589,INFY.NS
2019-11-07,605.65234375,609.2268786037793,598.9238075546509,603.0450565081651,13733737,INFY.NS
2019-11-08,595.6016235351562,609.1427818593335,593.372775425281,607.2503810872472,8585630,INFY.NS
2019-11-11,592.4476928710938,594.8026705123729,587.0648428327452,587.8218237656781,6951494,INFY.NS
2019-11-13,581.4717407226562,588.7469919426704,578.4439195836737,585.8032569829571,9973690,INFY.NS
2019-11-14,593.20458984375,596.9893916309301,585.6770293556489,585.6770293556489,10539902,INFY.NS
2019-11-15,592.0272216796875,599.6388695607433,590.6814833610102,596.3586869520519,7362623,INFY.NS
2019-11-18,593.1205444335938,597.1576563504387,588.1582278821685,592.9523207423371,7490916,INFY.NS
2019-11-19,599.5548095703125,600.5220575077312,592.9524517408271,597.0737020811224,6495885,INFY.NS
2019-11-20,599.680908203125,601.3630425879865,592.952370663679,599.5126844977053,6142171,INFY.NS
2019-11-21,599.89111328125,606.7878738165402,597.5781787400324,601.783514269519,9692973,INFY.NS
2019-11-22,583.0277099609375,598.8397607936121,576.2150358140341,598.6294940236704,14415826,INFY.NS
2019-11-25,587.14892578125,593.078489942407,583.027727765339,583.1538570303593,7334511,INFY.NS
2019-11-26,580.8408813476562,594.8446681953443,576.9719934704931,592.9522673421247,27253106,INFY.NS
2019-11-27,585.1724243164062,586.770472311573,580.4203747528793,583.9108236890622,3861635,INFY.NS
2019-11-28,590.302978515625,591.5645792829888,583.742664792267,587.9900437754582,4837683,INFY.NS
2019-11-29,585.677001953125,590.6813610156299,581.6398905026191,589.5038979821717,4262379,INFY.NS
2019-12-02,582.607177734375,592.1112254902263,580.5885962045213,591.354244582866,9383736,INFY.NS
2019-12-03,587.3592529296875,588.4947244395534,579.1168047159983,582.6072540962515,5239013,INFY.NS
2019-12-04,596.1903076171875,597.5780886666016,583.1537694407874,586.2236844484466,7427886,INFY.NS
2019-12-05,601.2367553710938,602.1199168342883,591.9429748095303,594.1718230081459,4814422,INFY.NS
2019-12-06,601.447021484375,605.5682705259846,596.8211527511904,602.1619592712076,5226096,INFY.NS
2019-12-09,603.2553100585938,607.5447312553675,600.7321090405725,602.2039763010849,6435865,INFY.NS
2019-12-10,600.9845581054688,604.3067838157878,597.1577126085028,599.680914211074,4457939,INFY.NS
2019-12-11,606.451416015625,607.839197250365,599.6808361964681,602.7086571917863,6043554,INFY.NS
2019-12-12,590.5132446289062,606.1571249269681,588.3685335937956,604.3067668700361,11112042,INFY.NS
2019-12-13,598.2510375976562,599.5967758026204,589.0413422834619,589.0413422834619,10302412,INFY.NS
2019-12-16,600.5219116210938,605.736537927313,597.3258668962052,599.092087278873,5616324,INFY.NS
2019-12-17,613.7266845703125,615.0303283326663,601.3629877030515,605.3160134136265,10525565,INFY.NS
2019-12-18,616.0397338867188,620.1188896236614,607.8813710781611,614.8201760749025,12215295,INFY.NS
2019-12-19,614.6939697265625,618.9834434367554,609.4372994944661,616.9228184388395,7199210,INFY.NS
2019-12-20,615.2825927734375,618.1842843751916,612.5070817635827,614.8200161609049,7794167,INFY.NS
2019-12-23,619.0255126953125,620.118889882867,615.3668905930067,615.7874242293486,4975608,INFY.NS
2019-12-24,616.8387451171875,619.8245236043721,612.5492713175097,619.8245236043721,2890759,INFY.NS
2019-12-26,613.0960083007812,617.8059645677756,611.0774262808276,615.6612532557456,3821806,INFY.NS
2019-12-27,619.8245239257812,620.2871006491616,613.0118483585267,613.7688294220009,3399094,INFY.NS
2019-12-30,616.4181518554688,620.6655308137696,611.6661017923799,619.1095257423395,5368416,INFY.NS
2019-12-31,614.9463500976562,620.4973735015855,610.1522564298964,613.726792298933,6927885,INFY.NS
2020-01-01,619.740234375,622.3896161125859,616.1236563320883,618.184280868582,2112415,INFY.NS
2020-01-02,617.9320068359375,623.0624955971197,614.7359621321849,621.4644989125743,5658200,INFY.NS
2020-01-03,627.4361572265625,629.1182916963388,617.2592642182839,617.2592642182839,7882938,INFY.NS
2020-01-06,621.4224853515625,633.9964503630143,619.4459979490006,627.5202226022485,6519403,INFY.NS
2020-01-07,612.2128295898438,624.5764762444932,609.857800384513,620.7075876951653,7899363,INFY.NS
2020-01-08,604.054443359375,613.1379584021026,595.7278579583198,609.731646677913,8639443,INFY.NS
2020-01-09,611.9182739257812,615.2404987794226,600.7741363880815,606.9980526033758,13521186,INFY.NS
2020-01-10,620.833740234375,624.8288092157168,614.3995559726637,622.7681844215654,9341405,INFY.NS
2020-01-13,650.6074829101562,653.9297084159871,635.0056975615051,639.2110333069456,36952038,INFY.NS
2020-01-14,652.3737182617188,653.4670952274895,645.2666909822158,647.579625512934,11414418,INFY.NS
2020-01-15,645.5609741210938,650.859686024242,641.0192430618195,650.859686024242,6047430,INFY.NS
2020-01-16,645.0986328125,649.7245030608295,639.4214284168229,648.210592155584,5740586,INFY.NS
2020-01-17,645.8133544921875,650.0607844299849,641.1033992493434,648.2104265364883,3762957,INFY.NS
2020-01-20,646.318115234375,651.3224754584385,641.6922455261039,648.9674461755833,3887680,INFY.NS
2020-01-21,641.313720703125,648.042258100666,639.8418531474128,646.3180806594794,4448374,INFY.NS
2020-01-22,647.7899169921875,654.3502303716543,644.2574247618087,646.3180495074183,9733935,INFY.NS
2020-01-23,659.6908569335938,660.6581044822925,653.256725418295,653.5931214052721,12528017,INFY.NS
2020-01-24,658.34521484375,661.4992161924106,650.6494310191553,652.4577456595837,7540490,INFY.NS
2020-01-27,654.434326171875,660.0694863204792,651.3224187974897,655.2333502280002,3741610,INFY.NS
2020-01-28,654.350341796875,657.5463871839612,649.3039381326317,656.8735436289966,5121009,INFY.NS
2020-01-29,664.1907348632812,666.7980224796606,659.6069086547881,661.5833959122372,6832757,INFY.NS
2020-01-30,656.62109375,664.1906976328585,654.3502023182101,664.1906976328585,3859680,INFY.NS
2020-01-31,652.6260986328125,660.1957033693199,648.9674255427001,656.4949871864937,6092028,INFY.NS
2020-02-03,645.4349365234375,665.242057181126,642.9958213109562,657.7144960957066,6416745,INFY.NS
2020-02-04,662.634765625,664.35899443358,647.7058229908439,647.7058229908439,5771311,INFY.NS
2020-02-05,659.8592529296875,661.0788106207942,651.3224517612754,656.8734746753693,6310409,INFY.NS
2020-02-06,648.7571411132812,661.7516391580695,647.6217209675293,659.6910143244213,7341622,INFY.NS
2020-02-07,653.7615356445312,655.0651795602332,648.4628224594617,652.6261154386838,2853344,INFY.NS
2020-02-10,650.3131713867188,654.3502836926963,647.4114792705051,650.986014881937,3827682,INFY.NS
2020-02-11,650.6074829101562,655.2753953206621,646.9488613454889,655.1913091396193,4312817,INFY.NS
2020-02-12,656.9154052734375,658.7657630394906,651.9110460884273,652.4998032868976,2948825,INFY.NS
2020-02-13,666.33544921875,667.8073167304354,657.8827346328608,660.2377123846245,4387430,INFY.NS
2020-02-14,661.4573364257812,672.1809436589497,659.9013312421273,668.2279173923379,5321680,INFY.NS
2020-02-17,663.9805908203125,667.3448600231924,658.808006387015,664.6954774920548,2929629,INFY.NS
2020-02-18,670.8772583007812,672.0547215548595,659.1023177519982,660.2377379139069,5083346,INFY.NS
2020-02-19,673.232177734375,676.9328422135535,669.6155994322401,672.8536872683541,3985192,INFY.NS
2020-02-20,670.3305053710938,677.9841957517539,667.6811233668155,675.587174955246,4564569,INFY.NS
2020-02-24,669.36328125,682.6100890694331,666.2513738141197,672.9378166933391,6627536,INFY.NS
2020-02-25,671.508056640625,677.9001466709008,668.9848551021477,672.0126764144537,6996695,INFY.NS
2020-02-26,658.34521484375,674.0731785026688,656.4528140345537,667.7651758053478,8760569,INFY.NS
2020-02-27,654.2240600585938,656.6631753198726,649.4720614766744,654.3502406645673,5223386,INFY.NS
2020-02-28,615.4087524414062,636.5195142344251,607.2924351165311,630.800268731524,14123957,INFY.NS
2020-03-02,623.272705078125,644.173251331756,617.1329260973419,619.8663939131052,9821523,INFY.NS
2020-03-03,628.277099609375,638.3699044223771,623.4409639698116,635.0056361513764,7826587,INFY.NS
2020-03-04,638.15966796875,640.4726025149299,627.0575718801535,634.0805130302612,11013444,INFY.NS
2020-03-05,634.669189453125,650.607420670565,632.272168841398,642.3649736649388,7755293,INFY.NS
2020-03-06,621.506591796875,625.7539707128719,613.2220494214494,623.2307692180619,9216022,INFY.NS
2020-03-09,592.48974609375,610.4885517564255,586.2237857495801,609.353131672268,10308654,INFY.NS
2020-03-11,576.9720458984375,585.3406740322644,562.7159479085041,580.8830285510021,16165009,INFY.NS
2020-03-12,530.8815307617188,563.5149219447201,527.7695724183759,561.8327878493627,13965574,INFY.NS
2020-03-13,540.2594604492188,560.9917861223903,479.40827299814464,497.9117502015818,16903113,INFY.NS
2020-03-16,490.4682922363281,523.2699086238717,487.8189103788544,523.1437280269784,19140152,INFY.NS
2020-03-17,466.7502136230469,497.91174049341305,462.5869210665155,494.63155815562135,16059887,INFY.NS
2020-03-18,449.3821716308594,486.1368166515516,444.0834588097219,477.72614508318566,15390183,INFY.NS
2020-03-19,458.84417724609375,469.3154736179433,428.31344971314985,428.31344971314985,16583991,INFY.NS
2020-03-20,492.1925354003906,519.3169525834973,460.9048253129434,462.1664261121576,21354894,INFY.NS
2020-03-23,442.7798156738281,471.7966326299263,433.9065674223022,454.1762653997973,17146150,INFY.NS
2020-03-24,496.0614013671875,505.6075444468056,439.0370581095472,439.0370581095472,20027097,INFY.NS
2020-03-25,509.8549499511719,534.0776751888671,475.79172814778747,502.1171213980373,18339548,INFY.NS
2020-03-26,540.8060913085938,547.4084468505824,514.8170999793414,517.256214859697,14843813,INFY.NS
2020-03-27,548.9644775390625,567.6361764431037,540.1753165397977,559.3516351434106,13495283,INFY.NS
2020-03-30,527.0967407226562,558.0479984958881,522.3867343505311,525.7510026157663,14624804,INFY.NS
2020-03-31,539.5446166992188,556.786494551649,532.9843027101059,546.6936880038849,15175521,INFY.NS
2020-04-01,506.9952392578125,536.1802779894242,499.5938590207341,533.5308960819646,13083824,INFY.NS
2020-04-03,492.6130065917969,509.6866583111968,489.6272286788533,507.5839905788898,10221655,INFY.NS
2020-04-07,537.4419555664062,541.8575584877266,515.4901215771391,517.2563422117995,15145605,INFY.NS
2020-04-08,531.218017578125,551.4457245999333,526.8024148230776,529.8723306056918,11806896,INFY.NS
2020-04-09,535.12890625,549.0485555483924,531.6384574867653,544.0021532890604,11931114,INFY.NS
2020-04-13,536.0962524414062,548.1235031036816,526.5501089450446,529.0312674456261,8330276,INFY.NS
2020-04-15,537.4840698242188,549.4692793403739,534.5823772533723,547.8712822056923,11963447,INFY.NS
2020-04-16,524.6998291015625,533.9936640916745,507.58412960644966,521.4196973415308,17783287,INFY.NS
2020-04-17,528.8209228515625,543.3293298800944,526.5079883977386,541.6471957318588,8878320,INFY.NS
2020-04-20,549.46923828125,555.9454665396447,537.4419865640439,538.2830538356621,13322913,INFY.NS
2020-04-21,532.563720703125,543.7499033433327,528.0219376355332,528.0219376355332,11660575,INFY.NS
2020-04-22,539.8388671875,542.488248937103,528.2321521283357,532.5636679831699,8266728,INFY.NS
2020-04-23,571.3369140625,574.995587025574,536.6849366494273,544.2124980318446,14451289,INFY.NS
2020-04-24,553.4222412109375,567.7203842209466,550.7308157891782,562.2954902825679,7319940,INFY.NS
2020-04-27,558.9730834960938,572.7666022335231,555.9873060421302,555.9873060421302,7183306,INFY.NS
2020-04-28,555.693115234375,569.402500473676,549.258930551876,566.0382316377902,7296571,INFY.NS
2020-04-29,569.02392578125,573.6077516589464,553.4221416298926,560.1506783062439,8639056,INFY.NS
2020-04-30,601.783447265625,605.5682488207547,587.1488607185942,588.7469085757338,16253821,INFY.NS
2020-05-04,566.626953125,589.7562999093207,563.8093473522927,580.168113799409,9122740,INFY.NS
2020-05-05,566.626953125,576.6356214781432,563.5149943816311,573.3975334622045,6393053,INFY.NS
2020-05-06,560.066650390625,573.1452346488045,558.5106453215642,569.3183892829877,7934250,INFY.NS
2020-05-07,559.267578125,567.1735780601467,557.1649103760788,559.7721978508764,4779548,INFY.NS
2020-05-08,567.0474243164062,572.6825839071761,562.2533317888959,565.4073332761186,8400321,INFY.NS
2020-05-11,574.3648071289062,587.5274779099074,570.243557345785,574.028359717549,7370186,INFY.NS
2020-05-12,578.3599243164062,581.1774791154415,568.140936530363,570.6641383210233,7356039,INFY.NS
2020-05-13,583.8268432617188,588.6629798758297,575.0797234605891,584.3735061651205,8287101,INFY.NS
2020-05-14,553.5482788085938,564.9867697273427,548.8803157877804,554.2631652405192,16888262,INFY.NS
2020-05-15,548.6281127929688,559.1414525725928,543.9181571055639,559.1414525725928,9255353,INFY.NS
2020-05-18,558.384521484375,563.9775874320625,549.21686868607,554.9781583367356,10435442,INFY.NS
2020-05-19,562.33740234375,567.552028258066,550.8989111349637,558.4685144940701,5902208,INFY.NS
2020-05-20,563.1364135742188,566.0381050632426,554.8098808681391,562.253303469209,5794636,INFY.NS
2020-05-21,565.365234375,571.4629699816402,559.6459891763926,560.5711423207796,7213225,INFY.NS
2020-05-22,582.3128051757812,585.2565401219556,566.4587103566795,567.720311047897,11867731,INFY.NS
2020-05-26,572.38818359375,588.2843717331784,571.0845399036119,582.8594788706966,7099606,INFY.NS
2020-05-27,593.330810546875,596.484812249405,567.7203064553988,577.0140878719212,8774636,INFY.NS
2020-05-28,594.970947265625,597.1577014129889,580.3363577112145,594.6344998577227,9440091,INFY.NS
2020-05-29,589.0885009765625,597.4431465895127,575.4056308612918,590.3672748571195,28290128,INFY.NS
2020-06-01,596.3775024414062,602.4303967037439,589.5147596804482,595.6955001109372,12276438,INFY.NS
2020-06-02,603.66650390625,606.6929770578658,594.6724713306025,597.1874037086551,7059304,INFY.NS
2020-06-03,598.0825805664062,606.9061522562504,593.3511272429256,605.8831226646595,11378568,INFY.NS
2020-06-04,603.3681640625,604.8174515852697,594.6298755684829,598.4661973463441,10782424,INFY.NS
2020-06-05,599.7875366210938,606.735561852459,597.2726043698574,602.728726812084,7718679,INFY.NS
2020-06-08,614.5360717773438,618.7560359307533,600.1711995336993,603.2829034128403,10719105,INFY.NS
2020-06-09,611.7655029296875,621.995695634421,609.5915973866217,613.8115622840146,10078029,INFY.NS
2020-06-10,610.2734985351562,613.3425870572468,604.6042989056473,609.5488808188883,7263049,INFY.NS
2020-06-11,600.1286010742188,608.1848870428197,596.9742817173634,606.9913439239739,8825715,INFY.NS
2020-06-12,589.983642578125,592.6264731974438,575.8745142565444,576.1302586304287,9795316,INFY.NS
2020-06-15,586.1473388671875,600.5122640371706,584.1865625626119,590.793561263612,7857344,INFY.NS
2020-06-16,597.7842407226562,606.9914032871766,596.0365932968477,598.4662431286489,10131760,INFY.NS
2020-06-17,599.8728637695312,605.5420635672415,595.0561278809,596.6759289850708,7291916,INFY.NS
2020-06-18,608.6111450195312,610.9128964105056,601.876248339466,603.7517937976373,6670195,INFY.NS
2020-06-19,601.4925537109375,606.9060606338522,597.6136169604639,604.4337438301982,22438862,INFY.NS
2020-06-22,599.9154663085938,604.1780459298948,596.7611469821425,602.8139892310129,7804096,INFY.NS
2020-06-23,614.3656616210938,617.6478273297574,590.0262887724396,593.0953775196116,12157390,INFY.NS
2020-06-24,608.8243408203125,619.6086373298346,604.7748896965528,611.1687598919627,10220838,INFY.NS
2020-06-25,597.1874389648438,601.5352496128797,591.2198271550594,600.8958626332601,14945284,INFY.NS
2020-06-26,637.8524780273438,640.7510011910102,605.2863566034009,605.4568702091336,26030458,INFY.NS
2020-06-29,623.8284912109375,634.8685821932067,622.4218192045339,626.9401949664656,8954428,INFY.NS
2020-06-30,627.4093017578125,629.9668503331958,617.4348519071257,624.7238549402764,10411290,INFY.NS
2020-07-01,623.9564819335938,632.8226171237593,622.1235517180992,628.5174217254794,5477468,INFY.NS
2020-07-02,645.0135498046875,652.5583472155681,626.94025321164,628.6026176947248,17263756,INFY.NS
2020-07-03,650.2139282226562,651.3221885556562,641.5182550891772,643.6495449731943,7796572,INFY.NS
2020-07-06,651.322265625,660.6999422243128,649.1909754887926,652.3452952970697,8810958,INFY.NS
2020-07-07,677.0255737304688,679.4126080233551,652.6435859361666,655.9258036181499,19362533,INFY.NS
2020-07-08,660.4442138671875,669.1398882409582,658.3129236791776,669.1398882409582,8476642,INFY.NS
2020-07-09,666.411865234375,673.4877386642835,660.699996790911,664.9625774153685,6854166,INFY.NS
2020-07-10,666.53955078125,673.4023455592946,659.4210636675116,659.4210636675116,5206452,INFY.NS
2020-07-13,679.4978637695312,686.573736125106,670.1201878195426,671.7826044173664,10804688,INFY.NS
2020-07-14,667.7332153320312,687.468983269493,666.1134139771492,676.0026316611227,8961822,INFY.NS
2020-07-15,708.3982543945312,723.3172859485203,677.5797769710528,681.1603549507006,30060599,INFY.NS
2020-07-16,776.64208984375,814.5790525199815,762.3624465892135,767.349644464732,90432109,INFY.NS
2020-07-17,769.9498901367188,784.2295339513297,760.5722136017504,776.6421203051116,31682878,INFY.NS
2020-07-20,796.5056762695312,805.6276077373739,773.0188712337183,774.5107742110097,18421053,INFY.NS
2020-07-21,798.59423828125,809.6343291637768,792.1577538931436,805.6274941828462,12877784,INFY.NS
2020-07-22,782.5244140625,800.5124798572022,775.7895172205048,800.4698644662415,14354201,INFY.NS
2020-07-23,774.0419311523438,780.7341610993074,767.8185746099248,780.6063149163126,13051307,INFY.NS
2020-07-24,786.7443237304688,789.2166407991177,770.0350319220125,770.0350319220125,18209580,INFY.NS
2020-07-27,808.5687866210938,812.2772102977073,783.1638209814028,785.6360860879965,16827870,INFY.NS
2020-07-28,820.844970703125,824.851806119034,802.3880314019972,806.4800976004691,15818463,INFY.NS
2020-07-29,813.42822265625,818.4154208134515,804.4341365611746,812.6609373858569,11152710,INFY.NS
2020-07-30,819.6515502929688,829.1997402687743,817.3497465972956,820.1204237044051,12492320,INFY.NS
2020-07-31,823.5304565429688,840.9644191611527,812.7034929291409,826.3011335447954,12704346,INFY.NS
2020-08-03,815.7726440429688,823.0190306010745,807.7163568157961,818.4154230331327,8479792,INFY.NS
2020-08-04,809.76220703125,827.5371947713552,801.83381956569,818.7989067938773,11133170,INFY.NS
2020-08-05,805.3717651367188,819.2251482364996,799.9156426717367,811.5951206763939,9614176,INFY.NS
2020-08-06,827.6651000976562,830.6915733865991,803.4962934115978,812.8739689845713,10976491,INFY.NS
2020-08-07,810.6574096679688,826.471569587553,809.0376086055396,826.471569587553,8010948,INFY.NS
2020-08-10,811.041015625,815.6872378870407,805.8833046142795,808.9523932066882,5716319,INFY.NS
2020-08-11,808.5687866210938,820.1203676717353,806.5653428604561,809.8049451911135,6802442,INFY.NS
2020-08-12,814.110107421875,817.3922729779498,803.2405291853771,808.1851112313698,6908726,INFY.NS
2020-08-13,810.9131469726562,825.661661863057,808.3982146222446,813.982183446535,5097703,INFY.NS
2020-08-14,812.959228515625,820.9728996474734,811.6378391357582,814.8773894961097,4663873,INFY.NS
2020-08-17,816.2840576171875,829.0291820305367,813.3854824477792,813.3854824477792,9008210,INFY.NS
2020-08-18,824.8519287109375,826.2586010664032,817.3071821622277,821.7402762167004,6141761,INFY.NS
2020-08-19,817.8186645507812,828.2619865232915,816.2415306172933,827.7078822917601,6622744,INFY.NS
2020-08-20,814.2806396484375,823.1041590171701,810.9984219838175,817.4775744970283,5656501,INFY.NS
2020-08-21,808.8671264648438,821.3565059999416,806.9489655690165,821.0154788050834,6513773,INFY.NS
2020-08-24,807.6736450195312,811.5951976401286,800.6830037087991,807.3326178205901,5798574,INFY.NS
2020-08-25,799.7451782226562,808.7392629683003,795.9088565131773,807.7588488291673,6233918,INFY.NS
2020-08-26,810.5721435546875,813.5133339478789,800.0009771421063,802.4306267523615,5153601,INFY.NS
2020-08-27,807.375244140625,819.22523701272,805.7981103994258,818.415336429356,6154280,INFY.NS
2020-08-28,797.3156127929688,812.0215142318126,795.4400671303105,811.1263828117901,7593610,INFY.NS
2020-08-31,791.6463012695312,810.3164216452781,779.7110778050032,797.31555322856,12808355,INFY.NS
2020-09-01,779.3275146484375,797.1024522625171,777.5798152386446,789.6429373349267,6907773,INFY.NS
2020-09-02,787.7246704101562,789.7707293284936,778.77325370095,780.0520275165509,5678118,INFY.NS
2020-09-03,797.5712890625,809.3786662262877,787.7247402164828,789.8560300980209,8827948,INFY.NS
2020-09-04,783.5900268554688,792.4135457935314,779.5831916341169,780.0520649823359,8650342,INFY.NS
2020-09-07,788.619873046875,790.7511629324314,778.3896815962045,783.3769311484731,6700385,INFY.NS
2020-09-08,800.7682495117188,811.5952128631155,789.0461547881181,792.7972459130488,12891964,INFY.NS
2020-09-09,790.9217529296875,806.4801705971267,789.4298498656864,797.1024941948345,5528947,INFY.NS
2020-09-10,801.4076538085938,803.070070411996,788.4067848343019,797.3582028166012,5171884,INFY.NS
2020-09-11,806.2244262695312,813.4281971859399,793.6924301240407,797.0172634803677,6671903,INFY.NS
2020-09-14,834.1017456054688,844.8860426955162,808.4409806198194,815.857880852441,21871587,INFY.NS
2020-09-15,837.5543823242188,847.4009320433852,828.3472196262118,835.0394496343016,11608203,INFY.NS
2020-09-16,854.0079345703125,857.3327679066014,837.1707429478881,840.5808070739487,10059251,INFY.NS
2020-09-17,861.8936157226562,870.4187751264412,848.2533606766004,848.2533606766004,15628241,INFY.NS
2020-09-18,854.348876953125,868.5432362481778,851.748661688465,861.8936222694053,12897633,INFY.NS
2020-09-21,860.9559326171875,878.9439994749248,852.9422613721263,853.3685193738115,14140637,INFY.NS
2020-09-22,858.9098510742188,871.6975907924453,845.0138509871017,860.1886250460414,12625762,INFY.NS
2020-09-23,869.3531494140625,884.0590497105984,859.4213176757776,869.6941766111281,13486204,INFY.NS
2020-09-24,831.5441284179688,860.1886452460848,826.9405211979209,855.073549238675,14427432,INFY.NS
2020-09-25,862.2772827148438,865.2184731991076,831.2030654016025,831.885067766525,13311078,INFY.NS
2020-09-28,861.3822021484375,866.2841692334301,851.2372407591603,865.1332413934064,8554526,INFY.NS
2020-09-29,860.1885986328125,876.3864017785245,856.0112496397511,867.8612422281498,8708463,INFY.NS
2020-09-30,859.5492553710938,872.9337669524186,856.7785783763444,860.188642369882,8048817,INFY.NS
2020-10-01,867.56298828125,875.1077345902502,862.5331227196159,870.0778690286161,5563358,INFY.NS
2020-10-05,894.033447265625,899.3191086674569,867.903864263749,867.903864263749,14212509,INFY.NS
2020-10-06,900.043701171875,903.666893906879,879.2422914798864,899.404314218639,9090819,INFY.NS
2020-10-07,909.2510375976562,913.8972084579254,882.7803725356173,890.7940442440577,9284008,INFY.NS
2020-10-08,932.396484375,958.2277546182358,927.8782130967262,929.2422175568302,21482613,INFY.NS
2020-10-09,943.5647583007812,949.1061123470236,927.9210063167188,933.5902585774076,10567867,INFY.NS
2020-10-12,965.13330078125,971.8681977015068,948.0829815233288,957.375426332274,14633537,INFY.NS
2020-10-13,987.0431518554688,994.076409464198,968.074669213744,968.074669213744,17523825,INFY.NS
2020-10-14,969.3106079101562,993.0958230601152,964.2807431331294,990.6235060612152,16649573,INFY.NS
2020-10-15,944.8006591796876,1011.0837643014748,931.3735349910296,1005.9686693724622,44288251,INFY.NS
2020-10-16,961.2117919921876,968.41551058036,935.1248231514992,949.5749277546904,18365685,INFY.NS
2020-10-19,959.8477783203124,971.015717026732,950.8111295985872,967.6056530512212,12902123,INFY.NS
2020-10-20,969.7369995117188,975.8750733983516,946.292808314732,953.8802219155004,10448776,INFY.NS
2020-10-21,978.9867553710938,984.1018515152196,967.6056872637936,972.8486816249018,19811433,INFY.NS
2020-10-22,962.5333251953124,987.2136241728724,958.0576157592956,973.573366844059,11271335,INFY.NS
2020-10-23,967.2293090820312,978.000236800094,965.2043957080036,976.276888365204,9069862,INFY.NS
2020-10-26,958.5694580078124,973.34719213427,950.5559507553218,967.0139075614576,6309368,INFY.NS
2020-10-27,939.9573364257812,956.1998750332848,928.152441251482,952.7531780265,10172479,INFY.NS
2020-10-28,927.635498046875,951.934670926664,922.0346151674694,943.9641837521252,7608392,INFY.NS
2020-10-29,926.17041015625,932.3314011732424,913.4607168408108,921.9913116962748,6935616,INFY.NS
2020-10-30,913.8916625976562,933.7101697856596,906.782850236742,923.71476980607,8800386,INFY.NS
2020-11-02,923.9733276367188,930.5650514106524,905.7057706771408,917.6830636243236,7183119,INFY.NS
2020-11-03,915.5720825195312,930.091273643408,911.2205851688972,923.7148626960357,7204782,INFY.NS
2020-11-04,942.6282958984376,961.6282509960791,919.2339293164172,920.2678961145272,15702690,INFY.NS
2020-11-05,951.288330078125,967.6601401066434,946.9799590179886,956.372228966054,9568890,INFY.NS
2020-11-06,958.8279418945312,966.0229002463028,940.689658367548,954.7349895476436,8807127,INFY.NS
2020-11-09,979.3358154296876,987.4785942243576,966.0660122364768,973.0886777262612,10160320,INFY.NS
2020-11-10,940.129638671875,959.7757464994584,928.884748758151,959.7757464994584,15622869,INFY.NS
2020-11-11,967.2293090820312,970.5467337822264,936.6398743627332,944.3949423197384,12514800,INFY.NS
2020-11-12,963.1362915039062,984.0318898657667,959.6895948668982,972.0545980151976,9180976,INFY.NS
2020-11-13,968.6942138671876,976.27698984282,962.4902009306531,965.0752238516844,6363212,INFY.NS
2020-11-14,976.6646118164062,982.0070551418072,974.6396984172352,979.723597400256,1136144,INFY.NS
2020-11-17,968.2631225585938,986.6168225542756,958.7416870762788,986.4014040340672,12813968,INFY.NS
2020-11-18,956.932373046875,976.018373389613,949.091053284346,972.3993836414028,9839468,INFY.NS
2020-11-19,945.0411376953124,960.5081468378193,942.4992409899428,947.8415787233588,10092343,INFY.NS
2020-11-20,950.728271484375,955.596752078824,940.1727618243518,953.011729304941,8063554,INFY.NS
2020-11-23,982.1791381835938,986.4444878130116,949.5216708734716,952.149818782047,10546363,INFY.NS
2020-11-24,982.3516235351562,995.1474631926328,976.5783438146448,986.616868359372,8515426,INFY.NS
2020-11-25,961.32666015625,985.3242610432516,957.5352733575106,979.7233798042652,8958701,INFY.NS
2020-11-26,959.2156982421876,965.031999218772,946.376836530637,965.031999218772,10962256,INFY.NS
2020-11-27,947.8416748046876,965.9368340509589,940.0866065562856,963.3518113014916,25306145,INFY.NS
2020-12-01,980.4558715820312,982.523910496824,952.1930236959578,952.1930236959578,8933802,INFY.NS
2020-12-02,983.0841064453124,988.7280092906065,965.9367689918088,977.1385334850232,6741637,INFY.NS
2020-12-03,970.6329956054688,988.340444953867,967.4017169057504,988.340444953867,16212632,INFY.NS
2020-12-04,977.69873046875,979.7236439641604,960.7668100440096,969.3835527349872,10564055,INFY.NS
2020-12-07,985.32421875,993.510121747923,978.8616637516396,988.5986220230948,7792141,INFY.NS
2020-12-08,993.8118896484376,1005.573763185388,986.616931317283,986.616931317283,12308330,INFY.NS
2020-12-09,1012.6395263671876,1016.3447676789544,996.9570972484528,1006.47863968937,10039346,INFY.NS
2020-12-10,1006.2200927734376,1009.5806433431112,990.9253750284336,997.3017854351504,9488782,INFY.NS
2020-12-11,1002.2994384765624,1009.8390881110338,995.4491703111808,999.283578622774,10574009,INFY.NS
2020-12-14,1003.4628295898438,1010.3992444657129,989.3743708973892,1007.6419288306224,6728187,INFY.NS
2020-12-15,994.8889770507812,1002.7301909718936,992.6486452425828,996.0953419274528,6905926,INFY.NS
2020-12-16,1004.4534912109376,1007.2109115376816,994.027255275486,999.541990744144,7788404,INFY.NS
2020-12-17,998.852783203125,1007.2110868292062,996.2677603633812,1004.6260639894624,6658153,INFY.NS
2020-12-18,1025.219970703125,1029.7006343182743,1012.9841343643416,1019.2312721039292,15995676,INFY.NS
2020-12-21,1014.4490966796876,1042.4103829179542,992.6918227233508,1023.6689687179414,10858352,INFY.NS
2020-12-22,1051.6734619140625,1054.5600497238047,1013.415102729625,1018.4990020339384,10901851,INFY.NS
2020-12-23,1079.720947265625,1084.7185947409778,1060.3332768878963,1066.7527078945843,15878346,INFY.NS
2020-12-24,1065.072509765625,1077.006677214178,1056.4126413899178,1077.006677214178,7313885,INFY.NS
2020-12-28,1068.734619140625,1075.3694688214343,1065.0293777750744,1067.1404376231014,4607051,INFY.NS
2020-12-29,1077.351318359375,1080.9271822212474,1064.1676607314378,1064.1676607314378,6878105,INFY.NS
2020-12-30,1074.33544921875,1079.9363315947858,1066.881946250596,1079.6777872573402,5194690,INFY.NS
2020-12-31,1082.0904541015625,1084.3307858845285,1067.6142861142157,1071.0609827602664,7430470,INFY.NS
2021-01-01,1086.097412109375,1090.44890972985,1082.0907104569906,1083.9002055878834,4253550,INFY.NS
2021-01-04,1110.0518798828125,1111.5598098574253,1086.700528170064,1093.4646501620718,7208454,INFY.NS
2021-01-05,1114.8341064453125,1119.3147701487244,1098.677715421226,1104.6663089535523,8145280,INFY.NS
2021-01-06,1104.75244140625,1121.8997785672482,1092.6459823290795,1120.176430213074,7161715,INFY.NS
2021-01-07,1087.5621337890625,1118.151568485968,1081.8319792102795,1116.7297849912563,10954918,INFY.NS
2021-01-08,1130.602783203125,1134.6527153635936,1101.4351303405997,1101.4351303405997,13186251,INFY.NS
2021-01-11,1185.8358154296875,1191.996806079463,1154.6432561072857,1156.452750620937,20528626,INFY.NS
2021-01-12,1182.00146484375,1187.386928051531,1171.876794013122,1187.386928051531,8309868,INFY.NS
2021-01-13,1195.271484375,1200.1399650362782,1171.8770069132547,1183.8111745128651,14442997,INFY.NS
2021-01-14,1180.9244384765625,1192.5570396581995,1136.074256291206,1171.8768597797336,27521697,INFY.NS
2021-01-15,1158.9088134765625,1175.7114624101548,1154.6435677442837,1171.8770538300191,15018441,INFY.NS
2021-01-18,1130.5594482421875,1154.643195202522,1125.3462783093237,1152.9198471499808,8861765,INFY.NS
2021-01-19,1134.5235595703125,1146.8885655169383,1130.5167527860428,1137.410147620104,5585744,INFY.NS
2021-01-20,1154.1695556640625,1161.8816034699987,1137.8839961542835,1137.8839961542835,8225838,INFY.NS
2021-01-21,1154.3851318359375,1172.7819641087622,1150.3353042992403,1163.2604200778835,6142421,INFY.NS
2021-01-22,1155.3758544921875,1168.430239935515,1143.0539762822382,1143.4416876065104,9646591,INFY.NS
2021-01-25,1141.8045654296875,1161.4507810538796,1131.378327696567,1158.9519046092023,6542611,INFY.NS
2021-01-27,1121.0380859375,1143.9155770365226,1107.3374457103669,1137.0652043305388,8133665,INFY.NS
2021-01-28,1099.6685791015625,1117.1174817647843,1096.5235523990264,1113.1107808566571,4660690,INFY.NS
2021-01-29,1067.6573486328125,1112.550548750536,1060.720829969721,1108.3283245723426,12183519,INFY.NS
2021-02-01,1086.4849853515625,1101.176466884617,1069.337648278541,1077.566678701436,8880279,INFY.NS
2021-02-02,1095.4033203125,1115.351098962238,1088.8114916842712,1102.9429695181907,6892490,INFY.NS
2021-02-03,1106.9498291015625,1123.6232045430509,1096.911303208055,1100.918109445273,8182968,INFY.NS
2021-02-04,1102.3829345703125,1114.489499899249,1096.092775634139,1107.2514151368716,5032240,INFY.NS
2021-02-05,1096.1357421875,1110.4826388299136,1087.4328536980415,1108.4577254721191,5477481,INFY.NS
2021-02-08,1123.2354736328125,1128.7932302881572,1099.065469643164,1107.682211859104,6921922,INFY.NS
2021-02-09,1124.958740234375,1147.7499796635198,1118.3237860998945,1126.121979311932,7965949,INFY.NS
2021-02-10,1117.16064453125,1123.924766232091,1106.0450258741864,1116.5575146413062,5951207,INFY.NS
2021-02-11,1113.8431396484375,1116.7297270881256,1105.5710886329,1110.6980078831743,4673317,INFY.NS
2021-02-12,1128.6209716796875,1140.641285360827,1121.5121591363622,1124.484893216906,5797875,INFY.NS
2021-02-15,1128.49169921875,1144.648091358565,1126.2943878137974,1137.410006642959,4363513,INFY.NS
2021-02-16,1111.904296875,1137.1944110642016,1108.1129097393923,1132.2397849125675,6896421,INFY.NS
2021-02-17,1104.0631103515625,1115.4371668503802,1098.6345212315448,1111.9043239367195,4575741,INFY.NS
2021-02-18,1113.670654296875,1125.3463804868834,1098.6344832471489,1099.4961573516564,6437551,INFY.NS
2021-02-19,1112.679931640625,1119.745617975616,1100.1856557955718,1116.8159046715325,5389696,INFY.NS
2021-02-22,1090.1900634765625,1127.5437210322782,1085.7094000898064,1115.8679945367455,7371303,INFY.NS
2021-02-23,1091.18115234375,1112.42144338809,1083.5984821457366,1095.3172307680072,6612942,INFY.NS
2021-02-24,1098.031494140625,1100.013281724026,1078.8161170740752,1085.7526365780805,4537258,INFY.NS
2021-02-25,1098.2469482421875,1119.9610970869585,1096.049636849095,1110.2241360693142,8788221,INFY.NS
2021-02-26,1079.9361572265625,1098.0313127505435,1072.5688018321553,1093.4643980919905,15132388,INFY.NS
2021-03-01,1091.7413330078125,1106.8206331874785,1084.8479386399652,1088.5531801866234,5756286,INFY.NS
2021-03-02,1124.053955078125,1128.793163014445,1102.253556497118,1104.8817047902842,10461434,INFY.NS
2021-03-03,1157.7025146484375,1160.675248824271,1127.0699520877108,1136.7206618970913,9056399,INFY.NS
2021-03-04,1146.3282470703125,1175.194332673044,1142.4938389671688,1150.3350531237788,12041941,INFY.NS
2021-03-05,1134.56640625,1154.6434577003683,1124.5279857096573,1144.7342041454772,6486176,INFY.NS
2021-03-08,1150.9813232421875,1159.8996302572923,1134.9972246111545,1141.5460327392923,5119392,INFY.NS
2021-03-09,1159.4256591796875,1163.6477782378126,1136.332750591368,1145.5957474208333,6518173,INFY.NS
2021-03-10,1178.8995361328125,1183.9403089878242,1167.568499766013,1169.2057017251611,7925984,INFY.NS
2021-03-12,1184.6727294921875,1199.1919184391577,1180.5367565245792,1183.0786532905622,9462061,INFY.NS
2021-03-15,1183.595703125,1189.024292856349,1170.5844432688075,1180.493696929162,6658635,INFY.NS
2021-03-16,1192.55712890625,1211.5139618801932,1189.5412691149409,1194.323603143668,9352771,INFY.NS
2021-03-17,1195.14208984375,1206.3438542042177,1190.8337189358776,1199.665879297016,7626744,INFY.NS
2021-03-18,1152.1444091796875,1200.958267604861,1131.8089216136216,1200.958267604861,10961755,INFY.NS
2021-03-19,1158.47802734375,1167.741026522775,1135.68678306558,1146.0268751723984,12767112,INFY.NS
2021-03-22,1181.1832275390625,1185.6638920338526,1151.2830648252602,1163.3465055872327,4862758,INFY.NS
2021-03-23,1181.829345703125,1191.910892235116,1171.5322754263343,1182.6047683710906,7165335,INFY.NS
2021-03-24,1166.4913330078125,1180.8812486522415,1160.0287771462731,1170.0241758418215,6134303,INFY.NS
2021-03-25,1149.3011474609375,1165.4144137321318,1143.958704043089,1160.4597868345645,8749994,INFY.NS
2021-03-26,1151.368896484375,1169.033215628549,1147.7499073190118,1158.6931263734227,4922071,INFY.NS
2021-03-30,1193.6773681640625,1206.343937433173,1151.326058180779,1160.589056271784,10546381,INFY.NS
2021-03-31,1178.8134765625,1196.0038354373928,1174.7205239556358,1190.8337900392485,8220987,INFY.NS
2021-04-01,1193.5911865234375,1199.105923026061,1181.3554536579588,1189.110522281534,5675155,INFY.NS
2021-04-05,1214.8743896484375,1227.88564811075,1195.1420308277966,1198.588727383897,9479572,INFY.NS
2021-04-06,1215.865478515625,1228.7474663306375,1211.9016928634576,1226.162443610447,5793571,INFY.NS
2021-04-07,1232.3662109375,1236.4591627636812,1212.0307239538593,1215.1758553414684,5879234,INFY.NS
2021-04-08,1240.6815185546875,1250.8923363163185,1224.4389816715218,1232.1940491134949,5654434,INFY.NS
2021-04-09,1241.7156982421875,1253.7360117447722,1232.23728165855,1253.7360117447722,6052712,INFY.NS
2021-04-12,1228.5318603515625,1273.1666212515229,1219.2688636839985,1270.107636092024,20384532,INFY.NS
2021-04-13,1203.8880615234375,1236.7178256509376,1184.8019580352127,1234.7790588105163,14855206,INFY.NS
2021-04-15,1172.523193359375,1177.3916737330917,1137.4099689394636,1148.0086039057906,25342491,INFY.NS
2021-04-16,1166.4913330078125,1181.225939335156,1160.3303420495129,1176.1851668001211,10879878,INFY.NS
2021-04-19,1174.0743408203125,1188.8519706818274,1148.0517142642886,1154.6435435911633,12508028,INFY.NS
2021-04-20,1164.42333984375,1188.248651092987,1156.7113982865865,1188.248651092987,8560766,INFY.NS
2021-04-22,1164.2076416015625,1176.0126377138145,1159.0807237223369,1168.0421537530372,6622446,INFY.NS
2021-04-23,1149.3011474609375,1161.8815703725743,1146.8884175064454,1157.2285084231075,7316262,INFY.NS
2021-04-26,1157.7025146484375,1164.3804902819847,1138.2717176665642,1147.9655532636489,7088606,INFY.NS
2021-04-27,1161.967529296875,1165.8450627650514,1154.772571565113,1159.813344036777,3636115,INFY.NS
2021-04-28,1168.4300537109375,1171.445912994115,1158.606948151624,1170.153401872753,4879234,INFY.NS
2021-04-29,1168.7318115234375,1179.6320114831683,1164.4665661928148,1178.7703372600251,5412357,INFY.NS
2021-04-30,1167.008544921875,1183.854319239692,1159.727439299612,1160.0721300500113,8354677,INFY.NS
2021-05-03,1165.0263671875,1172.7383073699752,1152.9198054820183,1155.3325347423038,4560337,INFY.NS
2021-05-04,1145.5096435546875,1167.5253551205797,1140.9427284558226,1166.706806746648,4887060,INFY.NS
2021-05-05,1155.9359130859375,1158.0039521560068,1144.1310188875818,1155.5912223767866,3939788,INFY.NS
2021-05-06,1173.2557373046875,1175.9269066693464,1152.4032607594545,1158.9519645780922,4810090,INFY.NS
2021-05-07,1165.45751953125,1183.1218412109477,1161.9676968327874,1176.4438659417935,4991435,INFY.NS
2021-05-10,1154.2557373046875,1165.7590670432264,1150.3782033354155,1163.130918612339,7195348,INFY.NS
2021-05-11,1146.586669921875,1155.5049758799562,1141.804336560745,1151.972133083135,6420988,INFY.NS
2021-05-12,1143.441650390625,1146.0266729612142,1132.67072301317,1146.0266729612142,5241898,INFY.NS
2021-05-14,1134.3079833984375,1143.3124370755463,1129.9134658392018,1143.3124370755463,4824609,INFY.NS
2021-05-17,1145.5096435546875,1150.291872007631,1137.6684297752622,1137.6684297752622,5017129,INFY.NS
2021-05-18,1154.643310546875,1158.6069904267122,1145.595732367217,1152.9199623221782,5620150,INFY.NS
2021-05-19,1152.058349609375,1169.6795440720994,1148.8270715158558,1156.3667204007338,4435878,INFY.NS
2021-05-20,1154.0401611328125,1162.4845041794445,1150.334920438742,1161.88137438498,4490092,INFY.NS
2021-05-21,1167.1376953125,1169.7227178934802,1160.1150295972031,1161.10597595688,4969733,INFY.NS
2021-05-24,1161.5799560546875,1174.461943366911,1159.037954034809,1168.9903331930352,4225371,INFY.NS
2021-05-25,1173.2557373046875,1178.7704740095392,1167.094744857506,1170.1537307784752,4099340,INFY.NS
2021-05-26,1203.97412109375,1206.3437248389694,1173.6432352288718,1178.6840076135552,6850024,INFY.NS
2021-05-27,1208.2825927734375,1220.346031032541,1199.191888297108,1209.9628153141646,15365391,INFY.NS
2021-05-28,1210.6953125,1218.4072541065857,1202.983265708581,1214.745138951032,4261312,INFY.NS
2021-05-31,1213.91796875,1220.6680058856502,1204.5550140134528,1220.6680058856502,4429904,INFY.NS
2021-06-01,1208.213134765625,1220.2325990400163,1200.7663829103165,1219.361626449695,4791325,INFY.NS
2021-06-02,1200.7662353515625,1212.3501055873878,1188.877439690679,1202.5952563024946,9272276,INFY.NS
2021-06-03,1210.3470458984375,1218.490618115071,1199.3728128462976,1208.9969958950846,5115645,INFY.NS
2021-06-04,1206.863037109375,1216.6614775007154,1199.895257275533,1214.0920448950565,4194328,INFY.NS
2021-06-07,1210.3470458984375,1212.3938101616714,1199.5905559874905,1211.5228375969002,5154576,INFY.NS
2021-06-08,1230.6407470703125,1238.3053488172584,1215.4859082159685,1215.8778033753422,7360630,INFY.NS
2021-06-09,1232.6873779296875,1241.1357683512133,1223.3679087192618,1231.0325089745763,5394317,INFY.NS
2021-06-10,1240.52587890625,1244.619406153619,1235.9096832274215,1240.26454469052,3496575,INFY.NS
2021-06-11,1260.210205078125,1264.3037335391286,1245.011670273987,1245.577823696013,6140828,INFY.NS
2021-06-14,1273.187744140625,1286.426484664051,1265.9150381321408,1281.2006492490314,7132294,INFY.NS
2021-06-15,1283.7264404296875,1285.5554614889663,1274.2328185354727,1275.103791070357,5403104,INFY.NS
2021-06-16,1289.5621337890625,1297.2702207732368,1278.1524129004067,1282.6814283261624,7661710,INFY.NS
2021-06-17,1302.3651123046875,1308.7667383776072,1284.7714054916353,1284.7714054916353,7677951,INFY.NS
2021-06-18,1309.3328857421875,1320.2200410273454,1295.4844029554913,1314.2973860242691,13533974,INFY.NS
2021-06-21,1306.7198486328125,1311.510196518953,1292.6971088556716,1300.361708001443,5454052,INFY.NS
2021-06-22,1316.7796630859375,1325.1409772519048,1308.2876817899016,1314.907051074631,6427862,INFY.NS
2021-06-23,1309.2025146484375,1328.2332451261002,1305.2831378595408,1328.2332451261002,5529809,INFY.NS
2021-06-24,1358.0205078125,1366.338339114032,1316.2138207830346,1321.2655046603898,10785137,INFY.NS
2021-06-25,1371.0848388671875,1374.3945768272977,1343.9105399521677,1369.1687419344182,9780240,INFY.NS
2021-06-28,1368.99462890625,1376.2672280750623,1359.239673036804,1369.9526773998855,5019178,INFY.NS
2021-06-29,1361.373779296875,1370.606067690136,1358.0204496956374,1359.5882429201097,5913567,INFY.NS
2021-06-30,1376.83349609375,1385.7173738759964,1369.2124860237218,1369.2124860237218,6058722,INFY.NS
2021-07-01,1359.0655517578125,1373.3930072922922,1357.8897601108913,1373.3930072922922,4814317,INFY.NS
2021-07-02,1365.5108642578125,1366.9478839702683,1343.5622912761874,1357.8026718078984,5166064,INFY.NS
2021-07-05,1375.221923828125,1380.491349741526,1359.6316018427842,1366.6864575080867,4058338,INFY.NS
2021-07-06,1360.63330078125,1382.015719815571,1356.1913619563304,1370.6494852954324,4089574,INFY.NS
2021-07-07,1362.7235107421875,1367.9058607513202,1345.3476524242224,1363.986484620662,4797120,INFY.NS
2021-07-08,1359.3704833984375,1372.6528155283918,1349.1365553638825,1365.6850347389077,3326813,INFY.NS
2021-07-09,1361.2430419921875,1367.3398499422146,1350.8784472131626,1355.233310034611,3436594,INFY.NS
2021-07-12,1348.1346435546875,1374.3944833697385,1335.8539536554729,1367.905781346925,4588982,INFY.NS
2021-07-13,1345.6090087890625,1355.581708354052,1338.0751812303984,1355.581708354052,4456160,INFY.NS
2021-07-14,1373.4364013671875,1378.5751598006775,1339.642629656662,1353.49111210628,5657716,INFY.NS
2021-07-15,1376.83349609375,1390.8125422016935,1355.233333595883,1356.8882027607826,10021355,INFY.NS
2021-07-16,1354.754150390625,1371.4768864021955,1349.6589824626813,1370.6929898779226,6265593,INFY.NS
2021-07-19,1342.778076171875,1352.5330306230944,1339.16362584955,1345.3909933127582,5669162,INFY.NS
2021-07-20,1350.0509033203125,1356.7137575793088,1339.5556426558176,1339.816976921609,5069939,INFY.NS
2021-07-22,1385.0206298828125,1387.3287286099348,1359.9366819998504,1359.9366819998504,7854575,INFY.NS
2021-07-23,1385.23828125,1392.2496529655537,1380.5351144285212,1383.5835184231282,4179719,INFY.NS
2021-07-26,1396.952880859375,1403.7029180573702,1388.4173074229864,1388.4173074229864,4586710,INFY.NS
2021-07-27,1395.7769775390625,1401.6560417250942,1391.7269342802642,1397.9108175675212,5892859,INFY.NS
2021-07-28,1398.4337158203125,1400.1756611828987,1380.9271861903014,1397.998229479666,4686788,INFY.NS
2021-07-29,1408.362548828125,1410.9754663584183,1393.643092143495,1393.643092143495,4660873,INFY.NS
2021-07-30,1402.701416015625,1413.9369841697644,1398.9127063515282,1402.265929702053,6234257,INFY.NS
2021-08-02,1421.0352783203125,1423.8223478971256,1410.278682485059,1417.4642058801662,5553389,INFY.NS
2021-08-03,1441.6336669921875,1444.638585966481,1424.562626930286,1434.4917348838053,5513668,INFY.NS
2021-08-04,1436.4515380859375,1463.14686912244,1427.5676602328276,1453.740322661586,6740391,INFY.NS
2021-08-05,1440.1964111328125,1451.039974657981,1434.535090703475,1436.6689304912002,5420536,INFY.NS
2021-08-06,1437.27880859375,1446.380535210929,1431.8788215028983,1443.201464252009,3754855,INFY.NS
2021-08-09,1448.6884765625,1452.3029270691816,1433.9690213207791,1446.6851974576966,5018477,INFY.NS
2021-08-10,1460.8387451171875,1463.2339196881055,1446.7290319910098,1452.7822488331904,6846517,INFY.NS
2021-08-11,1461.0999755859375,1466.7177057432823,1452.7821455937024,1458.7048011852285,4899639,INFY.NS
2021-08-12,1471.59521484375,1477.6049467665491,1458.0080641834384,1462.493594127551,5659579,INFY.NS
2021-08-13,1491.2791748046875,1500.25023470125,1473.075933355373,1478.0404344197511,5612790,INFY.NS
2021-08-16,1484.485595703125,1498.0291547007537,1472.030646043933,1487.3597412491697,4564109,INFY.NS
2021-08-17,1516.9293212890625,1523.2438721030503,1468.9387563667328,1484.0501084300226,9510390,INFY.NS
2021-08-18,1509.7872314453125,1528.9922175200145,1504.1695013711565,1505.9114463640587,6686090,INFY.NS
2021-08-20,1509.3515625,1519.846822339808,1494.6756989751916,1494.6756989751916,6206972,INFY.NS
2021-08-23,1514.4033203125,1526.9453446318312,1508.524256380302,1511.7904030093007,6189051,INFY.NS
2021-08-24,1498.81298828125,1530.298665061431,1491.7145412231637,1524.2018576309072,7602939,INFY.NS
2021-08-25,1511.6165771484375,1521.502095147482,1496.330965099237,1496.330965099237,6153253,INFY.NS
2021-08-26,1504.7791748046875,1520.7180143906892,1498.0727289530273,1510.2663441886914,5302248,INFY.NS
2021-08-27,1488.317626953125,1504.778919674404,1485.182041368244,1502.4273368056126,6698514,INFY.NS
2021-08-30,1478.954833984375,1496.896845466197,1472.2918733754789,1483.3096963013163,6559667,INFY.NS
2021-08-31,1486.27099609375,1493.7178535768544,1468.3289836646177,1480.783933076624,12255438,INFY.NS
2021-09-01,1461.2740478515625,1488.927423514973,1457.267595791076,1488.927423514973,7801974,INFY.NS
2021-09-02,1471.15966796875,1475.688788882233,1448.1224872534362,1460.9257408190936,6830050,INFY.NS
2021-09-03,1481.219482421875,1485.835573126243,1467.066178541702,1477.2130299720811,5339139,INFY.NS
2021-09-06,1507.130615234375,1508.5241497669524,1480.0868805296004,1485.1385628200474,4876026,INFY.NS
2021-09-07,1486.4454345703125,1511.0504109426818,1484.1373358767123,1506.782623865441,3520341,INFY.NS
2021-09-08,1474.7742919921875,1481.3936622056283,1465.8032320672012,1481.3936622056283,4584896,INFY.NS
2021-09-09,1473.337158203125,1476.2114101731731,1465.106510056003,1468.3726571492882,3331674,INFY.NS
2021-09-13,1473.5985107421875,1481.9598261405356,1459.0532050480786,1465.8468336141766,4662374,INFY.NS
2021-09-14,1468.59033203125,1477.1257989130531,1462.0144469944478,1477.1257989130531,4945167,INFY.NS
2021-09-15,1490.6258544921875,1493.8049254065334,1472.117688719493,1474.774197393646,4062344,INFY.NS
2021-09-16,1482.6129150390625,1497.4194473085083,1473.2063696575788,1493.891966210481,3246568,INFY.NS
2021-09-17,1473.0758056640625,1496.3307284738578,1467.1095590889208,1478.0403062981004,7454864,INFY.NS
2021-09-20,1470.07080078125,1487.3595823241576,1461.4481524246728,1467.5885506094764,5660743,INFY.NS
2021-09-21,1496.7227783203125,1503.9518932175802,1467.28396909024,1480.6533768466115,4672222,INFY.NS
2021-09-22,1495.3726806640625,1514.5340753328271,1492.019457861005,1495.4597566485802,4553892,INFY.NS
2021-09-23,1517.713134765625,1519.8469748097546,1499.030711311994,1508.5243325905417,3826090,INFY.NS
2021-09-24,1536.264892578125,1557.2989006716446,1526.3357843635558,1531.1697244858783,8280446,INFY.NS
2021-09-27,1499.074462890625,1540.750479178187,1496.4179540192567,1540.5327360352849,5045337,INFY.NS
2021-09-28,1469.417724609375,1489.3630166815442,1458.878978328413,1489.3630166815442,6557197,INFY.NS
2021-09-29,1473.9031982421875,1481.872617800693,1441.4594729447897,1445.161106032412,7792548,INFY.NS
2021-09-30,1459.0533447265625,1483.2664269904817,1454.6114054634434,1483.2664269904817,6914031,INFY.NS
2021-10-01,1450.2998046875,1462.3191607744086,1446.9029908490702,1450.256213536799,5733906,INFY.NS
2021-10-04,1462.14501953125,1470.2015147989575,1450.517558435886,1456.7014416476638,2947154,INFY.NS
2021-10-05,1474.382568359375,1483.222855844323,1448.427540440477,1455.39532175348,4373310,INFY.NS
2021-10-06,1457.6160888671875,1488.492021865943,1454.524093924005,1482.4822902737767,4271698,INFY.NS
2021-10-07,1472.8145751953125,1484.3113702738483,1460.3161404249604,1469.330685011527,5476108,INFY.NS
2021-10-08,1501.4259033203125,1508.0888641225729,1479.2596960117546,1485.2258362951295,4738376,INFY.NS
2021-10-11,1472.77099609375,1506.7825168192749,1449.036994022464,1464.975834271688,8840633,INFY.NS
2021-10-12,1467.7193603515625,1471.072583282753,1447.5563252906663,1460.6209130640475,7439300,INFY.NS
2021-10-13,1488.6661376953125,1492.5420290685638,1463.277374662343,1477.1257522003684,7104171,INFY.NS
2021-10-14,1494.3712158203125,1553.4666845714337,1479.0856043938277,1527.6859172658185,19655776,INFY.NS
2021-10-18,1560.9134521484375,1566.8795927579404,1515.4922131177411,1515.4922131177411,13438109,INFY.NS
2021-10-19,1587.0426025390625,1597.799091923905,1552.3343687944996,1579.944155219386,10324260,INFY.NS
2021-10-20,1569.7972412109375,1609.5571565198998,1562.5682333583247,1593.3570895202022,5876115,INFY.NS
2021-10-21,1527.380859375,1579.9440255087377,1521.4582041825172,1579.9440255087377,8779629,INFY.NS
2021-10-22,1497.8985595703125,1535.6986813056806,1486.7500689564513,1524.11481075835,7369809,INFY.NS
2021-10-25,1487.229248046875,1506.564796489911,1469.5048712675496,1499.858350257659,5905209,INFY.NS
2021-10-26,1497.0264892578125,1517.148543689358,1490.1727607226414,1502.6062654350917,5871709,INFY.NS
2021-10-27,1519.21337890625,1523.782638320306,1494.785823536902,1501.7713769207796,5090259,INFY.NS
2021-10-28,1497.2022705078125,1515.522964410046,1486.7897990608278,1510.7780094844702,5329972,INFY.NS
2021-10-29,1465.4376220703125,1504.8469109760645,1459.5504324355952,1492.8967290645846,5875091,INFY.NS
2021-11-01,1493.8192138671875,1500.1017709635096,1472.6866448239043,1474.0046817971954,3636806,INFY.NS
2021-11-02,1491.93017578125,1499.4429230262488,1481.7812470277015,1489.381949223956,3471772,INFY.NS
2021-11-03,1495.97216796875,1509.108562016102,1492.896747946494,1501.6836622957965,3530713,INFY.NS
2021-11-04,1501.419921875,1508.713103252184,1498.168806665681,1506.955720487767,483407,INFY.NS
2021-11-08,1526.7261962890625,1529.8016159650406,1496.4113451972798,1520.1360112691098,5245903,INFY.NS
2021-11-09,1531.11962890625,1537.709813822633,1516.621222090208,1524.3097711593211,4016134,INFY.NS
2021-11-10,1529.0548095703125,1538.5446120128352,1513.0625622726295,1516.6213052274068,4780368,INFY.NS
2021-11-11,1523.035888671875,1528.703405453859,1501.6836441561402,1522.7282608636551,4731349,INFY.NS
2021-11-12,1564.246337890625,1566.5748914793885,1527.20958236198,1531.559061749532,5069009,INFY.NS
2021-11-15,1570.353515625,1581.6446798033896,1560.116738328288,1565.916080701805,4354074,INFY.NS
2021-11-16,1574.8787841796875,1589.5089115274943,1561.4347616165671,1572.857750868686,6034233,INFY.NS
2021-11-17,1570.6168212890625,1583.4018234229952,1564.6856546363958,1575.0982330141132,4732492,INFY.NS
2021-11-18,1563.54345703125,1572.3742410091222,1545.618131495533,1565.476535154988,4326924,INFY.NS
2021-11-22,1545.9696044921875,1568.8155799150782,1538.720400752232,1567.5853905552658,6621839,INFY.NS
2021-11-23,1526.19921875,1535.2936539110958,1502.5623970170118,1524.6175312167047,8436160,INFY.NS
2021-11-24,1490.2607421875,1529.362512840415,1483.231210384729,1528.923167102742,7333061,INFY.NS
2021-11-25,1513.458251953125,1516.7972152757627,1491.095489055288,1493.7755410190332,4476260,INFY.NS
2021-11-26,1486.4383544921875,1509.8993723813282,1479.716343711144,1496.016112373624,4494181,INFY.NS
2021-11-29,1490.5682373046875,1504.3197801115232,1466.667872488146,1485.8672594442671,3942776,INFY.NS
2021-11-30,1504.890869140625,1520.0482960069558,1493.8193787950363,1497.7734901514705,14808963,INFY.NS
2021-12-01,1506.8677978515625,1530.5924639911489,1505.198262855981,1506.9556455329875,5193264,INFY.NS
2021-12-02,1536.1722412109375,1538.1492968624316,1503.748507074007,1506.9557521388576,5559574,INFY.NS
2021-12-03,1525.0128173828125,1569.913923973845,1522.3767433293804,1556.2502305587047,6754012,INFY.NS
2021-12-06,1489.6456298828125,1523.6069679725288,1486.3065595311832,1520.1361797156055,3991449,INFY.NS
2021-12-07,1504.0123291015625,1515.6549914895222,1488.50340265687,1494.7420908613851,4202122,INFY.NS
2021-12-08,1540.653564453125,1546.3211884129332,1522.4207176698017,1522.7722156867264,3029169,INFY.NS
2021-12-09,1549.5283203125,1554.756598546638,1530.680432518433,1545.6181864523098,2082171,INFY.NS
2021-12-10,1545.8380126953125,1549.7921244231106,1534.1953503856846,1546.497031316612,1823469,INFY.NS
2021-12-13,1533.0089111328125,1556.4699276693766,1527.8685881008832,1552.691619157812,4040584,INFY.NS
2021-12-14,1539.59912109375,1549.1329011030184,1502.8697785484514,1520.9269292908916,4768144,INFY.NS
2021-12-15,1523.82666015625,1535.908667518198,1512.4036713776811,1533.316570661763,3053149,INFY.NS
2021-12-16,1556.6895751953125,1561.9617232986575,1544.7393942801557,1548.8253305126736,4481031,INFY.NS
2021-12-17,1599.96533203125,1618.5496779619054,1587.575803831527,1599.2184657386906,18887243,INFY.NS
2021-12-20,1580.677978515625,1607.6977390246543,1570.4851797435072,1583.1382500746142,5773891,INFY.NS
2021-12-21,1591.8372802734375,1615.0347541246067,1582.523173111217,1582.523173111217,5353584,INFY.NS
2021-12-22,1603.34814453125,1607.2583855937914,1592.496327262333,1603.6117948544356,4156428,INFY.NS
2021-12-23,1632.2569580078125,1635.7717232521284,1605.3690253412217,1609.103463413307,4112933,INFY.NS
2021-12-24,1637.4412841796875,1648.2052529112148,1629.0937165919725,1645.7448742963015,3780347,INFY.NS
2021-12-27,1639.77001953125,1647.1070714566104,1621.2296519691486,1634.366045830512,2647733,INFY.NS
2021-12-28,1658.969482421875,1665.911166433166,1650.5340658280904,1652.554991836044,3340933,INFY.NS
2021-12-29,1656.8167724609375,1664.0659772122503,1648.7767239206892,1655.0154120118143,3236635,INFY.NS
2021-12-30,1663.2310791015625,1678.124963441618,1646.9752873799528,1655.8940269931556,4584738,INFY.NS
2021-12-31,1658.749755859375,1668.0638636147924,1644.6028452130947,1660.7268115874554,4619420,INFY.NS
2022-01-03,1668.151611328125,1681.8592826976471,1658.7496564451544,1658.7496564451544,3329616,INFY.NS
2022-01-04,1668.766845703125,1675.3570314082458,1650.1825005622568,1668.151697346698,3921999,INFY.NS
2022-01-05,1620.8779296875,1672.061697965869,1616.7919936858152,1669.5134717407875,6995719,INFY.NS
2022-01-06,1597.285400390625,1606.2480104983958,1581.6446492872608,1606.2480104983958,6449205,INFY.NS
2022-01-07,1594.2098388671875,1613.2773992100788,1587.619653412898,1595.2202481604722,4834389,INFY.NS
2022-01-10,1626.238037109375,1643.0649981325937,1593.0674382165591,1594.824820939357,7857560,INFY.NS
2022-01-11,1630.499755859375,1643.1529335918676,1625.7109305887875,1629.9725624667992,5142287,INFY.NS
2022-01-12,1649.69921875,1659.8481478952956,1634.3660958630228,1642.1864712150102,5362535,INFY.NS
2022-01-13,1666.701904296875,1680.497316486841,1639.9456865869015,1673.9071309319909,14277630,INFY.NS
2022-01-14,1695.30322265625,1698.510467702631,1652.8185151312207,1653.6972065268249,7688506,INFY.NS
2022-01-17,1704.2220458984375,1716.8752240721528,1696.3138229476326,1703.3873319362635,5262464,INFY.NS
2022-01-18,1687.746337890625,1709.0546022112535,1679.5744657824005,1688.932549709658,3690315,INFY.NS
2022-01-19,1640.5609130859375,1683.5728166181689,1636.8703446421212,1683.5728166181689,5747770,INFY.NS
2022-01-20,1602.469482421875,1623.8217266018507,1595.264255760639,1620.3069609598556,5533463,INFY.NS
2022-01-21,1569.0791015625,1588.6739615819963,1560.5558383681555,1577.2509740263736,8252758,INFY.NS
2022-01-24,1526.1114501953125,1554.097753202925,1518.3789220393276,1550.89050775429,7116712,INFY.NS
2022-01-25,1513.23828125,1528.9228998912874,1494.2145926811118,1517.1484147270562,9137653,INFY.NS
2022-01-27,1474.9713134765625,1502.29859365424,1463.0211322868854,1495.5327130043718,11231734,INFY.NS
2022-01-28,1481.6494140625,1517.9833897106614,1475.7622245146904,1477.0802616309584,10998502,INFY.NS
2022-01-31,1525.5838623046875,1537.2705000369122,1507.263169309688,1509.591722814184,8788872,INFY.NS
2022-02-01,1557.0850830078125,1564.0706364850143,1524.2658745729875,1551.8568050061044,5119935,INFY.NS
2022-02-02,1570.3095703125,1575.318176258429,1557.041350012565,1571.9791056278098,4253717,INFY.NS
2022-02-03,1527.6490478515625,1563.1920737397209,1523.6509588896436,1563.1920737397209,3832922,INFY.NS
2022-02-04,1529.8895263671875,1541.180689045186,1502.694071308099,1521.8934563342548,4700077,INFY.NS
2022-02-07,1506.955810546875,1521.8935649371356,1489.733479878767,1513.2823459720123,4310209,INFY.NS
2022-02-08,1508.9766845703125,1515.742564999081,1490.2605160802557,1502.5621948686542,6053401,INFY.NS
2022-02-09,1526.5506591796875,1531.5591574092173,1515.7427117216866,1524.5296259925371,3867244,INFY.NS
2022-02-10,1554.9322509765625,1558.710666830921,1536.611557080806,1542.6745490801131,4334630,INFY.NS
2022-02-11,1512.535400390625,1534.1511870988509,1505.1983487478708,1528.9230162412698,7551371,INFY.NS
2022-02-14,1478.1346435546875,1510.0751620435087,1474.6638553981247,1484.9884794415796,7459637,INFY.NS
2022-02-15,1527.3853759765625,1534.8542531207022,1485.3838827787808,1492.8967373992116,4669915,INFY.NS
2022-02-16,1523.035888671875,1542.4988179107663,1517.3682646277543,1527.3853683173847,5350642,INFY.NS
2022-02-17,1515.56689453125,1536.831182452789,1511.612783427169,1532.4377256704772,3937950,INFY.NS
2022-02-18,1499.882080078125,1513.5457727749333,1496.8506379808991,1502.562131463069,5602215,INFY.NS
2022-02-21,1520.7510986328125,1526.550547436766,1486.30644011727,1494.6540080635389,5120890,INFY.NS
2022-02-22,1523.9583740234375,1538.5886069583632,1485.911101612414,1493.687498875911,8878515,INFY.NS
2022-02-23,1531.4273681640625,1544.9592379110045,1523.1237768881938,1537.710033467515,5478811,INFY.NS
2022-02-24,1474.575927734375,1506.9117054360172,1467.8539173756792,1485.0762465850694,13592379,INFY.NS
2022-02-25,1489.0303955078125,1518.5105342990194,1473.5654486264136,1506.9557211653544,9737281,INFY.NS
2022-02-28,1507.4827880859375,1518.42255923894,1463.0210293083312,1478.134476916457,15076542,INFY.NS
2022-03-02,1496.235595703125,1506.428393379465,1485.8669954086708,1502.5621301885435,6771489,INFY.NS
2022-03-03,1512.09619140625,1523.563157969651,1498.6522763017938,1511.5250204995646,7344147,INFY.NS
2022-03-04,1514.2490234375,1525.4083619826322,1477.0803320811085,1489.601685282867,9074499,INFY.NS
2022-03-07,1528.7911376953125,1538.5885677889987,1490.260543101166,1491.1392344591268,9742588,INFY.NS
2022-03-08,1562.489013671875,1581.644529208251,1509.9872022162124,1509.9872022162124,10984500,INFY.NS
2022-03-09,1593.3751220703125,1609.411241059636,1573.7363895823908,1573.7363895823908,10193515,INFY.NS
2022-03-10,1604.402587890625,1620.9658987002945,1590.6070690763231,1620.9658987002945,6547182,INFY.NS
2022-03-11,1600.9757080078125,1609.2354285026502,1591.310102745416,1593.9461769078878,4758657,INFY.NS
2022-03-14,1661.3416748046875,1665.1200904742025,1609.3671678167375,1609.3671678167375,10289724,INFY.NS
2022-03-15,1616.17724609375,1659.27699787109,1608.0053726067936,1659.27699787109,7140443,INFY.NS
2022-03-16,1660.199462890625,1664.1974441872826,1624.7003107966714,1638.7593724368803,5233979,INFY.NS
2022-03-17,1629.6209716796875,1689.9871323532464,1610.6852372652634,1689.9871323532464,17731459,INFY.NS
2022-03-21,1628.2591552734375,1658.0028379594185,1617.758728598462,1635.2447090569246,8362085,INFY.NS
2022-03-22,1658.4422607421875,1660.7268370550205,1615.9135731979802,1625.57917912793,5709382,INFY.NS
2022-03-23,1645.2618408203125,1669.5137026271,1631.7299714623814,1666.877628359794,6192824,INFY.NS
2022-03-24,1657.8272705078125,1664.7689550629934,1630.9833085626924,1630.9833085626924,3784303,INFY.NS
2022-03-25,1648.9083251953125,1664.2414466217965,1632.6085574568626,1662.484063890411,3438588,INFY.NS
2022-03-28,1646.579833984375,1652.7306737771728,1627.9076417562392,1639.6381504800763,4008555,INFY.NS
2022-03-29,1657.2120361328125,1660.1996084457126,1634.8493821555994,1646.5798912876753,3917785,INFY.NS
2022-03-30,1672.984619140625,1686.208968967295,1665.1203732115812,1678.3007455589025,7795839,INFY.NS
2022-03-31,1675.5328369140625,1680.9368109998677,1664.4173681750951,1669.5138216935436,5399145,INFY.NS
2022-04-01,1672.633056640625,1678.5642235880214,1650.4460988003643,1657.9588459097863,6171518,INFY.NS
2022-04-04,1654.531982421875,1663.362874183329,1645.7890456129824,1660.5071270406477,7364074,INFY.NS
2022-04-05,1635.33251953125,1660.3752240705198,1631.8617314560988,1655.278878381211,5472024,INFY.NS
2022-04-06,1606.9947509765625,1632.169281125761,1601.107561481124,1629.9725526181892,5407453,INFY.NS
2022-04-07,1591.31005859375,1606.379636923527,1588.2786162958694,1600.1409496978658,5797544,INFY.NS
2022-04-08,1594.473388671875,1615.0347888286492,1588.6740468999988,1601.854417864324,5131446,INFY.NS
2022-04-11,1552.252197265625,1593.946057575753,1548.737431978799,1593.946057575753,8248407,INFY.NS
2022-04-12,1531.0758056640625,1544.300154299906,1518.1590848316712,1544.300154299906,6456184,INFY.NS
2022-04-13,1536.4359130859375,1544.3001583273306,1521.8935272961232,1542.0594523193558,6257693,INFY.NS
2022-04-18,1424.710205078125,1449.8407567425704,1397.1192746792042,1410.738990878907,30523965,INFY.NS
2022-04-19,1372.5159912109375,1438.110326839995,1361.9716942234015,1438.110326839995,17044923,INFY.NS
2022-04-20,1395.0982666015625,1402.6550983089537,1373.3946323351558,1383.9389289365774,10678747,INFY.NS
2022-04-21,1422.42578125,1429.8067037193202,1396.4604056492583,1401.5128815545488,7766514,INFY.NS
2022-04-22,1393.1212158203125,1415.3081733294175,1390.4412714487692,1409.728504477574,8134245,INFY.NS
2022-04-25,1371.7249755859375,1382.005728217728,1365.5741364473374,1382.005728217728,7000570,INFY.NS
2022-04-26,1389.2110595703125,1398.876664665362,1376.5140121457584,1385.8719894508067,5345435,INFY.NS
2022-04-27,1364.431884765625,1381.9617331829834,1362.2790267372045,1381.9617331829834,8819356,INFY.NS
2022-04-28,1390.616943359375,1407.4878820528004,1368.5178339093395,1379.5454535287045,9245177,INFY.NS
2022-04-29,1377.3927001953125,1403.5337684574995,1371.4615334467492,1397.1192785504973,9831395,INFY.NS
2022-05-02,1354.0634765625,1364.3881007348616,1345.276562373256,1362.7625430622788,7072627,INFY.NS
2022-05-04,1349.2745361328125,1379.5454100276122,1344.529581422967,1359.5551819523712,6220959,INFY.NS
2022-05-05,1392.8575439453125,1396.5919819925602,1368.517730433036,1370.8024136363445,6144870,INFY.NS
2022-05-06,1355.68896484375,1372.3841009487685,1348.8352364842317,1361.9716296199067,6171472,INFY.NS
2022-05-09,1379.8529052734375,1394.3074419742286,1337.5000261747937,1353.1846449249074,6832202,INFY.NS
2022-05-10,1364.6077880859375,1378.7986761047448,1358.5009255643938,1369.0012452272315,6212545,INFY.NS
2022-05-11,1341.5419921875,1361.927588201104,1328.2297970447912,1361.927588201104,7846080,INFY.NS
2022-05-12,1325.76953125,1342.2010163356415,1321.8154202362452,1330.3386832943772,7034979,INFY.NS
2022-05-13,1321.9031982421875,1343.7386553481426,1316.3674002098628,1334.9957199167382,6723761,INFY.NS
2022-05-16,1308.459228515625,1328.449456127453,1299.276947088888,1326.8238986312238,6145331,INFY.NS
2022-05-17,1334.2489013671875,1340.0043728900273,1301.2541039526504,1313.555783441477,6516378,INFY.NS
2022-05-18,1326.12109375,1361.7080974834491,1322.6942829038985,1337.3683872175263,6594126,INFY.NS
2022-05-19,1254.0245361328125,1304.593165199384,1245.6769672791786,1301.3420497086145,16561140,INFY.NS
2022-05-20,1278.6279296875,1288.8207294119445,1271.20292231775,1276.7387215514266,10488908,INFY.NS
2022-05-23,1290.2703857421875,1307.4927145622214,1274.1464210976928,1278.5837480095963,5887569,INFY.NS
2022-05-24,1266.1942138671875,1291.2808943889067,1261.14173869041,1290.446073263294,5693167,INFY.NS
2022-05-25,1239.35009765625,1267.512196646024,1229.508798029081,1260.9220119147622,9630092,INFY.NS
2022-05-26,1251.212646484375,1256.5287726581694,1236.362846799036,1245.9844752652336,13040065,INFY.NS
2022-05-27,1284.0758056640625,1289.0404341053777,1263.0311870850603,1268.7865520688702,8284860,INFY.NS
2022-05-30,1341.5860595703125,1344.3978291185176,1304.8567164973847,1306.6140992805465,10904213,INFY.NS
2022-05-31,1335.1925048828125,1347.9796856356545,1321.4729921530693,1341.49726302402,16033857,INFY.NS
2022-06-01,1312.9482421875,1345.0936959690998,1307.220595475762,1343.539700941573,8738508,INFY.NS
2022-06-02,1339.0997314453125,1344.2944932066457,1310.3286014773466,1317.78779937987,7205840,INFY.NS
2022-06-03,1351.26513671875,1380.835483354974,1347.979590824984,1354.1067924628962,9395707,INFY.NS
2022-06-06,1358.68017578125,1364.4964924732922,1325.7798357609638,1346.2037716099271,6624883,INFY.NS
2022-06-07,1337.9451904296875,1349.622374002398,1334.304423990545,1349.622374002398,4904592,INFY.NS
2022-06-08,1331.9957275390625,1349.9332266440192,1324.891750325521,1349.9332266440192,4697608,INFY.NS
2022-06-09,1345.315673828125,1347.0472249005495,1315.5677694893511,1318.675759494895,4361061,INFY.NS
2022-06-10,1311.39404296875,1326.62310514879,1308.5523874648798,1319.6523502188877,6516436,INFY.NS
2022-06-13,1264.9520263671875,1281.912751408251,1253.585618713459,1281.912751408251,6987685,INFY.NS
2022-06-14,1279.2042236328125,1286.618977493986,1245.993111507025,1252.075869762069,6090247,INFY.NS
2022-06-15,1262.9095458984375,1284.3991426909397,1259.934777025382,1278.8934951366866,4651958,INFY.NS
2022-06-16,1240.709716796875,1282.0460322254453,1236.092174446975,1276.9400480278375,6641772,INFY.NS
2022-06-17,1231.9183349609375,1240.4874196646322,1214.0251729542306,1235.2483238555576,9692047,INFY.NS
2022-06-20,1255.7613525390625,1263.0428867444691,1227.2122188224364,1234.360640156729,4595194,INFY.NS
2022-06-21,1287.507080078125,1292.9238409740165,1263.3979359517734,1264.507932381181,6270787,INFY.NS
2022-06-22,1276.2738037109375,1296.1205167768,1274.2758102801847,1275.2082505737685,6253366,INFY.NS
2022-06-23,1289.7713623046875,1294.6997896368189,1272.4998618309749,1278.5382855533985,6254281,INFY.NS
2022-06-24,1279.692626953125,1303.1357725824364,1268.8591054568187,1294.6997999490238,6114340,INFY.NS
2022-06-27,1309.4404296875,1317.7876236462766,1301.0489009150212,1303.6241140424631,4511097,INFY.NS
2022-06-28,1314.3690185546875,1321.5617738738115,1290.2598739718785,1304.4678285372947,4412178,INFY.NS
2022-06-29,1299.36181640625,1311.5717770934775,1293.8118342756918,1300.649368901304,5060038,INFY.NS
2022-06-30,1298.1630859375,1316.01180739461,1292.035883778109,1300.9602987057103,9165177,INFY.NS
2022-07-01,1313.702880859375,1318.6756427483724,1280.8025462113708,1291.147733707834,4651635,INFY.NS
2022-07-04,1321.3397216796875,1325.1137094600226,1298.2517964352844,1314.4577439626055,4800224,INFY.NS
2022-07-05,1310.6395263671875,1340.8314335257623,1307.1319805124183,1330.9303506907718,7379669,INFY.NS
2022-07-06,1324.580810546875,1331.9955641744978,1305.3556528910078,1316.1891734537298,5209162,INFY.NS
2022-07-07,1330.8414306640625,1344.3833886802468,1328.177438923174,1334.7043054068324,3323472,INFY.NS
2022-07-08,1344.8272705078125,1347.0472634324174,1331.9513115451052,1345.3157123104625,3652582,INFY.NS
2022-07-11,1308.1529541015625,1331.9068766093092,1302.1589736556823,1327.555669124535,4702638,INFY.NS
2022-07-12,1277.47265625,1304.1125702899617,1275.1638853794875,1298.0742548130895,4710356,INFY.NS
2022-07-13,1282.667236328125,1296.4756331777055,1277.4724755049383,1287.5956630874473,5264025,INFY.NS
2022-07-14,1268.8145751953125,1290.215282622801,1255.627840557895,1288.4837317181796,6157606,INFY.NS
2022-07-15,1270.1468505859375,1284.0440292907308,1252.6533480412868,1284.0440292907308,5620018,INFY.NS
2022-07-18,1323.02685546875,1326.3124012665216,1285.8641997914458,1287.5957507176618,5835171,INFY.NS
2022-07-19,1317.9210205078125,1320.3185695057068,1305.4446169198009,1306.7322778541525,3418540,INFY.NS
2022-07-20,1345.58203125,1354.9060006770792,1331.9956324398804,1333.105628800247,5079392,INFY.NS
2022-07-21,1361.210693359375,1363.4750207876066,1334.7483380319422,1347.0915186497457,5008061,INFY.NS
2022-07-22,1337.5902099609375,1367.515671889144,1325.0250280493503,1362.1876887519136,7020642,INFY.NS
2022-07-25,1335.1925048828125,1347.224909731089,1314.3245716730378,1314.3245716730378,7859626,INFY.NS
2022-07-26,1288.6170654296875,1329.0209351127858,1283.1558613643324,1329.0209351127858,7268273,INFY.NS
2022-07-27,1306.2882080078125,1308.019759034265,1283.1558396500427,1288.483822375233,4517285,INFY.NS
2022-07-28,1347.4468994140625,1353.7072142935083,1322.9825345301238,1328.7989592318934,6636841,INFY.NS
2022-07-29,1376.12890625,1381.4568882450026,1356.8594147273027,1361.1218436825332,7009465,INFY.NS
2022-08-01,1377.3277587890625,1388.827276317502,1365.6505768258328,1388.827276317502,2983249,INFY.NS
2022-08-02,1370.7125244140625,1373.731736723845,1357.1705664405404,1373.332181323211,4374635,INFY.NS
2022-08-03,1390.692138671875,1394.1553487975475,1367.4266596498978,1375.5074110110838,6011955,INFY.NS
2022-08-04,1420.7066650390625,1424.214210429917,1398.5510710597634,1409.6954786756162,7402209,INFY.NS
2022-08-05,1435.5806884765625,1443.6169980608536,1422.8379503946153,1428.2547116101568,5361971,INFY.NS
2022-08-08,1438.0224609375,1440.331231614356,1417.2433080496378,1435.8912463134488,3763409,INFY.NS
2022-08-10,1422.970947265625,1439.6208933320956,1410.22821022237,1439.6208933320956,4423829,INFY.NS
2022-08-11,1438.5111083984375,1448.6342987746457,1435.003562604036,1447.4355241612493,3462090,INFY.NS
2022-08-12,1415.5562744140625,1433.227439869018,1412.0487289334717,1432.6058852060069,3562286,INFY.NS
2022-08-16,1417.6429443359375,1428.7873514369574,1412.8921814722432,1428.7873514369574,3004430,INFY.NS
2022-08-17,1426.3453369140625,1431.4513202213034,1407.4753986046935,1417.6429220050966,4067324,INFY.NS
2022-08-18,1405.6549072265625,1419.1968624345182,1397.707376873584,1415.5560961565852,4635706,INFY.NS
2022-08-19,1418.2200927734375,1425.1465132491517,1407.5641279788497,1407.7417924309402,4739884,INFY.NS
2022-08-22,1399.1727294921875,1419.907441241582,1397.7075125167294,1408.3634783046589,3950555,INFY.NS
2022-08-23,1369.6468505859375,1380.391594615452,1361.2996555455054,1374.619613036166,5551574,INFY.NS
2022-08-24,1365.2955322265625,1372.8435075266768,1359.5235511147102,1363.0755394912346,2888426,INFY.NS
2022-08-25,1348.1129150390625,1375.2411633369209,1344.205705841227,1374.6196086818957,4331088,INFY.NS
2022-08-26,1351.1319580078125,1371.9110023088876,1347.4910833756708,1363.208696236988,3079136,INFY.NS
2022-08-29,1298.0299072265625,1304.0683315463896,1287.5959401255452,1304.0683315463896,8079050,INFY.NS
2022-08-30,1325.7354736328125,1328.532686697627,1301.8039906965078,1308.108749599387,6725875,INFY.NS
2022-09-01,1300.205322265625,1303.668532666685,1288.5282470130728,1296.5202209856338,8140604,INFY.NS
2022-09-02,1290.259765625,1312.4596927692703,1285.819780196146,1312.4596927692703,5175653,INFY.NS
2022-09-05,1297.630126953125,1302.6916667571634,1284.3545060737747,1288.4837140181623,3669352,INFY.NS
2022-09-06,1292.1246337890625,1305.3558130293177,1283.5554395953404,1297.630281168584,3428442,INFY.NS
2022-09-07,1294.3890380859375,1301.5817931585525,1276.984316019413,1278.7158670634933,3600574,INFY.NS
2022-09-08,1310.594970703125,1315.212512366536,1299.6725627710948,1309.795751615742,4061475,INFY.NS
2022-09-09,1342.3409423828125,1349.7556970653625,1314.2358103004844,1321.33978765346,4816910,INFY.NS
2022-09-12,1364.1409912109375,1372.754627422371,1350.7767009768484,1354.9059088371373,5494819,INFY.NS
2022-09-13,1371.9112548828125,1379.0596758276358,1368.6701517643487,1378.0829005700948,4947158,INFY.NS
2022-09-14,1310.1510009765625,1331.0632685678052,1307.1317890233854,1329.33171750544,14332197,INFY.NS
2022-09-15,1272.322265625,1309.9732552773253,1268.9922765591873,1309.7956992197146,12784100,INFY.NS
2022-09-16,1222.8165283203125,1265.3959486362396,1215.0908880161,1265.3959486362396,20464045,INFY.NS
2022-09-19,1234.5823974609375,1248.5239084132895,1225.9687606499624,1236.0919491545517,6595241,INFY.NS
2022-09-20,1233.028564453125,1255.2284946157747,1229.9649090518217,1250.255623540864,7219797,INFY.NS
2022-09-21,1222.9940185546875,1233.250428524418,1215.1352658184694,1225.3472325735097,7917054,INFY.NS
2022-09-22,1214.7357177734375,1228.9436728727633,1207.676183442698,1213.3149439431238,9168498,INFY.NS
2022-09-23,1212.515380859375,1238.578177820469,1209.4518347692951,1214.3358179493473,10426200,INFY.NS
2022-09-26,1225.657958984375,1242.7074594125004,1203.2360329098556,1207.6760182711466,9414587,INFY.NS
2022-09-27,1237.4683837890625,1248.967902705002,1223.6599857287542,1237.3794973619083,8561254,INFY.NS
2022-09-28,1238.489501953125,1248.3906912173352,1222.7719967699986,1224.547990955576,7022098,INFY.NS
2022-09-29,1241.9971923828125,1251.942716758091,1236.9799869799815,1247.547174377518,6119965,INFY.NS
2022-09-30,1255.139404296875,1260.3342738295787,1221.8839576743449,1233.3834762714234,8120130,INFY.NS
2022-10-03,1237.64599609375,1253.8519436659194,1230.7640183576234,1253.8519436659194,4943169,INFY.NS
2022-10-04,1269.3031005859375,1271.8338706895042,1255.6279233059583,1260.689463513092,6631341,INFY.NS
2022-10-06,1292.169189453125,1296.2983982475762,1282.3567767134796,1283.155995899196,6180672,INFY.NS
2022-10-07,1288.6614990234375,1294.566702109372,1278.8491949585682,1284.3547342638644,3994466,INFY.NS
2022-10-10,1298.8289794921875,1300.9157509967636,1266.5946414154234,1266.5946414154234,5274677,INFY.NS
2022-10-11,1264.330322265625,1313.9249389319289,1261.0446679361762,1298.828988137289,12824774,INFY.NS
2022-10-12,1268.681396484375,1279.6925820570834,1255.2283273173289,1276.0518156752744,5481467,INFY.NS
2022-10-13,1260.8670654296875,1276.8953475559135,1256.5158580930706,1270.7238112587877,4821514,INFY.NS
2022-10-14,1309.129638671875,1326.667580244722,1302.913659380233,1318.6756068697537,14990688,INFY.NS
2022-10-17,1323.0711669921875,1327.5555954732513,1310.2396529236005,1311.4828704785757,4286396,INFY.NS
2022-10-18,1335.28125,1341.719229235788,1329.5537118322238,1340.875675315851,4692004,INFY.NS
2022-10-19,1319.0751953125,1336.391138059882,1315.3900942154946,1335.5475842083438,3553171,INFY.NS
2022-10-20,1332.7947998046875,1335.5475689920102,1309.0852134280171,1309.7956544303293,4583939,INFY.NS
2022-10-21,1332.4395751953125,1337.323558976435,1324.3143804980116,1332.262019144321,3594485,INFY.NS
2022-10-24,1347.8463134765625,1351.353966896255,1341.7635553058506,1348.4235332441654,982837,INFY.NS
2022-10-25,1355.349853515625,1361.2106119886887,1350.6878693032677,1356.9481830638767,3914341,INFY.NS
2022-10-27,1368.0526123046875,1377.88251275016,1357.773970542601,1374.201957292014,6760137,INFY.NS
2022-10-28,1358.447021484375,1371.6431919026134,1352.8363861734367,1369.892717518689,3053981,INFY.NS
2022-10-31,1380.35107421875,1388.2059642832278,1373.70805956196,1373.70805956196,4542336,INFY.NS
2022-11-01,1412.0848388671875,1413.8802423495365,1388.8343418542263,1394.1757329638529,4542692,INFY.NS
2022-11-02,1394.4000244140625,1411.8602777690894,1386.9490568451713,1411.1870015279026,2938906,INFY.NS
2022-11-03,1374.15673828125,1385.9615363587588,1365.987675554083,1381.3383511548411,3174027,INFY.NS
2022-11-04,1359.1204833984375,1364.910615997259,1347.585037539773,1364.910615997259,4509682,INFY.NS
2022-11-07,1353.240234375,1371.598297862103,1338.562835117572,1365.763237456549,4898592,INFY.NS
2022-11-09,1356.6068115234375,1372.5859461620792,1347.5400459604302,1372.5859461620792,3334755,INFY.NS
2022-11-10,1348.302978515625,1357.32492412614,1333.086979052459,1333.086979052459,3435763,INFY.NS
2022-11-11,1409.4814453125,1412.5336530698069,1388.43038386152,1388.43038386152,7214098,INFY.NS
2022-11-14,1423.12646484375,1428.602422973989,1408.0001044253945,1414.014771210018,4908813,INFY.NS
2022-11-15,1430.9364013671875,1434.3925307337452,1411.8602416877316,1416.438498094257,3497614,INFY.NS
2022-11-16,1438.836181640625,1444.4018877790927,1430.4875128502076,1433.7641456371011,4497697,INFY.NS
2022-11-17,1425.01171875,1438.8363470236295,1421.0168803841923,1433.8091297730527,3469515,INFY.NS
2022-11-18,1430.39794921875,1434.527355233414,1414.3290664394517,1428.8717905380126,3126064,INFY.NS
2022-11-21,1407.7755126953125,1425.4153698916546,1404.050138966508,1420.253586031153,3071764,INFY.NS
2022-11-22,1422.9022216796875,1425.550398044472,1402.210152232661,1408.4940645666102,3399329,INFY.NS
2022-11-23,1421.1964111328125,1429.1410489418556,1417.7402816433105,1426.3581957002846,3245067,INFY.NS
2022-11-24,1463.07421875,1468.639925244856,1422.6327148727294,1426.4479469523692,5282215,INFY.NS
2022-11-25,1468.3258056640625,1475.8215929330347,1448.7110454604212,1464.510573443889,4563255,INFY.NS
2022-11-28,1457.3287353515625,1484.3495304082828,1454.2765281290706,1461.4581406136583,3825766,INFY.NS
2022-11-29,1462.4010009765625,1471.1086636498967,1449.8331771528565,1455.3539549520883,3131710,INFY.NS
2022-11-30,1467.697265625,1477.3924872568878,1448.1274354474258,1454.2317409044451,11868134,INFY.NS
2022-12-01,1487.5814208984375,1501.49579683449,1483.272518616262,1486.7734674759286,5407928,INFY.NS
2022-12-02,1470.3455810546875,1491.8006727944214,1466.799593723397,1486.5939592971272,4283343,INFY.NS
2022-12-05,1472.0062255859375,1476.5844819133267,1457.2390778283009,1470.4352477571372,3824966,INFY.NS
2022-12-06,1447.9031982421875,1459.6630694435437,1443.1005157174536,1458.7653676788182,4822398,INFY.NS
2022-12-07,1441.260009765625,1457.6879939155688,1433.3601913539392,1443.5042639072717,4898087,INFY.NS
2022-12-08,1454.411376953125,1457.777758202631,1434.976113956099,1441.2600256218434,4206837,INFY.NS
2022-12-09,1408.76318359375,1461.4582243868986,1401.4019646254635,1461.4582243868986,8880658,INFY.NS
2022-12-12,1388.924072265625,1405.7559796963717,1373.5285752684867,1391.4376809417088,8037679,INFY.NS
2022-12-13,1411.32177734375,1416.1244596167126,1383.4930240961316,1388.924053738368,6135067,INFY.NS
2022-12-14,1417.8299560546875,1425.999018854275,1412.0846437883376,1420.163958342753,4976020,INFY.NS
2022-12-15,1382.9095458984375,1409.3917475238864,1378.1966117108575,1408.7634001319689,6443866,INFY.NS
2022-12-16,1366.4814453125,1390.9887448634156,1357.369860981026,1368.9950538345977,9630453,INFY.NS
2022-12-19,1353.150634765625,1361.723729828566,1342.1089696118938,1353.689233868756,6222740,INFY.NS
2022-12-20,1353.1058349609375,1360.9157960258838,1330.797859741164,1347.4502703396115,7396259,INFY.NS
2022-12-21,1355.1256103515625,1365.4042507201466,1348.662092527513,1360.0180406581342,6236361,INFY.NS
2022-12-22,1366.346923828125,1373.4386796309227,1357.100552434212,1365.8531440573202,6302640,INFY.NS
2022-12-23,1343.9490966796875,1355.4397214479377,1340.268541890437,1354.3624137356346,6283822,INFY.NS
2022-12-26,1348.70703125,1355.4397938764648,1343.2758922315616,1347.0013761347504,4115459,INFY.NS
2022-12-27,1359.8834228515625,1365.8082322618604,1344.3083199922382,1355.484662525693,4860076,INFY.NS
2022-12-28,1355.6641845703125,1368.9501033965662,1345.2059383085596,1351.1307473515324,5029860,INFY.NS
2022-12-29,1362.3072509765625,1365.673632332556,1347.4502440923538,1350.1433491771486,4624745,INFY.NS
2022-12-30,1353.91357421875,1373.8426164441485,1350.188200066258,1371.6881105842783,5060544,INFY.NS
2023-01-02,1368.09716796875,1370.3414218532132,1350.1880658038176,1359.1201524308974,3801140,INFY.NS
2023-01-03,1366.795654296875,1375.862418801588,1360.107711434535,1364.3717941574034,4551130,INFY.NS
2023-01-04,1341.884521484375,1365.4042617792377,1338.5629595029295,1365.4042617792377,7059590,INFY.NS
2023-01-05,1324.28955078125,1351.8490596942972,1318.948269310685,1351.8490596942972,9868404,INFY.NS
2023-01-06,1300.32080078125,1324.109893788294,1298.525397535435,1319.6213856737572,6443714,INFY.NS
2023-01-09,1332.5931396484375,1336.9918995481128,1300.051455589557,1300.051455589557,11498717,INFY.NS
2023-01-10,1319.39697265625,1332.0994726561996,1305.3031008773603,1330.3938176401173,7158624,INFY.NS
2023-01-11,1320.7435302734375,1341.166242466281,1314.2351934207732,1319.6214032298749,6173092,INFY.NS
2023-01-12,1329.1370849609375,1333.0869942679058,1306.1559438786553,1330.348960311909,6591385,INFY.NS
2023-01-13,1349.8289794921875,1363.9677791342692,1317.8258967984889,1331.7402710494264,11610426,INFY.NS
2023-01-16,1369.44384765625,1371.6881017494266,1348.6172135046606,1355.5294722785563,6073063,INFY.NS
2023-01-17,1382.0115966796875,1384.4353471376285,1368.0972220460174,1370.7903268138243,5922644,INFY.NS
2023-01-18,1387.3082275390625,1393.0983596644714,1382.1015138518171,1386.7246995181722,5843098,INFY.NS
2023-01-19,1381.4730224609375,1391.0335664749514,1370.0273269921345,1382.370724066334,6165284,INFY.NS
2023-01-20,1369.4888916015625,1386.9491460799632,1368.0974101138277,1380.6652340912512,6496429,INFY.NS
2023-01-23,1389.642333984375,1394.40019717801,1371.7780469216464,1377.972211024558,4855020,INFY.NS
2023-01-24,1393.1431884765625,1408.3143680159328,1391.213108045872,1400.4145497993616,5200802,INFY.NS
2023-01-25,1385.1536865234375,1396.8238083152746,1381.338454399183,1388.744493228618,4158617,INFY.NS
2023-01-27,1363.743408203125,1392.2902533470308,1353.195414398124,1387.84667425801,6209955,INFY.NS
2023-01-30,1381.3834228515625,1386.051427868807,1364.5065870211054,1372.406405831687,6964719,INFY.NS
2023-01-31,1376.849853515625,1390.4500549143277,1358.2225449839548,1390.4500549143277,9448126,INFY.NS
2023-02-01,1392.4249267578125,1395.9709138195835,1371.7329706732953,1384.4353606189748,6194199,INFY.NS
2023-02-02,1421.735107421875,1424.6077091096986,1393.233077644041,1393.233077644041,6916834,INFY.NS
2023-02-03,1435.7840576171875,1440.4969913344742,1412.084711865144,1434.0784025458154,7040194,INFY.NS
2023-02-06,1409.2568359375,1434.527157913661,1401.8507977317506,1434.527157913661,4570612,INFY.NS
2023-02-07,1402.5692138671875,1414.822864476851,1396.0159473630506,1408.494023406654,4336238,INFY.NS
2023-02-08,1427.79443359375,1439.0157038986365,1405.3518929839772,1405.3518929839772,7983338,INFY.NS
2023-02-09,1451.58349609375,1454.0521755088755,1423.7996752366064,1432.9112588662606,6904911,INFY.NS
2023-02-10,1443.9979248046875,1450.9551120711883,1433.1356479869482,1447.9477241027244,4786762,INFY.NS
2023-02-13,1407.1024169921875,1433.6295447624907,1405.8007934239577,1433.6295447624907,4001199,INFY.NS
2023-02-14,1430.2630615234375,1432.7317409015575,1416.7077894001222,1422.5876690783791,5043736,INFY.NS
2023-02-15,1433.6746826171875,1435.4251572685664,1414.778016169644,1421.9596304649212,3465747,INFY.NS
2023-02-16,1437.9384765625,1449.294314214112,1434.3924894685822,1436.3225698383455,4290289,INFY.NS
2023-02-17,1421.77978515625,1431.8339988700905,1414.3288183196412,1430.9362973034008,2857734,INFY.NS
2023-02-20,1429.5447998046875,1439.0155950587755,1420.6127131506628,1422.8120381309875,2417716,INFY.NS
2023-02-21,1417.919677734375,1437.8037900984118,1414.777722133191,1435.155504627785,2723288,INFY.NS
2023-02-22,1402.0303955078125,1413.8800127338295,1396.1953351378,1403.1075935891906,3656244,INFY.NS
2023-02-23,1392.06591796875,1409.256926645148,1389.7768444892642,1409.256926645148,4766854,INFY.NS
2023-02-24,1392.021240234375,1408.4940454265454,1386.949203431493,1400.4147296784008,2790986,INFY.NS
2023-02-27,1354.901123046875,1382.460519438967,1348.3478572709923,1382.460519438967,4920268,INFY.NS
2023-02-28,1335.3760986328125,1368.0972790929927,1329.7654634659286,1360.556563512157,9679811,INFY.NS
2023-03-01,1343.006591796875,1347.3154939495362,1329.9449890099595,1339.7299588712954,5125043,INFY.NS
2023-03-02,1321.551513671875,1336.3186620674148,1317.197682560526,1333.0869580251103,4644499,INFY.NS
2023-03-03,1327.97021484375,1337.39608302168,1322.3146501038996,1334.6580489083317,4615015,INFY.NS
2023-03-06,1353.240234375,1364.8655358556944,1340.40316723241,1341.6599713901492,6561742,INFY.NS
2023-03-08,1339.9991455078125,1342.9616046452634,1329.5858287787105,1338.069174718111,4137080,INFY.NS
2023-03-09,1328.95751953125,1345.0712200119858,1323.7508062262864,1342.0639414577045,5104656,INFY.NS
2023-03-10,1321.012939453125,1323.481619051477,1308.5348642940005,1310.6444413069564,3699580,INFY.NS
2023-03-13,1288.2916259765625,1327.0724033065608,1281.9179661287412,1314.4147222773474,8798403,INFY.NS
2023-03-14,1274.736572265625,1300.1863967038166,1266.657255962533,1293.588310306173,7402784,INFY.NS
2023-03-15,1274.42236328125,1295.2490008975692,1271.9087544456395,1290.8951691490454,7556182,INFY.NS
2023-03-16,1260.4627685546875,1272.7613459697632,1255.6151580984792,1272.7613459697632,7323117,INFY.NS
2023-03-17,1275.36474609375,1295.2937893448818,1267.016186133299,1283.7134156369266,9090018,INFY.NS
2023-03-20,1260.0589599609375,1274.4670058884406,1243.1821248798633,1274.4670058884406,8221829,INFY.NS
2023-03-21,1248.43359375,1261.2707706940655,1247.80524645178,1255.8845609971513,8536755,INFY.NS
2023-03-22,1247.1322021484375,1263.2908342439364,1240.7585414050936,1259.4756016658323,8356487,INFY.NS
2023-03-23,1233.935791015625,1242.3740984776875,1229.851204859829,1242.3740984776875,7607718,INFY.NS
2023-03-24,1239.411865234375,1255.8397404782686,1236.584082982878,1246.009950766051,7559127,INFY.NS
2023-03-27,1246.8626708984375,1252.9670859905164,1233.531823227334,1244.4389202610448,4170193,INFY.NS
2023-03-28,1236.6737060546875,1254.9868406676687,1235.102728249846,1249.6903792948028,6633366,INFY.NS
2023-03-29,1242.0152587890625,1247.7156427956638,1224.9589261056296,1237.930672129149,8813966,INFY.NS
2023-03-31,1281.8729248046875,1283.6683279611534,1251.3062518154825,1260.373015839093,8711975,INFY.NS
2023-04-03,1266.5224609375,1288.201979583624,1261.405604921375,1288.201979583624,5242764,INFY.NS
2023-04-05,1277.9232177734375,1281.469095430332,1256.7823002469104,1256.7823002469104,7506334,INFY.NS
2023-04-06,1276.4420166015625,1282.277077411361,1266.073518560293,1271.1455548730469,6948465,INFY.NS
2023-04-10,1281.5589599609375,1287.3042729141996,1270.2479401489488,1278.2823267500144,4993788,INFY.NS
2023-04-11,1262.3031005859375,1286.720539766619,1246.907496548583,1282.725811562525,6942255,INFY.NS
2023-04-12,1282.187255859375,1285.0598571838073,1256.7822564144817,1268.4973062805743,5831169,INFY.NS
2023-04-13,1247.087158203125,1266.7020280205386,1241.5214514944475,1265.534971977077,11267238,INFY.NS
2023-04-17,1129.5780029296875,1132.136430654267,1064.0457840517952,1122.3963899019734,53171705,INFY.NS
2023-04-18,1130.5205078125,1140.0361230223534,1124.9098727143887,1140.0361230223534,12430884,INFY.NS
2023-04-19,1106.1480712890625,1126.0321873055573,1103.6345720960464,1126.0321873055573,11307230,INFY.NS
2023-04-20,1098.248291015625,1111.2200368576048,1096.4528876003903,1104.801447731595,8621249,INFY.NS
2023-04-21,1101.7943115234375,1107.0907742004017,1095.1962250350616,1102.467587891287,8691352,INFY.NS
2023-04-24,1100.8516845703125,1104.1731371660935,1093.4007163156923,1102.3777336910266,8313774,INFY.NS
2023-04-25,1099.594970703125,1109.1105879874403,1090.7077008536949,1100.537491855453,6808576,INFY.NS
2023-04-26,1101.9737548828125,1106.8661852668383,1095.6898430443146,1102.3776768107684,5680192,INFY.NS
2023-04-27,1118.7606201171875,1120.152101431663,1100.04356365504,1104.1729691026203,8020704,INFY.NS
2023-04-28,1124.595947265625,1130.206583602013,1117.5938292847163,1127.2441237833038,10118277,INFY.NS
2023-05-02,1146.76904296875,1148.8338008021124,1126.2117608061656,1126.2117608061656,8886401,INFY.NS
2023-05-03,1139.318115234375,1142.3253939620522,1132.9892745231457,1136.4903330105765,5549783,INFY.NS
2023-05-04,1143.26806640625,1145.2878952710685,1133.3484185926052,1139.13855083866,4505401,INFY.NS
2023-05-05,1130.296142578125,1148.160427598032,1125.9423114267645,1148.160427598032,5373791,INFY.NS
2023-05-08,1136.13134765625,1140.350611760026,1126.7952272539592,1133.303565140655,5260842,INFY.NS
2023-05-09,1140.70947265625,1141.8765286648618,1131.7324559214633,1136.49031862399,4969897,INFY.NS
2023-05-10,1134.0216064453125,1145.8264050289897,1130.3410516063243,1145.8264050289897,6515734,INFY.NS
2023-05-11,1127.60302734375,1145.3775639523772,1124.8651030446258,1140.305527683217,6888461,INFY.NS
2023-05-12,1117.818115234375,1127.5133374467855,1112.2973374345554,1125.1344060204997,8292212,INFY.NS
2023-05-15,1129.6229248046875,1139.0937216777986,1118.2221569213568,1122.0373891886634,5534710,INFY.NS
2023-05-16,1134.9642333984375,1143.6269666049225,1133.5727520158546,1135.592580716734,5236469,INFY.NS
2023-05-17,1119.34423828125,1131.9568810406574,1115.3494000856915,1131.6427073715677,10465667,INFY.NS
2023-05-18,1118.536376953125,1130.7900277183155,1115.3494919176374,1129.8473970507112,6948732,INFY.NS
2023-05-19,1139.0936279296875,1143.043537044953,1124.6406535054546,1127.5581838226922,11094136,INFY.NS
2023-05-22,1160.548828125,1163.0623271928262,1140.3056104941186,1142.7293613064382,7625947,INFY.NS
2023-05-23,1167.0572509765625,1179.7148242453716,1164.364145617976,1166.2941167921065,7436031,INFY.NS
2023-05-24,1165.80029296875,1171.500676643536,1159.202207626038,1163.6907159656682,4824077,INFY.NS
2023-05-25,1170.9171142578125,1173.2960455245018,1157.361841386736,1162.0747750049484,4334121,INFY.NS
2023-05-26,1182.6771240234375,1188.0633345112276,1172.398482842331,1172.398482842331,5521606,INFY.NS
2023-05-29,1179.939208984375,1196.3670853553535,1175.8546221650074,1196.3670853553535,4419365,INFY.NS
2023-05-30,1188.42236328125,1190.7115464294095,1175.2261922392356,1180.477725221967,6274719,INFY.NS
2023-05-31,1183.4400634765625,1194.9305782104627,1179.7145799188752,1184.831435207361,17800782,INFY.NS
2023-06-01,1184.517333984375,1193.4943505359809,1183.260529750606,1187.2553678657034,4277841,INFY.NS
2023-06-02,1181.7880859375,1194.4338775054596,1179.104315999841,1190.8857617337856,10909311,INFY.NS
2023-06-05,1186.7919921875,1191.2952979847407,1180.2417090177628,1186.337108326945,5002553,INFY.NS
2023-06-06,1163.5926513671875,1172.326397297681,1158.1340462786784,1172.326397297681,10008100,INFY.NS
2023-06-07,1172.6448974609375,1177.2392682391398,1166.7769408938923,1174.0550816558036,5397578,INFY.NS
2023-06-08,1167.0498046875,1175.4196213460507,1165.5031332892086,1170.1429253728747,5034942,INFY.NS
2023-06-09,1151.72021484375,1166.7769126021076,1149.9462124982956,1166.7769126021076,5339073,INFY.NS
2023-06-12,1175.374267578125,1178.7858962557063,1158.1342150829948,1158.5890989066725,4785588,INFY.NS
2023-06-13,1187.1102294921875,1188.611368241848,1180.0141088524708,1182.6069242988217,4846587,INFY.NS
2023-06-14,1183.0618896484375,1188.7933592845616,1176.5114958499232,1188.4749628140476,3457981,INFY.NS
2023-06-15,1170.6888427734375,1177.1935914392234,1166.9132855039109,1177.1935914392234,6161155,INFY.NS
2023-06-16,1175.101318359375,1184.0625068222432,1165.4578042106698,1170.8708768960637,8536287,INFY.NS
2023-06-19,1177.2392578125,1182.2429795419966,1170.916417503836,1177.2392578125,4451787,INFY.NS
2023-06-20,1185.7911376953125,1187.2467436756683,1174.6009515510648,1177.2392998592454,4009180,INFY.NS
2023-06-21,1182.1064453125,1186.154977548267,1178.148978676331,1182.6522836320391,4041529,INFY.NS
2023-06-22,1165.91259765625,1173.0542504034895,1158.588924773524,1173.0542504034895,6676607,INFY.NS
2023-06-23,1150.8558349609375,1163.9109757788217,1149.3546964433472,1161.272627938147,7239467,INFY.NS
2023-06-26,1155.7232666015625,1159.0439406048426,1148.3541711369407,1155.6323120512568,3403244,INFY.NS
2023-06-27,1163.7291259765625,1166.321941154123,1159.2257101944383,1164.5024061445222,3240024,INFY.NS
2023-06-28,1176.6480712890625,1179.6957709731894,1165.7763913386957,1173.6003716049356,5662358,INFY.NS
2023-06-30,1214.9947509765625,1218.0879833361869,1186.746419756991,1190.158048597247,12821692,INFY.NS
2023-07-03,1213.35693359375,1224.547118849462,1208.5806539697087,1209.9908380904787,7732412,INFY.NS
2023-07-04,1223.77392578125,1224.5472060405089,1211.2646211133026,1223.0006455219911,5797775,INFY.NS
2023-07-05,1225.7298583984375,1235.4187939129251,1219.9982784398992,1235.3278393695025,5414936,INFY.NS
2023-07-06,1222.6365966796875,1225.8662047537898,1216.495665897886,1221.4084327344483,5963897,INFY.NS
2023-07-07,1210.1727294921875,1224.3651918692738,1205.7603791627248,1213.6298905441663,6295647,INFY.NS
2023-07-10,1209.2176513671875,1220.817188493727,1200.2564625432983,1215.9499539497926,3940315,INFY.NS
2023-07-11,1226.91259765625,1229.0051076173486,1207.2616391546826,1213.129595917475,6126128,INFY.NS
2023-07-12,1212.9931640625,1229.9148189122857,1207.26158386156,1229.0960058756348,8102770,INFY.NS
2023-07-13,1241.9237060546875,1252.5680534152625,1210.764166319061,1214.44876945457,9977644,INFY.NS
2023-07-14,1297.283203125,1300.9678067201296,1256.070793083955,1256.070793083955,12833381,INFY.NS
2023-07-17,1294.5537109375,1327.3053432456984,1286.68431035238,1297.2830136298498,11569884,INFY.NS
2023-07-18,1342.0889892578125,1344.5908499157708,1300.057774626354,1304.6066121862784,16743977,INFY.NS
2023-07-19,1341.8616943359375,1363.559740717556,1328.8975058703595,1351.9146708665796,13687062,INFY.NS
2023-07-20,1318.7081298828125,1338.2681331891115,1310.7021306189188,1338.2681331891115,8347221,INFY.NS
2023-07-21,1211.446533203125,1228.1862795203028,1187.246736869626,1201.0751601871634,45548305,INFY.NS
2023-07-24,1215.9952392578125,1228.0951916387085,1213.857307807066,1219.998238537962,8859789,INFY.NS
2023-07-25,1214.1759033203125,1221.681486555465,1204.7598302000642,1216.3593679271178,6801982,INFY.NS
2023-07-26,1227.139892578125,1228.186147433356,1218.5426339683336,1221.817774817035,5528885,INFY.NS
2023-07-27,1231.0518798828125,1240.7409256938315,1225.502320501502,1236.0100681947931,9191861,INFY.NS
2023-07-28,1219.54345703125,1240.7865080925476,1215.4495028674005,1231.6888321728816,6122735,INFY.NS
2023-07-31,1233.371826171875,1235.0094521881804,1212.9475890459607,1227.048986105936,7902180,INFY.NS
2023-08-01,1242.0146484375,1245.471809643269,1234.55459874793,1239.1034366209878,6064652,INFY.NS
2023-08-02,1234.41796875,1248.1554353279969,1226.7758997952656,1245.7446403783597,7419145,INFY.NS
2023-08-03,1241.1959228515625,1243.2428998554956,1227.2764348025732,1228.186202359877,6503741,INFY.NS
2023-08-04,1253.9781494140625,1260.8469392172133,1239.1034713632262,1245.380890015176,5712345,INFY.NS
2023-08-07,1267.3062744140625,1269.1258096249944,1252.7499927266074,1262.6664818373094,3729093,INFY.NS
2023-08-08,1264.7589111328125,1267.8067215289614,1259.482325527499,1267.1698175564386,4161877,INFY.NS
2023-08-09,1268.5799560546875,1270.0355619948482,1257.7536994683935,1259.118350860222,4090828,INFY.NS
2023-08-10,1263.7581787109375,1269.853688398212,1260.5739920409878,1266.0325977609016,3873025,INFY.NS
2023-08-11,1248.064697265625,1270.8088879474917,1243.6978792880775,1266.3965371663332,5783517,INFY.NS
2023-08-14,1267.8067626953125,1269.1258813755687,1242.378690051583,1248.0647379072082,4304135,INFY.NS
2023-08-16,1290.50537109375,1291.824489722674,1278.5874374632606,1283.5002048304689,7735313,INFY.NS
2023-08-17,1284.1824951171875,1291.8699868845008,1279.133240534935,1291.8699868845008,5618346,INFY.NS
2023-08-18,1263.4852294921875,1281.5895150593435,1261.0743232513742,1277.0406772674733,5134103,INFY.NS
2023-08-21,1278.58740234375,1280.04300828704,1261.9841437074754,1264.3495172472738,3032722,INFY.NS
2023-08-22,1277.0863037109375,1279.178813670877,1270.6269757839684,1277.9505385325194,2890714,INFY.NS
2023-08-23,1280.9072265625,1288.7767383819312,1278.8148277508842,1288.2309000421883,2559125,INFY.NS
2023-08-24,1295.14501953125,1296.4642490688886,1286.820624510391,1293.2345299499725,5171963,INFY.NS
2023-08-25,1291.9609375,1294.14440193583,1284.0460038576823,1285.5016097963642,4307172,INFY.NS
2023-08-28,1287.91259765625,1296.2369938760085,1284.0460851385783,1291.9610192819164,3133464,INFY.NS
2023-08-29,1289.73193359375,1295.8728642902074,1287.5940021549932,1295.508935074852,3074444,INFY.NS
2023-08-30,1305.653076171875,1307.0177276584382,1295.5091445772975,1298.238447550424,3070887,INFY.NS
2023-08-31,1305.9259033203125,1314.5232740786394,1299.7395500542452,1305.653039664003,9792735,INFY.NS
2023-09-01,1313.56787109375,1315.5238935615507,1299.32998654913,1301.831847342556,3582133,INFY.NS
2023-09-04,1332.9002685546875,1337.3581512700405,1305.2433158683236,1312.794430124264,4609014,INFY.NS
2023-09-05,1345.455322265625,1346.5015772139598,1325.0765058688094,1332.8095304482017,5496840,INFY.NS
2023-09-06,1344.135986328125,1349.0942859762029,1331.2628646848657,1348.184518450567,5075786,INFY.NS
2023-09-07,1333.9012451171875,1340.4516386395803,1330.1257983242597,1337.9042448716025,4411743,INFY.NS
2023-09-08,1336.9945068359375,1341.6798324116455,1328.4426687748935,1331.4449464210495,3125838,INFY.NS
2023-09-11,1343.2261962890625,1344.6819131501657,1332.354518962176,1336.9943110540305,4182226,INFY.NS
2023-09-12,1365.6522216796875,1368.2905701230975,1343.8177976883617,1348.730565297535,6793161,INFY.NS
2023-09-13,1363.1502685546875,1369.2002453382354,1354.3255672096377,1369.2002453382354,4804686,INFY.NS
2023-09-14,1370.9742431640625,1376.0690305788348,1363.8781225031132,1369.200240762729,6444213,INFY.NS
2023-09-15,1375.204833984375,1381.3912987705646,1372.839460173995,1381.0273694792074,8657816,INFY.NS
2023-09-18,1357.19140625,1369.1093400919283,1353.734244804729,1369.1093400919283,3991916,INFY.NS
2023-09-20,1355.7811279296875,1360.193478454991,1342.9988490854248,1342.9988490854248,4169337,INFY.NS
2023-09-21,1366.243408203125,1368.790801746706,1342.8168939622524,1352.4149859666784,6779195,INFY.NS
2023-09-22,1361.14892578125,1370.974350013469,1351.1869031313713,1357.2824131721045,5455613,INFY.NS
2023-09-25,1341.1339111328125,1355.417217832278,1338.7685376167728,1355.417217832278,4217863,INFY.NS
2023-09-26,1328.85205078125,1346.3650768655104,1327.3509120486192,1345.682751173916,3996528,INFY.NS
2023-09-27,1334.6290283203125,1336.994401796738,1319.2085123948889,1324.6215850268404,3863586,INFY.NS
2023-09-28,1309.5648193359375,1339.723634998435,1305.5163982722486,1335.447772053514,5814602,INFY.NS
2023-09-29,1305.9259033203125,1316.251854791077,1288.230967294901,1302.8782039633304,6068968,INFY.NS
2023-10-03,1304.6068115234375,1307.336114476415,1292.143039127087,1306.4718796302209,4181867,INFY.NS
2023-10-04,1314.022705078125,1319.1173810169118,1290.2322620419864,1296.41872564626,4510406,INFY.NS
2023-10-05,1331.3992919921875,1342.4985228636597,1319.3448718155562,1320.982497846701,7384621,INFY.NS
2023-10-06,1345.2733154296875,1350.5500119701062,1331.2629831328263,1336.9034978713848,3598672,INFY.NS
2023-10-09,1342.31640625,1356.46333522133,1330.261986939683,1332.718425809864,3567552,INFY.NS
2023-10-10,1360.239013671875,1361.9220614766054,1336.5395238912697,1350.0041284403374,5688951,INFY.NS
2023-10-11,1359.556640625,1381.254574348816,1347.7750842911132,1361.9220140294271,7220129,INFY.NS
2023-10-12,1333.264404296875,1368.654385789573,1320.982541821264,1357.2822909047482,11081662,INFY.NS
2023-10-13,1302.0137939453125,1308.2456791767231,1273.6745138020951,1278.223351351388,17973439,INFY.NS
2023-10-16,1304.7432861328125,1313.3405459284356,1300.967728206962,1302.8782180442538,4850745,INFY.NS
2023-10-17,1312.294189453125,1322.2106781963569,1308.2913009819003,1310.292745217513,3923764,INFY.NS
2023-10-18,1310.5657958984375,1322.8021260257406,1308.5642404911623,1311.884914531718,4264837,INFY.NS
2023-10-19,1304.288330078125,1309.746935628435,1297.4195403384058,1297.4195403384058,6795691,INFY.NS
2023-10-20,1298.4656982421875,1308.7005828841384,1296.6461631947295,1300.9675589324422,3928622,INFY.NS
2023-10-23,1281.5440673828125,1303.1055136577395,1278.4508355358098,1296.964582762976,2636516,INFY.NS
2023-10-25,1262.560302734375,1292.5104566531788,1254.4967997562355,1289.2389333048216,6940777,INFY.NS
2023-10-26,1252.7919921875,1266.2004921783227,1246.940214740459,1248.737291668437,6357656,INFY.NS
2023-10-27,1272.0521240234375,1276.337322369718,1256.6623976967833,1256.6623976967833,4634358,INFY.NS
2023-10-30,1269.0111083984375,1272.0521334622172,1256.155513264206,1272.0521334622172,2667696,INFY.NS
2023-10-31,1261.039794921875,1272.7894712580314,1256.0634389161826,1271.6835518717269,3451595,INFY.NS
2023-11-01,1247.90771484375,1269.379603358429,1245.603856902707,1265.324903376645,3090672,INFY.NS
2023-11-02,1262.6524658203125,1268.319979123895,1254.819348447591,1262.514211838651,3758060,INFY.NS
2023-11-03,1280.069580078125,1282.7880874213406,1269.6560973022642,1271.7756915818663,3349045,INFY.NS
2023-11-06,1293.2015380859375,1296.8415885050183,1281.682248793834,1284.5390100396637,2736381,INFY.NS
2023-11-07,1294.1231689453125,1295.597615576028,1285.4145181543718,1290.1604881630135,2272209,INFY.NS
2023-11-08,1281.8665771484375,1294.7681818070128,1277.6735106371746,1294.7681818070128,3550635,INFY.NS
2023-11-09,1266.9376220703125,1287.8566074771882,1262.5602919196745,1286.3821608724284,5498051,INFY.NS
2023-11-10,1261.4544677734375,1265.4171487849635,1254.2203756878132,1262.4681428598751,2943649,INFY.NS
2023-11-13,1265.78564453125,1273.9872886097166,1263.2974105189112,1271.5912989072524,3462092,INFY.NS
2023-11-15,1299.836669921875,1303.062071087934,1283.7096640915788,1289.2389232333946,8551860,INFY.NS
2023-11-16,1331.537841796875,1339.3709592887674,1299.9288638617754,1304.9973516506468,6673907,INFY.NS
2023-11-17,1324.764404296875,1337.159114704736,1322.4605464148888,1327.9898053316556,4901251,INFY.NS
2023-11-20,1323.888916015625,1338.0807035519097,1321.1704086192708,1328.8652717092657,3584210,INFY.NS
2023-11-21,1326.1007080078125,1336.2376835381017,1324.0272357402534,1328.8653376978914,3793135,INFY.NS
2023-11-22,1343.42578125,1344.4854659823166,1323.520357257011,1323.520357257011,3108786,INFY.NS
2023-11-23,1335.5465087890625,1352.733312304696,1334.1180718038254,1352.733312304696,3186928,INFY.NS
2023-11-24,1324.6260986328125,1338.6796311644991,1321.3545755708367,1332.136697533604,2973195,INFY.NS
2023-11-28,1329.510498046875,1331.6300926725826,1315.0884351345396,1330.7085493558543,3755373,INFY.NS
2023-11-29,1345.0843505859375,1346.0980255458026,1336.0532952698873,1337.2512338613426,3875778,INFY.NS
2023-11-30,1340.9835205078125,1346.0520077696417,1335.8229014307435,1339.2325660460233,10120867,INFY.NS
2023-12-01,1338.357177734375,1345.3608832594507,1332.6896647955414,1345.3608832594507,3489187,INFY.NS
2023-12-04,1349.4617919921875,1356.4194883018783,1335.592634024112,1345.867750934818,5511948,INFY.NS
2023-12-05,1339.877685546875,1351.8117374373269,1328.8652893459846,1350.798062419795,5123039,INFY.NS
2023-12-06,1358.6312255859375,1361.1193473034823,1337.2053455420607,1342.4580969426866,5269178,INFY.NS
2023-12-07,1350.89013671875,1357.2948166644478,1347.1118322726163,1357.2948166644478,4424453,INFY.NS
2023-12-08,1374.1591796875,1377.4305905862009,1351.2127312666094,1355.0371580856024,6323433,INFY.NS
2023-12-11,1371.717041015625,1380.471701337861,1365.727010268832,1373.0993558033465,3862018,INFY.NS
2023-12-12,1360.243896484375,1373.0993792323095,1352.5029110424384,1361.5800891380788,6103494,INFY.NS
2023-12-13,1335.316162109375,1360.2439518858023,1320.7097241735976,1360.19782972632,8549258,INFY.NS
2023-12-14,1383.651123046875,1392.4519064335434,1346.6972597427207,1348.5864684779983,12489858,INFY.NS
2023-12-15,1454.5638427734375,1463.917528966799,1401.6672393803897,1403.5564479809898,18395389,INFY.NS
2023-12-18,1441.6162109375,1468.0184484698,1437.884028140626,1444.9337442546357,6467243,INFY.NS
2023-12-19,1436.040771484375,1450.4628321473872,1422.1715017334875,1446.9149134299466,4221721,INFY.NS
2023-12-20,1415.8590087890625,1459.2636714338232,1409.9611097529205,1442.2612442252062,6592367,INFY.NS
2023-12-21,1415.490478515625,1425.3049369492603,1401.8977151314416,1401.8977151314416,5319038,INFY.NS
2023-12-22,1440.2799072265625,1443.1366686825568,1403.5103106025122,1414.522706978693,6741060,INFY.NS
2023-12-26,1422.816650390625,1426.548945536059,1403.5103643743007,1414.5688833319446,6878067,INFY.NS
2023-12-27,1444.150390625,1446.8228885227966,1422.8627642542665,1422.8627642542665,4225849,INFY.NS
2023-12-28,1440.049560546875,1445.855215439094,1432.999732291329,1445.855215439094,5702253,INFY.NS
2023-12-29,1421.8489990234375,1437.100471200608,1419.1765012951132,1420.144166634131,4388990,INFY.NS
2024-01-01,1429.635986328125,1434.8427277811138,1414.799163664711,1418.254950581332,2808451,INFY.NS
2024-01-02,1414.0157470703125,1427.608507717753,1403.5101332916463,1424.7056244707055,5396313,INFY.NS
2024-01-03,1373.099365234375,1400.6995390215577,1371.2562788380874,1400.6995390215577,7550363,INFY.NS
2024-01-04,1394.0184326171875,1400.5153575424802,1375.771943719321,1386.8764724125788,7056038,INFY.NS
2024-01-05,1412.3109130859375,1418.8998562106976,1388.0742847271729,1388.5350562739702,8895403,INFY.NS
2024-01-08,1403.3260498046875,1415.4903752195028,1394.52526712299,1408.993450570389,4440136,INFY.NS
2024-01-09,1409.3160400390625,1431.1565685607611,1406.1366485499625,1420.9274616897512,4412074,INFY.NS
2024-01-10,1400.653564453125,1414.983494047482,1386.9225479581153,1405.3072902245185,4096845,INFY.NS
2024-01-11,1376.9698486328125,1405.3534251009314,1369.9661425866611,1405.261293276588,11296088,INFY.NS
2024-01-12,1486.21875,1491.056851650907,1433.368271607278,1439.450434041234,26754401,INFY.NS
2024-01-15,1522.4815673828125,1534.3233755421345,1507.6447436874366,1515.8925107048797,13228305,INFY.NS
2024-01-16,1503.5439453125,1519.1640585147395,1497.5077919845023,1515.754393462527,6500917,INFY.NS
2024-01-17,1511.51513671875,1518.2424471875822,1493.1303945709744,1493.1303945709744,9209876,INFY.NS
2024-01-18,1513.7269287109375,1519.6248280436816,1500.5028054955274,1513.7730508709333,6375464,INFY.NS
2024-01-19,1529.0244140625,1534.830181149936,1515.1552565650595,1522.0207083253042,4522736,INFY.NS
2024-01-23,1513.3121337890625,1543.3082963711745,1509.2111992011553,1520.638356967558,9401255,INFY.NS
2024-01-24,1543.9534912109375,1548.1925674088009,1515.938555587784,1529.6695716902016,8999681,INFY.NS
2024-01-25,1538.1478271484375,1548.6995649327357,1527.9187194984197,1541.695746187862,8865304,INFY.NS
2024-01-29,1526.62841796875,1547.593525430197,1518.3345293026832,1534.5076571987393,4253785,INFY.NS
2024-01-30,1521.8824462890625,1557.4079810311105,1518.9335530973535,1532.0194213135253,4995943,INFY.NS
2024-01-31,1530.59130859375,1536.4430861232538,1509.5800760939778,1518.9337632044703,6763779,INFY.NS
2024-02-01,1527.043212890625,1545.427954833728,1520.86880592109,1529.3470709031976,5760011,INFY.NS
2024-02-02,1560.4952392578125,1583.6720744845543,1534.3695106294924,1535.3371760388302,7858483,INFY.NS
2024-02-05,1554.82763671875,1567.3145920332188,1549.8974031142452,1561.785332852152,3634135,INFY.NS
2024-02-06,1593.7628173828125,1597.034340689009,1542.6171705805966,1554.4129683538292,7694265,INFY.NS
2024-02-07,1560.8638916015625,1593.3482914120157,1554.5052206294124,1593.3482914120157,4613877,INFY.NS
2024-02-08,1559.3431396484375,1572.4751295193644,1550.7728558600895,1564.7802667251876,5919715,INFY.NS
2024-02-09,1538.378173828125,1560.080561966992,1529.577503446997,1552.5238399589869,4600004,INFY.NS
2024-02-12,1548.2845458984375,1560.1263522813829,1539.299500638113,1539.299500638113,3555808,INFY.NS
2024-02-13,1552.3856201171875,1556.5785741207376,1532.9870910403704,1550.9571831806093,2696481,INFY.NS
2024-02-14,1535.4752197265625,1538.4702350970776,1507.183888762307,1529.945960580996,3768579,INFY.NS
2024-02-15,1544.8289794921875,1555.3345948697918,1531.2362167759502,1545.428005093551,4834391,INFY.NS
2024-02-16,1568.14404296875,1574.917363137815,1555.5188333576436,1556.486498735968,4880654,INFY.NS
2024-02-19,1566.3929443359375,1577.2210761764711,1555.2883045575709,1571.2310457966014,3690993,INFY.NS
2024-02-20,1553.0308837890625,1561.3247736891376,1537.825418972258,1552.8004979585048,3706389,INFY.NS
2024-02-21,1525.660888671875,1542.6633157025528,1516.2150708785946,1542.6633157025528,4300508,INFY.NS
2024-02-22,1549.4366455078125,1552.4316609246032,1515.3856690741432,1534.3694366019563,5841277,INFY.NS
2024-02-23,1545.2896728515625,1565.194983220865,1540.728079066558,1563.8587905950133,5373072,INFY.NS
2024-02-26,1529.89990234375,1543.5386736406174,1515.9385009458492,1543.5386736406174,2782438,INFY.NS
2024-02-27,1533.079345703125,1539.990920157028,1523.1267459853489,1530.6833557243867,5159088,INFY.NS
2024-02-28,1540.1290283203125,1555.3806128350852,1531.6508761234932,1538.9770993537304,3188916,INFY.NS
2024-02-29,1542.5711669921875,1550.2660301238518,1523.5873997921522,1534.369410109207,7814722,INFY.NS
2024-03-01,1524.8775634765625,1540.7741844629486,1521.4678984651173,1538.055676885694,6387291,INFY.NS
2024-03-04,1508.75048828125,1533.8625405850848,1505.479077403563,1527.7803779385492,4445156,INFY.NS
2024-03-05,1480.459228515625,1508.888815229402,1476.312283897934,1505.8016678459578,4596579,INFY.NS
2024-03-06,1490.642333984375,1493.0383239437165,1452.3521668225044,1477.0495710017406,6420684,INFY.NS
2024-03-07,1489.6285400390625,1500.6870590284748,1478.3396352373709,1489.7667940250446,6348359,INFY.NS
2024-03-11,1475.0220947265625,1487.186533050453,1463.4106723438592,1481.9797912201366,6752895,INFY.NS
2024-03-12,1486.403076171875,1497.5077168540815,1472.303532549028,1474.469136594788,4614222,INFY.NS
2024-03-13,1484.9747314453125,1497.046924837975,1473.1329238521018,1486.3570462420234,5688997,INFY.NS
2024-03-14,1523.5872802734375,1527.6881021467038,1481.841332077756,1487.7392305249352,8803799,INFY.NS
2024-03-15,1505.8016357421875,1516.6758908384104,1491.3794617139745,1512.344570167545,11809997,INFY.NS
2024-03-18,1476.9112548828125,1504.5575513115562,1473.4093456712776,1502.11543929507,4958904,INFY.NS
2024-03-19,1438.943603515625,1473.5475961267095,1435.764324431153,1467.4193112677192,6870411,INFY.NS
2024-03-20,1432.95361328125,1451.3844780457566,1430.5576233604784,1440.3720813461923,4759059,INFY.NS
2024-03-21,1432.72314453125,1453.2274803947662,1422.3097740379771,1441.2935411478331,11062497,INFY.NS
2024-03-22,1390.4705810546875,1408.9475691551058,1380.6561224439051,1401.6673546108457,14673890,INFY.NS
2024-03-26,1375.54150390625,1389.1802760076575,1371.164173630106,1374.942478317217,8351081,INFY.NS
2024-03-27,1367.431884765625,1381.3932870499673,1365.312402855052,1378.628657389427,6857402,INFY.NS
2024-03-28,1380.5179443359375,1393.189164332538,1370.47310016729,1370.47310016729,12499530,INFY.NS
2024-04-01,1378.1217041015625,1409.9149438246611,1375.6797046680076,1405.3533500790074,6580002,INFY.NS
2024-04-02,1366.51025390625,1376.0021934625806,1364.6671675840937,1368.3533402284063,7279400,INFY.NS
2024-04-03,1364.4830322265625,1377.799287158803,1359.2762903783632,1362.9624633692197,8736248,INFY.NS
2024-04-04,1370.058349609375,1378.306229462609,1352.825535267705,1373.6063812324333,11186915,INFY.NS
2024-04-05,1363.0545654296875,1370.0582714607572,1360.24392608138,1363.93009899174,5072482,INFY.NS
2024-04-08,1360.8427734375,1373.9747637962018,1358.446783660139,1366.6485404880466,6610887,INFY.NS
2024-04-09,1377.5687255859375,1395.0320353978589,1370.6111424492417,1373.099263903387,9423230,INFY.NS
2024-04-10,1388.5814208984375,1391.3920603288602,1368.0770834855082,1382.6373994109804,6744595,INFY.NS
2024-04-12,1368.26123046875,1388.581302495331,1363.4231287950938,1386.0009366054892,12275616,INFY.NS
2024-04-15,1352.9638671875,1374.8965310226422,1346.4209320201485,1363.8841331877177,8531224,INFY.NS
2024-04-16,1303.476806640625,1340.983684459676,1302.1867360834249,1337.159257468646,16173541,INFY.NS
2024-04-18,1307.9002685546875,1331.3534994670702,1297.072135276183,1309.6051010829012,22107945,INFY.NS
2024-04-19,1300.52783203125,1314.903883353496,1270.5776782377934,1276.3373231980736,20603621,INFY.NS
2024-04-22,1320.341064453125,1324.1193692022916,1302.1867077963825,1308.4992564312556,5859087,INFY.NS
2024-04-23,1329.2340087890625,1333.334831262017,1320.571479724218,1329.786912241484,4856174,INFY.NS
2024-04-24,1318.497802734375,1330.9847568541209,1315.0881382295058,1330.9847568541209,4268213,INFY.NS
2024-04-25,1325.59375,1331.5377710414832,1308.5913232271268,1308.5913232271268,9089398,INFY.NS
2024-04-26,1318.0372314453125,1331.9986341616486,1315.0422158870554,1326.7457701482465,8062444,INFY.NS
2024-04-29,1322.1842041015625,1326.838042603384,1316.1941728580289,1317.7607514168,5055957,INFY.NS
2024-04-30,1309.0982666015625,1323.8429581264434,1306.3336369406477,1322.1380131744238,6936588,INFY.NS
2024-05-02,1303.476806640625,1312.2775896866656,1301.08081668616,1302.1406139236367,10076354,INFY.NS
2024-05-03,1305.1817626953125,1313.0148803966708,1293.109456008172,1310.5266461015715,8842345,INFY.NS
2024-05-06,1314.028564453125,1332.27505360971,1305.9189387214822,1308.5914366893924,6445422,INFY.NS
2024-05-07,1327.8975830078125,1330.1093091097507,1304.5364861962978,1313.1528923189749,6080661,INFY.NS
2024-05-08,1315.318603515625,1326.791770914921,1313.751912640343,1322.6448266752147,6234983,INFY.NS
2024-05-09,1326.607421875,1336.1913801730982,1313.060670734901,1315.5489046143746,6088406,INFY.NS
2024-05-10,1313.1070556640625,1323.2900415168567,1302.140668020757,1322.460742550796,8777481,INFY.NS
2024-05-13,1311.7706298828125,1313.1990668474873,1300.481725623948,1313.1990668474873,3735954,INFY.NS
2024-05-14,1312.922607421875,1321.2626187308836,1306.7944348778417,1314.489298423798,3463230,INFY.NS
2024-05-15,1308.545166015625,1319.4655424641765,1307.255095585117,1314.120547134986,4327544,INFY.NS
2024-05-16,1339.3248291015625,1341.5365553493357,1315.0421875208667,1321.4468679639122,9249145,INFY.NS
2024-05-17,1330.98486328125,1342.6884167000094,1326.3310252131012,1342.6884167000094,7542860,INFY.NS
2024-05-21,1321.6312255859375,1331.3534390178734,1316.332352094495,1317.8067987413262,6752663,INFY.NS
2024-05-22,1340.6612548828125,1345.40711294369,1315.963849131571,1316.6550066153582,7173285,INFY.NS
2024-05-23,1356.8802490234375,1362.17912249703,1336.2376585581328,1340.5688666610597,8641428,INFY.NS
2024-05-24,1350.15283203125,1359.7369031866842,1345.4529845154584,1353.0557154211108,5277938,INFY.NS
2024-05-27,1355.9127197265625,1363.515451995131,1345.6836115365593,1356.373491379203,5821844,INFY.NS
2024-05-28,1351.9501953125,1360.197963167809,1345.7297777980132,1359.737191500069,6186922,INFY.NS
2024-05-29,1337.113037109375,1350.5215354265988,1336.237616082271,1350.4294036068611,7401634,INFY.NS
2024-05-30,1315.4569091796875,1336.0995011368218,1310.0198938256992,1329.6026885129104,9663150,INFY.NS
2024-05-31,1322.4598388671875,1350.5182603744363,1315.973944335626,1325.1858078435043,37113815,INFY.NS
2024-06-03,1321.519775390625,1353.5731158092904,1319.7337879140582,1353.5731158092904,10589244,INFY.NS
2024-06-04,1310.005126953125,1330.0737072910483,1276.823736979712,1324.4338187795668,13736134,INFY.NS
2024-06-05,1344.2672119140625,1351.6930870098186,1316.1148183429186,1316.1148183429186,9233424,INFY.NS
2024-06-06,1383.8875732421875,1385.8145809499692,1351.2232206049546,1358.2260359203012,12660930,INFY.NS
2024-06-07,1441.555419921875,1447.289283385155,1388.5874921626576,1392.1124223339962,24075302,INFY.NS
2024-06-10,1409.737060546875,1437.983546630723,1407.4341520864498,1433.7536304630544,6810606,INFY.NS
2024-06-11,1405.9771728515625,1416.0349278896924,1404.2851604414927,1410.0191387512723,4853054,INFY.NS
2024-06-12,1396.0601806640625,1418.1967861734406,1393.7572723769142,1416.5518188986746,9564320,INFY.NS
2024-06-13,1404.2850341796875,1414.6718735675256,1399.9611430962834,1405.27206045412,7307565,INFY.NS
2024-06-14,1399.5382080078125,1413.4498626747718,1396.8592841989566,1413.4498626747718,4237727,INFY.NS
2024-06-18,1408.2799072265625,1416.5517883847267,1405.6480284899164,1407.151975588544,5420939,INFY.NS
2024-06-19,1420.6407470703125,1424.6827126496337,1406.8699977638037,1414.6718886285164,5493456,INFY.NS
2024-06-20,1424.4476318359375,1426.4215695435462,1409.125891319924,1425.2936379231433,7927010,INFY.NS
2024-06-21,1440.7093505859375,1464.2559289959652,1432.249518545518,1452.271166938704,17301941,INFY.NS
2024-06-24,1435.492431640625,1437.3253492351942,1424.4476516241698,1433.0485032665963,5564989,INFY.NS
2024-06-25,1449.4041748046875,1451.237207255743,1429.1006009006553,1434.4115183965616,4551525,INFY.NS
2024-06-26,1448.2291259765625,1455.889996430208,1442.8712785271127,1448.5111662607692,4851004,INFY.NS
2024-06-27,1478.9195556640625,1483.6665071274144,1440.0983968135813,1446.1141853395814,14757754,INFY.NS
2024-06-28,1472.7158203125,1493.160415233066,1470.365866873355,1478.1677581888457,8197544,INFY.NS
2024-07-01,1495.3223876953125,1503.8761950899986,1465.900925341744,1465.900925341744,6801771,INFY.NS
2024-07-02,1523.7567138671875,1535.7414752975033,1491.2803144467298,1500.3980870491323,10493173,INFY.NS
2024-07-03,1529.7257080078125,1537.8095248596555,1509.6100836947476,1527.469729765856,7269965,INFY.NS
2024-07-04,1551.5802001953125,1560.3690026530594,1530.2896001922777,1530.4775505601317,8008311,INFY.NS
2024-07-05,1548.572265625,1565.8679458210338,1535.3185512266714,1552.332191113537,7065022,INFY.NS
2024-07-08,1561.920166015625,1566.009062287117,1541.569545108567,1544.4834645926285,5880533,INFY.NS
2024-07-09,1557.6900634765625,1566.7138611771477,1551.9091554243114,1560.2750121000736,5191182,INFY.NS
2024-07-10,1549.32421875,1573.5287378659184,1539.2664644712022,1557.5490553427878,9852770,INFY.NS
2024-07-11,1553.507080078125,1565.0688961998292,1543.4963708254108,1556.6090643284788,8857679,INFY.NS
2024-07-12,1609.0130615234375,1616.5329122564228,1566.6199259649964,1579.1686539269024,17078316,INFY.NS
2024-07-15,1604.59521484375,1624.2877782953476,1600.4592739409936,1622.5957659620965,6942230,INFY.NS
2024-07-16,1622.454833984375,1633.593589888385,1597.9682742375037,1615.451904171574,6886281,INFY.NS
2024-07-18,1652.5343017578125,1659.443141913382,1615.827983176718,1615.827983176718,11248896,INFY.NS
2024-07-19,1685.3394775390625,1733.3255702708211,1679.2295989019908,1733.3255702708211,29819116,INFY.NS
2024-07-22,1702.1651611328125,1713.5859571917674,1685.3394724496927,1692.1074068427615,8462126,INFY.NS
2024-07-23,1726.6517333984375,1729.5186076175692,1676.2217119382558,1701.3662125939957,7113056,INFY.NS
2024-07-24,1723.878662109375,1731.7745279912915,1710.3899533806657,1727.2156416274588,6002845,INFY.NS
2024-07-25,1715.324951171875,1721.0118842620095,1703.246213719811,1710.7660645530111,5815599,INFY.NS
2024-07-26,1766.1309814453125,1769.9848820315087,1715.7949342558115,1715.7949342558115,11369047,INFY.NS
2024-07-29,1758.799072265625,1788.78450012986,1752.1252276626687,1779.9486525351583,4635931,INFY.NS
2024-07-30,1764.4859619140625,1767.1178407699306,1748.365259289592,1758.7990290172347,2721265,INFY.NS
2024-07-31,1756.1201171875,1772.0058245898792,1753.1122228334534,1764.344953812893,5004209,INFY.NS
2024-08-01,1741.4095458984375,1755.7913074406626,1734.359685288293,1744.6994808498382,7475014,INFY.NS
2024-08-02,1711.8939208984375,1747.895251074617,1707.147084115294,1732.3855594141,7400938,INFY.NS
2024-08-05,1646.7532958984375,1689.6164211011132,1615.4049418548652,1677.819609648751,10736703,INFY.NS
2024-08-06,1646.0013427734375,1689.0994653436978,1640.126459251215,1654.5551502330295,7690163,INFY.NS
2024-08-07,1684.11767578125,1689.9925594528395,1656.341179884447,1688.206571867912,5094329,INFY.NS
2024-08-08,1638.5284423828125,1673.1196857214622,1623.4416964698462,1673.1196857214622,6227910,INFY.NS
2024-08-09,1664.471923828125,1673.8717370362467,1650.6071993461458,1664.9419144885312,4258524,INFY.NS
2024-08-12,1689.5223388671875,1695.2562016016925,1661.980842064797,1666.633818145862,4315329,INFY.NS
2024-08-13,1689.5693359375,1701.366147109179,1681.673584839887,1701.366147109179,4176918,INFY.NS
2024-08-14,1713.821044921875,1715.4660123309595,1689.5694795075583,1693.8464406687062,7450718,INFY.NS
2024-08-16,1747.3782958984375,1750.1042647796944,1719.6958908608178,1738.9655086594769,7335657,INFY.NS
2024-08-19,1752.877197265625,1755.4621458747315,1738.2133969970969,1748.365241068568,2585989,INFY.NS
2024-08-20,1759.8330078125,1772.5227558229078,1756.0730824760828,1767.1649081160394,3870333,INFY.NS
2024-08-21,1760.3028564453125,1766.2247842698705,1755.0389843478197,1762.5588344138969,1966902,INFY.NS
2024-08-22,1767.39990234375,1779.9956751616294,1757.4830533776285,1770.9248323444356,4300287,INFY.NS
2024-08-23,1750.3392333984375,1769.6088509029312,1745.5453515046197,1765.4729100507643,5015935,INFY.NS
2024-08-26,1763.5460205078125,1775.3897624868237,1752.125224235838,1757.7651122966831,3728589,INFY.NS
2024-08-27,1786.05859375,1788.5495673509674,1761.431127538951,1763.5460856398784,3830679,INFY.NS
2024-08-28,1822.7177734375,1833.903574209478,1783.520597887289,1792.450420519267,6514531,INFY.NS
2024-08-29,1817.31298828125,1833.4336919875568,1805.6102659320493,1816.9840177451665,7228284,INFY.NS
2024-08-30,1827.0416259765625,1832.9635541258783,1812.2839653100996,1821.6837784081808,13466759,INFY.NS
2024-09-02,1846.5933837890625,1857.1681741009115,1826.195834151735,1826.712755054023,5573739,INFY.NS
2024-09-03,1824.73876953125,1848.9432889467964,1820.2268132183983,1848.9432889467964,4694322,INFY.NS
2024-09-04,1807.0670166015625,1811.5319278069885,1786.0115271331308,1805.7980647866773,4778310,INFY.NS
2024-09-05,1817.1248779296875,1823.563726903238,1794.9882723576418,1810.638983993486,4081810,INFY.NS
2024-09-06,1787.7034912109375,1820.2738676395409,1783.00358450389,1806.6441381891027,5848106,INFY.NS
2024-09-09,1780.935791015625,1805.5632579164237,1775.624873131343,1776.5648545358597,4772612,INFY.NS
2024-09-10,1797.5263671875,1818.8638977650469,1782.2046254069917,1790.5704823041317,6909600,INFY.NS
2024-09-11,1795.50537109375,1810.4040523138208,1790.6644442667855,1799.7822173243185,5312946,INFY.NS
2024-09-12,1833.386474609375,1838.97943217212,1796.116307982983,1809.463996501208,8555092,INFY.NS
2024-09-13,1827.4176025390625,1841.0473312410704,1819.47480653783,1833.38646078049,3843127,INFY.NS
2024-09-16,1833.198486328125,1834.8434535636457,1817.0308542536736,1828.9685705796437,1570181,INFY.NS
2024-09-17,1835.3604736328125,1840.906271327735,1825.5846454813943,1830.848517641756,2793127,INFY.NS
2024-09-18,1778.585693359375,1822.388800311061,1768.3869188956942,1822.388800311061,6385468,INFY.NS
2024-09-19,1780.5125732421875,1809.370068657787,1766.036952686509,1795.9282898631557,7976570,INFY.NS
2024-09-20,1791.36962890625,1800.0644572244355,1755.3213636385367,1790.664642826397,15242974,INFY.NS
2024-09-23,1782.6275634765625,1803.73021337189,1765.7078993837924,1794.4243751721033,3636672,INFY.NS
2024-09-24,1784.6485595703125,1796.210376017183,1759.0811128709156,1774.6847802570394,7277616,INFY.NS
2024-09-25,1781.5467529296875,1787.4685667691454,1764.1570974239128,1773.1338507441149,4268341,INFY.NS
2024-09-26,1786.199462890625,1802.8370859804252,1779.3845984749128,1783.896554606288,8952803,INFY.NS
2024-09-27,1792.3094482421875,1856.087160215796,1789.0665584656958,1816.137952637302,14908931,INFY.NS
2024-09-30,1763.0289306640625,1787.1394743316184,1758.2350489085036,1767.1648713969455,6986955,INFY.NS
2024-10-01,1790.0533447265625,1794.3772357071236,1762.464916843665,1762.464916843665,4029072,INFY.NS
2024-10-03,1779.7606201171875,1797.1032292411892,1768.1048290238766,1776.0946700907043,7503887,INFY.NS
2024-10-04,1803.025146484375,1836.8174281895435,1772.8047248589348,1776.141704358394,10001483,INFY.NS
2024-10-07,1818.2060546875,1825.4438655173053,1801.0513942623245,1807.7721694283628,6112575,INFY.NS
2024-10-08,1831.6007080078125,1840.436440915146,1791.9334261359113,1821.5898836675144,5637391,INFY.NS
2024-10-09,1835.5484619140625,1858.3430081700687,1828.3575821051584,1835.3605115538048,4857163,INFY.NS
2024-10-10,1803.82421875,1846.1233796899428,1799.218287165554,1840.3895163779584,4782119,INFY.NS
2024-10-11,1818.957763671875,1830.1435639245412,1795.4582315208152,1802.884106629312,4709431,INFY.NS
2024-10-14,1841.32958984375,1851.2933697481612,1815.1980609916643,1816.1850873604988,3751378,INFY.NS
2024-10-15,1841.70556640625,1871.9258760220823,1834.6086610794148,1842.363507475677,5353705,INFY.NS
2024-10-16,1804.8582763671875,1841.9406117141923,1801.3333460914546,1837.66365041544,3111512,INFY.NS
2024-10-17,1849.9771728515625,1859.2830106666545,1814.304928428157,1819.0517651449984,8162822,INFY.NS
2024-10-18,1766.788818359375,1820.6027474745545,1757.0600349091485,1780.1366215888147,10526196,INFY.NS
2024-10-21,1741.5504150390625,1784.8366013292746,1727.685690374739,1777.598676217542,4654601,INFY.NS
2024-10-22,1740.46923828125,1765.0968155765634,1736.0983025734054,1746.6730915066728,4125240,INFY.NS
2024-10-23,1760.9610595703125,1772.804801466981,1733.3255853155424,1734.500561986716,4311910,INFY.NS
2024-10-24,1751.5142822265625,1770.9249206806642,1748.3653675509745,1749.6813644323036,2906475,INFY.NS
2024-10-25,1750.292236328125,1763.733900154515,1735.581505943881,1751.60811836117,4689120,INFY.NS
2024-10-28,1753.394287109375,1768.951025226307,1745.5454653432146,1748.0833692337449,7018940,INFY.NS
2024-10-29,1748.5933837890625,1760.286729071962,1738.8012907344037,1754.9629211020826,4621252,INFY.NS
2024-10-30,1713.2276611328125,1748.3079249245552,1707.76122797984,1741.653136738328,5919715,INFY.NS
2024-10-31,1670.5897216796875,1699.7282140714156,1660.369867072741,1699.7282140714156,7395236,INFY.NS
2024-11-01,1674.011962890625,1678.908008889916,1665.6460129974564,1677.4819828348002,371966,INFY.NS
2024-11-04,1676.674072265625,1679.8588408591163,1633.275318956402,1639.454765739415,7336722,INFY.NS
2024-11-05,1667.68994140625,1681.2371893406507,1658.943694423108,1673.2039554066878,3160880,INFY.NS
2024-11-06,1733.762451171875,1737.089845338444,1675.723259696614,1677.0066599508025,10421494,INFY.NS
2024-11-07,1714.1309814453125,1735.6638830746192,1698.8724555004114,1723.542661022224,4550965,INFY.NS
2024-11-08,1739.704345703125,1749.829154713953,1723.7329222391422,1728.3437169759088,4210960,INFY.NS
2024-11-11,1768.367431640625,1775.8778590726738,1732.669314114394,1738.8011800020988,3804234,INFY.NS
2024-11-12,1776.638427734375,1788.2367269114477,1769.223045604574,1778.8249314544848,5012450,INFY.NS
2024-11-13,1776.258056640625,1780.821270333326,1764.7548031409274,1769.3180168336285,4257495,INFY.NS
2024-11-14,1772.5980224609375,1783.4833086013102,1764.469627272938,1773.5961711004963,4311431,INFY.NS
2024-11-18,1722.11669921875,1758.005024675079,1706.477991896976,1758.005024675079,4839244,INFY.NS
2024-11-19,1734.7607421875,1767.987103735295,1730.7679155470985,1735.4737552340218,4669769,INFY.NS
2024-11-21,1743.6021728515625,1774.9271666789357,1730.8154024223286,1751.16006482196,5436504,INFY.NS
2024-11-22,1808.4388427734373,1819.6569616576032,1743.554652462339,1762.6633798054363,6301486,INFY.NS
2024-11-25,1796.507568359375,1824.647908539123,1789.187347735094,1821.5106048142616,12764638,INFY.NS
2024-11-26,1829.2587890625,1842.9961275482167,1803.7329448177684,1811.00558516297,6850495,INFY.NS
2024-11-27,1829.591552734375,1845.6581372544963,1817.4703304442407,1834.915360490961,4447143,INFY.NS
2024-11-28,1765.087646484375,1820.4649949645564,1760.3342260139732,1820.4649949645564,8468790,INFY.NS
2024-11-29,1766.2283935546875,1784.4340168837268,1754.0121263454853,1759.811276019277,5244346,INFY.NS
2024-12-02,1787.095947265625,1789.9479994533772,1744.6953452341356,1767.3216723437563,2868263,INFY.NS
2024-12-03,1798.789306640625,1806.0620629902432,1778.8725217831325,1793.9408410909798,4715792,INFY.NS
2024-12-04,1796.0799560546875,1819.56180716774,1782.532707477856,1791.0888644737497,4705573,INFY.NS
2024-12-05,1839.4310302734373,1853.7388717964996,1795.7946087095554,1806.2997139926329,9050038,INFY.NS
2024-12-06,1827.594970703125,1842.3780374823928,1818.0881305684336,1837.4821076532628,3573331,INFY.NS
2024-12-09,1828.783447265625,1835.010358337528,1803.637783807944,1829.3062538776032,4274645,INFY.NS
2024-12-10,1852.45556640625,1868.664660829215,1836.721697987323,1843.3764867481464,6174921,INFY.NS
2024-12-11,1876.79296875,1880.4530791874988,1855.7352935156716,1858.5873457085745,5025612,INFY.NS
2024-12-12,1889.0091552734373,1900.227273174294,1873.370449502188,1877.791037372581,6462130,INFY.NS
2024-12-13,1901.0830078125,1907.5001256882165,1857.4466990978751,1872.6100645470367,5362693,INFY.NS
2024-12-16,1882.4019775390625,1900.9877808683425,1880.072732013709,1897.042418897068,3119221,INFY.NS
2024-12-17,1879.1221923828125,1884.2559097971648,1861.439491111427,1870.9463322304848,5811050,INFY.NS
2024-12-18,1881.5465087890625,1887.060407082662,1864.861955978867,1869.8055830579624,3064095,INFY.NS
2024-12-19,1850.2213134765625,1863.10312920436,1825.3134369549032,1838.623014099366,5323592,INFY.NS
2024-12-20,1827.3575439453125,1882.3070176382269,1816.9950636033852,1877.74380339383,11056720,INFY.NS
2024-12-23,1829.4014892578125,1844.3271834459897,1814.855975875461,1834.867922920088,2781793,INFY.NS
2024-12-24,1814.903564453125,1846.2285597653756,1749.2587795923223,1832.0158786013108,2360544,INFY.NS
2024-12-26,1813.3348388671875,1825.0757640546133,1808.4863732653307,1814.9034908105157,3623321,INFY.NS
2024-12-27,1822.2237548828125,1829.25884045684,1810.007487366256,1815.236249934069,3937500,INFY.NS
2024-12-30,1812.0037841796875,1821.5106246003572,1793.4654453593812,1821.225372967618,7789055,INFY.NS
2024-12-31,1787.2861328125,1803.4477627368683,1754.0597694763478,1798.9795938249597,3613063,INFY.NS
2025-01-01,1789.662841796875,1799.597444352464,1781.5820268405544,1781.5820268405544,1838368,INFY.NS
2025-01-02,1861.296875,1865.8602051810892,1792.3248119514092,1793.940928529962,7083645,INFY.NS
2025-01-03,1843.138916015625,1856.638584673474,1827.2149563285784,1856.638584673474,6218003,INFY.NS
2025-01-06,1842.283203125,1875.6997732327457,1832.918987730732,1855.7354066651392,7164403,INFY.NS
2025-01-07,1835.6282958984373,1861.9623140172653,1828.7834170796311,1849.08049857111,4294832,INFY.NS
2025-01-08,1837.81494140625,1842.9961231909604,1795.604545298116,1834.8202633622047,5482050,INFY.NS
2025-01-09,1822.74658203125,1855.5926464465324,1816.329464670704,1838.6705399259383,6833503,INFY.NS
2025-01-10,1869.9478759765625,1880.262890374542,1836.9591870921915,1841.4749361612496,8036913,INFY.NS
2025-01-13,1865.432373046875,1885.0165591706927,1852.8833888192748,1859.5381777991288,5804152,INFY.NS
2025-01-14,1844.374755859375,1874.5589763818853,1835.866063436232,1871.7543886244127,5792162,INFY.NS
2025-01-15,1853.501220703125,1861.4869901029845,1841.5700892018165,1850.981884706997,2985439,INFY.NS
2025-01-16,1833.3466796875,1869.948017007702,1822.318767497188,1868.9973329214629,7533579,INFY.NS
2025-01-17,1725.9193115234375,1766.3709642563165,1722.6394979722525,1759.7161759087412,16409953,INFY.NS
2025-01-20,1723.87548828125,1737.8029172097529,1704.7191808636662,1733.0494968108635,4333011,INFY.NS
2025-01-21,1711.896728515625,1741.3204695981628,1704.6240883474466,1729.341873735534,7169109,INFY.NS
2025-01-22,1764.8974609375,1773.7864501626696,1716.127435963764,1718.266475200778,8373913,INFY.NS
2025-01-23,1773.45361328125,1786.8583519719805,1761.3323909696403,1766.371063134981,5907471,INFY.NS
2025-01-24,1782.96044921875,1801.4513245969808,1772.312833717117,1773.501188842313,4887027,INFY.NS
2025-01-27,1732.1463623046875,1771.1244088768565,1722.6395216773292,1757.577160982871,7652371,INFY.NS
2025-01-28,1739.5142822265625,1771.5998715284595,1734.9034874184256,1739.7519532584283,6999495,INFY.NS
2025-01-29,1788.4744873046875,1795.509572949861,1749.7341097059282,1754.0121882137666,5145155,INFY.NS
2025-01-30,1768.224853515625,1794.1309953598943,1753.0614884709362,1780.7739533235829,7336056,INFY.NS
2025-01-31,1787.095947265625,1803.875428129993,1778.729881094765,1778.729881094765,5820470,INFY.NS
2025-02-01,1760.049072265625,1797.3634250338323,1754.9629352894476,1787.5714479503238,1701402,INFY.NS
2025-02-03,1771.40966796875,1784.006231852998,1742.0335070965566,1745.4559465267448,4823228,INFY.NS
2025-02-04,1805.158935546875,1816.947325024505,1782.5326085489075,1795.842185359406,7334787,INFY.NS
2025-02-05,1803.4952392578125,1825.028140338541,1800.88085809743,1812.0038151596648,4996744,INFY.NS
2025-02-06,1821.1781005859373,1829.11628996486,1806.2998705474192,1822.4615009681063,4765255,INFY.NS
2025-02-07,1809.769775390625,1828.83092159908,1796.2699917999128,1824.648004479721,4126260,INFY.NS
2025-02-10,1787.5712890625,1811.0531389851265,1785.9550565261386,1811.0531389851265,3828734,INFY.NS
2025-02-11,1783.150634765625,1809.1518213900456,1777.7792464526458,1790.2331848086435,4411601,INFY.NS
2025-02-12,1771.26708984375,1801.1660581275596,1755.9135185424811,1792.0395140512055,5633947,INFY.NS
2025-02-13,1752.348388671875,1781.1065814060803,1745.1232130462338,1776.353161119435,5237744,INFY.NS
2025-02-14,1764.849853515625,1767.606860408019,1738.1831200991312,1762.5681886374266,5292961,INFY.NS
2025-02-17,1751.4453125,1761.3799146336082,1732.2890052365772,1747.880247229523,4428956,INFY.NS
2025-02-18,1760.619384765625,1769.8410902296605,1746.977091046225,1751.445375977347,4365260,INFY.NS
2025-02-19,1721.498779296875,1758.004955145868,1716.840404092615,1756.2937934312415,4611411,INFY.NS
2025-02-20,1735.14111328125,1740.7025920720746,1716.5077280780874,1716.5077280780874,2218020,INFY.NS
2025-02-21,1725.4915771484375,1739.6092122968646,1717.1255109603246,1731.956275207461,3379879,INFY.NS
2025-02-24,1677.1016845703125,1718.8367369576058,1663.9347338827708,1711.278845292098,7594720,INFY.NS
2025-02-25,1680.524169921875,1690.744023588038,1659.0863139546625,1659.0863139546625,5092963,INFY.NS
2025-02-27,1677.2918701171875,1688.2722009652173,1664.7427713690586,1668.640552657757,5757079,INFY.NS
2025-02-28,1604.469482421875,1668.5456129045258,1599.478390980019,1668.4981483304996,12182167,INFY.NS
2025-03-03,1624.3388671875,1643.3525496222132,1608.8427856333933,1608.8427856333933,7504969,INFY.NS
2025-03-04,1605.0399169921875,1615.212189837081,1587.642352576766,1611.4094536632444,6759673,INFY.NS
2025-03-05,1627.0958251953125,1647.4879525703643,1608.9852468032536,1608.9852468032536,8180782,INFY.NS
2025-03-06,1631.231201171875,1637.3631829139892,1607.7017709749157,1630.4231429408271,10610547,INFY.NS
2025-03-07,1602.853271484375,1620.9162680194895,1592.8710891886535,1619.109945155919,8019331,INFY.NS
2025-03-10,1617.5413818359375,1634.225933863566,1593.5366088108908,1602.8533592169706,7558981,INFY.NS
2025-03-11,1579.6566162109375,1597.1492261839649,1556.3173920894417,1597.1492261839649,12671234,INFY.NS
2025-03-12,1512.395751953125,1556.174800445261,1486.6798171088662,1556.174800445261,14870008,INFY.NS
2025-03-13,1501.938232421875,1526.8462251444753,1492.859269016462,1520.381526929375,7822888,INFY.NS
2025-03-17,1511.63525390625,1515.3904095675546,1468.949515897204,1468.949515897204,7526032,INFY.NS
2025-03-18,1511.63525390625,1511.63525390625,1511.63525390625,1511.63525390625,0,INFY.NS
2025-03-19,1508.3079833984375,1523.9466912333276,1495.2360763463737,1523.9466912333276,7387068,INFY.NS
2025-03-20,1535.8778076171875,1551.4214700841842,1513.4891497172634,1513.4891497172634,7186750,INFY.NS
2025-03-21,1514.0118408203125,1524.802080940411,1486.537050188091,1500.1317616699205,10074677,INFY.NS
2025-03-24,1514.2021484375,1527.844442496362,1495.140885206093,1519.1456594946171,8857726,INFY.NS
2025-03-25,1548.1414794921875,1555.46181670782,1525.84798372026,1525.84798372026,9890140,INFY.NS
2025-03-26,1520.571533203125,1556.9827781599724,1516.341035667932,1545.8122407498795,6651302,INFY.NS
2025-03-27,1524.469482421875,1540.0606082841557,1507.7849306219216,1516.8640098840594,9426573,INFY.NS
2025-03-28,1493.19189453125,1519.620840928022,1483.0670864043914,1511.5876072967835,6799047,INFY.NS
2025-04-01,1451.21923828125,1471.0885586286036,1442.9957978349414,1463.3404602190724,12680733,INFY.NS
2025-04-02,1473.703125,1478.931888061539,1459.4903266843542,1459.4903266843542,6193478,INFY.NS
2025-04-03,1422.69873046875,1458.9673514518695,1411.8134441365378,1458.9673514518695,10459504,INFY.NS
2025-04-04,1380.060546875,1399.4069443976105,1376.5905268259105,1388.4740776445042,9590254,INFY.NS
2025-04-07,1327.8680419921875,1336.5668248830998,1242.5441423903983,1285.3249277060586,21715252,INFY.NS
2025-04-08,1358.3375244140625,1384.671428260199,1345.218037067066,1360.4289830692378,12805001,INFY.NS
2025-04-09,1334.4752197265625,1339.9416532809853,1313.7503760547593,1335.758736096975,8546854,INFY.NS
2025-04-11,1339.941650390625,1367.844321400648,1328.1532604606723,1341.652928180614,12567440,INFY.NS
2025-04-15,1355.675537109375,1376.3053358191778,1339.513907284088,1374.3089224037624,10178530,INFY.NS
2025-04-16,1343.41162109375,1357.10149475882,1327.915540556106,1354.724784610381,12022740,INFY.NS
2025-04-17,1349.49609375,1359.2881865002564,1310.327954849587,1329.0563853909828,14264227,INFY.NS
2025-04-21,1379.442626953125,1399.2169026224717,1340.4645789137878,1340.4645789137878,15648970,INFY.NS
2025-04-22,1352.6334228515625,1368.985143422317,1349.3060284057444,1368.985143422317,9399738,INFY.NS
2025-04-23,1402.1639404296875,1414.4277879886072,1368.6047467603623,1374.6891479419496,11136642,INFY.NS
2025-04-24,1398.836669921875,1409.7695375562273,1389.4248737048488,1397.410643708699,7114292,INFY.NS
2025-04-25,1407.20263671875,1427.6423460063363,1391.3262577852609,1402.7344676201928,8329979,INFY.NS
2025-04-28,1409.0087890625,1416.138919345237,1393.037366859348,1407.202466180814,5886253,INFY.NS
2025-04-29,1423.6494140625,1435.342874701632,1401.4033833138335,1408.9138107783806,8056743,INFY.NS
2025-04-30,1426.1212158203125,1434.3922372400868,1409.4842438297574,1422.9840278751349,7704183,INFY.NS
2025-05-02,1432.5859375,1448.082019175758,1422.4135476873855,1425.740942139582,7402310,INFY.NS
2025-05-05,1434.2020263671875,1447.8919007730017,1428.6881281546378,1440.2864278864722,4282493,INFY.NS
2025-05-06,1436.958984375,1440.856765886036,1425.170478593818,1431.7302219442606,4270530,INFY.NS
2025-05-07,1433.916748046875,1443.8989302169214,1422.7936754272175,1426.0260242923391,5691799,INFY.NS
2025-05-08,1436.864013671875,1441.7124795125974,1427.1669659401214,1433.631664427957,8424409,INFY.NS
2025-05-09,1433.2513427734375,1436.8639888159648,1420.4171072727893,1426.6915991963783,4478653,INFY.NS
2025-05-12,1546.6678466796875,1551.5163119444549,1456.4479104772702,1461.201330550629,11372857,INFY.NS
2025-05-13,1491.2430419921875,1532.6928451513843,1487.4403056280353,1529.6507024801845,12846210,INFY.NS
2025-05-14,1513.8692626953125,1516.341017947111,1492.0985753404327,1496.3766534474937,4870057,INFY.NS
2025-05-15,1533.4534912109375,1538.7772990924948,1493.524758023796,1511.3976659657826,11151167,INFY.NS
2025-05-16,1511.49267578125,1533.0731584594146,1503.5069061207216,1533.0731584594146,4576751,INFY.NS
2025-05-19,1482.8770751953125,1506.8342676039738,1478.9791776249906,1498.7534529196623,8855798,INFY.NS
2025-05-20,1483.637451171875,1505.4081383338412,1481.1656959419795,1492.573904126385,7143998,INFY.NS
2025-05-21,1491.1480712890625,1493.5247816353951,1475.5568282070587,1490.5776840160047,4157309,INFY.NS
2025-05-22,1471.18359375,1483.8277382618005,1464.0534632471729,1478.789066286349,6158990,INFY.NS
2025-05-23,1487.6304931640625,1508.9257236923431,1473.560322375453,1473.560322375453,5038421,INFY.NS
2025-05-26,1502.55615234375,1505.693456152503,1485.6339297061554,1489.3416207391451,3170102,INFY.NS
2025-05-27,1492.6690673828125,1504.8378701621398,1479.644741762222,1501.985817890451,7775714,INFY.NS
2025-05-28,1494.2852783203125,1509.4010623010483,1492.5740005619675,1503.0315254066693,3623370,INFY.NS
2025-05-29,1507.4046630859375,1529.555648703017,1498.8485063145804,1510.6370121874,8609500,INFY.NS
2025-05-30,1506.5369873046875,1515.5027951891782,1499.2101525439637,1514.5387348868949,13148092,INFY.NS
2025-06-02,1497.9569091796875,1503.9340358386107,1483.6887699715526,1503.9340358386107,4374509,INFY.NS
2025-06-03,1487.5450439453125,1510.9717563250315,1480.410974183671,1502.970008756152,6853403,INFY.NS
2025-06-04,1495.4503173828125,1501.3311794658816,1486.0025968815146,1487.545069852834,4548307,INFY.NS
2025-06-05,1498.43896484375,1511.3572786610305,1486.195328477135,1492.2689554139663,6948539,INFY.NS
2025-06-06,1507.5975341796875,1512.5142181403369,1487.641415492617,1498.8244913615613,3960020,INFY.NS
2025-06-09,1516.3704833984375,1530.9277705261318,1514.5387452749071,1521.2871674371763,2903202,INFY.NS
2025-06-10,1538.6402587890625,1549.726952383094,1520.8051430073597,1527.0715350387688,8591925,INFY.NS
2025-06-11,1572.4786376953125,1575.8528485433976,1532.9521677606,1532.9521677606,10597410,INFY.NS
2025-06-12,1550.7874755859375,1569.4902701551284,1540.6648417796544,1558.8856061675938,10483574,INFY.NS
2025-06-13,1544.4246826171875,1551.1731050755648,1513.7675163758718,1519.359113486072,6968315,INFY.NS
2025-06-16,1565.441162109375,1576.0458254086714,1539.700681491198,1542.4964798976407,5591842,INFY.NS
2025-06-17,1580.962646484375,1588.193099360836,1557.535932091381,1562.452616510744,7622083,INFY.NS
2025-06-18,1574.214111328125,1585.589952431105,1562.741770047165,1562.741770047165,5629707,INFY.NS
2025-06-19,1560.2352294921875,1571.4183055533615,1553.5831898154863,1565.5375611980423,5147760,INFY.NS
2025-06-20,1564.573486328125,1572.0930860674746,1551.076642111549,1560.8136276168789,9202821,INFY.NS
2025-06-23,1527.071533203125,1543.4605584963404,1518.7806380620095,1543.4605584963404,7943676,INFY.NS
2025-06-24,1524.7576904296875,1551.172965207259,1519.9373891083474,1543.4604830931148,8083992,INFY.NS
2025-06-25,1556.8609619140625,1561.6812632899291,1528.1319186406413,1532.8558375256184,7813533,INFY.NS
2025-06-26,1557.9215087890625,1565.6339915058402,1548.8593180602195,1550.9803214172216,6519233,INFY.NS
2025-06-27,1550.208984375,1571.0326636135578,1544.8102701550988,1560.8136478253264,8912268,INFY.NS
2025-06-30,1544.2318115234375,1556.9573602116636,1536.8084767193552,1556.9573602116636,6294505,INFY.NS
2025-07-01,1549.0521240234375,1559.5602870581276,1542.978497111504,1551.1730095922587,4178937,INFY.NS
2025-07-02,1552.619140625,1589.735462831807,1545.7743359105034,1559.8495930029494,8653641,INFY.NS
2025-07-03,1560.5244140625,1573.7321112354073,1556.9574379034102,1560.331649069145,5259695,INFY.NS
2025-07-04,1581.7337646484375,1584.3367981958825,1554.3545449332526,1566.5980642699803,4411273,INFY.NS
2025-07-07,1568.526123046875,1584.91514830305,1564.669881810128,1581.058907066303,3294523,INFY.NS
2025-07-08,1579.8056640625,1587.0361167588558,1563.2238729521173,1569.4902652889589,4590681,INFY.NS
2025-07-09,1574.9852294921875,1579.1307357618878,1565.248244218562,1578.937970779495,4580828,INFY.NS
2025-07-10,1557.7286376953125,1579.998406486553,1549.341242702206,1579.998406486553,5330179,INFY.NS
2025-07-11,1537.579833984375,1549.3413228616234,1506.8262861181436,1522.3476337948875,11391755,INFY.NS
2025-07-14,1513.8638916015625,1534.5911874414394,1503.7412587495296,1534.5911874414394,9173426,INFY.NS
2025-07-15,1528.614013671875,1545.967099361679,1507.790334380739,1508.8507771918205,7614807,INFY.NS
2025-07-16,1550.112548828125,1554.0651724422496,1521.7691530397587,1522.2511831800944,6223491,INFY.NS
2025-07-17,1526.5894775390625,1552.1370753633664,1523.3116489985612,1540.5683518202854,7374814,INFY.NS
2025-07-18,1529.0960693359375,1541.821736330617,1523.2153248462614,1534.8804313290243,5161833,INFY.NS
2025-07-21,1527.36083984375,1531.8918763569468,1510.4897839367352,1523.2153333190531,3682661,INFY.NS
2025-07-22,1514.4423828125,1528.806905141675,1508.7544033781517,1508.7544033781517,8473741,INFY.NS
2025-07-23,1517.9129638671875,1534.6876368616054,1494.2934861823694,1519.648319505044,8035026,INFY.NS
2025-07-24,1496.70361328125,1525.14339208434,1492.558106924831,1523.21527148752,14169664,INFY.NS
2025-07-25,1461.2261962890625,1493.8114825426642,1456.9844249801497,1487.930738061539,10851259,INFY.NS
2025-07-28,1461.515380859375,1464.6968268487494,1429.2193615593824,1459.4908778130184,6439855,INFY.NS
2025-07-29,1459.2979736328125,1462.6721845547067,1442.3305365336291,1458.5267960319763,7070448,INFY.NS
2025-07-30,1464.40771484375,1467.0106307922656,1451.8749299240865,1465.2753927209724,5719051,INFY.NS
2025-07-31,1454.76708984375,1472.21655890233,1443.198365471235,1455.4418850255531,6851407,INFY.NS
2025-08-01,1416.782958984375,1444.837089497394,1412.83033538686,1440.2096707795008,8702978,INFY.NS
2025-08-04,1427.291259765625,1429.5086455065348,1398.8514812022438,1408.9741142502269,8610216,INFY.NS
2025-08-05,1407.8173828125,1425.5559991895734,1402.7078158601623,1425.5559991895734,10213323,INFY.NS
2025-08-06,1385.0654296875,1403.768223634903,1378.895537719122,1399.8155998166778,10566934,INFY.NS
2025-08-07,1385.25830078125,1390.1749848888187,1363.3740608530718,1378.6062610201184,9892020,INFY.NS
2025-08-08,1371.9542236328125,1381.6912093691872,1366.169861688454,1373.785961785155,10048009,INFY.NS
2025-08-11,1376.8709716796875,1381.8841562074572,1363.1813615156616,1368.8693412283471,6625368,INFY.NS
2025-08-12,1372.918212890625,1389.2108550605094,1369.9296495773656,1376.8708364780418,9899184,INFY.NS
2025-08-13,1375.328369140625,1382.4624387348806,1371.279363046038,1373.7858962323603,10318063,INFY.NS
2025-08-14,1395.6700439453125,1417.1686356270611,1374.9427475738962,1374.9427475738962,12902347,INFY.NS
2025-08-18,1384.1978759765625,1412.05912550974,1378.220631290062,1412.05912550974,7254561,INFY.NS
2025-08-19,1388.246826171875,1397.3090164904586,1381.2091389381635,1381.2091389381635,3986094,INFY.NS
2025-08-20,1442.427001953125,1445.1264179190937,1388.921654258322,1388.921654258322,10413061,INFY.NS
2025-08-21,1442.619873046875,1453.802949118853,1430.9547668193538,1453.802949118853,6565539,INFY.NS
2025-08-22,1434.0396728515625,1450.2359327005538,1432.6899649169563,1444.258688328196,5543397,INFY.NS
2025-08-25,1477.0367431640625,1483.6887826854402,1452.549588321255,1452.549588321255,10694531,INFY.NS
2025-08-26,1474.6265869140625,1483.1103644867733,1464.021923789744,1468.263812576099,15994798,INFY.NS
2025-08-28,1446.1868896484375,1474.6266696224122,1444.162386475055,1474.6266696224122,5443364,INFY.NS
2025-08-29,1416.782958984375,1447.922152992462,1414.951220922169,1447.922152992462,8169075,INFY.NS
2025-09-01,1445.511962890625,1449.3682038919694,1423.145694472945,1423.6277245981132,4546057,INFY.NS
2025-09-02,1444.837158203125,1458.4305028963795,1432.8829043510907,1445.5120710387366,5218763,INFY.NS
2025-09-03,1425.941650390625,1447.9222736017668,1420.0609057500144,1446.09053538698,4623483,INFY.NS
2025-09-04,1410.420166015625,1430.6654315565193,1407.6243677138264,1430.6654315565193,5787724,INFY.NS
2025-09-05,1392.6815185546875,1419.771590084351,1381.4984423486478,1417.1686742864704,5466487,INFY.NS
2025-09-08,1381.4019775390625,1405.5998666589085,1376.9673238557784,1398.8514448025214,3811567,INFY.NS
2025-09-09,1450.2359619140625,1453.031642648249,1419.5787971834648,1427.7733097648295,13072640,INFY.NS
2025-09-10,1477.518798828125,1479.736184601264,1455.056264347903,1455.8274419814547,7281071,INFY.NS
2025-09-11,1455.4417724609375,1472.6020926929066,1452.3568266067848,1469.1314991861996,8003662,INFY.NS
2025-09-12,1470.7703857421875,1487.4486761823323,1466.4321143461764,1481.7606968153775,12856963,INFY.NS
2025-09-15,1454.1885986328125,1472.6021270614033,1447.2472937742573,1470.7703889313757,6167414,INFY.NS
2025-09-16,1456.9844970703125,1459.5874130189484,1449.464779044907,1454.18869843609,8923112,INFY.NS
2025-09-17,1467.685546875,1471.830935901443,1459.58741614181,1462.3832147820146,4795698,INFY.NS
2025-09-18,1485.2313232421875,1499.1138155530705,1483.2068200825713,1494.2935138953433,9331945,INFY.NS
2025-09-19,1484.845703125,1495.546867150236,1465.468113638006,1489.0875921991392,12988129,INFY.NS
2025-09-22,1445.6083984375,1460.2620677071914,1428.7373434373958,1429.4121385641438,15655204,INFY.NS
2025-09-23,1443.6802978515625,1458.6232324870878,1439.3420265057648,1439.3420265057648,9832164,INFY.NS
2025-09-24,1440.884521484375,1442.909024606748,1429.4121802134027,1433.7504516255494,4937004,INFY.NS
2025-09-25,1431.4368896484375,1448.6934761875953,1423.4351414751138,1435.4858961438838,9491867,INFY.NS
2025-09-26,1396.8270263671875,1425.555953399892,1389.4036912657584,1421.9889772759154,8597058,INFY.NS
2025-09-29,1389.982177734375,1412.3483294621576,1384.872611107433,1407.5280279964163,10513117,INFY.NS
2025-09-30,1389.982177734375,1400.0083106366037,1386.4150840398418,1391.1390030128964,7556305,INFY.NS
2025-10-01,1393.8385009765625,1397.405477197979,1376.0997670015454,1394.0312659732858,6250692,INFY.NS
2025-10-03,1394.609619140625,1396.2485922754322,1381.6911874663804,1387.282784330546,6877533,INFY.NS
2025-10-06,1422.9530029296875,1425.6524188431904,1390.4642178899833,1394.6096065704758,4630590,INFY.NS
2025-10-07,1406.0819091796875,1429.6050033943986,1401.743637948074,1424.5918193613172,5570320,INFY.NS
2025-10-08,1441.2701416015625,1444.1623224877194,1402.707729786136,1404.6358503769077,4657192,INFY.NS
2025-10-09,1455.0562744140625,1459.5873108023447,1433.557682406266,1448.0185870707542,7028753,INFY.NS
2025-10-10,1460.4549560546875,1467.010495413199,1444.933608930849,1455.7310370996563,3738353,INFY.NS
2025-10-13,1439.5347900390625,1450.6214834671307,1430.087069727637,1443.1982662450723,5859355,INFY.NS
2025-10-14,1436.353515625,1459.9729938155936,1433.075686951717,1445.1264411305913,5600789,INFY.NS
2025-10-15,1421.4105224609375,1435.100131576453,1414.75848288892,1430.569095263285,6986098,INFY.NS
2025-10-16,1418.61474609375,1421.5069270236047,1408.010082684283,1420.9285143742625,8005748,INFY.NS
2025-10-17,1389.3072509765625,1405.9855409539043,1382.462446500531,1402.6113299617484,16959378,INFY.NS
2025-10-20,1408.395751953125,1414.276496397426,1397.8874708768014,1401.4544470050912,6994246,INFY.NS
2025-10-21,1419.482421875,1432.5936185349226,1417.1686535978035,1424.881136066363,1698704,INFY.NS
2025-10-23,1473.566162109375,1490.4372172856354,1451.8748054541832,1455.7310466373283,20358624,INFY.NS
2025-10-24,1470.57763671875,1487.545074826283,1463.4435668090073,1484.1708637038648,8652257,INFY.NS
2025-10-27,1472.633056640625,1483.2043487095048,1466.3685916918344,1478.016560669554,7273211,INFY.NS
2025-10-28,1468.4241943359375,1474.5908017388306,1458.9296979699484,1467.9347848431598,8211019,INFY.NS
2025-10-29,1478.408203125,1488.0005573851863,1465.1941469679696,1468.4241778932897,4884976,INFY.NS
2025-10-30,1462.1597900390625,1476.2546872805226,1457.5592692997866,1475.0801523386458,5608867,INFY.NS
2025-10-31,1450.9034423828125,1465.3898918009988,1449.3372364048548,1458.4403008415875,4819814,INFY.NS
2025-11-03,1454.0355224609375,1459.8105780526128,1442.974820743242,1450.9033496746388,5470600,INFY.NS
2025-11-04,1436.808349609375,1450.511814804534,1431.9142548968182,1448.3583414401685,8691330,INFY.NS
2025-11-06,1435.6336669921875,1451.58846323567,1430.9354078512456,1447.2816360762577,7944752,INFY.NS
2025-11-07,1445.5198974609375,1449.533031326473,1418.4065403991735,1438.8638806951196,8765759,INFY.NS
2025-11-10,1481.4425048828125,1487.8048281611332,1458.4402591842686,1458.5381171839108,9787975,INFY.NS
2025-11-11,1497.88671875,1500.9210336624128,1479.0933228205397,1492.6989304110698,13692989,INFY.NS
2025-11-12,1518.8333740234375,1526.1745164244364,1505.5214596999074,1507.3812396717751,14635417,INFY.NS
2025-11-13,1509.14306640625,1524.5104757353397,1497.8866487683968,1524.1189242683809,19655689,INFY.NS
2025-11-14,1470.9691162109375,1497.59294295853,1457.2656513734084,1487.8047537888665,9739549,INFY.NS
2025-11-17,1475.66748046875,1478.212385937251,1460.8873376663598,1464.3132041198487,7910354,INFY.NS
2025-11-18,1454.91650390625,1474.1013313334302,1451.784211591062,1474.1013313334302,7525119,INFY.NS
2025-11-19,1508.4578857421875,1510.317665675936,1458.9296699222182,1458.9296699222182,10981126,INFY.NS
2025-11-20,1503.955322265625,1522.063472907938,1501.508274881529,1522.063472907938,7387584,INFY.NS
2025-11-21,1512.2752685546875,1518.6375916910015,1493.9714020948772,1498.5718033380108,9186302,INFY.NS
2025-11-24,1515.2117919921875,1551.4280945139649,1508.3600590826622,1530.4813442936104,19270381,INFY.NS
2025-11-25,1498.1802978515625,1517.7566773334454,1493.5798964672151,1516.1905908718425,8107952,INFY.NS
2025-11-26,1524.902099609375,1527.251289037942,1499.6485223505715,1499.6485223505715,7575038,INFY.NS
2025-11-27,1533.2220458984375,1540.954739594805,1519.3227449478784,1530.8728564928056,7552252,INFY.NS
2025-11-28,1527.055419921875,1535.179665000364,1524.0211050739736,1531.8516566735827,4453221,INFY.NS
2025-12-01,1530.872802734375,1540.6609920101705,1523.042251313739,1529.4045743430058,5341800,INFY.NS
2025-12-02,1527.9364013671875,1546.4361036663386,1523.1401645511503,1533.8093151456649,6335969,INFY.NS
2025-12-03,1545.261474609375,1552.406900951154,1521.182551618934,1522.1613705980965,12895312,INFY.NS
2025-12-04,1563.7611083984375,1565.1314788059085,1534.788091787157,1534.788091787157,12609619,INFY.NS
2025-12-05,1581.9671630859375,1597.2368345243185,1566.1103436503722,1575.8985332981872,10344725,INFY.NS
2025-12-08,1576.681640625,1595.4749170068917,1566.306063981828,1582.8481284293375,7550413,INFY.NS
2025-12-09,1565.1314697265625,1572.8641631737528,1548.883099378693,1567.2848235795727,6957599,INFY.NS
2025-12-10,1551.2322998046875,1573.9408513587562,1549.2746619298632,1573.9408513587562,5116140,INFY.NS
2025-12-11,1564.1527099609375,1573.353632151773,1547.023378030827,1564.1527099609375,5159319,INFY.NS
2025-12-12,1564.348388671875,1567.8722324584342,1549.0788370408115,1567.4806809838458,4633912,INFY.NS
2025-12-15,1572.766357421875,1576.6816332735752,1551.4280562362142,1551.4280562362142,4190558,INFY.NS
2025-12-16,1559.1607666015625,1569.0468143358012,1552.0153403019583,1566.1103574156468,5499258,INFY.NS
2025-12-17,1568.0679931640625,1572.8642300238714,1552.4068896118622,1553.581424584382,4817628,INFY.NS
2025-12-18,1592.3427734375,1595.4749463972676,1572.6684162407605,1576.3879761796316,6577293,INFY.NS
2025-12-19,1603.9906005859375,1619.847539612933,1595.2792073285575,1615.0513027562847,13149023,INFY.NS
2025-12-22,1653.8125,1657.3362243784013,1628.7547583833573,1628.7547583833573,23098923,INFY.NS
2025-12-23,1632.9637451171875,1643.4370603643276,1621.3157754082474,1643.4370603643276,6593060,INFY.NS
2025-12-24,1628.16748046875,1632.2784723030877,1617.4983299175808,1625.8182910699556,4271167,INFY.NS
2025-12-26,1621.0220947265625,1633.453167508233,1616.7152673020842,1628.167521100225,2006491,INFY.NS
2025-12-29,1609.863525390625,1637.6620082639456,1602.4245250544589,1622.8818655924697,4062817,INFY.NS
2025-12-30,1587.2528076171875,1612.9957941560388,1582.554548282334,1612.1148331917736,9395937,INFY.NS
