Date,Adj Close,Close,High,Low,Open,Volume,Company
2015-01-01,359.9810791015625,493.6000061035156,495.5,489.2250061035156,492.2374877929688,2002764,INFY.NS
2015-01-02,367.05517578125,503.2999877929688,504.7625122070313,493.0,493.0,6778320,INFY.NS
2015-01-05,363.9009704589844,498.9750061035156,507.5,494.375,502.4750061035156,9937024,INFY.NS
2015-01-06,356.2981262207031,488.5499877929688,496.25,483.5249938964844,495.0,9667316,INFY.NS
2015-01-07,358.0028076171875,490.8875122070313,493.6875,487.5,491.25,7249916,INFY.NS
2015-01-08,359.80780029296875,493.3624877929688,499.25,487.5,496.3999938964844,13564920,INFY.NS
2015-01-09,378.22259521484375,518.6124877929688,527.25,478.2625122070313,495.0249938964844,44863328,INFY.NS
2015-01-12,385.7889709472656,528.9874877929688,529.7999877929688,518.75,523.0,12758888,INFY.NS
2015-01-13,380.857177734375,522.2249755859375,526.9500122070312,518.75,526.9500122070312,8801236,INFY.NS
2015-01-14,388.10455322265625,532.1624755859375,533.25,523.1500244140625,524.625,9921260,INFY.NS
2015-01-15,389.1256408691406,533.5625,538.2000122070312,528.0625,533.7999877929688,8342452,INFY.NS
2015-01-16,386.217529296875,529.5750122070312,540.0,528.0,537.0,6690960,INFY.NS
2015-01-19,383.3367919921875,525.625,533.0875244140625,523.6500244140625,530.0,4087744,INFY.NS
2015-01-20,387.293212890625,531.0499877929688,533.25,525.3624877929688,526.75,6804504,INFY.NS
2015-01-21,395.62542724609375,542.4749755859375,543.9874877929688,529.5,532.875,8494908,INFY.NS
2015-01-22,400.4661254882813,549.1124877929688,550.75,540.3250122070312,543.7000122070312,9958396,INFY.NS
2015-01-23,403.8572998046875,553.7625122070312,556.25,541.2750244140625,550.0,9486328,INFY.NS
2015-01-27,389.5357971191406,534.125,555.25,532.5250244140625,555.25,13739968,INFY.NS
2015-01-28,391.0035705566406,536.1375122070312,538.7000122070312,532.5750122070312,537.5,13134356,INFY.NS
2015-01-29,391.1767883300781,536.375,537.4749755859375,531.9000244140625,536.25,15369424,INFY.NS
2015-01-30,390.5203857421875,535.4749755859375,540.6375122070312,531.7374877929688,540.375,10833744,INFY.NS
2015-02-02,389.5996398925781,534.2125244140625,538.0,531.5125122070312,535.375,8702540,INFY.NS
2015-02-03,386.69146728515625,530.2249755859375,534.9874877929688,525.5,534.2125244140625,5265956,INFY.NS
2015-02-04,390.6936340332031,535.7125244140625,537.5,531.5999755859375,534.9749755859375,5160016,INFY.NS
2015-02-05,399.9830017089844,548.4500122070312,555.0,537.0,537.7000122070312,11875936,INFY.NS
2015-02-06,406.6742248535156,557.625,561.9500122070312,547.125,551.25,7453728,INFY.NS
2015-02-09,410.0290222167969,562.2249755859375,563.5,550.0,550.0,6536868,INFY.NS
2015-02-10,415.3894348144531,569.5750122070312,574.5,560.25,560.75,8516920,INFY.NS
2015-02-11,416.5835876464844,571.2125244140625,573.2999877929688,564.0625,570.125,5796972,INFY.NS
2015-02-12,421.3878173828125,577.7999877929688,580.4874877929688,568.25,570.75,6287536,INFY.NS
2015-02-13,418.634765625,574.0250244140625,581.6749877929688,571.5,574.9000244140625,5657516,INFY.NS
2015-02-16,415.4714660644531,569.6875,576.7249755859375,566.3125,570.0750122070312,6244276,INFY.NS
2015-02-18,418.7077331542969,574.125,576.2374877929688,564.5374755859375,572.6375122070312,8613764,INFY.NS
2015-02-19,423.8493041992188,581.1749877929688,583.5,573.0125122070312,573.5,9673624,INFY.NS
2015-02-20,416.2645568847656,570.7750244140625,584.0,569.2249755859375,582.125,6971628,INFY.NS
2015-02-23,413.0738220214844,566.4000244140625,577.2999877929688,562.0250244140625,575.0,5090488,INFY.NS
2015-02-24,414.3866882324219,568.2000122070312,573.9874877929688,564.4000244140625,569.75,6437676,INFY.NS
2015-02-25,422.55474853515625,579.4000244140625,583.7000122070312,570.0,572.2249755859375,6044972,INFY.NS
2015-02-26,411.7063903808594,564.5250244140625,577.25,561.3499755859375,576.875,6445776,INFY.NS
2015-02-27,413.1011962890625,566.4375,570.1624755859375,562.875,568.7249755859375,7801076,INFY.NS
2015-03-02,417.83245849609375,572.9249877929688,577.125,569.5125122070312,575.75,7040992,INFY.NS
2015-03-03,418.953857421875,574.4625244140625,575.7374877929688,569.5750122070312,572.5,4905552,INFY.NS
2015-03-04,414.7239074707031,568.6624755859375,578.4749755859375,562.9749755859375,575.0,4375228,INFY.NS
2015-03-05,409.79205322265625,561.9000244140625,574.6875,558.3375244140625,566.7625122070312,5684916,INFY.NS
2015-03-09,399.2992248535156,547.5125122070312,564.75,544.75,564.75,7984720,INFY.NS
2015-03-10,400.7486572265625,549.5,551.7374877929688,540.0499877929688,549.5250244140625,6329916,INFY.NS
2015-03-11,397.8680114746094,545.5499877929688,560.0,542.2750244140625,548.5250244140625,6780912,INFY.NS
2015-03-12,404.4499206542969,554.5750122070312,556.6124877929688,544.25,544.75,5688564,INFY.NS
2015-03-13,404.832763671875,555.0999755859375,557.5,548.0999755859375,556.25,6179684,INFY.NS
2015-03-16,413.2653198242188,566.6624755859375,570.5,552.6375122070312,552.6375122070312,6818632,INFY.NS
2015-03-17,408.4975280761719,560.125,569.875,554.3125,566.6624755859375,5539312,INFY.NS
2015-03-18,406.4920349121094,557.375,565.7125244140625,555.6375122070312,563.625,4905564,INFY.NS
2015-03-19,406.6651611328125,557.6124877929688,562.25,555.6875,558.6500244140625,6891740,INFY.NS
2015-03-20,411.5879211425781,564.3624877929688,567.2249755859375,558.2374877929688,560.25,6430896,INFY.NS
2015-03-23,407.2121276855469,558.3624877929688,568.75,556.375,563.25,5078700,INFY.NS
2015-03-24,403.2009887695313,552.8624877929688,563.3499755859375,551.5,558.7249755859375,6736532,INFY.NS
2015-03-25,404.5957946777344,554.7750244140625,557.2874755859375,550.1875,555.7249755859375,6170968,INFY.NS
2015-03-26,391.3317565917969,536.5875244140625,553.7249755859375,533.0,552.0,15740840,INFY.NS
2015-03-27,401.5053405761719,550.5374755859375,556.1749877929688,540.75,541.0,10074220,INFY.NS
2015-03-30,406.2184753417969,557.0,560.0,548.7249755859375,551.4000244140625,4623088,INFY.NS
2015-03-31,404.45904541015625,554.5875244140625,568.4124755859375,551.0875244140625,561.25,8016412,INFY.NS
2015-04-01,396.3638305664063,543.4874877929688,549.875,539.4249877929688,549.7249755859375,6738488,INFY.NS
2015-04-06,397.1387634277344,544.5499877929688,546.1749877929688,540.0999755859375,544.75,7741752,INFY.NS
2015-04-07,393.7292175292969,539.875,545.7000122070312,534.5,543.75,8542268,INFY.NS
2015-04-08,401.2136840820313,550.1375122070312,551.2249755859375,543.2625122070312,545.625,10185576,INFY.NS
2015-04-09,403.8482666015625,553.75,554.7249755859375,546.0999755859375,552.8499755859375,10581548,INFY.NS
2015-04-10,407.3032836914063,558.4874877929688,559.5,552.5499877929688,552.5499877929688,7123776,INFY.NS
2015-04-13,408.1876220703125,559.7000122070312,561.0,554.0250244140625,559.5,4872336,INFY.NS
2015-04-15,403.6111755371094,553.4249877929688,561.25,548.7625122070312,559.125,6237784,INFY.NS
2015-04-16,400.1379699707031,548.6624755859375,557.75,540.125,555.5,9007812,INFY.NS
2015-04-17,397.3301696777344,544.8125,548.7374877929688,538.3624877929688,545.0125122070312,6450316,INFY.NS
2015-04-20,388.7426452636719,533.0374755859375,545.0,528.7874755859375,544.0,12825384,INFY.NS
2015-04-21,390.6480102539063,535.6500244140625,538.7750244140625,530.0250244140625,537.0,8881648,INFY.NS
2015-04-22,389.7545776367188,534.4249877929688,538.75,524.4874877929688,537.7625122070312,12350984,INFY.NS
2015-04-23,386.89208984375,530.5,537.5,528.0,537.1749877929688,11891800,INFY.NS
2015-04-24,363.7733459472656,498.7999877929688,537.5499877929688,495.0,533.9749755859375,43565452,INFY.NS
2015-04-27,361.849853515625,496.1625061035156,500.5,487.0249938964844,500.0,19822640,INFY.NS
2015-04-28,357.51959228515625,490.2250061035156,495.5,488.0,495.5,10393500,INFY.NS
2015-04-29,357.5652770996094,490.2875061035156,493.0,484.4874877929688,490.2250061035156,8289056,INFY.NS
2015-04-30,354.11932373046875,485.5625,491.25,483.0750122070313,490.0,13134260,INFY.NS
2015-05-04,363.3905029296875,498.2749938964844,500.0,487.4750061035156,489.875,13361592,INFY.NS
2015-05-05,357.8569641113281,490.6875,500.9249877929688,488.0125122070313,500.0,9408516,INFY.NS
2015-05-06,350.4364318847656,480.5125122070313,493.75,478.8250122070313,493.75,10508408,INFY.NS
2015-05-07,354.4383239746094,486.0,491.7749938964844,477.5,480.5,6779984,INFY.NS
2015-05-08,356.9818420410156,489.4874877929688,491.8875122070313,486.3125,489.5,5777676,INFY.NS
2015-05-11,363.4908752441406,498.4125061035156,500.0,488.0499877929688,491.25,4785512,INFY.NS
2015-05-12,355.0035400390625,486.7749938964844,498.6499938964844,485.5,498.4125061035156,8284892,INFY.NS
2015-05-13,356.7537841796875,489.1749877929688,491.2250061035156,482.125,487.9375,7099084,INFY.NS
2015-05-14,352.7610168457031,483.7000122070313,490.2000122070313,477.0,490.0,6233844,INFY.NS
2015-05-15,357.6746520996094,490.4375,491.6499938964844,483.0750122070313,483.75,5189344,INFY.NS
2015-05-18,363.3814392089844,498.2625122070313,499.7250061035156,490.3999938964844,492.5,6469976,INFY.NS
2015-05-19,368.7234802246094,505.5874938964844,508.9249877929688,496.5,496.8250122070313,10272076,INFY.NS
2015-05-20,373.2724914550781,511.8250122070313,513.0,508.3999938964844,510.0,5882188,INFY.NS
2015-05-21,373.4821472167969,512.1124877929688,515.4749755859375,509.3125,512.2249755859375,10059312,INFY.NS
2015-05-22,373.1174926757813,511.6124877929688,512.8875122070312,507.5249938964844,511.0,6888824,INFY.NS
2015-05-25,367.7116394042969,504.2000122070313,514.1375122070312,501.7625122070313,512.625,4675808,INFY.NS
2015-05-26,365.9794921875,501.8250122070313,507.8624877929688,500.5375061035156,505.0,3965040,INFY.NS
2015-05-27,358.9053039550781,492.125,502.25,488.75,501.75,8454708,INFY.NS
2015-05-28,367.6751708984375,504.1499938964844,508.0,493.7999877929688,493.7999877929688,10980540,INFY.NS
2015-05-29,368.869384765625,505.7875061035156,514.1124877929688,500.25,501.2124938964844,18993044,INFY.NS
2015-06-01,373.3636779785156,511.9500122070313,516.0,505.8125,508.2000122070313,5724892,INFY.NS
2015-06-02,366.2256164550781,502.1625061035156,513.7750244140625,501.25,512.0250244140625,4673140,INFY.NS
2015-06-03,368.4591064453125,505.2250061035156,509.8624877929688,502.0,504.5499877929688,5495796,INFY.NS
2015-06-04,369.7626647949219,507.0125122070313,513.75,503.1499938964844,507.5,7489464,INFY.NS
2015-06-05,366.7726440429688,502.9125061035156,511.0,502.0375061035156,507.5,6125788,INFY.NS
2015-06-08,364.65765380859375,500.0125122070313,506.1625061035156,496.75,505.0,6141048,INFY.NS
2015-06-09,363.2081604003906,498.0249938964844,501.9125061035156,495.75,500.9375,7561740,INFY.NS
2015-06-10,369.4801635742188,506.625,509.8374938964844,496.25,497.5,6385840,INFY.NS
2015-06-11,364.2200622558594,499.4125061035156,511.1875,498.7625122070313,508.9874877929688,9229464,INFY.NS
2015-06-12,360.0995178222656,493.7625122070313,506.3875122070313,488.875,501.25,9852924,INFY.NS
2015-06-15,366.6424560546875,495.2250061035156,499.3999938964844,484.0,488.4750061035156,5236426,INFY.NS
2015-06-16,369.9369812011719,499.6749877929688,501.5,492.5,497.1749877929688,5223444,INFY.NS
2015-06-17,368.5858154296875,497.8500061035156,510.5,496.1000061035156,505.5,6412068,INFY.NS
2015-06-18,370.89947509765625,500.9750061035156,503.9750061035156,497.8999938964844,502.7999877929688,3474426,INFY.NS
2015-06-19,368.4562683105469,497.6749877929688,505.2000122070313,496.5499877929688,505.1499938964844,6670458,INFY.NS
2015-06-22,379.00628662109375,511.9249877929688,514.375,498.5,502.4500122070313,5710868,INFY.NS
2015-06-23,370.32562255859375,500.2000122070313,513.7000122070312,499.0750122070313,512.5,6952116,INFY.NS
2015-06-24,368.36376953125,497.5499877929688,507.5,495.6000061035156,507.5,7073694,INFY.NS
2015-06-25,366.6424560546875,495.2250061035156,501.75,493.8250122070313,499.6000061035156,7117466,INFY.NS
2015-06-26,372.1210632324219,502.625,505.7999877929688,499.0499877929688,499.5,5320284,INFY.NS
2015-06-29,366.5313415527344,495.0750122070313,499.75,491.25,493.5,5690668,INFY.NS
2015-06-30,364.3842468261719,492.1749877929688,496.7250061035156,490.0,495.0,6212530,INFY.NS
2015-07-01,369.2152099609375,498.7000122070313,502.5,493.0,494.5,6880852,INFY.NS
2015-07-02,365.7355651855469,494.0,500.7000122070313,492.5249938964844,499.5,4007568,INFY.NS
2015-07-03,366.5869445800781,495.1499938964844,496.5,491.0,494.0,2695306,INFY.NS
2015-07-06,363.9956665039063,491.6499938964844,494.0,487.5,492.5,4305602,INFY.NS
2015-07-07,362.9591979980469,490.25,495.0,489.5,492.5,3497418,INFY.NS
2015-07-08,354.4450378417969,478.75,489.5,477.3999938964844,489.5,7024178,INFY.NS
2015-07-09,347.2265930175781,469.0,483.0,467.0249938964844,478.75,8587772,INFY.NS
2015-07-10,347.04156494140625,468.75,476.0499877929688,466.3250122070313,474.0499877929688,7411522,INFY.NS
2015-07-13,351.7242431640625,475.0750122070313,477.5,467.0249938964844,470.5,6531768,INFY.NS
2015-07-14,359.5350036621094,485.625,486.75,472.75,477.5,5367074,INFY.NS
2015-07-15,364.2547912597656,492.0,492.9750061035156,484.0,485.0,4129566,INFY.NS
2015-07-16,366.1242370605469,494.5249938964844,495.75,489.75,493.8500061035156,3472938,INFY.NS
2015-07-17,370.8625183105469,500.9249877929688,502.25,494.5499877929688,495.5,3447978,INFY.NS
2015-07-20,370.640380859375,500.625,505.3999938964844,493.7000122070313,500.7000122070313,4377180,INFY.NS
2015-07-21,411.8782348632813,556.3250122070312,574.5,517.5,517.5,38310112,INFY.NS
2015-07-22,408.3614807128906,551.5750122070312,556.0,538.3250122070312,552.5,12665660,INFY.NS
2015-07-23,406.4549865722656,549.0,558.5,545.0,551.9749755859375,7710748,INFY.NS
2015-07-24,402.6051635742188,543.7999877929688,553.2249755859375,541.5499877929688,547.7750244140625,4480302,INFY.NS
2015-07-27,394.3503112792969,532.6500244140625,543.9749755859375,530.2249755859375,543.4500122070312,6752244,INFY.NS
2015-07-28,393.4432678222656,531.4249877929688,538.0,527.125,534.25,8476602,INFY.NS
2015-07-29,401.7908325195313,542.7000122070312,546.0,532.5,537.0,7071334,INFY.NS
2015-07-30,396.090087890625,535.0,545.0,529.0,545.0,11956598,INFY.NS
2015-07-31,398.6998596191406,538.5250244140625,540.6749877929688,530.0,539.2750244140625,7931012,INFY.NS
2015-08-03,399.4031066894531,539.4749755859375,546.0,534.4749755859375,539.0,7961012,INFY.NS
2015-08-04,391.3703002929688,528.625,539.4749755859375,525.5,539.0,9099054,INFY.NS
2015-08-05,402.1424560546875,543.1749877929688,545.0,530.9749755859375,531.0,4753476,INFY.NS
2015-08-06,402.3645324707031,543.4749755859375,552.75,538.5,547.0,7238252,INFY.NS
2015-08-07,405.5666198730469,547.7999877929688,550.5,539.25,539.75,4988058,INFY.NS
2015-08-10,402.0129699707031,543.0,553.1749877929688,533.5,549.0,3992754,INFY.NS
2015-08-11,410.5824890136719,554.5750122070312,558.4500122070312,547.8499755859375,549.4000244140625,7574406,INFY.NS
2015-08-12,423.6313171386719,572.2000122070312,574.5,555.5,557.5,10168440,INFY.NS
2015-08-13,428.6657104492188,579.0,583.4249877929688,527.7750244140625,573.5,9787960,INFY.NS
2015-08-14,425.4266662597656,574.625,584.3499755859375,571.5499877929688,582.5,5109066,INFY.NS
2015-08-17,422.7983093261719,571.0750122070312,576.7249755859375,561.25,575.0,3107436,INFY.NS
2015-08-18,431.0163269042969,582.1749877929688,588.8499755859375,575.0,575.0,4150446,INFY.NS
2015-08-19,435.1622924804688,587.7750244140625,593.0999755859375,581.4000244140625,585.0,6869518,INFY.NS
2015-08-20,419.985107421875,567.2750244140625,584.25,564.0,579.5,8369114,INFY.NS
2015-08-21,425.6672668457031,574.9500122070312,580.4749755859375,558.75,570.4500122070312,10822142,INFY.NS
2015-08-24,404.2525329589844,546.0250244140625,561.5,539.2999877929688,554.9749755859375,14122684,INFY.NS
2015-08-25,401.8833312988281,542.8250122070312,559.5,522.25,550.0,13735078,INFY.NS
2015-08-26,394.0910339355469,532.2999877929688,548.5,529.5,544.9000244140625,11498212,INFY.NS
2015-08-27,400.828369140625,541.4000244140625,550.0499877929688,539.0250244140625,544.0,15343392,INFY.NS
2015-08-28,411.2859802246094,555.5250244140625,562.4500122070312,550.7999877929688,550.7999877929688,7208820,INFY.NS
2015-08-31,405.1224060058594,547.2000122070312,567.4249877929688,541.25,567.4249877929688,9917064,INFY.NS
2015-09-01,403.1234130859375,544.5,557.2999877929688,541.0,545.0,9071550,INFY.NS
2015-09-02,406.9917907714844,549.7249755859375,557.5,545.0,549.0,11171830,INFY.NS
2015-09-03,406.9546813964844,549.6749877929688,556.0,546.25,555.0750122070312,8590536,INFY.NS
2015-09-04,397.55224609375,536.9749755859375,555.5,533.5,551.5,7318888,INFY.NS
2015-09-07,391.9255676269531,529.375,542.5,527.5,542.4749755859375,5180988,INFY.NS
2015-09-08,391.9440307617188,529.4000244140625,537.0,526.1500244140625,531.0,5459496,INFY.NS
2015-09-09,403.0123901367188,544.3499755859375,549.7999877929688,536.0,543.5499877929688,9148664,INFY.NS
2015-09-10,399.9584045410156,540.2249755859375,545.75,530.5,542.4500122070312,8363004,INFY.NS
2015-09-11,403.7712707519531,545.375,553.2000122070312,542.75,545.7750244140625,9883810,INFY.NS
2015-09-14,407.1028747558594,549.875,552.0,541.3250122070312,549.5,6557076,INFY.NS
2015-09-15,406.8992614746094,549.5999755859375,551.5999755859375,544.0750122070312,549.7000122070312,5291886,INFY.NS
2015-09-16,407.8062438964844,550.8250122070312,554.875,549.1500244140625,554.0,7478240,INFY.NS
2015-09-18,408.8426513671875,552.2249755859375,558.9500122070312,549.5250244140625,555.9000244140625,11576876,INFY.NS
2015-09-21,408.9166870117188,552.3250122070312,554.4249877929688,546.25,550.0,4351234,INFY.NS
2015-09-22,409.9532165527344,553.7249755859375,567.9749755859375,550.5499877929688,557.5,9626986,INFY.NS
2015-09-23,413.2107849121094,558.125,563.1749877929688,548.7249755859375,553.7249755859375,4758254,INFY.NS
2015-09-24,422.2061462402344,570.2750244140625,576.3499755859375,555.0,556.75,13399262,INFY.NS
2015-09-28,409.24993896484375,552.7750244140625,571.4249877929688,550.5,569.9749755859375,9788464,INFY.NS
2015-09-29,415.28363037109375,560.9249877929688,566.7000122070312,548.75,551.0,8699370,INFY.NS
2015-09-30,430.1279296875,580.9749755859375,584.4749755859375,562.9749755859375,567.2000122070312,9495692,INFY.NS
2015-10-01,434.2369384765625,586.5250244140625,598.875,580.0,584.9500122070312,10864394,INFY.NS
2015-10-05,437.4574890136719,590.875,594.6749877929688,581.0,586.5,6881760,INFY.NS
2015-10-06,427.4071350097656,577.2999877929688,596.2750244140625,574.0499877929688,593.5250244140625,8711880,INFY.NS
2015-10-07,419.4852294921875,566.5999755859375,584.375,564.2249755859375,578.0,9182488,INFY.NS
2015-10-08,419.0965576171875,566.0750122070312,574.7999877929688,563.0250244140625,568.2000122070312,9080874,INFY.NS
2015-10-09,432.1453247070313,583.7000122070312,586.4500122070312,568.0,568.0,11782138,INFY.NS
2015-10-12,415.6724548339844,561.4500122070312,609.9000244140625,554.5,599.5,30404970,INFY.NS
2015-10-13,406.9732666015625,549.7000122070312,555.5,542.5999755859375,553.7249755859375,15326862,INFY.NS
2015-10-14,406.3069763183594,548.7999877929688,557.7750244140625,543.5999755859375,545.7249755859375,8865510,INFY.NS
2015-10-15,406.2144470214844,548.6749877929688,552.1749877929688,544.5499877929688,549.9500122070312,8255666,INFY.NS
2015-10-16,409.0350036621094,547.4500122070312,550.7000122070312,545.0,549.5,6418992,INFY.NS
2015-10-19,415.4044799804688,555.9749755859375,558.0,550.25,551.0,7347494,INFY.NS
2015-10-20,420.6346435546875,562.9749755859375,565.0,555.2999877929688,556.5,8788310,INFY.NS
2015-10-21,425.2858276367188,569.2000122070312,573.4249877929688,562.5,562.5,7278098,INFY.NS
2015-10-23,429.58197021484375,574.9500122070312,576.5,562.5499877929688,570.9000244140625,6033362,INFY.NS
2015-10-26,430.422607421875,576.0750122070312,579.25,571.5750122070312,577.0,3195942,INFY.NS
2015-10-27,429.3952331542969,574.7000122070312,577.5,572.0499877929688,575.0,5263748,INFY.NS
2015-10-28,430.8148193359375,576.5999755859375,579.0,569.5,572.25,5255472,INFY.NS
2015-10-29,427.7700500488281,572.5250244140625,577.9500122070312,568.0250244140625,576.5499877929688,5887324,INFY.NS
2015-10-30,424.1836242675781,567.7249755859375,572.5,565.0,572.5,4044676,INFY.NS
2015-11-02,422.595947265625,565.5999755859375,567.9000244140625,557.0499877929688,565.0,3544988,INFY.NS
2015-11-03,427.9381103515625,572.75,575.2249755859375,566.7000122070312,566.7000122070312,3614682,INFY.NS
2015-11-04,424.6880493164063,568.4000244140625,578.7999877929688,566.1500244140625,575.0499877929688,3205572,INFY.NS
2015-11-05,419.4952087402344,561.4500122070312,572.5,559.7000122070312,571.4749755859375,2345306,INFY.NS
2015-11-06,425.2483825683594,569.1500244140625,571.9500122070312,561.4500122070312,561.5,3026172,INFY.NS
2015-11-09,423.8661804199219,567.2999877929688,570.0,557.5999755859375,560.0,6125676,INFY.NS
2015-11-10,412.3785400390625,551.9249877929688,563.75,550.0499877929688,563.75,4680052,INFY.NS
2015-11-13,411.2391662597656,550.4000244140625,553.0,545.0,549.9749755859375,3520868,INFY.NS
2015-11-16,403.5433044433594,540.0999755859375,547.0,533.5999755859375,541.8250122070312,6808334,INFY.NS
2015-11-17,396.5573120117188,530.75,541.4500122070312,526.0,540.0,7184106,INFY.NS
2015-11-18,381.0536804199219,510.0,522.5750122070312,505.625,520.5,10125252,INFY.NS
2015-11-19,391.4393005371094,523.9000244140625,526.0,511.8999938964844,515.125,8539622,INFY.NS
2015-11-20,393.1577453613281,526.2000122070312,531.5999755859375,521.0250244140625,524.0,6082978,INFY.NS
2015-11-23,393.643310546875,526.8499755859375,531.2000122070312,519.0,525.0,5616350,INFY.NS
2015-11-24,388.9549560546875,520.5750122070312,525.4000244140625,518.5,525.0,4325802,INFY.NS
2015-11-26,393.1577453613281,526.2000122070312,529.75,520.0250244140625,520.4749755859375,9853968,INFY.NS
2015-11-27,398.3691711425781,533.1749877929688,535.0,522.5,529.0,5142478,INFY.NS
2015-11-30,406.4198913574219,543.9500122070312,549.1500244140625,528.0999755859375,535.0,18105534,INFY.NS
2015-12-01,403.0950317382813,539.5,547.5,536.4749755859375,544.0,5898550,INFY.NS
2015-12-02,396.2584533691406,530.3499755859375,539.9749755859375,529.5,539.9749755859375,6397616,INFY.NS
2015-12-03,395.1563415527344,528.875,532.4000244140625,524.5250244140625,530.5,5504726,INFY.NS
2015-12-04,391.90625,524.5250244140625,532.4500122070312,520.0499877929688,524.5,8375530,INFY.NS
2015-12-07,390.8602294921875,523.125,529.5,520.0,527.6500244140625,4513870,INFY.NS
2015-12-08,390.1690979003906,522.2000122070312,531.375,519.6500244140625,522.5250244140625,5724372,INFY.NS
2015-12-09,384.1169738769531,514.0999755859375,523.4749755859375,511.2749938964844,521.5,6818254,INFY.NS
2015-12-10,391.2711181640625,523.6749877929688,525.7999877929688,515.1500244140625,518.2999877929688,5587746,INFY.NS
2015-12-11,393.30712890625,526.4000244140625,530.9500122070312,522.9500122070312,527.0,5390198,INFY.NS
2015-12-14,399.54595947265625,534.75,536.5750122070312,524.0250244140625,524.75,4816672,INFY.NS
2015-12-15,402.5533142089844,538.7750244140625,539.5499877929688,529.4000244140625,536.625,5431808,INFY.NS
2015-12-16,409.389892578125,547.9249877929688,549.0,541.7000122070312,541.7000122070312,5495852,INFY.NS
2015-12-17,413.5926818847656,553.5499877929688,554.9000244140625,544.0,550.0,4958782,INFY.NS
2015-12-18,404.6454162597656,541.5750122070312,551.7000122070312,539.7249755859375,551.7000122070312,7219820,INFY.NS
2015-12-21,412.2290649414063,551.7249755859375,553.7000122070312,532.9749755859375,538.5,4331012,INFY.NS
2015-12-22,404.8695983886719,541.875,548.7249755859375,540.0499877929688,548.7249755859375,4109254,INFY.NS
2015-12-23,411.2577209472656,550.4249877929688,551.25,543.5250244140625,547.5250244140625,2870928,INFY.NS
2015-12-24,409.5766296386719,548.1749877929688,552.2249755859375,545.0499877929688,551.0250244140625,1230054,INFY.NS
2015-12-28,412.71478271484375,552.375,555.0,545.0,545.0,5526952,INFY.NS
2015-12-29,412.696044921875,552.3499755859375,555.0,548.6500244140625,550.625,3345062,INFY.NS
2015-12-30,405.8221435546875,543.1500244140625,553.2999877929688,541.5,550.5499877929688,5153970,INFY.NS
2015-12-31,412.9575805664063,552.7000122070312,554.9749755859375,543.5,545.0750122070312,7943938,INFY.NS
2016-01-01,412.9015808105469,552.625,554.4749755859375,546.5999755859375,550.0,1806550,INFY.NS
2016-01-04,403.05767822265625,539.4500122070312,551.2249755859375,538.0250244140625,549.9749755859375,3975362,INFY.NS
2016-01-05,401.2457580566406,537.0250244140625,542.75,531.125,542.75,4949786,INFY.NS
2016-01-06,399.4898681640625,534.6749877929688,537.3250122070312,529.4500122070312,537.3250122070312,5588328,INFY.NS
2016-01-07,392.5600280761719,525.4000244140625,533.9500122070312,523.9500122070312,530.0250244140625,5294088,INFY.NS
2016-01-08,397.2297668457031,531.6500244140625,533.7000122070312,527.75,530.75,3156716,INFY.NS
2016-01-11,394.39056396484375,527.8499755859375,534.9749755859375,526.0499877929688,528.1500244140625,5360622,INFY.NS
2016-01-12,392.2423400878906,524.9749755859375,531.4749755859375,515.4249877929688,531.0,6565212,INFY.NS
2016-01-13,404.73876953125,541.7000122070312,545.5,524.0499877929688,528.5,8751294,INFY.NS
2016-01-14,423.26849365234375,566.5,577.5,527.1749877929688,533.0,30227006,INFY.NS
2016-01-15,425.84613037109375,569.9500122070312,582.0,568.7750244140625,574.0,13036614,INFY.NS
2016-01-18,422.8575134277344,565.9500122070312,581.0499877929688,564.1749877929688,569.9500122070312,10066612,INFY.NS
2016-01-19,425.7527465820313,569.8250122070312,579.4749755859375,564.2750244140625,567.5,7500436,INFY.NS
2016-01-20,418.8788146972656,560.625,580.0,558.5,567.0,7507998,INFY.NS
2016-01-21,424.7814331054688,568.5250244140625,571.25,561.0,567.5,6743000,INFY.NS
2016-01-22,424.4825134277344,568.125,576.25,565.5,574.0499877929688,6436018,INFY.NS
2016-01-25,425.0056457519531,568.8250122070312,573.4249877929688,562.2750244140625,570.125,4579262,INFY.NS
2016-01-27,425.3231506347656,569.25,574.7999877929688,567.5,573.2249755859375,6971962,INFY.NS
2016-01-28,421.9981384277344,564.7999877929688,571.2999877929688,563.0999755859375,568.0,7788598,INFY.NS
2016-01-29,435.1856384277344,582.4500122070312,585.0,565.7999877929688,569.0,10232108,INFY.NS
2016-02-01,438.3424072265625,586.6749877929688,589.9500122070312,580.7999877929688,585.0,4251126,INFY.NS
2016-02-02,439.1642456054688,587.7750244140625,595.0,582.0,588.4249877929688,7632702,INFY.NS
2016-02-03,432.4958190917969,578.8499755859375,587.9500122070312,576.375,583.9000244140625,5245966,INFY.NS
2016-02-04,440.73345947265625,589.875,597.4749755859375,580.0250244140625,580.0250244140625,5549346,INFY.NS
2016-02-05,438.8467712402344,587.3499755859375,593.3250122070312,585.9249877929688,587.75,3984224,INFY.NS
2016-02-08,429.9182434082031,575.4000244140625,586.0999755859375,571.9000244140625,581.875,4221044,INFY.NS
2016-02-09,413.7981567382813,553.8250122070312,564.1500244140625,546.75,564.1500244140625,7579572,INFY.NS
2016-02-10,414.1343078613281,554.2750244140625,563.75,552.5,554.0,5866054,INFY.NS
2016-02-11,402.9642639160156,539.3250122070312,556.5,535.5750122070312,555.5,5214378,INFY.NS
2016-02-12,405.2056884765625,542.3250122070312,552.2000122070312,533.5,547.3499755859375,7408096,INFY.NS
2016-02-15,407.858154296875,545.875,550.0999755859375,543.2999877929688,548.125,5093478,INFY.NS
2016-02-16,403.1510620117188,539.5750122070312,546.375,536.8499755859375,543.5,5125448,INFY.NS
2016-02-17,410.136962890625,548.9249877929688,551.5,538.5,540.875,4164598,INFY.NS
2016-02-18,419.68212890625,561.7000122070312,563.5,550.0,550.0,4189072,INFY.NS
2016-02-19,421.1203002929688,563.625,567.0999755859375,556.9249877929688,559.5999755859375,3974018,INFY.NS
2016-02-22,420.8960876464844,563.3250122070312,566.9749755859375,557.0250244140625,565.5,3857010,INFY.NS
2016-02-23,419.8688659667969,561.9500122070312,566.25,558.0250244140625,565.125,2501960,INFY.NS
2016-02-24,420.41058349609375,562.6749877929688,571.875,559.1749877929688,559.75,4950714,INFY.NS
2016-02-25,414.7881164550781,555.1500244140625,565.2999877929688,550.5499877929688,562.7000122070312,4484528,INFY.NS
2016-02-26,418.8415222167969,560.5750122070312,566.0,558.0,560.0750122070312,4235636,INFY.NS
2016-02-29,404.9815673828125,542.0250244140625,565.2000122070312,534.1500244140625,564.75,8166076,INFY.NS
2016-03-01,420.4479064941406,562.7249755859375,565.1500244140625,547.4000244140625,547.4000244140625,6386154,INFY.NS
2016-03-02,431.8606872558594,578.0,581.75,562.5,568.5250244140625,7214898,INFY.NS
2016-03-03,436.8294677734375,584.6500244140625,596.4249877929688,577.0,584.0,5814304,INFY.NS
2016-03-04,437.3338012695313,585.3250122070312,592.5,579.5499877929688,587.7999877929688,4281680,INFY.NS
2016-03-08,434.6438903808594,581.7249755859375,595.25,573.7000122070312,581.5,7617746,INFY.NS
2016-03-09,440.2664489746094,589.25,591.875,571.4749755859375,572.5,6305782,INFY.NS
2016-03-10,426.8174133300781,571.25,581.4500122070312,569.6749877929688,581.4500122070312,24381016,INFY.NS
2016-03-11,427.0042419433594,571.5,577.9749755859375,569.0999755859375,573.0999755859375,4058548,INFY.NS
2016-03-14,426.3318176269531,570.5999755859375,577.125,569.25,573.0,4174262,INFY.NS
2016-03-15,423.7913818359375,567.2000122070312,577.25,564.4749755859375,572.0,6720258,INFY.NS
2016-03-16,430.5344848632813,576.2249755859375,577.5,565.7750244140625,570.9500122070312,5588850,INFY.NS
2016-03-17,434.0088806152344,580.875,584.875,577.0250244140625,578.4500122070312,6474622,INFY.NS
2016-03-18,445.832763671875,596.7000122070312,599.5,581.0,581.4000244140625,8477422,INFY.NS
2016-03-21,446.3932189941406,597.4500122070312,599.5,590.0250244140625,594.0,5138392,INFY.NS
2016-03-22,444.5438537597656,594.9749755859375,597.0,586.0,595.625,7097950,INFY.NS
2016-03-23,451.2124328613281,603.9000244140625,605.3499755859375,591.0499877929688,595.0,6333176,INFY.NS
2016-03-28,450.12890625,602.4500122070312,618.5,597.875,616.2000122070312,10787510,INFY.NS
2016-03-29,447.2710876464844,598.625,609.4500122070312,595.7750244140625,599.5,6995356,INFY.NS
2016-03-30,450.521240234375,602.9749755859375,605.0,597.7750244140625,598.7999877929688,5756818,INFY.NS
2016-03-31,455.1349792480469,609.1500244140625,614.9500122070312,600.1500244140625,605.125,17996320,INFY.NS
2016-04-01,450.3344421386719,602.7249755859375,611.0999755859375,597.5499877929688,608.0,5511428,INFY.NS
2016-04-04,464.6240234375,621.8499755859375,624.0,606.7750244140625,606.7750244140625,4577054,INFY.NS
2016-04-05,455.6954040527344,609.9000244140625,621.1500244140625,607.0,621.0,4790716,INFY.NS
2016-04-06,448.5599670410156,600.3499755859375,614.0,598.0,614.0,4931354,INFY.NS
2016-04-07,441.3871765136719,590.75,604.2000122070312,587.5,604.2000122070312,5657890,INFY.NS
2016-04-08,435.5032958984375,582.875,588.75,581.0250244140625,587.9249877929688,4195578,INFY.NS
2016-04-11,442.2838134765625,591.9500122070312,593.375,575.5499877929688,582.9000244140625,5768678,INFY.NS
2016-04-12,441.6486206054688,591.0999755859375,597.4500122070312,589.2999877929688,590.25,5842138,INFY.NS
2016-04-13,438.0995788574219,586.3499755859375,597.4749755859375,583.1749877929688,597.4749755859375,12511386,INFY.NS
2016-04-18,462.7559509277344,619.3499755859375,633.9500122070312,616.75,625.0,25015990,INFY.NS
2016-04-20,464.5865478515625,621.7999877929688,623.2249755859375,612.9000244140625,622.0,8072848,INFY.NS
2016-04-21,458.1236572265625,613.1500244140625,625.5,609.0499877929688,625.5,5441100,INFY.NS
2016-04-22,452.5012817382813,605.625,614.25,603.5,613.1500244140625,5143938,INFY.NS
2016-04-25,454.21966552734375,607.9249877929688,612.4000244140625,600.5499877929688,606.0250244140625,5364134,INFY.NS
2016-04-26,460.3091125488281,616.0750122070312,619.7750244140625,604.2999877929688,607.7249755859375,5846744,INFY.NS
2016-04-27,463.2977294921875,620.0750122070312,621.1749877929688,614.2750244140625,614.5999755859375,4486208,INFY.NS
2016-04-28,451.7166137695313,604.5750122070312,619.7999877929688,603.5,615.5,12165168,INFY.NS
2016-04-29,451.3244934082031,604.0499877929688,611.7750244140625,602.5,605.7249755859375,5036410,INFY.NS
2016-05-02,448.690673828125,600.5250244140625,605.5750122070312,598.0750122070312,605.0,3615250,INFY.NS
2016-05-03,440.00494384765625,588.9000244140625,606.0999755859375,585.9000244140625,601.375,6824810,INFY.NS
2016-05-04,444.1329956054688,594.4249877929688,596.5,585.3250122070312,590.5,5812842,INFY.NS
2016-05-05,445.4778747558594,596.2249755859375,599.5,590.5499877929688,597.5750122070312,6302668,INFY.NS
2016-05-06,441.3871765136719,590.75,594.9000244140625,588.5250244140625,594.9000244140625,2596720,INFY.NS
2016-05-09,447.9435119628906,599.5250244140625,600.7750244140625,590.2999877929688,591.0,5123678,INFY.NS
2016-05-10,453.0802917480469,606.4000244140625,608.3250122070312,598.2999877929688,601.25,3395704,INFY.NS
2016-05-11,448.9894714355469,600.9249877929688,607.3499755859375,596.25,599.25,3709888,INFY.NS
2016-05-12,452.0343017578125,605.0,606.5,598.4000244140625,601.9500122070312,3406932,INFY.NS
2016-05-13,451.00689697265625,603.625,605.0,596.0750122070312,603.0,5652064,INFY.NS
2016-05-16,453.9021606445313,607.5,611.8250122070312,602.5,605.0999755859375,4533878,INFY.NS
2016-05-17,453.6220397949219,607.125,612.875,604.0750122070312,610.0,3796294,INFY.NS
2016-05-18,451.9781799316406,604.9249877929688,607.0,598.9500122070312,599.5,4256596,INFY.NS
2016-05-19,450.446533203125,602.875,608.0750122070312,600.5,605.4749755859375,3954400,INFY.NS
2016-05-20,448.8960571289063,600.7999877929688,609.75,600.0,602.5,3994548,INFY.NS
2016-05-23,443.8154602050781,594.0,602.5750122070312,592.5,601.7000122070312,4585946,INFY.NS
2016-05-24,443.7220764160156,593.875,595.875,588.7999877929688,595.5250244140625,3485060,INFY.NS
2016-05-25,451.5299682617188,604.3250122070312,606.5499877929688,597.0499877929688,597.0499877929688,3857396,INFY.NS
2016-05-26,461.0562744140625,617.0750122070312,619.9000244140625,605.0499877929688,605.0499877929688,6136436,INFY.NS
2016-05-27,466.0435180664063,623.75,629.75,615.7999877929688,615.7999877929688,6180764,INFY.NS
2016-05-30,473.552490234375,633.7999877929688,636.0,620.75,620.75,5285700,INFY.NS
2016-05-31,466.4732666015625,624.3250122070312,633.375,619.5,632.5,13782038,INFY.NS
2016-06-01,470.0408630371094,629.0999755859375,634.25,623.0,623.0250244140625,4840534,INFY.NS
2016-06-02,471.2923889160156,630.7750244140625,637.4500122070312,627.0,627.5,5053552,INFY.NS
2016-06-03,473.2911376953125,633.4500122070312,639.6500244140625,630.0250244140625,630.0250244140625,3998380,INFY.NS
2016-06-06,473.235107421875,633.375,638.5,630.5499877929688,632.4500122070312,4225768,INFY.NS
2016-06-07,469.7420654296875,628.7000122070312,636.25,627.5499877929688,633.5,5692420,INFY.NS
2016-06-08,462.531982421875,619.0499877929688,631.9749755859375,617.6749877929688,631.9749755859375,8741370,INFY.NS
2016-06-09,448.0382385253906,592.75,613.125,590.0250244140625,613.125,12740804,INFY.NS
2016-06-10,446.1863098144531,590.2999877929688,595.0,585.0499877929688,587.7000122070312,6383956,INFY.NS
2016-06-13,446.29974365234375,590.4500122070312,592.4500122070312,583.0,588.4000244140625,5286722,INFY.NS
2016-06-14,444.0699157714844,587.5,591.2000122070312,583.625,591.2000122070312,2940728,INFY.NS
2016-06-15,449.719970703125,594.9749755859375,596.3250122070312,589.5250244140625,591.8499755859375,6711572,INFY.NS
2016-06-16,448.2272033691406,593.0,594.75,585.0499877929688,594.75,5302564,INFY.NS
2016-06-17,445.7706298828125,589.75,596.375,587.5499877929688,594.5,8515082,INFY.NS
2016-06-20,456.8252258300781,604.375,605.9000244140625,589.8499755859375,590.5,6229566,INFY.NS
2016-06-21,455.8235473632813,603.0499877929688,607.4000244140625,597.8250122070312,605.5999755859375,4761724,INFY.NS
2016-06-22,453.3293151855469,599.75,605.9749755859375,594.0750122070312,602.0,3031258,INFY.NS
2016-06-23,457.90228271484375,605.7999877929688,607.4249877929688,596.6749877929688,598.6500244140625,3828626,INFY.NS
2016-06-24,451.4585266113281,597.2750244140625,599.5,580.0,594.0,7808348,INFY.NS
2016-06-27,440.74420166015625,583.0999755859375,591.5999755859375,580.0,586.0250244140625,5583778,INFY.NS
2016-06-28,438.0797119140625,579.5750122070312,586.25,577.5499877929688,581.4000244140625,7655974,INFY.NS
2016-06-29,444.7691040039063,588.4249877929688,589.9500122070312,580.0999755859375,584.5,5459150,INFY.NS
2016-06-30,442.4826965332031,585.4000244140625,592.25,583.9749755859375,590.25,9346224,INFY.NS
2016-07-01,443.08734130859375,586.2000122070312,590.0,585.0499877929688,590.0,3991912,INFY.NS
2016-07-04,447.4523620605469,591.9749755859375,597.2999877929688,588.0999755859375,588.0999755859375,5381322,INFY.NS
2016-07-05,444.2400207519531,587.7249755859375,593.75,585.5250244140625,592.5,3596416,INFY.NS
2016-07-07,437.3616027832031,578.625,585.5,577.5,584.3499755859375,5954876,INFY.NS
2016-07-08,437.7206726074219,579.0999755859375,583.5,576.75,581.5,5551648,INFY.NS
2016-07-11,444.0887756347656,587.5250244140625,589.3499755859375,580.0,583.7000122070312,6668882,INFY.NS
2016-07-12,444.6558532714844,588.2750244140625,590.1749877929688,584.0,590.0,6197368,INFY.NS
2016-07-13,451.175048828125,596.9000244140625,597.9000244140625,587.5999755859375,590.0,5275420,INFY.NS
2016-07-14,444.54241943359375,588.125,598.0250244140625,582.0,597.5,7413328,INFY.NS
2016-07-15,405.3508911132813,536.2750244140625,594.9500122070312,526.0,594.75,61484126,INFY.NS
2016-07-18,408.9033508300781,540.9749755859375,542.4500122070312,527.5750122070312,538.625,14332824,INFY.NS
2016-07-19,410.79302978515625,543.4749755859375,545.0,537.0499877929688,544.2999877929688,10404644,INFY.NS
2016-07-20,409.3380126953125,541.5499877929688,544.9500122070312,535.0,535.0,9822896,INFY.NS
2016-07-21,408.128662109375,539.9500122070312,543.5999755859375,537.7999877929688,539.5,8668002,INFY.NS
2016-07-22,405.31298828125,536.2249755859375,539.9500122070312,533.3499755859375,535.0,9386538,INFY.NS
2016-07-25,408.4877014160156,540.4249877929688,541.625,531.5,531.5,8469552,INFY.NS
2016-07-26,411.4543762207031,544.3499755859375,544.9500122070312,535.1749877929688,535.1749877929688,7189610,INFY.NS
2016-07-27,410.1883544921875,542.6749877929688,548.25,539.2750244140625,542.3499755859375,7431820,INFY.NS
2016-07-28,407.2215881347656,538.75,543.4749755859375,537.0250244140625,542.7000122070312,11258562,INFY.NS
2016-07-29,405.8421325683594,536.9249877929688,538.375,533.25,536.2999877929688,8156784,INFY.NS
2016-08-01,410.1505432128906,542.625,543.9249877929688,534.1749877929688,535.75,9096662,INFY.NS
2016-08-02,409.60260009765625,541.9000244140625,542.5,537.5,539.9500122070312,6822502,INFY.NS
2016-08-03,410.0182495117188,542.4500122070312,543.25,535.1500244140625,542.8250122070312,7213460,INFY.NS
2016-08-04,405.06744384765625,535.9000244140625,543.4500122070312,535.0250244140625,543.2000122070312,4237278,INFY.NS
2016-08-05,403.6312561035156,534.0,536.7249755859375,530.0,536.0,5609968,INFY.NS
2016-08-08,407.6751403808594,539.3499755859375,540.5,531.2750244140625,534.5,4643064,INFY.NS
2016-08-09,409.4513549804688,541.7000122070312,542.25,535.75,538.5,7192664,INFY.NS
2016-08-10,409.0545349121094,541.1749877929688,543.9500122070312,537.5999755859375,538.0,5576454,INFY.NS
2016-08-11,407.1648559570313,538.6749877929688,547.5,537.625,540.8499755859375,5038552,INFY.NS
2016-08-12,401.571533203125,531.2750244140625,539.4000244140625,530.0,537.5250244140625,7449928,INFY.NS
2016-08-16,397.50872802734375,525.9000244140625,529.0250244140625,514.0,521.0,16429408,INFY.NS
2016-08-17,390.51702880859375,516.6500244140625,526.3250122070312,515.25,524.9749755859375,6599316,INFY.NS
2016-08-18,386.7754821777344,511.7000122070313,519.5499877929688,510.75,518.25,8434000,INFY.NS
2016-08-19,385.9818420410156,510.6499938964844,519.5,509.2250061035156,515.0,5686016,INFY.NS
2016-08-22,383.77093505859375,507.7250061035156,515.0,504.5499877929688,509.0,10253518,INFY.NS
2016-08-23,392.9169006347656,519.8250122070312,521.0,510.0499877929688,510.0499877929688,7406138,INFY.NS
2016-08-24,399.6251220703125,528.7000122070312,531.0250244140625,523.5,523.5,6129966,INFY.NS
2016-08-25,391.5940856933594,518.0750122070312,528.7999877929688,516.0499877929688,527.5,4796562,INFY.NS
2016-08-26,385.5850524902344,510.125,523.0,508.5249938964844,518.0,6881054,INFY.NS
2016-08-29,386.5487365722656,511.3999938964844,515.0,505.5,508.7999877929688,5220282,INFY.NS
2016-08-30,393.2003173828125,520.2000122070312,522.5,512.5,516.2249755859375,4375438,INFY.NS
2016-08-31,391.4806518554688,517.9249877929688,522.875,513.9000244140625,518.5499877929688,11139814,INFY.NS
2016-09-01,392.1232604980469,518.7750244140625,520.2249755859375,516.0,519.0,2877826,INFY.NS
2016-09-02,389.9689636230469,515.9249877929688,520.0,513.0999755859375,519.5250244140625,3332592,INFY.NS
2016-09-06,394.9387512207031,522.5,524.4500122070312,517.7999877929688,519.125,8215044,INFY.NS
2016-09-07,398.4725036621094,527.1749877929688,529.5,522.0,524.0,7425470,INFY.NS
2016-09-08,392.1610107421875,518.8250122070312,522.5,512.0,522.5,9092774,INFY.NS
2016-09-09,391.3483581542969,517.75,520.5,513.2750244140625,518.5,5053438,INFY.NS
2016-09-12,398.3401794433594,527.0,529.0,512.625,512.625,6203096,INFY.NS
2016-09-14,395.1655578613281,522.7999877929688,528.9000244140625,520.3250122070312,526.9749755859375,5152418,INFY.NS
2016-09-15,393.8805847167969,521.0999755859375,523.4000244140625,517.6749877929688,522.7999877929688,4701722,INFY.NS
2016-09-16,400.6643676757813,530.0750122070312,532.25,519.0499877929688,524.5,9949384,INFY.NS
2016-09-19,401.0613708496094,530.5999755859375,534.4500122070312,520.6749877929688,523.0,5809154,INFY.NS
2016-09-20,396.88519287109375,525.0750122070312,528.5750122070312,522.875,526.6500244140625,4214004,INFY.NS
2016-09-21,399.0015563964844,527.875,530.625,525.5250244140625,527.0,4231532,INFY.NS
2016-09-22,400.15423583984375,529.4000244140625,530.5,526.0,529.5,3629514,INFY.NS
2016-09-23,394.0129089355469,521.2750244140625,529.4000244140625,520.0,528.5,5205294,INFY.NS
2016-09-26,391.4996643066406,517.9500122070312,522.0,515.5,521.375,6371798,INFY.NS
2016-09-27,392.9546508789063,519.875,524.9500122070312,516.6749877929688,517.5250244140625,6525660,INFY.NS
2016-09-28,392.6523132324219,519.4749755859375,521.1500244140625,516.625,520.0,5434708,INFY.NS
2016-09-29,388.9674682617188,514.5999755859375,522.4749755859375,512.0,522.4749755859375,8902638,INFY.NS
2016-09-30,391.5562744140625,518.0250244140625,521.9500122070312,515.5499877929688,515.5499877929688,6502354,INFY.NS
2016-10-03,392.3310852050781,519.0499877929688,520.0,513.0499877929688,517.75,3656160,INFY.NS
2016-10-04,396.5260925292969,524.5999755859375,525.7000122070312,519.1500244140625,520.0,5066586,INFY.NS
2016-10-05,393.6160583496094,520.75,524.9249877929688,518.5,524.5999755859375,2307574,INFY.NS
2016-10-06,388.2872009277344,513.7000122070312,522.5,512.9749755859375,522.5,3721882,INFY.NS
2016-10-07,382.6749267578125,506.2749938964844,516.9000244140625,505.0499877929688,514.9749755859375,6288558,INFY.NS
2016-10-10,389.2508850097656,514.9749755859375,515.875,505.0,508.5,5413170,INFY.NS
2016-10-13,397.7166137695313,526.1749877929688,529.0,510.7000122070313,510.7000122070313,9778690,INFY.NS
2016-10-14,388.1926879882813,513.5750122070312,541.3499755859375,498.125,526.4500122070312,33461690,INFY.NS
2016-10-17,386.39752197265625,511.2000122070313,520.9000244140625,508.6749877929688,517.4749755859375,8014858,INFY.NS
2016-10-18,392.6900634765625,519.5250244140625,520.25,513.6500244140625,515.0,6388134,INFY.NS
2016-10-19,393.7294616699219,520.9000244140625,522.8499755859375,518.0,521.0,3509836,INFY.NS
2016-10-20,391.7830810546875,518.3250122070312,525.3499755859375,516.9000244140625,522.375,3535490,INFY.NS
2016-10-21,396.61517333984375,519.1500244140625,520.5,511.25,517.5,3863620,INFY.NS
2016-10-24,392.33697509765625,513.5499877929688,521.3499755859375,512.75,518.75,2902974,INFY.NS
2016-10-25,388.5553283691406,508.6000061035156,519.4500122070312,507.6000061035156,518.25,5636014,INFY.NS
2016-10-26,387.4093017578125,507.1000061035156,509.9249877929688,504.6499938964844,508.5,2775216,INFY.NS
2016-10-27,383.3221130371094,501.75,508.9750061035156,500.5499877929688,508.9500122070313,7227790,INFY.NS
2016-10-28,381.03021240234375,498.75,505.0,496.5750122070313,502.6000061035156,5840706,INFY.NS
2016-11-01,377.9552612304688,494.7250061035156,503.3999938964844,493.2000122070313,503.3999938964844,6332798,INFY.NS
2016-11-02,374.7465515136719,490.5249938964844,493.75,490.0,492.3999938964844,5377194,INFY.NS
2016-11-03,369.3223571777344,483.4249877929688,491.0,482.5499877929688,490.5249938964844,5225108,INFY.NS
2016-11-04,370.9075622558594,485.5,489.6000061035156,480.5,483.5,6005548,INFY.NS
2016-11-07,373.5623168945313,488.9750061035156,493.0,487.5,492.5,4537672,INFY.NS
2016-11-08,375.3386535644531,491.2999877929688,493.875,485.2999877929688,493.4500122070313,5261108,INFY.NS
2016-11-09,366.0563659667969,479.1499938964844,487.2999877929688,450.5,465.0,12764158,INFY.NS
2016-11-10,358.8368835449219,469.7000122070313,481.25,467.5,481.25,7287330,INFY.NS
2016-11-11,352.0184020996094,460.7749938964844,472.5,459.3500061035156,470.0,7096782,INFY.NS
2016-11-15,352.78240966796875,461.7749938964844,469.9750061035156,454.2749938964844,462.0,9235850,INFY.NS
2016-11-16,359.4098815917969,470.4500122070313,478.4249877929688,464.2749938964844,465.0,12222616,INFY.NS
2016-11-17,355.1697998046875,464.8999938964844,474.5,463.2000122070313,467.125,5706730,INFY.NS
2016-11-18,351.4263916015625,460.0,466.625,458.75,465.0,6040228,INFY.NS
2016-11-21,348.02667236328125,455.5499877929688,463.4500122070313,453.4750061035156,463.4500122070313,7940568,INFY.NS
2016-11-22,349.2108764648437,457.1000061035156,464.3250122070313,455.8250122070313,458.4500122070313,5483126,INFY.NS
2016-11-23,351.5218505859375,460.125,461.4500122070313,456.2250061035156,461.0499877929688,8251786,INFY.NS
2016-11-24,355.3607482910156,465.1499938964844,469.9500122070313,461.6499938964844,464.1000061035156,16780644,INFY.NS
2016-11-25,373.3904724121094,488.75,492.5,465.2250061035156,465.2250061035156,12631380,INFY.NS
2016-11-28,374.25,489.875,491.7250061035156,485.2999877929688,489.6499938964844,7365712,INFY.NS
2016-11-29,371.518798828125,486.2999877929688,492.3500061035156,483.5499877929688,489.3999938964844,6125506,INFY.NS
2016-11-30,372.6456604003906,487.7749938964844,488.5,480.5249938964844,486.5,8500918,INFY.NS
2016-12-01,372.6647338867188,487.7999877929688,491.7749938964844,483.5,488.0,4611590,INFY.NS
2016-12-02,368.4246520996094,482.25,484.7999877929688,480.5499877929688,482.3999938964844,4453228,INFY.NS
2016-12-05,367.3360595703125,480.8250122070313,484.2999877929688,479.0,482.9500122070313,3659576,INFY.NS
2016-12-06,369.1886596679688,483.25,489.75,480.8250122070313,480.8999938964844,3562110,INFY.NS
2016-12-07,369.1504821777344,483.2000122070313,486.5,480.1000061035156,484.0,3385980,INFY.NS
2016-12-08,376.1217041015625,492.3250122070313,493.0499877929688,485.0249938964844,485.0249938964844,5941662,INFY.NS
2016-12-09,377.9169921875,494.6749877929688,504.0750122070313,490.75,492.5,8648384,INFY.NS
2016-12-12,373.3332214355469,488.6749877929688,491.3999938964844,482.6000061035156,491.3999938964844,5345020,INFY.NS
2016-12-13,378.24169921875,495.1000061035156,496.4249877929688,485.5499877929688,490.25,4854282,INFY.NS
2016-12-14,381.8896484375,499.875,502.4750061035156,492.0499877929688,495.5,5382614,INFY.NS
2016-12-15,379.0629577636719,496.1749877929688,509.4750061035156,494.5,498.7000122070313,7966416,INFY.NS
2016-12-16,383.952392578125,502.5750122070313,504.8500061035156,498.875,501.8999938964844,6436742,INFY.NS
2016-12-19,383.7613830566406,502.3250122070313,504.125,497.0499877929688,503.0499877929688,4124134,INFY.NS
2016-12-20,386.6262817382813,506.0750122070313,509.5,500.6499938964844,501.0,7636498,INFY.NS
2016-12-21,382.5772399902344,500.7749938964844,511.0,499.125,508.0,7343976,INFY.NS
2016-12-22,376.1408386230469,492.3500061035156,503.5,484.75,501.25,7060054,INFY.NS
2016-12-23,377.5731201171875,494.2250061035156,503.2999877929688,486.7999877929688,492.4500122070313,7306036,INFY.NS
2016-12-26,375.39593505859375,491.375,497.0,487.5499877929688,494.0,3213828,INFY.NS
2016-12-27,381.5841369628906,499.4750061035156,500.9500122070313,490.0,491.375,4912816,INFY.NS
2016-12-28,381.4122314453125,499.25,504.8999938964844,497.5,501.4750061035156,5476816,INFY.NS
2016-12-29,379.0629577636719,496.1749877929688,504.0,494.0750122070313,501.875,6240124,INFY.NS
2016-12-30,386.03411865234375,505.2999877929688,506.0,496.375,499.0,7267768,INFY.NS
2017-01-02,382.4053649902344,500.5499877929688,506.4750061035156,499.6749877929688,505.5499877929688,2335222,INFY.NS
2017-01-03,379.6359558105469,496.9249877929688,502.4500122070313,491.0,502.0499877929688,6778482,INFY.NS
2017-01-04,381.1257019042969,498.875,502.1000061035156,496.125,497.5249938964844,7073586,INFY.NS
2017-01-05,380.5144653320313,498.0750122070313,504.75,494.375,500.7999877929688,8207074,INFY.NS
2017-01-06,371.3850402832031,486.125,499.4249877929688,484.0249938964844,497.4500122070313,14393448,INFY.NS
2017-01-09,370.6593017578125,485.1749877929688,488.4750061035156,482.5,486.125,10545692,INFY.NS
2017-01-10,370.7357177734375,485.2749938964844,490.5,483.9750061035156,488.5,11939854,INFY.NS
2017-01-11,370.1818237304688,484.5499877929688,489.2250061035156,481.9750061035156,487.1000061035156,12241574,INFY.NS
2017-01-12,382.0042724609375,500.0249938964844,502.2000122070313,488.7749938964844,488.7749938964844,11855740,INFY.NS
2017-01-13,372.7410888671875,487.8999938964844,520.0,481.3500061035156,515.0,31276246,INFY.NS
2017-01-16,365.0441589355469,477.8250122070313,482.7250061035156,476.2250061035156,482.5,12351372,INFY.NS
2017-01-17,364.9486389160156,477.7000122070313,482.0,476.2000122070313,478.125,5560094,INFY.NS
2017-01-18,363.19146728515625,475.3999938964844,480.5,474.8999938964844,479.0499877929688,5952962,INFY.NS
2017-01-19,365.97991943359375,479.0499877929688,479.7999877929688,474.0499877929688,475.5,8876480,INFY.NS
2017-01-20,362.3893432617188,474.3500061035156,476.5750122070313,473.0,475.0,9124742,INFY.NS
2017-01-23,363.9172668457031,476.3500061035156,479.0,470.0,472.5,7948580,INFY.NS
2017-01-24,361.1860046386719,472.7749938964844,475.0,470.0499877929688,475.0,6826010,INFY.NS
2017-01-25,357.76727294921875,468.2999877929688,473.3999938964844,467.3999938964844,473.0499877929688,9978090,INFY.NS
2017-01-27,359.8873291015625,471.0750122070313,473.7749938964844,450.5750122070313,466.9249877929688,10635138,INFY.NS
2017-01-30,362.6375732421875,474.6749877929688,475.75,464.4249877929688,468.75,11369208,INFY.NS
2017-01-31,354.71142578125,464.2999877929688,470.75,452.1749877929688,470.75,24068534,INFY.NS
2017-02-01,350.18487548828125,458.375,461.6000061035156,452.5750122070313,460.5499877929688,11531782,INFY.NS
2017-02-02,357.4999694824219,467.9500122070313,472.5,455.0499877929688,458.5,11828268,INFY.NS
2017-02-03,357.5763244628906,468.0499877929688,470.4500122070313,460.5249938964844,466.8999938964844,8423958,INFY.NS
2017-02-06,357.2515563964844,467.625,471.875,465.2749938964844,468.625,6727934,INFY.NS
2017-02-07,359.9255676269531,471.125,474.8999938964844,464.2749938964844,466.5,9268002,INFY.NS
2017-02-08,357.72918701171875,468.25,472.0499877929688,466.2250061035156,468.0,6319962,INFY.NS
2017-02-09,361.3579406738281,473.0,475.0,468.2749938964844,468.5,11907266,INFY.NS
2017-02-10,369.8762512207031,484.1499938964844,486.0,471.6499938964844,473.125,12252452,INFY.NS
2017-02-13,376.0070190429688,492.1749877929688,493.0499877929688,481.4249877929688,486.4249877929688,13724268,INFY.NS
2017-02-14,377.2867431640625,493.8500061035156,494.5,486.1749877929688,490.0,9338818,INFY.NS
2017-02-15,375.0330505371094,490.8999938964844,499.3999938964844,484.3999938964844,494.6000061035156,7259486,INFY.NS
2017-02-16,386.6072082519531,506.0499877929688,506.9500122070313,495.0249938964844,495.5,12815858,INFY.NS
2017-02-17,382.0233459472656,500.0499877929688,506.875,496.3500061035156,506.875,4851208,INFY.NS
2017-02-20,385.9005126953125,505.125,515.5,496.75,498.25,4650662,INFY.NS
2017-02-21,387.1802062988281,506.7999877929688,512.25,500.0249938964844,511.0499877929688,7613996,INFY.NS
2017-02-22,378.22259521484375,495.0750122070313,507.5,493.2000122070313,507.5,6607838,INFY.NS
2017-02-23,385.36566162109375,504.4249877929688,510.0,496.6749877929688,499.4500122070313,9542656,INFY.NS
2017-02-27,386.7218017578125,506.2000122070313,511.5,503.4750061035156,503.6499938964844,5328696,INFY.NS
2017-02-28,386.7218017578125,506.2000122070313,511.3500061035156,504.625,505.9249877929688,5940132,INFY.NS
2017-03-01,391.5921325683594,512.5750122070312,513.5,505.0499877929688,506.0,4282448,INFY.NS
2017-03-02,390.8853759765625,511.6499938964844,514.0,508.25,512.2000122070312,2948498,INFY.NS
2017-03-03,393.9031372070313,515.5999755859375,517.1500244140625,500.2000122070313,505.125,5401612,INFY.NS
2017-03-06,394.9344482421875,516.9500122070312,517.9749755859375,509.8500061035156,510.0249938964844,5286386,INFY.NS
2017-03-07,389.5484619140625,509.8999938964844,512.9000244140625,507.3500061035156,511.0,4644496,INFY.NS
2017-03-08,384.9646606445313,503.8999938964844,508.4500122070313,502.2250061035156,508.4500122070313,6179176,INFY.NS
2017-03-09,386.3970947265625,505.7749938964844,506.5,499.5,503.8999938964844,3480630,INFY.NS
2017-03-10,390.33154296875,510.9249877929688,513.8250122070312,506.7000122070313,507.5,4550324,INFY.NS
2017-03-14,395.2782897949219,517.4000244140625,520.9500122070312,511.3999938964844,511.3999938964844,7878396,INFY.NS
2017-03-15,386.5498962402344,505.9750061035156,517.4500122070312,503.75,517.4500122070312,6373978,INFY.NS
2017-03-16,393.00537109375,514.4249877929688,515.8499755859375,506.6499938964844,506.6499938964844,6702956,INFY.NS
2017-03-17,397.3792419433594,520.1500244140625,521.4500122070312,509.625,517.7000122070312,9507846,INFY.NS
2017-03-20,390.1978759765625,510.75,513.2750244140625,507.5499877929688,513.2750244140625,4427388,INFY.NS
2017-03-21,394.5333862304688,516.4249877929688,517.4749755859375,509.3999938964844,510.4500122070313,4869584,INFY.NS
2017-03-22,392.5661315917969,513.8499755859375,519.9749755859375,510.2000122070313,511.2250061035156,3990852,INFY.NS
2017-03-23,397.4364013671875,520.2249755859375,521.5,513.2999877929688,514.125,4501662,INFY.NS
2017-03-24,393.9795227050781,515.7000122070312,522.0,513.8499755859375,519.0,4883896,INFY.NS
2017-03-27,393.00537109375,514.4249877929688,520.9249877929688,512.25,513.5999755859375,7684824,INFY.NS
2017-03-28,395.4119567871094,517.5750122070312,519.5,515.0250244140625,515.75,4796796,INFY.NS
2017-03-29,394.1512756347656,515.9249877929688,520.75,512.9249877929688,517.1500244140625,6981186,INFY.NS
2017-03-30,391.725830078125,512.75,517.9500122070312,510.125,517.0,12157180,INFY.NS
2017-03-31,390.4842529296875,511.125,514.6500244140625,504.0,511.625,14153854,INFY.NS
2017-04-03,385.3466491699219,504.3999938964844,516.2249755859375,503.0499877929688,516.0750122070312,4315600,INFY.NS
2017-04-05,380.4381713867188,497.9750061035156,502.7000122070313,495.5,502.5,7398338,INFY.NS
2017-04-06,381.8323974609375,499.7999877929688,502.8999938964844,496.0,499.0750122070313,5379008,INFY.NS
2017-04-07,374.93756103515625,490.7749938964844,500.4500122070313,489.5,500.4500122070313,6404508,INFY.NS
2017-04-10,364.1846923828125,476.7000122070313,494.75,475.0499877929688,492.4500122070313,9528472,INFY.NS
2017-04-11,369.43695068359375,483.5750122070313,485.8500061035156,478.0249938964844,478.0249938964844,8655466,INFY.NS
2017-04-12,370.0862731933594,484.4249877929688,488.4500122070313,480.1749877929688,485.0,6696752,INFY.NS
2017-04-13,355.781005859375,465.7000122070313,495.0,463.3250122070313,485.0,30973188,INFY.NS
2017-04-17,353.2980651855469,462.4500122070313,466.0499877929688,461.75,465.0,7213434,INFY.NS
2017-04-18,352.4386291503906,461.3250122070313,467.0,459.5499877929688,462.375,4647518,INFY.NS
2017-04-19,351.1207580566406,459.6000061035156,465.0,456.3250122070313,461.5,10071702,INFY.NS
2017-04-20,354.2148132324219,463.6499938964844,464.8500061035156,459.2749938964844,460.75,4549000,INFY.NS
2017-04-21,352.83966064453125,461.8500061035156,467.3999938964844,460.5499877929688,467.3999938964844,3577466,INFY.NS
2017-04-24,353.92828369140625,463.2749938964844,464.25,456.5,458.75,5556666,INFY.NS
2017-04-25,354.9978942871094,464.6749877929688,466.5,460.2749938964844,462.9500122070313,4737060,INFY.NS
2017-04-26,349.2299194335937,457.125,467.7749938964844,455.1000061035156,464.9750061035156,9084496,INFY.NS
2017-04-27,353.43170166015625,462.625,464.5,458.0,458.0,7797208,INFY.NS
2017-04-28,351.0252685546875,459.4750061035156,463.7000122070313,457.7999877929688,463.4249877929688,5029702,INFY.NS
2017-05-02,352.41949462890625,461.2999877929688,463.2000122070313,457.5499877929688,462.0,3231126,INFY.NS
2017-05-03,356.8887634277344,467.1499938964844,469.5499877929688,458.8250122070313,463.25,4659448,INFY.NS
2017-05-04,358.1684265136719,468.8250122070313,469.8250122070313,464.4500122070313,468.5,5279806,INFY.NS
2017-05-05,355.8192138671875,465.75,468.6749877929688,460.0,468.0,4432788,INFY.NS
2017-05-08,361.1669616699219,472.75,474.2749938964844,466.0,469.0,4707098,INFY.NS
2017-05-09,361.6062622070313,473.3250122070313,475.9750061035156,471.0499877929688,475.2999877929688,5649372,INFY.NS
2017-05-10,360.4602661132813,471.8250122070313,475.0,468.5750122070313,473.5750122070313,3364302,INFY.NS
2017-05-11,360.6321716308594,472.0499877929688,474.9249877929688,468.7749938964844,473.4249877929688,3229482,INFY.NS
2017-05-12,368.3291320800781,482.125,483.0,475.7250061035156,476.5,10979996,INFY.NS
2017-05-15,363.4779968261719,475.7749938964844,481.75,474.5499877929688,481.75,7297164,INFY.NS
2017-05-16,364.7958679199219,477.5,480.0750122070313,473.4750061035156,476.5499877929688,6130168,INFY.NS
2017-05-17,363.9554443359375,476.3999938964844,479.2250061035156,471.9249877929688,475.7999877929688,2915508,INFY.NS
2017-05-18,367.3742370605469,480.875,486.9500122070313,471.4249877929688,471.5,8057848,INFY.NS
2017-05-19,365.9226379394531,478.9750061035156,481.3500061035156,473.9249877929688,480.75,4257396,INFY.NS
2017-05-22,367.2596130371094,480.7250061035156,483.4500122070313,478.2749938964844,479.2000122070313,5503052,INFY.NS
2017-05-23,365.6743774414063,478.6499938964844,483.5,477.0499877929688,482.3250122070313,4039982,INFY.NS
2017-05-24,364.7195129394531,477.3999938964844,482.75,474.7999877929688,480.0,5636286,INFY.NS
2017-05-25,375.6059875488281,491.6499938964844,493.2999877929688,480.5,480.5,10438514,INFY.NS
2017-05-26,380.3425903320313,497.8500061035156,500.0,490.2999877929688,493.5,4988004,INFY.NS
2017-05-29,376.3126525878906,492.5750122070313,498.3500061035156,487.8500061035156,495.4500122070313,6308434,INFY.NS
2017-05-30,380.5336608886719,498.1000061035156,500.0,489.3250122070313,491.0,3716910,INFY.NS
2017-05-31,373.2185974121094,488.5249938964844,496.7749938964844,487.4249877929688,496.7749938964844,7763900,INFY.NS
2017-06-01,376.7479248046875,485.7000122070313,489.8500061035156,479.2749938964844,484.6499938964844,5508606,INFY.NS
2017-06-02,375.99169921875,484.7250061035156,487.7250061035156,482.1000061035156,486.7000122070313,3917966,INFY.NS
2017-06-05,371.8418273925781,479.375,486.0,478.5249938964844,485.0,5462698,INFY.NS
2017-06-06,379.8312377929688,489.6749877929688,493.75,482.2000122070313,482.5,7008686,INFY.NS
2017-06-07,372.8307495117188,480.6499938964844,494.4500122070313,472.5,492.5,12455046,INFY.NS
2017-06-08,370.9497375488281,478.2250061035156,481.4750061035156,474.0750122070313,481.4750061035156,6195352,INFY.NS
2017-06-09,367.9051818847656,474.2999877929688,475.4750061035156,461.5,469.2749938964844,14757662,INFY.NS
2017-06-12,373.81982421875,481.9249877929688,482.6000061035156,470.0499877929688,471.6749877929688,8591676,INFY.NS
2017-06-13,371.4732971191406,478.8999938964844,481.4750061035156,475.7999877929688,476.75,4937794,INFY.NS
2017-06-14,371.7835693359375,479.2999877929688,480.9500122070313,475.6000061035156,480.0,7438110,INFY.NS
2017-06-15,369.26263427734375,476.0499877929688,483.9750061035156,474.7999877929688,479.8250122070313,5528062,INFY.NS
2017-06-16,364.6667175292969,470.125,476.9249877929688,468.0,474.5499877929688,10948450,INFY.NS
2017-06-19,360.6331787109375,464.9249877929688,470.125,464.0,469.9750061035156,6855860,INFY.NS
2017-06-20,365.9466247558594,471.7749938964844,473.4500122070313,467.0249938964844,467.5,5184396,INFY.NS
2017-06-21,365.8690490722656,471.6749877929688,474.5,468.0249938964844,472.5,3735864,INFY.NS
2017-06-22,364.6279602050781,470.0750122070313,484.3500061035156,467.5499877929688,473.8500061035156,9465242,INFY.NS
2017-06-23,365.8302612304688,471.625,474.5750122070313,469.0,472.5,6403018,INFY.NS
2017-06-27,359.5472412109375,463.5249938964844,474.0,461.875,472.5,6904660,INFY.NS
2017-06-28,358.6358337402344,462.3500061035156,466.5,460.5,466.3999938964844,5905224,INFY.NS
2017-06-29,360.7689514160156,465.1000061035156,473.9750061035156,463.2999877929688,465.1000061035156,15914040,INFY.NS
2017-06-30,362.8438720703125,467.7749938964844,469.0,464.5,465.3999938964844,4216700,INFY.NS
2017-07-03,369.18505859375,475.9500122070313,477.5,467.2999877929688,470.5499877929688,5088924,INFY.NS
2017-07-04,373.1604309082031,481.0750122070313,485.0,474.7000122070313,476.9249877929688,5167726,INFY.NS
2017-07-05,368.7972412109375,475.4500122070313,479.5,472.7000122070313,479.5,4226228,INFY.NS
2017-07-06,367.2846374511719,473.5,478.5,472.1000061035156,472.5,3829720,INFY.NS
2017-07-07,362.7857360839844,467.7000122070313,472.7250061035156,466.5249938964844,471.9249877929688,5776886,INFY.NS
2017-07-10,371.1824035644531,478.5249938964844,479.8999938964844,470.0,471.6000061035156,1464376,INFY.NS
2017-07-11,378.2798767089844,487.6749877929688,494.75,478.3250122070313,478.3250122070313,11539708,INFY.NS
2017-07-12,377.1163635253906,486.1749877929688,490.75,484.375,487.4750061035156,6275976,INFY.NS
2017-07-13,378.939208984375,488.5249938964844,491.7250061035156,482.0499877929688,488.625,5170392,INFY.NS
2017-07-14,377.00006103515625,486.0249938964844,503.4249877929688,483.0249938964844,499.7250061035156,22478180,INFY.NS
2017-07-17,381.6541748046875,492.0249938964844,496.0,487.0,487.5,7698250,INFY.NS
2017-07-18,382.2552185058594,492.7999877929688,502.3999938964844,490.5499877929688,493.0249938964844,8260180,INFY.NS
2017-07-19,380.0252075195313,489.9249877929688,494.3250122070313,484.5499877929688,490.7250061035156,5890278,INFY.NS
2017-07-20,375.99169921875,484.7250061035156,489.9249877929688,483.4750061035156,489.6499938964844,6809740,INFY.NS
2017-07-21,380.1221923828125,490.0499877929688,491.2749938964844,485.7000122070313,486.5,5980754,INFY.NS
2017-07-24,384.1751098632813,495.2749938964844,497.0,491.2999877929688,491.75,6129176,INFY.NS
2017-07-25,385.4549255371094,496.9249877929688,499.5,493.1000061035156,495.0,7145614,INFY.NS
2017-07-26,385.5325012207031,497.0249938964844,499.5,495.2000122070313,499.0499877929688,6870024,INFY.NS
2017-07-27,376.61224365234375,485.5249938964844,502.0,483.3999938964844,498.0,12676852,INFY.NS
2017-07-28,386.8123779296875,498.6749877929688,501.5,481.1499938964844,488.0,11098428,INFY.NS
2017-07-31,392.1839904785156,505.6000061035156,510.8500061035156,493.375,495.9500122070313,19158248,INFY.NS
2017-08-01,389.9927062988281,502.7749938964844,508.5,499.1749877929688,505.5,7689398,INFY.NS
2017-08-02,385.2610473632813,496.6749877929688,506.375,493.6000061035156,503.0,4257584,INFY.NS
2017-08-03,381.634765625,492.0,499.375,490.125,495.5,4640348,INFY.NS
2017-08-04,381.5378112792969,491.875,494.5,488.0249938964844,494.0,5349018,INFY.NS
2017-08-07,375.5262451171875,484.125,491.875,482.8500061035156,491.75,6073744,INFY.NS
2017-08-08,373.81982421875,481.9249877929688,485.125,477.5249938964844,484.25,6004648,INFY.NS
2017-08-09,375.9528198242188,484.6749877929688,486.9500122070313,482.2749938964844,483.8250122070313,3922410,INFY.NS
2017-08-10,380.5682067871094,490.625,493.75,484.6749877929688,484.9500122070313,9140684,INFY.NS
2017-08-11,383.0697021484375,493.8500061035156,498.5,484.7999877929688,488.0,6544156,INFY.NS
2017-08-14,380.6457824707031,490.7250061035156,494.6000061035156,488.5750122070313,494.0,3816470,INFY.NS
2017-08-16,378.2218017578125,487.6000061035156,493.0499877929688,484.5,491.0,6178080,INFY.NS
2017-08-17,395.9266357421875,510.4249877929688,514.625,499.0249938964844,502.5,25784260,INFY.NS
2017-08-18,358.0735168457031,461.625,508.9500122070313,442.1000061035156,508.9500122070313,164404960,INFY.NS
2017-08-21,338.73956298828125,436.7000122070313,462.0,435.0,462.0,90407176,INFY.NS
2017-08-22,339.5152893066406,437.7000122070313,448.5249938964844,430.0,447.6000061035156,49242598,INFY.NS
2017-08-23,346.263671875,446.3999938964844,451.8500061035156,436.9500122070313,440.0,61284190,INFY.NS
2017-08-24,353.7684631347656,456.0750122070313,459.125,451.1749877929688,455.0,42380524,INFY.NS
2017-08-28,364.9576416015625,470.5,476.9750061035156,469.0,471.9750061035156,40712108,INFY.NS
2017-08-29,359.7024230957031,463.7250061035156,471.0,462.7749938964844,470.7250061035156,13369392,INFY.NS
2017-08-30,359.3921203613281,463.3250122070313,469.5,462.0499877929688,468.6000061035156,16149664,INFY.NS
2017-08-31,354.8543701171875,457.4750061035156,464.4750061035156,456.4500122070313,464.3999938964844,15022452,INFY.NS
2017-09-01,356.79351806640625,459.9750061035156,462.9500122070313,455.0,457.9750061035156,8433922,INFY.NS
2017-09-04,349.1337280273437,450.1000061035156,460.5499877929688,446.75,460.5,10177108,INFY.NS
2017-09-05,349.79302978515625,450.9500122070313,452.5,448.625,451.0,9783392,INFY.NS
2017-09-06,347.3497009277344,447.7999877929688,450.1499938964844,445.0,450.0,7735910,INFY.NS
2017-09-07,347.4078674316406,447.875,450.25,446.1749877929688,450.0,6241192,INFY.NS
2017-09-08,342.9670104980469,442.1499938964844,449.5,441.0499877929688,449.5,8604542,INFY.NS
2017-09-11,340.7951354980469,439.3500061035156,445.8999938964844,436.8250122070313,445.2000122070313,13787642,INFY.NS
2017-09-12,342.8700866699219,442.0249938964844,443.875,439.3999938964844,441.2749938964844,17241354,INFY.NS
2017-09-13,342.75372314453125,441.875,443.7999877929688,440.5,442.75,11478228,INFY.NS
2017-09-14,346.1085510253906,446.2000122070313,448.2999877929688,440.7999877929688,442.25,13698006,INFY.NS
2017-09-15,352.255859375,454.125,456.625,446.1000061035156,446.1499938964844,13459460,INFY.NS
2017-09-18,352.5854797363281,454.5499877929688,458.875,453.1499938964844,455.0,8475860,INFY.NS
2017-09-19,353.80718994140625,456.125,458.0,451.75,454.0,6033330,INFY.NS
2017-09-20,353.9817199707031,456.3500061035156,458.5,453.7250061035156,458.5,5767830,INFY.NS
2017-09-21,352.760009765625,454.7749938964844,457.625,454.0750122070313,457.5,8204152,INFY.NS
2017-09-22,348.3968505859375,449.1499938964844,455.125,444.0,454.0750122070313,17604088,INFY.NS
2017-09-25,347.25274658203125,447.6749877929688,450.9750061035156,444.5499877929688,450.5,9088700,INFY.NS
2017-09-26,351.3443603515625,452.9500122070313,454.2000122070313,447.1499938964844,448.5,7366478,INFY.NS
2017-09-27,348.9786682128906,449.8999938964844,453.9500122070313,447.5499877929688,453.0499877929688,6000138,INFY.NS
2017-09-28,347.5047912597656,448.0,451.9500122070313,447.1499938964844,448.0499877929688,17537266,INFY.NS
2017-09-29,349.017333984375,449.9500122070313,451.2000122070313,447.5,449.0,5705832,INFY.NS
2017-10-03,350.4329833984375,451.7749938964844,456.0,450.7999877929688,455.0499877929688,4947522,INFY.NS
2017-10-04,348.9010009765625,449.7999877929688,452.7000122070313,448.5750122070313,451.5,4991492,INFY.NS
2017-10-05,350.23907470703125,451.5249938964844,452.4750061035156,449.5,450.0,8611300,INFY.NS
2017-10-06,356.8711853027344,460.0750122070313,461.0,451.9750061035156,452.0,8574308,INFY.NS
2017-10-09,358.3255310058594,461.9500122070313,464.5,457.0,460.0,3504832,INFY.NS
2017-10-10,362.8051452636719,467.7250061035156,469.9750061035156,464.7749938964844,469.9750061035156,7143220,INFY.NS
2017-10-11,360.962890625,465.3500061035156,469.0,464.0,467.7250061035156,5982504,INFY.NS
2017-10-12,359.64422607421875,463.6499938964844,467.1749877929688,459.7749938964844,465.0,10280972,INFY.NS
2017-10-13,360.7301330566406,465.0499877929688,466.75,463.7749938964844,466.3999938964844,7180728,INFY.NS
2017-10-16,364.1819458007813,469.5,471.0,466.5,467.9750061035156,5758750,INFY.NS
2017-10-17,360.8852844238281,465.25,468.3999938964844,464.75,468.3999938964844,5625102,INFY.NS
2017-10-18,358.50006103515625,462.1749877929688,465.0,461.4750061035156,464.4500122070313,7231852,INFY.NS
2017-10-19,359.5084533691406,463.4750061035156,466.0,462.6000061035156,465.0,1091434,INFY.NS
2017-10-23,364.3758239746094,469.75,471.0,464.0499877929688,465.0,9154096,INFY.NS
2017-10-24,359.3338928222656,463.25,473.3250122070313,460.7999877929688,473.0,14529328,INFY.NS
2017-10-25,362.7469177246094,467.6499938964844,472.3500061035156,457.625,459.5,13984134,INFY.NS
2017-10-26,367.42034912109375,473.6749877929688,475.8999938964844,470.0499877929688,471.0,33659258,INFY.NS
2017-10-27,367.0325622558594,473.1749877929688,478.8500061035156,472.0,477.5,8524956,INFY.NS
2017-10-30,366.1598205566406,472.0499877929688,477.3250122070313,470.5249938964844,477.3250122070313,12968326,INFY.NS
2017-10-31,362.5223388671875,460.9249877929688,465.0,460.0,462.5,9954988,INFY.NS
2017-11-01,364.5672607421875,463.5249938964844,464.7000122070313,461.6499938964844,462.5,5633134,INFY.NS
2017-11-02,362.9352722167969,461.4500122070313,463.0,460.0,461.5249938964844,4686138,INFY.NS
2017-11-03,364.4099426269531,463.3250122070313,464.9500122070313,458.4750061035156,458.5,3699086,INFY.NS
2017-11-06,365.2161254882813,464.3500061035156,467.5,461.3250122070313,461.5750122070313,5066534,INFY.NS
2017-11-07,375.75537109375,477.75,480.0,462.9249877929688,463.125,13442820,INFY.NS
2017-11-08,374.4968872070313,476.1499938964844,480.9249877929688,473.75,480.125,5369994,INFY.NS
2017-11-09,375.3621215820313,477.25,481.5,474.125,476.5,4723232,INFY.NS
2017-11-10,378.3311767578125,481.0249938964844,482.1749877929688,475.0,479.3999938964844,6589428,INFY.NS
2017-11-13,374.3592834472656,475.9750061035156,484.7000122070313,474.6749877929688,481.0249938964844,5021216,INFY.NS
2017-11-14,373.2384643554688,474.5499877929688,477.4249877929688,471.625,475.9750061035156,5733710,INFY.NS
2017-11-15,374.3003234863281,475.8999938964844,476.75,472.25,472.5750122070313,7023516,INFY.NS
2017-11-16,388.69342041015625,494.2000122070313,497.9500122070313,474.25,475.8999938964844,15687502,INFY.NS
2017-11-17,381.8311462402344,485.4750061035156,492.75,482.5750122070313,492.75,8057670,INFY.NS
2017-11-20,377.7412414550781,480.2749938964844,485.5,478.625,484.5,5661190,INFY.NS
2017-11-21,379.98284912109375,483.125,485.75,480.0249938964844,480.6499938964844,5364656,INFY.NS
2017-11-22,380.0025024414063,483.1499938964844,485.5249938964844,481.6499938964844,483.2999877929688,6084920,INFY.NS
2017-11-23,389.814208984375,495.625,497.2250061035156,484.5,485.75,11894618,INFY.NS
2017-11-24,397.01080322265625,504.7749938964844,509.6499938964844,495.1000061035156,495.4500122070313,18619912,INFY.NS
2017-11-27,392.7636413574219,499.375,503.3500061035156,496.6499938964844,503.3500061035156,6017730,INFY.NS
2017-11-28,387.2384338378906,492.3500061035156,499.9500122070313,490.6499938964844,497.2000122070313,4616868,INFY.NS
2017-11-29,386.4519348144531,491.3500061035156,495.9750061035156,490.1499938964844,493.8250122070313,3838070,INFY.NS
2017-11-30,383.8564453125,488.0499877929688,494.7250061035156,484.1749877929688,494.7250061035156,17266944,INFY.NS
2017-12-01,377.0531005859375,479.3999938964844,491.6000061035156,478.5249938964844,489.7000122070313,4085000,INFY.NS
2017-12-04,387.4940185546875,492.6749877929688,498.3999938964844,484.2749938964844,490.0,17811606,INFY.NS
2017-12-05,387.1007385253906,492.1749877929688,501.5,489.5,492.6749877929688,9976738,INFY.NS
2017-12-06,389.4405517578125,495.1499938964844,497.0499877929688,492.0,492.5,7490094,INFY.NS
2017-12-07,393.1764831542969,499.8999938964844,501.4500122070313,492.7999877929688,494.5,7549544,INFY.NS
2017-12-08,393.9826965332031,500.9249877929688,503.5,497.5,500.5,5983244,INFY.NS
2017-12-11,395.3394775390625,502.6499938964844,503.4500122070313,496.9750061035156,497.4750061035156,5139098,INFY.NS
2017-12-12,397.3844299316406,505.25,507.0,501.0,501.0,9320434,INFY.NS
2017-12-13,394.7299499511719,501.875,509.5,498.8250122070313,505.4500122070313,5362398,INFY.NS
2017-12-14,398.4068603515625,506.5499877929688,507.5,499.6499938964844,502.625,6023572,INFY.NS
2017-12-15,402.2607421875,511.4500122070313,513.2000122070312,505.9249877929688,506.5,10384134,INFY.NS
2017-12-18,399.78326416015625,508.2999877929688,515.3499755859375,502.8999938964844,505.9500122070313,4035448,INFY.NS
2017-12-19,394.80859375,501.9750061035156,508.9750061035156,499.7749938964844,508.7250061035156,7118898,INFY.NS
2017-12-20,399.4883117675781,507.9249877929688,509.2999877929688,500.5,502.5499877929688,4186326,INFY.NS
2017-12-21,401.9264526367188,511.0249938964844,514.4749755859375,499.2000122070313,507.3999938964844,11059162,INFY.NS
2017-12-22,408.7297668457031,519.6749877929688,522.4000244140625,508.0,508.0,12906940,INFY.NS
2017-12-26,407.2550354003906,517.7999877929688,520.75,511.5,515.0,10808906,INFY.NS
2017-12-27,406.7241821289063,517.125,519.5499877929688,513.7000122070312,514.0,6970172,INFY.NS
2017-12-28,406.3309326171875,516.625,520.0,511.8999938964844,515.0,8433472,INFY.NS
2017-12-29,409.7915649414063,521.0250244140625,524.4000244140625,515.0,515.0499877929688,6601768,INFY.NS
2018-01-01,406.4488830566406,516.7750244140625,522.25,515.0,518.8499755859375,5431340,INFY.NS
2018-01-02,404.9348449707031,514.8499755859375,521.0,511.5,518.625,6112248,INFY.NS
2018-01-03,401.6315002441406,510.6499938964844,515.7999877929688,509.2999877929688,514.25,6846552,INFY.NS
2018-01-04,399.3113708496094,507.7000122070313,510.5,504.7999877929688,510.5,8947614,INFY.NS
2018-01-05,397.9743041992188,506.0,513.2000122070312,503.0,507.6499938964844,11025976,INFY.NS
2018-01-08,407.43206787109375,518.0250244140625,519.5,510.0249938964844,512.4500122070312,5594690,INFY.NS
2018-01-09,409.5163269042969,520.6749877929688,522.4500122070312,514.4500122070312,520.0,9948236,INFY.NS
2018-01-10,413.802734375,526.125,528.0,516.5250244140625,523.4000244140625,9468634,INFY.NS
2018-01-11,423.0639343261719,537.9000244140625,541.7000122070312,527.625,527.625,16775298,INFY.NS
2018-01-12,424.1060791015625,539.2249755859375,542.9500122070312,535.2750244140625,542.9000244140625,18016528,INFY.NS
2018-01-15,425.1678466796875,540.5750122070312,546.4749755859375,532.5499877929688,540.0,10649250,INFY.NS
2018-01-16,441.5665588378906,561.4249877929688,567.4000244140625,540.625,540.625,22646966,INFY.NS
2018-01-17,453.0693054199219,576.0499877929688,580.9000244140625,561.5,562.4249877929688,26154088,INFY.NS
2018-01-18,453.30517578125,576.3499755859375,582.4500122070312,566.0499877929688,572.5,13204970,INFY.NS
2018-01-19,449.6676025390625,571.7249755859375,573.9500122070312,568.0,572.5,5988278,INFY.NS
2018-01-22,452.2434997558594,575.0,578.4749755859375,566.0,566.0750122070312,9650214,INFY.NS
2018-01-23,462.900634765625,588.5499877929688,594.0,577.5,577.5,15403796,INFY.NS
2018-01-24,466.3219909667969,592.9000244140625,610.5250244140625,583.75,587.4000244140625,20604718,INFY.NS
2018-01-25,462.232177734375,587.7000122070312,591.7000122070312,581.125,591.0,13548914,INFY.NS
2018-01-29,465.1816101074219,591.4500122070312,598.125,582.5999755859375,583.2750244140625,10823002,INFY.NS
2018-01-30,460.36431884765625,585.3250122070312,591.5499877929688,581.3499755859375,589.4500122070312,8628312,INFY.NS
2018-01-31,452.341796875,575.125,583.2999877929688,571.0750122070312,579.5750122070312,9213698,INFY.NS
2018-02-01,450.1199035644531,572.2999877929688,578.9500122070312,559.2750244140625,571.0999755859375,13005454,INFY.NS
2018-02-02,449.5890502929688,571.625,581.4500122070312,565.0499877929688,567.625,10244486,INFY.NS
2018-02-05,447.60302734375,569.0999755859375,577.4249877929688,567.9249877929688,570.0,9860220,INFY.NS
2018-02-06,435.6285095214844,553.875,564.1749877929688,547.5750122070312,549.9749755859375,10552078,INFY.NS
2018-02-07,436.1397399902344,554.5250244140625,562.4000244140625,551.7750244140625,558.0,8342056,INFY.NS
2018-02-08,446.0497131347656,567.125,573.2000122070312,558.2750244140625,561.4000244140625,8807244,INFY.NS
2018-02-09,436.1790161132813,554.5750122070312,560.1500244140625,553.0,559.0,4382690,INFY.NS
2018-02-12,433.6819152832031,551.4000244140625,560.2999877929688,548.9000244140625,557.4000244140625,6291972,INFY.NS
2018-02-14,431.6959533691406,548.875,558.6500244140625,545.0999755859375,553.0,8345712,INFY.NS
2018-02-15,438.2633056640625,557.2249755859375,564.8499755859375,551.5,551.5,7986736,INFY.NS
2018-02-16,443.6116027832031,564.0250244140625,570.8250122070312,559.0499877929688,562.5,9889222,INFY.NS
2018-02-19,445.0665893554688,565.875,568.0,560.1500244140625,564.2000122070312,6461840,INFY.NS
2018-02-20,447.1115112304688,568.4749755859375,574.75,551.875,551.875,7188594,INFY.NS
2018-02-21,451.2210388183594,573.7000122070312,575.9500122070312,570.0,573.75,13771358,INFY.NS
2018-02-22,456.4709777832031,580.375,582.0,570.2249755859375,572.7750244140625,17859974,INFY.NS
2018-02-23,454.4653625488281,577.8250122070312,583.0,573.375,581.75,9459828,INFY.NS
2018-02-26,447.7603149414063,569.2999877929688,577.5250244140625,567.1749877929688,575.5,5083608,INFY.NS
2018-02-27,452.3221740722656,575.0999755859375,576.8250122070312,562.8250122070312,572.4749755859375,6616026,INFY.NS
2018-02-28,461.1310424804688,586.2999877929688,594.75,571.2750244140625,573.7999877929688,17268416,INFY.NS
2018-03-01,456.4709777832031,580.375,584.7999877929688,578.0250244140625,584.7999877929688,6579852,INFY.NS
2018-03-05,454.5636901855469,577.9500122070312,585.4000244140625,571.625,580.375,8101456,INFY.NS
2018-03-06,452.7743835449219,575.6749877929688,582.7000122070312,571.7999877929688,581.2750244140625,6689734,INFY.NS
2018-03-07,449.9232177734375,572.0499877929688,580.0,569.0250244140625,577.5,6370416,INFY.NS
2018-03-08,454.858642578125,578.3250122070312,582.9000244140625,574.5,574.5,6093014,INFY.NS
2018-03-09,457.51312255859375,581.7000122070312,583.0,577.7750244140625,581.1749877929688,4220964,INFY.NS
2018-03-12,466.3023376464844,592.875,595.9249877929688,585.875,588.0,7676970,INFY.NS
2018-03-13,465.53558349609375,591.9000244140625,598.5,587.5750122070312,590.0999755859375,8581052,INFY.NS
2018-03-14,464.3557434082031,590.4000244140625,595.2999877929688,584.5499877929688,590.0,4429710,INFY.NS
2018-03-15,465.0242309570313,591.25,594.2000122070312,586.0,590.0,6101500,INFY.NS
2018-03-16,460.8557434082031,585.9500122070312,591.2000122070312,584.625,591.0,17954826,INFY.NS
2018-03-19,450.9653930664063,573.375,590.25,571.3250122070312,582.0,7526620,INFY.NS
2018-03-20,457.9653015136719,582.2750244140625,585.0,574.2999877929688,574.2999877929688,8553766,INFY.NS
2018-03-21,459.1254577636719,583.75,587.75,581.0999755859375,585.0,7692994,INFY.NS
2018-03-22,456.6873168945313,580.6500244140625,588.7249755859375,577.6500244140625,582.25,6813168,INFY.NS
2018-03-23,459.164794921875,583.7999877929688,586.9000244140625,571.1749877929688,573.5,12008084,INFY.NS
2018-03-26,454.30810546875,577.625,583.4500122070312,572.0,583.4500122070312,8930722,INFY.NS
2018-03-27,453.8165283203125,577.0,580.6500244140625,575.0499877929688,580.0,3802088,INFY.NS
2018-03-28,445.0862426757813,565.9000244140625,575.375,563.125,575.375,12558322,INFY.NS
2018-04-02,447.190185546875,568.5750122070312,574.7750244140625,560.6500244140625,570.5,8072702,INFY.NS
2018-04-03,448.4878234863281,570.2249755859375,571.7750244140625,564.0499877929688,567.3499755859375,4077168,INFY.NS
2018-04-04,442.0975036621094,562.0999755859375,572.2750244140625,560.0,572.0,4813302,INFY.NS
2018-04-05,451.2799377441406,573.7750244140625,575.6500244140625,564.5499877929688,569.7750244140625,7763544,INFY.NS
2018-04-06,443.1986083984375,563.5,573.0,561.0499877929688,571.5,5937742,INFY.NS
2018-04-09,437.00482177734375,555.625,562.9000244140625,553.2750244140625,562.5,7202882,INFY.NS
2018-04-10,437.8503723144531,556.7000122070312,562.25,552.7000122070312,556.0,8926058,INFY.NS
2018-04-11,442.11712646484375,562.125,565.75,558.25,559.0,9025574,INFY.NS
2018-04-12,457.1983947753906,581.2999877929688,586.375,562.5,564.7249755859375,17044366,INFY.NS
2018-04-13,460.6788330078125,585.7249755859375,592.9500122070312,575.125,587.0,21227038,INFY.NS
2018-04-16,445.63677978515625,566.5999755859375,570.0,551.0,551.0,24745084,INFY.NS
2018-04-17,442.4906921386719,562.5999755859375,563.7000122070312,557.5,563.5,10397940,INFY.NS
2018-04-18,442.78564453125,562.9749755859375,567.375,556.9249877929688,561.4249877929688,10430380,INFY.NS
2018-04-19,445.4991760253906,566.4249877929688,569.9000244140625,561.5499877929688,562.0,8525542,INFY.NS
2018-04-20,463.4315490722656,589.2249755859375,596.8499755859375,568.4749755859375,569.5,24272692,INFY.NS
2018-04-23,467.0691223144531,593.8499755859375,607.2000122070312,577.625,584.0,21830638,INFY.NS
2018-04-24,454.0130310058594,577.25,598.2000122070312,575.0499877929688,592.5,8526216,INFY.NS
2018-04-25,456.3136291503906,580.1749877929688,585.5,572.5999755859375,576.0,11594178,INFY.NS
2018-04-26,462.6450805664063,588.2249755859375,590.8250122070312,580.0,587.0,11302084,INFY.NS
2018-04-27,466.0861206054688,592.5999755859375,595.7999877929688,587.0999755859375,590.0,7663370,INFY.NS
2018-04-30,471.7095336914063,599.75,603.9749755859375,590.3250122070312,590.8499755859375,5511678,INFY.NS
2018-05-02,470.7461853027344,598.5250244140625,600.7999877929688,590.5,599.4500122070312,10295042,INFY.NS
2018-05-03,465.0439147949219,591.2750244140625,602.3499755859375,588.0499877929688,598.625,5332230,INFY.NS
2018-05-04,461.3276062011719,586.5499877929688,593.0,577.5,592.5,6023368,INFY.NS
2018-05-07,465.2208862304688,591.5,595.0,587.75,590.625,4638960,INFY.NS
2018-05-08,458.3586120605469,582.7750244140625,588.9500122070312,580.5250244140625,588.9500122070312,5718556,INFY.NS
2018-05-09,460.38385009765625,585.3499755859375,588.4500122070312,581.5,583.75,3783504,INFY.NS
2018-05-10,459.3220825195313,584.0,591.5,581.4249877929688,588.0,3182862,INFY.NS
2018-05-11,464.3360290527344,590.375,591.5999755859375,583.0250244140625,586.1500244140625,3311706,INFY.NS
2018-05-14,467.6985168457031,594.6500244140625,595.75,585.0,592.1749877929688,4432094,INFY.NS
2018-05-15,469.7629699707031,597.2750244140625,604.0,594.0499877929688,594.0499877929688,5611974,INFY.NS
2018-05-16,467.9540100097656,594.9749755859375,599.0,592.25,593.625,6205004,INFY.NS
2018-05-17,465.1816101074219,591.4500122070312,598.7249755859375,586.7750244140625,598.0,9519598,INFY.NS
2018-05-18,465.2994995117188,591.5999755859375,593.2750244140625,586.5,591.5,7139660,INFY.NS
2018-05-21,463.8445129394531,589.75,594.2000122070312,585.0,589.7750244140625,8475320,INFY.NS
2018-05-22,469.4877014160156,596.9249877929688,599.0,586.9500122070312,587.5,5636804,INFY.NS
2018-05-23,465.9680786132813,592.4500122070312,603.8250122070312,590.75,597.5,9538442,INFY.NS
2018-05-24,480.1645812988281,610.5,613.7750244140625,599.0,599.0,9740570,INFY.NS
2018-05-25,483.0353088378906,614.1500244140625,624.3250122070312,610.4000244140625,615.0499877929688,8901438,INFY.NS
2018-05-28,477.5691833496094,607.2000122070312,616.2999877929688,603.0,615.5,5739794,INFY.NS
2018-05-29,478.4735412597656,608.3499755859375,613.2750244140625,603.0999755859375,607.0250244140625,3388934,INFY.NS
2018-05-30,476.5072326660156,605.8499755859375,614.375,602.7999877929688,608.5,6323066,INFY.NS
2018-05-31,484.411865234375,615.9000244140625,621.0,605.125,605.8499755859375,19720340,INFY.NS
2018-06-01,480.08599853515625,610.4000244140625,623.125,608.5999755859375,615.2000122070312,4998356,INFY.NS
2018-06-04,487.4004821777344,619.7000122070312,621.5,606.0,610.5499877929688,4270156,INFY.NS
2018-06-05,480.1054992675781,610.4249877929688,621.0,608.5,621.0,4710862,INFY.NS
2018-06-06,486.6336669921875,618.7249755859375,620.7750244140625,610.0250244140625,612.5999755859375,4038184,INFY.NS
2018-06-07,492.5323791503906,626.2249755859375,629.0,619.0,619.0,6676226,INFY.NS
2018-06-08,495.521240234375,630.0250244140625,631.0,623.0250244140625,624.0,6459878,INFY.NS
2018-06-11,496.4453430175781,631.2000122070312,635.0,627.5250244140625,632.7750244140625,5171290,INFY.NS
2018-06-12,494.9116516113281,629.25,635.625,625.2249755859375,632.875,7839820,INFY.NS
2018-06-13,501.32171630859375,637.4000244140625,642.0,633.4000244140625,633.4000244140625,5766928,INFY.NS
2018-06-14,499.4684143066406,619.8499755859375,626.5,617.0499877929688,626.5,7598848,INFY.NS
2018-06-15,516.2086791992188,640.625,645.75,617.5,618.5,19957760,INFY.NS
2018-06-18,510.628662109375,633.7000122070312,645.625,631.1749877929688,642.0,8214846,INFY.NS
2018-06-19,500.23388671875,620.7999877929688,631.7000122070312,619.0250244140625,631.5,7545700,INFY.NS
2018-06-20,500.85845947265625,621.5750122070312,626.1749877929688,619.0,624.25,5371802,INFY.NS
2018-06-21,502.2281799316406,623.2750244140625,628.25,618.0,622.9749755859375,5798790,INFY.NS
2018-06-22,502.75201416015625,623.9249877929688,627.75,620.5999755859375,621.5,4343118,INFY.NS
2018-06-25,512.6632080078125,636.2249755859375,639.4000244140625,627.0,628.5750122070312,7731178,INFY.NS
2018-06-26,514.8388671875,638.9249877929688,641.9500122070312,633.125,634.5,4483504,INFY.NS
2018-06-27,511.6761169433594,635.0,646.7249755859375,632.7999877929688,641.9749755859375,6952142,INFY.NS
2018-06-28,519.5728149414062,644.7999877929688,649.0,638.125,638.1500244140625,10996818,INFY.NS
2018-06-29,526.663818359375,653.5999755859375,657.5,641.625,649.0250244140625,9966600,INFY.NS
2018-07-02,537.743408203125,667.3499755859375,670.0,657.0,657.0,4830144,INFY.NS
2018-07-03,545.4186401367188,676.875,678.9500122070312,665.875,665.9500122070312,8127452,INFY.NS
2018-07-04,541.9736328125,672.5999755859375,676.3250122070312,669.4249877929688,676.0250244140625,5025722,INFY.NS
2018-07-05,517.316650390625,642.0,673.625,634.0499877929688,673.5499877929688,17019902,INFY.NS
2018-07-06,517.4172973632812,642.125,650.9249877929688,634.5,645.125,11215356,INFY.NS
2018-07-09,523.2996826171875,649.4249877929688,651.5,639.5250244140625,648.5,6644998,INFY.NS
2018-07-10,524.3271484375,650.7000122070312,657.7249755859375,647.1500244140625,654.25,5974488,INFY.NS
2018-07-11,532.002197265625,660.2249755859375,671.0499877929688,645.6749877929688,658.7750244140625,11899832,INFY.NS
2018-07-12,521.486572265625,647.1749877929688,663.5499877929688,642.2249755859375,663.0499877929688,13272240,INFY.NS
2018-07-13,530.7733154296875,658.7000122070312,665.7999877929688,649.1749877929688,657.5,19496158,INFY.NS
2018-07-16,536.998046875,666.4249877929688,692.2000122070312,643.8499755859375,658.7000122070312,35344680,INFY.NS
2018-07-17,535.0037231445312,663.9500122070312,674.75,656.3499755859375,664.8499755859375,11161690,INFY.NS
2018-07-18,532.8483276367188,661.2750244140625,671.7000122070312,657.0,669.9000244140625,6919016,INFY.NS
2018-07-19,530.4913940429688,658.3499755859375,665.9500122070312,654.5499877929688,661.5,5118864,INFY.NS
2018-07-20,543.14208984375,674.0499877929688,683.5750122070312,660.6500244140625,663.0,11705738,INFY.NS
2018-07-23,546.3048095703125,677.9749755859375,684.0,668.125,676.0750122070312,7675702,INFY.NS
2018-07-24,554.8462524414062,688.5750122070312,691.2000122070312,678.0,687.2000122070312,6172246,INFY.NS
2018-07-25,557.5053100585938,691.875,696.9000244140625,682.7249755859375,689.5,6936922,INFY.NS
2018-07-26,553.2749633789062,686.625,695.2000122070312,684.5999755859375,689.2750244140625,7362218,INFY.NS
2018-07-27,553.35546875,686.7249755859375,694.5,684.1500244140625,686.5999755859375,6493232,INFY.NS
2018-07-30,544.3107299804688,675.5,686.5,674.0,685.0,6409970,INFY.NS
2018-07-31,549.991455078125,682.5499877929688,685.0,667.7750244140625,674.2750244140625,7943996,INFY.NS
2018-08-01,545.5393676757812,677.0250244140625,684.2249755859375,675.5,681.9000244140625,4675706,INFY.NS
2018-08-02,545.3782348632812,676.8250122070312,683.375,675.0750122070312,679.7999877929688,5940742,INFY.NS
2018-08-03,549.5884399414062,682.0499877929688,683.0999755859375,678.0,683.0999755859375,3970390,INFY.NS
2018-08-06,548.198486328125,680.3250122070312,687.5,673.75,683.0250244140625,6178930,INFY.NS
2018-08-07,551.1396484375,683.9749755859375,689.9749755859375,680.3250122070312,687.0,7351528,INFY.NS
2018-08-08,549.0446166992188,681.375,686.25,676.6500244140625,685.9000244140625,3992358,INFY.NS
2018-08-09,555.9744262695312,689.9749755859375,694.7249755859375,686.8250122070312,686.8250122070312,6409524,INFY.NS
2018-08-10,558.190185546875,692.7249755859375,694.5,686.5250244140625,692.9000244140625,4779520,INFY.NS
2018-08-13,567.5777587890625,704.375,704.9249877929688,689.3499755859375,695.0,9979746,INFY.NS
2018-08-14,567.3963623046875,704.1500244140625,712.2750244140625,702.0,706.9749755859375,6151320,INFY.NS
2018-08-16,575.9579467773438,714.7750244140625,717.4500122070312,705.625,707.4749755859375,6626774,INFY.NS
2018-08-17,576.2803344726562,715.1749877929688,718.8250122070312,711.5,715.4500122070312,6390408,INFY.NS
2018-08-20,557.7069091796875,692.125,703.9749755859375,686.75,694.0,16101876,INFY.NS
2018-08-21,557.5859375,691.9749755859375,698.0,686.875,695.0,8361482,INFY.NS
2018-08-23,563.0048828125,698.7000122070312,700.75,692.6749877929688,696.5,7717182,INFY.NS
2018-08-24,555.3096923828125,689.1500244140625,700.9500122070312,688.0499877929688,698.25,7053000,INFY.NS
2018-08-27,570.2568359375,707.7000122070312,709.9749755859375,690.7000122070312,691.5,7012950,INFY.NS
2018-08-28,574.0038452148438,712.3499755859375,719.2000122070312,705.75,708.5999755859375,6496890,INFY.NS
2018-08-29,568.1217651367188,705.0499877929688,716.7999877929688,702.5750122070312,716.7999877929688,5646496,INFY.NS
2018-08-30,570.5791625976562,708.0999755859375,710.7750244140625,698.0750122070312,706.4000244140625,11507962,INFY.NS
2018-08-31,580.6114501953125,720.5499877929688,727.1500244140625,710.5499877929688,712.5499877929688,10875864,INFY.NS
2018-09-03,577.8516235351562,717.125,733.9500122070312,715.0,724.5,10976328,INFY.NS
2018-09-04,593.9874267578125,737.1500244140625,748.5,716.0,722.0,15370124,INFY.NS
2018-09-05,588.1454467773438,729.9000244140625,744.0499877929688,725.4000244140625,741.9500122070312,8658978,INFY.NS
2018-09-06,585.9297485351562,727.1500244140625,735.5,724.0999755859375,732.5499877929688,5598659,INFY.NS
2018-09-07,590.4822998046875,732.7999877929688,735.1500244140625,723.7999877929688,734.3499755859375,6510605,INFY.NS
2018-09-10,588.9110107421875,730.8499755859375,747.0,729.4000244140625,737.75,5629871,INFY.NS
2018-09-11,591.6910400390625,734.2999877929688,744.75,732.0,735.9000244140625,6963561,INFY.NS
2018-09-12,598.6207275390625,742.9000244140625,746.5,736.25,744.4000244140625,4636617,INFY.NS
2018-09-14,591.2074584960938,733.7000122070312,745.0,729.0499877929688,741.9000244140625,7896514,INFY.NS
2018-09-17,584.9627075195312,725.9500122070312,740.0,724.5999755859375,735.0,5427054,INFY.NS
2018-09-18,579.4429931640625,719.0999755859375,730.0,717.0,730.0,7729732,INFY.NS
2018-09-19,579.9667358398438,719.75,727.0,713.2000122070312,727.0,4849498,INFY.NS
2018-09-21,568.3231201171875,705.2999877929688,717.4000244140625,692.0,713.8499755859375,14350769,INFY.NS
2018-09-24,578.7579956054688,718.25,729.9500122070312,706.5,706.5,8637881,INFY.NS
2018-09-25,585.1640014648438,726.2000122070312,736.0,717.0,718.25,9602273,INFY.NS
2018-09-26,578.4358520507812,717.8499755859375,731.8499755859375,712.0,731.2000122070312,6599606,INFY.NS
2018-09-27,584.0360107421875,724.7999877929688,730.7999877929688,717.4500122070312,722.0,14592616,INFY.NS
2018-09-28,588.266357421875,730.0499877929688,734.5499877929688,715.2000122070312,721.0,7490031,INFY.NS
2018-10-01,601.642578125,746.6500244140625,754.9000244140625,733.0,737.5,8252398,INFY.NS
2018-10-03,587.0173950195312,728.5,751.9500122070312,726.2999877929688,743.7999877929688,7792464,INFY.NS
2018-10-04,569.8541259765625,707.2000122070312,729.75,702.5,728.5,6173037,INFY.NS
2018-10-05,583.8746948242188,724.5999755859375,731.5,709.2999877929688,713.0,8543578,INFY.NS
2018-10-08,575.696044921875,714.4500122070312,728.7000122070312,709.25,725.0499877929688,7259306,INFY.NS
2018-10-09,578.355224609375,717.75,722.4000244140625,702.6500244140625,717.0999755859375,6777212,INFY.NS
2018-10-10,564.4150390625,700.4500122070312,719.9000244140625,695.4000244140625,719.9000244140625,8866251,INFY.NS
2018-10-11,542.5781860351562,673.3499755859375,692.9000244140625,663.2999877929688,685.0,10985897,INFY.NS
2018-10-12,546.9696655273438,678.7999877929688,684.0499877929688,661.5,676.4000244140625,8909221,INFY.NS
2018-10-15,563.0853271484375,698.7999877929688,705.0,681.5,688.5999755859375,6222176,INFY.NS
2018-10-16,560.2249145507812,695.25,713.9000244140625,689.4000244140625,710.0,11588963,INFY.NS
2018-10-17,568.3633422851562,705.3499755859375,721.7999877929688,701.3499755859375,710.0,20360697,INFY.NS
2018-10-19,550.7972412109375,683.5499877929688,687.7000122070312,678.0,687.0,10421001,INFY.NS
2018-10-22,547.8963623046875,679.9500122070312,695.0499877929688,673.7999877929688,688.7000122070312,6672840,INFY.NS
2018-10-23,529.8869018554688,657.5999755859375,682.0,653.2999877929688,675.9500122070312,9041701,INFY.NS
2018-10-24,523.601806640625,649.7999877929688,666.5,647.1500244140625,663.0,7058164,INFY.NS
2018-10-25,528.4484252929688,648.75,656.3499755859375,636.25,643.0,8270469,INFY.NS
2018-10-26,516.1077880859375,633.5999755859375,648.7000122070312,629.9000244140625,645.2999877929688,5464141,INFY.NS
2018-10-29,525.1902465820312,644.75,650.5499877929688,631.5,633.7000122070312,7137446,INFY.NS
2018-10-30,537.2864990234375,659.5999755859375,663.7999877929688,637.4500122070312,641.0999755859375,8793411,INFY.NS
2018-10-31,559.1168212890625,686.4000244140625,692.9500122070312,663.0499877929688,663.9000244140625,11947995,INFY.NS
2018-11-01,543.0698852539062,666.7000122070312,689.7000122070312,659.5999755859375,689.7000122070312,5860244,INFY.NS
2018-11-02,539.4450073242188,662.25,675.7999877929688,660.0999755859375,665.9500122070312,6654067,INFY.NS
2018-11-05,542.4995727539062,666.0,668.5999755859375,657.0,663.5,5799426,INFY.NS
2018-11-06,542.8662719726562,666.4500122070312,675.0,660.6500244140625,667.9000244140625,6975525,INFY.NS
2018-11-07,550.2381591796875,675.5,677.5,672.0,673.0,758956,INFY.NS
2018-11-09,537.2049560546875,659.5,679.0,655.5,679.0,9694143,INFY.NS
2018-11-12,541.0335083007812,664.2000122070312,676.4000244140625,662.2999877929688,666.0,7118080,INFY.NS
2018-11-13,542.2553100585938,665.7000122070312,667.75,656.2999877929688,663.5,4137808,INFY.NS
2018-11-14,532.0733032226562,653.2000122070312,665.7000122070312,640.5,665.7000122070312,7323026,INFY.NS
2018-11-15,534.6798095703125,656.4000244140625,666.0,646.7000122070312,654.0,5513390,INFY.NS
2018-11-16,530.1589965820312,650.8499755859375,662.5,644.2000122070312,659.9000244140625,8583785,INFY.NS
2018-11-19,530.8514404296875,651.7000122070312,662.0,649.25,659.0,6018930,INFY.NS
2018-11-20,522.4615478515625,641.4000244140625,656.0,640.0999755859375,651.7000122070312,5384830,INFY.NS
2018-11-21,504.296630859375,619.0999755859375,640.0499877929688,612.0999755859375,640.0,14359086,INFY.NS
2018-11-22,505.640625,620.75,628.1500244140625,616.75,622.25,6632975,INFY.NS
2018-11-26,506.2107849121094,621.4500122070312,628.0,599.8499755859375,621.0,15075209,INFY.NS
2018-11-27,520.425048828125,638.9000244140625,641.0,625.2999877929688,625.5,12285851,INFY.NS
2018-11-28,542.8255615234375,666.4000244140625,668.7000122070312,640.0,640.9500122070312,17719890,INFY.NS
2018-11-29,538.4677124023438,661.0499877929688,674.9000244140625,658.7999877929688,671.0,13399070,INFY.NS
2018-11-30,543.6807861328125,667.4500122070312,672.0,660.9500122070312,661.0,10445773,INFY.NS
2018-12-03,546.0430297851562,670.3499755859375,679.0,665.9500122070312,673.1500244140625,8260890,INFY.NS
2018-12-04,558.1800537109375,685.25,688.25,671.2999877929688,672.5499877929688,7827923,INFY.NS
2018-12-05,555.0439453125,681.4000244140625,683.6500244140625,672.5,683.0,5177288,INFY.NS
2018-12-06,544.5360107421875,668.5,685.4500122070312,664.5499877929688,676.0999755859375,8039771,INFY.NS
2018-12-07,556.184326171875,682.7999877929688,685.75,665.5999755859375,672.0,5553948,INFY.NS
2018-12-10,545.1063842773438,669.2000122070312,683.7999877929688,665.2000122070312,669.9000244140625,5121196,INFY.NS
2018-12-11,549.4235229492188,674.5,681.9000244140625,660.5999755859375,669.2000122070312,7120933,INFY.NS
2018-12-12,552.681640625,678.5,680.6500244140625,670.5999755859375,677.0999755859375,6926183,INFY.NS
2018-12-13,568.3619384765625,697.75,700.0,680.0,682.0,7521474,INFY.NS
2018-12-14,575.123046875,706.0499877929688,713.7000122070312,694.4000244140625,697.4500122070312,9560576,INFY.NS
2018-12-17,565.63330078125,694.4000244140625,711.8499755859375,692.75,711.8499755859375,4778465,INFY.NS
2018-12-18,551.134033203125,676.5999755859375,686.5,674.5499877929688,686.5,8021298,INFY.NS
2018-12-19,541.5628662109375,664.8499755859375,671.5499877929688,661.0999755859375,671.5499877929688,8295459,INFY.NS
2018-12-20,543.35498046875,667.0499877929688,671.5499877929688,656.4000244140625,660.0,11705260,INFY.NS
2018-12-21,526.3712768554688,646.2000122070312,659.5,643.4500122070312,659.5,12802132,INFY.NS
2018-12-24,528.652099609375,649.0,658.7999877929688,647.5999755859375,657.0,8379825,INFY.NS
2018-12-26,524.6199340820312,644.0499877929688,647.0,637.3499755859375,647.0,6178552,INFY.NS
2018-12-27,535.005615234375,656.7999877929688,663.25,649.0,652.75,15333902,INFY.NS
2018-12-28,535.1279296875,656.9500122070312,663.5,653.2999877929688,663.3499755859375,4736598,INFY.NS
2018-12-31,536.7570190429688,658.9500122070312,662.0,655.7999877929688,660.0,3373319,INFY.NS
2019-01-01,541.725830078125,665.0499877929688,666.2999877929688,654.1500244140625,660.9500122070312,2943390,INFY.NS
2019-01-02,544.9840698242188,669.0499877929688,674.0,662.0499877929688,666.0,7416655,INFY.NS
2019-01-03,545.0656127929688,669.1500244140625,677.0,663.0999755859375,672.0,6827249,INFY.NS
2019-01-04,538.4677124023438,661.0499877929688,673.9000244140625,651.0,671.75,7889310,INFY.NS
2019-01-07,547.1426391601562,671.7000122070312,673.5999755859375,661.5,665.0,8046340,INFY.NS
2019-01-08,545.798583984375,670.0499877929688,677.4500122070312,668.5499877929688,674.9500122070312,8621545,INFY.NS
2019-01-09,550.726806640625,676.0999755859375,689.7999877929688,664.0,686.2000122070312,18130292,INFY.NS
2019-01-10,553.6591796875,679.7000122070312,682.0,672.5499877929688,681.5999755859375,9572493,INFY.NS
2019-01-11,556.7544555664062,683.5,685.5,672.5,680.2000122070312,12281903,INFY.NS
2019-01-14,571.7424926757812,701.9000244140625,710.2000122070312,695.9500122070312,707.0,19312937,INFY.NS
2019-01-15,591.8621215820312,726.5999755859375,730.0,707.2000122070312,707.2000122070312,19671304,INFY.NS
2019-01-16,600.1707763671875,736.7999877929688,737.7999877929688,728.5,729.9000244140625,9658944,INFY.NS
2019-01-17,597.3605346679688,733.3499755859375,739.0,729.0999755859375,735.7999877929688,6903771,INFY.NS
2019-01-18,595.4056396484375,730.9500122070312,736.2000122070312,726.2999877929688,730.0,5902151,INFY.NS
2019-01-21,606.8502807617188,745.0,751.0,734.0,738.2000122070312,8129422,INFY.NS
2019-01-22,607.13525390625,745.3499755859375,749.0,734.0,741.25,6723375,INFY.NS
2019-01-23,595.975830078125,731.6500244140625,742.5999755859375,729.2000122070312,742.3499755859375,7212099,INFY.NS
2019-01-24,599.53857421875,732.0,736.0999755859375,721.0,728.0999755859375,7429783,INFY.NS
2019-01-25,598.1871948242188,730.3499755859375,737.9000244140625,724.25,728.0,5543112,INFY.NS
2019-01-28,596.2214965820312,727.9500122070312,732.5999755859375,719.0,731.0,7944693,INFY.NS
2019-01-29,596.1805419921875,727.9000244140625,732.8499755859375,716.5,725.5,6760819,INFY.NS
2019-01-30,594.5426025390625,725.9000244140625,734.7999877929688,721.0999755859375,727.9000244140625,5763026,INFY.NS
2019-01-31,613.912841796875,749.5499877929688,751.2999877929688,726.0,726.0,13825233,INFY.NS
2019-02-01,620.0556030273438,757.0499877929688,762.5,744.5,751.3499755859375,6276585,INFY.NS
2019-02-04,619.1137084960938,755.9000244140625,762.5,749.2000122070312,757.0,3945391,INFY.NS
2019-02-05,618.2538452148438,754.8499755859375,759.9500122070312,747.0,747.0,4694366,INFY.NS
2019-02-06,625.1746215820312,763.2999877929688,766.9500122070312,754.3499755859375,755.5499877929688,5880482,INFY.NS
2019-02-07,625.7479248046875,764.0,769.4500122070312,761.0,763.0499877929688,3961797,INFY.NS
2019-02-08,623.2089233398438,760.9000244140625,772.25,754.9000244140625,760.0,5915169,INFY.NS
2019-02-11,624.76513671875,762.7999877929688,768.75,759.0,766.9000244140625,5500216,INFY.NS
2019-02-12,614.650146484375,750.4500122070312,760.3499755859375,741.0,760.3499755859375,7310690,INFY.NS
2019-02-14,606.1318969726562,740.0499877929688,753.0,737.25,751.0,4610535,INFY.NS
2019-02-15,607.6881103515625,741.9500122070312,746.5,732.5999755859375,742.2999877929688,5586389,INFY.NS
2019-02-18,606.9509887695312,741.0499877929688,747.6500244140625,736.0,742.3499755859375,5346825,INFY.NS
2019-02-19,593.2319946289062,724.2999877929688,740.5499877929688,721.2999877929688,739.0999755859375,9401334,INFY.NS
2019-02-20,606.66455078125,740.7000122070312,743.0,726.0499877929688,727.0,5210675,INFY.NS
2019-02-21,600.726318359375,733.4500122070312,738.0,727.0999755859375,738.0,7202786,INFY.NS
2019-02-22,601.9548950195312,734.9500122070312,738.2000122070312,728.0,732.5,3750833,INFY.NS
2019-02-25,618.2947998046875,754.9000244140625,758.0,735.5499877929688,735.5499877929688,6547552,INFY.NS
2019-02-26,608.1386108398438,742.5,752.5999755859375,740.1500244140625,748.5999755859375,8319610,INFY.NS
2019-02-27,602.200439453125,735.25,746.4000244140625,732.75,745.0,5936354,INFY.NS
2019-02-28,601.4224243164062,734.2999877929688,742.4000244140625,732.2999877929688,738.7000122070312,8559921,INFY.NS
2019-03-01,607.6471557617188,741.9000244140625,743.4000244140625,735.5,735.5,3998826,INFY.NS
2019-03-05,599.9481201171875,732.5,742.5,730.25,740.5,4826505,INFY.NS
2019-03-06,599.9481201171875,732.5,736.0999755859375,727.0,736.0999755859375,6076668,INFY.NS
2019-03-07,592.1264038085938,722.9500122070312,734.5,720.5499877929688,734.0,5951551,INFY.NS
2019-03-08,583.4444580078125,712.3499755859375,722.9500122070312,710.6500244140625,722.9500122070312,7193994,INFY.NS
2019-03-11,582.5435791015625,711.25,718.5,709.4000244140625,713.2999877929688,9932198,INFY.NS
2019-03-12,579.021728515625,706.9500122070312,714.9500122070312,705.5999755859375,709.0,11997387,INFY.NS
2019-03-13,580.2503051757812,708.4500122070312,718.5999755859375,706.2999877929688,710.0,11348867,INFY.NS
2019-03-14,580.1683349609375,708.3499755859375,714.9000244140625,706.2000122070312,714.0,6415187,INFY.NS
2019-03-15,588.5225219726562,718.5499877929688,723.75,709.5999755859375,712.0,14638664,INFY.NS
2019-03-18,581.6836547851562,710.2000122070312,723.7000122070312,705.3499755859375,721.5499877929688,8065544,INFY.NS
2019-03-19,591.5530395507812,722.25,726.5,707.4000244140625,712.7999877929688,8917337,INFY.NS
2019-03-20,605.2310180664062,738.9500122070312,742.2999877929688,727.1500244140625,727.25,13471173,INFY.NS
2019-03-22,608.6300048828125,743.0999755859375,746.3499755859375,732.2999877929688,745.0,8883260,INFY.NS
2019-03-25,602.200439453125,735.25,742.4000244140625,730.5499877929688,742.4000244140625,7644966,INFY.NS
2019-03-26,596.0577392578125,727.75,735.25,719.0999755859375,735.25,9406261,INFY.NS
2019-03-27,597.6549072265625,729.7000122070312,732.2999877929688,727.1500244140625,730.0,7387487,INFY.NS
2019-03-28,604.2891235351562,737.7999877929688,745.0,730.0,730.0,9277241,INFY.NS
2019-04-01,618.4584350585938,755.0999755859375,760.0,742.0,742.0,6584982,INFY.NS
2019-04-02,621.9803466796875,759.4000244140625,765.7999877929688,754.5999755859375,759.0,7283600,INFY.NS
2019-04-03,616.984130859375,753.2999877929688,758.5,746.7999877929688,756.0,6897127,INFY.NS
2019-04-04,612.5614624023438,747.9000244140625,753.7999877929688,745.0999755859375,751.4000244140625,7688525,INFY.NS
2019-04-05,621.8984985351562,759.2999877929688,760.9500122070312,748.0,750.9000244140625,6276040,INFY.NS
2019-04-08,628.4097900390625,767.25,770.0,755.4000244140625,763.0499877929688,4919911,INFY.NS
2019-04-09,622.9631958007812,760.5999755859375,773.0,758.2000122070312,770.0,6730692,INFY.NS
2019-04-10,616.4928588867188,752.7000122070312,766.7000122070312,751.2999877929688,764.0,7031088,INFY.NS
2019-04-11,608.3024291992188,742.7000122070312,751.75,740.0499877929688,751.75,8200995,INFY.NS
2019-04-12,612.4385375976562,747.75,751.5499877929688,740.5999755859375,743.0999755859375,7043212,INFY.NS
2019-04-15,595.8529052734375,727.5,731.3499755859375,712.5999755859375,724.7000122070312,31574803,INFY.NS
2019-04-16,593.0681762695312,724.0999755859375,727.9000244140625,714.0999755859375,727.9000244140625,12524411,INFY.NS
2019-04-18,587.2940063476562,717.0499877929688,722.5,712.75,722.5,13801105,INFY.NS
2019-04-22,590.570068359375,721.0499877929688,725.75,715.0,717.0499877929688,6455426,INFY.NS
2019-04-23,596.4263305664062,728.2000122070312,730.0,718.4000244140625,723.9000244140625,5516668,INFY.NS
2019-04-24,603.1834106445312,736.4500122070312,737.9000244140625,724.0,728.2000122070312,8285120,INFY.NS
2019-04-25,596.7129516601562,728.5499877929688,737.6500244140625,727.0499877929688,736.4500122070312,8005235,INFY.NS
2019-04-26,604.4528198242188,738.0,739.7999877929688,729.0,731.0,6895168,INFY.NS
2019-04-30,615.386962890625,751.3499755859375,753.7999877929688,738.0,738.0,9920046,INFY.NS
2019-05-02,598.5557250976562,730.7999877929688,748.4000244140625,729.5,747.0,6351352,INFY.NS
2019-05-03,592.65869140625,723.5999755859375,731.0,718.2000122070312,722.9000244140625,6348116,INFY.NS
2019-05-06,588.3997192382812,718.4000244140625,721.7999877929688,710.6500244140625,715.0,8858265,INFY.NS
2019-05-07,593.4368286132812,724.5499877929688,727.9000244140625,718.7000122070312,720.4000244140625,5747536,INFY.NS
2019-05-08,589.177734375,719.3499755859375,726.0,716.5,721.0,6247642,INFY.NS
2019-05-09,590.570068359375,721.0499877929688,730.2999877929688,715.7999877929688,719.1500244140625,7396525,INFY.NS
2019-05-10,587.130126953125,716.8499755859375,726.0,715.0,720.7999877929688,8352335,INFY.NS
2019-05-13,589.46435546875,719.7000122070312,726.4500122070312,712.0999755859375,716.5499877929688,6808993,INFY.NS
2019-05-14,584.6730346679688,713.8499755859375,717.75,703.5999755859375,716.5,10513001,INFY.NS
2019-05-15,586.515869140625,716.0999755859375,725.2000122070312,712.5999755859375,714.9000244140625,6668929,INFY.NS
2019-05-16,600.4395751953125,733.0999755859375,737.0,719.0999755859375,720.0,6468556,INFY.NS
2019-05-17,592.9044799804688,723.9000244140625,735.7999877929688,720.0999755859375,733.1500244140625,8155948,INFY.NS
2019-05-20,591.6759033203125,722.4000244140625,726.4000244140625,706.0,719.7000122070312,11213708,INFY.NS
2019-05-21,580.9464111328125,709.2999877929688,722.6500244140625,707.7000122070312,722.6500244140625,8645535,INFY.NS
2019-05-22,581.3148803710938,709.75,718.25,707.0,710.0,5795713,INFY.NS
2019-05-23,574.1893920898438,701.0499877929688,716.7000122070312,697.4500122070312,715.0,7233736,INFY.NS
2019-05-24,580.8645629882812,709.2000122070312,711.75,700.4500122070312,703.7999877929688,7016424,INFY.NS
2019-05-27,579.9634399414062,708.0999755859375,713.7999877929688,705.5,707.4000244140625,10247544,INFY.NS
2019-05-28,596.3443603515625,728.0999755859375,733.4500122070312,709.7999877929688,712.0,23860490,INFY.NS
2019-05-29,596.0986328125,727.7999877929688,733.6500244140625,723.6500244140625,725.5,10293077,INFY.NS
2019-05-30,600.8081665039062,733.5499877929688,737.25,722.5499877929688,727.0,15089296,INFY.NS
2019-05-31,604.2481079101562,737.75,742.9500122070312,733.2000122070312,736.5,8290306,INFY.NS
2019-06-03,609.8995361328125,744.6500244140625,750.9000244140625,729.0,729.7999877929688,7744761,INFY.NS
2019-06-04,602.241455078125,735.2999877929688,739.4500122070312,733.1500244140625,737.25,11733702,INFY.NS
2019-06-06,602.4871826171875,735.5999755859375,744.6500244140625,733.6500244140625,736.5,7563925,INFY.NS
2019-06-07,605.3538208007812,739.0999755859375,743.9500122070312,735.8499755859375,735.8499755859375,3218358,INFY.NS
2019-06-10,617.1480712890625,753.5,754.0999755859375,740.0999755859375,740.0999755859375,4435148,INFY.NS
2019-06-11,618.2947998046875,754.9000244140625,759.0,750.5,755.0,5733127,INFY.NS
2019-06-12,617.3937377929688,753.7999877929688,756.9500122070312,745.0,756.9500122070312,8738342,INFY.NS
2019-06-13,616.8539428710938,742.6500244140625,747.2000122070312,740.0,740.0,4808577,INFY.NS
2019-06-14,615.0265502929688,740.4500122070312,745.5,738.25,743.8499755859375,5556353,INFY.NS
2019-06-17,615.1095581054688,740.5499877929688,744.5,737.7999877929688,743.0,3085588,INFY.NS
2019-06-18,623.0833129882812,750.1500244140625,752.4500122070312,740.2000122070312,740.2000122070312,6202838,INFY.NS
2019-06-19,624.5369873046875,751.9000244140625,755.4000244140625,748.5999755859375,752.5,4596253,INFY.NS
2019-06-20,627.0289916992188,754.9000244140625,756.9000244140625,735.9000244140625,737.7999877929688,7148684,INFY.NS
2019-06-21,623.125,750.2000122070312,755.0,747.1500244140625,755.0,13200318,INFY.NS
2019-06-24,619.22119140625,745.5,751.9000244140625,742.6500244140625,751.9000244140625,4758178,INFY.NS
2019-06-25,621.3805541992188,748.0999755859375,750.9000244140625,737.2999877929688,744.0,3677911,INFY.NS
2019-06-26,613.98828125,739.2000122070312,751.4500122070312,738.0,743.0,5447130,INFY.NS
2019-06-27,606.803466796875,730.5499877929688,744.7000122070312,728.1500244140625,742.0,11122346,INFY.NS
2019-06-28,608.0077514648438,732.0,739.5,728.5,735.5,5919494,INFY.NS
2019-07-01,607.4263916015625,731.2999877929688,737.5,729.8499755859375,735.0,3224968,INFY.NS
2019-07-02,614.6527709960938,740.0,741.6500244140625,730.0999755859375,734.0,4837606,INFY.NS
2019-07-03,607.4263916015625,731.2999877929688,743.2000122070312,730.0,741.0,5958379,INFY.NS
2019-07-04,609.5029296875,733.7999877929688,736.4000244140625,728.5999755859375,729.0,3274064,INFY.NS
2019-07-05,596.3792724609375,718.0,736.4000244140625,713.5,735.0,4926289,INFY.NS
2019-07-08,596.0469360351562,717.5999755859375,724.9500122070312,712.2999877929688,716.4500122070312,7177092,INFY.NS
2019-07-09,594.3026733398438,715.5,719.8499755859375,709.0499877929688,718.0,5022638,INFY.NS
2019-07-10,595.7562255859375,717.25,722.7000122070312,706.5,709.0,7573816,INFY.NS
2019-07-11,599.2864379882812,721.5,723.5,709.5999755859375,719.4500122070312,6252688,INFY.NS
2019-07-12,603.6470336914062,726.75,730.5999755859375,719.5999755859375,722.5,7874441,INFY.NS
2019-07-15,647.3373413085938,779.3499755859375,781.6500244140625,754.2000122070312,763.0,31064152,INFY.NS
2019-07-16,651.9056396484375,784.8499755859375,787.7999877929688,776.0,777.0,9924322,INFY.NS
2019-07-17,659.6304321289062,794.1500244140625,795.0,776.75,783.9000244140625,6754348,INFY.NS
2019-07-18,658.4260864257812,792.7000122070312,798.5,786.2000122070312,789.0499877929688,6534471,INFY.NS
2019-07-19,652.3626098632812,785.4000244140625,794.5,781.25,788.7000122070312,6812754,INFY.NS
2019-07-22,651.5319213867188,784.4000244140625,792.0,782.0499877929688,785.9500122070312,7107151,INFY.NS
2019-07-23,656.224853515625,790.0499877929688,804.0,785.5499877929688,787.0,10782564,INFY.NS
2019-07-24,653.1100463867188,786.2999877929688,793.75,783.5999755859375,788.0,5745146,INFY.NS
2019-07-25,659.921142578125,794.5,800.2000122070312,787.6500244140625,788.25,9773568,INFY.NS
2019-07-26,653.69140625,787.0,795.0,782.2000122070312,792.2999877929688,4941763,INFY.NS
2019-07-29,657.3877563476562,791.4500122070312,796.9500122070312,786.2000122070312,789.5,6244316,INFY.NS
2019-07-30,658.4260864257812,792.7000122070312,797.7999877929688,788.5499877929688,791.9000244140625,8673253,INFY.NS
2019-07-31,659.2150268554688,793.6500244140625,799.7999877929688,781.5999755859375,790.8499755859375,7350584,INFY.NS
2019-08-01,638.6159057617188,768.8499755859375,788.4000244140625,764.4000244140625,786.4500122070312,10066407,INFY.NS
2019-08-02,644.222412109375,775.5999755859375,779.9000244140625,762.25,765.0499877929688,10838336,INFY.NS
2019-08-05,645.1361694335938,776.7000122070312,785.9000244140625,768.6500244140625,772.5999755859375,9976238,INFY.NS
2019-08-06,643.2672729492188,774.4500122070312,783.7000122070312,769.7999877929688,778.7999877929688,9331718,INFY.NS
2019-08-07,644.6377563476562,776.0999755859375,783.4500122070312,772.3499755859375,778.9000244140625,5130457,INFY.NS
2019-08-08,655.14501953125,788.75,792.75,781.25,782.7000122070312,8009009,INFY.NS
2019-08-09,656.0587158203125,789.8499755859375,796.75,784.7999877929688,792.0,4362520,INFY.NS
2019-08-13,635.2103271484375,764.75,786.0,760.1500244140625,784.1500244140625,7517099,INFY.NS
2019-08-14,643.5582275390625,774.7999877929688,778.25,768.0,775.0999755859375,5940968,INFY.NS
2019-08-16,643.3504028320312,774.5499877929688,780.0499877929688,762.5,780.0,5128088,INFY.NS
2019-08-19,645.9252319335938,777.6500244140625,783.0,773.3499755859375,775.5999755859375,3881451,INFY.NS
2019-08-20,658.4675903320312,792.75,798.0,783.8499755859375,785.2000122070312,8435344,INFY.NS
2019-08-21,664.0325317382812,799.4500122070312,803.75,793.0,793.0,5926896,INFY.NS
2019-08-22,660.9177856445312,795.7000122070312,801.2999877929688,792.3499755859375,799.9000244140625,5222488,INFY.NS
2019-08-23,666.3167724609375,802.2000122070312,809.9500122070312,795.7999877929688,796.4500122070312,6895015,INFY.NS
2019-08-26,666.6075439453125,802.5499877929688,806.7999877929688,786.9000244140625,795.9000244140625,5412074,INFY.NS
2019-08-27,651.7396240234375,784.6500244140625,794.9500122070312,781.0999755859375,791.0,16061642,INFY.NS
2019-08-28,666.5660400390625,802.5,805.0,786.2999877929688,787.4000244140625,5881134,INFY.NS
2019-08-29,670.2620849609375,806.9500122070312,809.7000122070312,795.5,795.5,7830413,INFY.NS
2019-08-30,676.8655395507812,814.9000244140625,817.3499755859375,802.0,810.0,8174186,INFY.NS
2019-09-03,676.3256225585938,814.25,822.4000244140625,812.0499877929688,815.0,5647088,INFY.NS
2019-09-04,682.181396484375,821.2999877929688,822.4500122070312,810.25,810.75,6199015,INFY.NS
2019-09-05,692.7717895507812,834.0499877929688,837.5,826.6500244140625,830.0999755859375,7926895,INFY.NS
2019-09-06,697.8385009765625,840.1500244140625,847.0,835.0499877929688,843.2999877929688,6106841,INFY.NS
2019-09-09,688.6602783203125,829.0999755859375,840.2999877929688,827.5499877929688,836.7999877929688,4377870,INFY.NS
2019-09-11,681.1846313476562,820.0999755859375,828.5499877929688,814.1500244140625,822.2999877929688,7981036,INFY.NS
2019-09-12,678.1113891601562,816.4000244140625,819.8499755859375,810.8499755859375,816.4000244140625,4400017,INFY.NS
2019-09-13,688.8262329101562,829.2999877929688,831.0499877929688,817.5,818.0999755859375,4832021,INFY.NS
2019-09-16,687.4973754882812,827.7000122070312,837.9500122070312,820.5499877929688,832.0499877929688,4846496,INFY.NS
2019-09-17,690.4461059570312,831.25,835.0,820.5499877929688,831.5,5540901,INFY.NS
2019-09-18,689.2833251953125,829.8499755859375,832.9500122070312,824.0,829.9000244140625,3199389,INFY.NS
2019-09-19,681.68310546875,820.7000122070312,827.0,815.2000122070312,824.8499755859375,6601607,INFY.NS
2019-09-20,668.6425170898438,805.0,835.0,802.0,822.9000244140625,22462366,INFY.NS
2019-09-23,634.8780517578125,764.3499755859375,806.9000244140625,741.9000244140625,806.9000244140625,17279260,INFY.NS
2019-09-24,659.5472412109375,794.0499877929688,798.6500244140625,765.0,765.0,13717998,INFY.NS
2019-09-25,658.3844604492188,792.6500244140625,801.0,781.6500244140625,787.7000122070312,9313576,INFY.NS
2019-09-26,649.9952392578125,782.5499877929688,797.0,778.0999755859375,787.75,18442824,INFY.NS
2019-09-27,649.70458984375,782.2000122070312,794.25,780.0999755859375,787.0499877929688,5087642,INFY.NS
2019-09-30,669.1824340820312,805.6500244140625,808.0,784.1500244140625,785.0999755859375,8178091,INFY.NS
2019-10-01,659.1319580078125,793.5499877929688,807.5499877929688,791.5499877929688,807.0,5881438,INFY.NS
2019-10-03,652.5286865234375,785.5999755859375,797.8499755859375,784.1500244140625,792.5499877929688,5497672,INFY.NS
2019-10-04,659.0489501953125,793.4500122070312,797.5999755859375,787.0499877929688,790.0,8201713,INFY.NS
2019-10-07,655.8096313476562,789.5499877929688,802.0,786.0999755859375,794.8499755859375,3679845,INFY.NS
2019-10-09,650.9090576171875,783.6500244140625,795.9000244140625,778.7999877929688,795.4500122070312,6335025,INFY.NS
2019-10-10,650.4105834960938,783.0499877929688,794.7000122070312,776.5999755859375,785.4000244140625,10402917,INFY.NS
2019-10-11,676.782470703125,814.7999877929688,823.7999877929688,776.5999755859375,781.5,20636344,INFY.NS
2019-10-14,652.9439086914062,786.0999755859375,797.0,780.0,786.75,15150858,INFY.NS
2019-10-15,638.158935546875,768.2999877929688,775.9500122070312,765.0,773.0999755859375,13762133,INFY.NS
2019-10-16,640.7754516601562,771.4500122070312,775.9500122070312,761.5499877929688,765.25,10767032,INFY.NS
2019-10-17,639.15576171875,769.5,770.5499877929688,765.0999755859375,767.0,9860495,INFY.NS
2019-10-18,637.7852172851562,767.8499755859375,773.7999877929688,760.0,763.7999877929688,10037200,INFY.NS
2019-10-22,534.5402221679688,643.5499877929688,691.0999755859375,638.3499755859375,691.0999755859375,90152532,INFY.NS
2019-10-23,547.1982421875,650.5999755859375,656.6500244140625,615.0999755859375,630.0,60516887,INFY.NS
2019-10-24,534.3720092773438,635.3499755859375,653.2000122070312,632.0,650.0,25666433,INFY.NS
2019-10-25,536.1382446289062,637.4500122070312,652.5,636.0,647.0,16549337,INFY.NS
2019-10-27,545.7264404296875,648.8499755859375,652.5,645.5499877929688,651.0999755859375,2945281,INFY.NS
2019-10-29,547.2403564453125,650.6500244140625,653.75,647.0,651.0,16709764,INFY.NS
2019-10-30,555.6089477539062,660.5999755859375,671.4000244140625,656.2000122070312,660.4000244140625,22879467,INFY.NS
2019-10-31,576.6355590820312,685.5999755859375,695.4500122070312,666.0999755859375,668.4000244140625,27405901,INFY.NS
2019-11-01,578.5701293945312,687.9000244140625,694.0,682.5999755859375,690.0,9713519,INFY.NS
2019-11-04,596.3165283203125,709.0,732.5,678.1500244140625,681.7999877929688,29381982,INFY.NS
2019-11-05,585.4669189453125,696.0999755859375,708.75,691.5,708.75,12897805,INFY.NS
2019-11-06,599.0921020507812,712.2999877929688,721.5,692.0,695.7999877929688,21372589,INFY.NS
2019-11-07,605.6524047851562,720.0999755859375,724.3499755859375,712.0999755859375,717.0,13733737,INFY.NS
2019-11-08,595.6016845703125,708.1500244140625,724.25,705.5,722.0,8585630,INFY.NS
2019-11-11,592.4476928710938,704.4000244140625,707.2000122070312,698.0,698.9000244140625,6951494,INFY.NS
2019-11-13,581.4716186523438,691.3499755859375,700.0,687.75,696.5,9973690,INFY.NS
2019-11-14,593.20458984375,705.2999877929688,709.7999877929688,696.3499755859375,696.3499755859375,10539902,INFY.NS
2019-11-15,592.0271606445312,703.9000244140625,712.9500122070312,702.2999877929688,709.0499877929688,7362623,INFY.NS
2019-11-18,593.12060546875,705.2000122070312,710.0,699.2999877929688,705.0,7490916,INFY.NS
2019-11-19,599.5548095703125,712.8499755859375,714.0,705.0,709.9000244140625,6495885,INFY.NS
2019-11-20,599.6807250976562,713.0,715.0,705.0,712.7999877929688,6142171,INFY.NS
2019-11-21,599.8911743164062,713.25,721.4500122070312,710.5,715.5,9692973,INFY.NS
2019-11-22,583.0277099609375,693.2000122070312,712.0,685.0999755859375,711.75,14415826,INFY.NS
2019-11-25,587.1488647460938,698.0999755859375,705.1500244140625,693.2000122070312,693.3499755859375,7334511,INFY.NS
2019-11-26,580.8409423828125,690.5999755859375,707.25,686.0,705.0,27253106,INFY.NS
2019-11-27,585.1724853515625,695.75,697.6500244140625,690.0999755859375,694.25,3861635,INFY.NS
2019-11-28,590.3028564453125,701.8499755859375,703.3499755859375,694.0499877929688,699.0999755859375,4837683,INFY.NS
2019-11-29,585.6770629882812,696.3499755859375,702.2999877929688,691.5499877929688,700.9000244140625,4262379,INFY.NS
2019-12-02,582.607177734375,692.7000122070312,704.0,690.2999877929688,703.0999755859375,9383736,INFY.NS
2019-12-03,587.3592529296875,698.3499755859375,699.7000122070312,688.5499877929688,692.7000122070312,5239013,INFY.NS
2019-12-04,596.1904907226562,708.8499755859375,710.5,693.3499755859375,697.0,7427886,INFY.NS
2019-12-05,601.23681640625,714.8499755859375,715.9000244140625,703.7999877929688,706.4500122070312,4814422,INFY.NS
2019-12-06,601.4471435546875,715.0999755859375,720.0,709.5999755859375,715.9500122070312,5226096,INFY.NS
2019-12-09,603.25537109375,717.25,722.3499755859375,714.25,716.0,6435865,INFY.NS
2019-12-10,600.9845581054688,714.5499877929688,718.5,710.0,713.0,4457939,INFY.NS
2019-12-11,606.4514770507812,721.0499877929688,722.7000122070312,713.0,716.5999755859375,6043554,INFY.NS
2019-12-12,590.5132446289062,702.0999755859375,720.7000122070312,699.5499877929688,718.5,11112042,INFY.NS
2019-12-13,598.2510375976562,711.2999877929688,712.9000244140625,700.3499755859375,700.3499755859375,10302412,INFY.NS
2019-12-16,600.5219116210938,714.0,720.2000122070312,710.2000122070312,712.2999877929688,5616324,INFY.NS
2019-12-17,613.7267456054688,729.7000122070312,731.25,715.0,719.7000122070312,10525565,INFY.NS
2019-12-18,616.0396728515625,732.4500122070312,737.2999877929688,722.75,731.0,12215295,INFY.NS
2019-12-19,614.69384765625,730.8499755859375,735.9500122070312,724.5999755859375,733.5,7199210,INFY.NS
2019-12-20,615.2826538085938,731.5499877929688,735.0,728.25,731.0,7794167,INFY.NS
2019-12-23,619.0255126953125,736.0,737.2999877929688,731.6500244140625,732.1500244140625,4975608,INFY.NS
2019-12-24,616.838623046875,733.4000244140625,736.9500122070312,728.2999877929688,736.9500122070312,2890759,INFY.NS
2019-12-26,613.095947265625,728.9500122070312,734.5499877929688,726.5499877929688,732.0,3821806,INFY.NS
2019-12-27,619.8245239257812,736.9500122070312,737.5,728.8499755859375,729.75,3399094,INFY.NS
2019-12-30,616.4181518554688,732.9000244140625,737.9500122070312,727.25,736.0999755859375,5368416,INFY.NS
2019-12-31,614.9462280273438,731.1500244140625,737.75,725.4500122070312,729.7000122070312,6927885,INFY.NS
2020-01-01,619.7403564453125,736.8499755859375,740.0,732.5499877929688,735.0,2112415,INFY.NS
2020-01-02,617.9320678710938,734.7000122070312,740.7999877929688,730.9000244140625,738.9000244140625,5658200,INFY.NS
2020-01-03,627.4360961914062,746.0,748.0,733.9000244140625,733.9000244140625,7882938,INFY.NS
2020-01-06,621.4224243164062,738.8499755859375,753.7999877929688,736.5,746.0999755859375,6519403,INFY.NS
2020-01-07,612.2127685546875,727.9000244140625,742.5999755859375,725.0999755859375,738.0,7899363,INFY.NS
2020-01-08,604.0543823242188,718.2000122070312,729.0,708.2999877929688,724.9500122070312,8639443,INFY.NS
2020-01-09,611.9183959960938,727.5499877929688,731.5,714.2999877929688,721.7000122070312,13521186,INFY.NS
2020-01-10,620.833740234375,738.1500244140625,742.9000244140625,730.5,740.4500122070312,9341405,INFY.NS
2020-01-13,650.607421875,773.5499877929688,777.5,755.0,760.0,36952038,INFY.NS
2020-01-14,652.3736572265625,775.6500244140625,776.9500122070312,767.2000122070312,769.9500122070312,11414418,INFY.NS
2020-01-15,645.5610961914062,767.5499877929688,773.8499755859375,762.1500244140625,773.8499755859375,6047430,INFY.NS
2020-01-16,645.0985107421875,767.0,772.5,760.25,770.7000122070312,5740586,INFY.NS
2020-01-17,645.8133544921875,767.8499755859375,772.9000244140625,762.25,770.7000122070312,3762957,INFY.NS
2020-01-20,646.3179931640625,768.4500122070312,774.4000244140625,762.9500122070312,771.5999755859375,3887680,INFY.NS
2020-01-21,641.3137817382812,762.5,770.5,760.75,768.4500122070312,4448374,INFY.NS
2020-01-22,647.7899169921875,770.2000122070312,778.0,766.0,768.4500122070312,9733935,INFY.NS
2020-01-23,659.69091796875,784.3499755859375,785.5,776.7000122070312,777.0999755859375,12528017,INFY.NS
2020-01-24,658.3452758789062,782.75,786.5,773.5999755859375,775.75,7540490,INFY.NS
2020-01-27,654.434326171875,778.0999755859375,784.7999877929688,774.4000244140625,779.0499877929688,3741610,INFY.NS
2020-01-28,654.350341796875,778.0,781.7999877929688,772.0,781.0,5121009,INFY.NS
2020-01-29,664.1907958984375,789.7000122070312,792.7999877929688,784.25,786.5999755859375,6832757,INFY.NS
2020-01-30,656.62109375,780.7000122070312,789.7000122070312,778.0,789.7000122070312,3859680,INFY.NS
2020-01-31,652.6260375976562,775.9500122070312,784.9500122070312,771.5999755859375,780.5499877929688,6092028,INFY.NS
2020-02-03,645.4349365234375,767.4000244140625,790.9500122070312,764.5,782.0,6416745,INFY.NS
2020-02-04,662.6347045898438,787.8499755859375,789.9000244140625,770.0999755859375,770.0999755859375,5771311,INFY.NS
2020-02-05,659.8591918945312,784.5499877929688,786.0,774.4000244140625,781.0,6310409,INFY.NS
2020-02-06,648.757080078125,771.3499755859375,786.7999877929688,770.0,784.3499755859375,7341622,INFY.NS
2020-02-07,653.761474609375,777.2999877929688,778.8499755859375,771.0,775.9500122070312,2853344,INFY.NS
2020-02-10,650.3131103515625,773.2000122070312,778.0,769.75,774.0,3827682,INFY.NS
2020-02-11,650.607421875,773.5499877929688,779.0999755859375,769.2000122070312,779.0,4312817,INFY.NS
2020-02-12,656.9154663085938,781.0499877929688,783.25,775.0999755859375,775.7999877929688,2948825,INFY.NS
2020-02-13,666.3353881835938,792.25,794.0,782.2000122070312,785.0,4387430,INFY.NS
2020-02-14,661.457275390625,786.4500122070312,799.2000122070312,784.5999755859375,794.5,5321680,INFY.NS
2020-02-17,663.9803466796875,789.4500122070312,793.4500122070312,783.2999877929688,790.2999877929688,2929629,INFY.NS
2020-02-18,670.8772583007812,797.6500244140625,799.0499877929688,783.6500244140625,785.0,5083346,INFY.NS
2020-02-19,673.2322387695312,800.4500122070312,804.8499755859375,796.1500244140625,800.0,3985192,INFY.NS
2020-02-20,670.3304443359375,797.0,806.0999755859375,793.8499755859375,803.25,4564569,INFY.NS
2020-02-24,669.3633422851562,795.8499755859375,811.5999755859375,792.1500244140625,800.0999755859375,6627536,INFY.NS
2020-02-25,671.5079956054688,798.4000244140625,806.0,795.4000244140625,799.0,6996695,INFY.NS
2020-02-26,658.3452758789062,782.75,801.4500122070312,780.5,793.9500122070312,8760569,INFY.NS
2020-02-27,654.2240600585938,777.8499755859375,780.75,772.2000122070312,778.0,5223386,INFY.NS
2020-02-28,615.4087524414062,731.7000122070312,756.7999877929688,722.0499877929688,750.0,14123957,INFY.NS
2020-03-02,623.2727661132812,741.0499877929688,765.9000244140625,733.75,737.0,9821523,INFY.NS
2020-03-03,628.277099609375,747.0,759.0,741.25,755.0,7826587,INFY.NS
2020-03-04,638.15966796875,758.75,761.5,745.5499877929688,753.9000244140625,11013444,INFY.NS
2020-03-05,634.6693115234375,754.5999755859375,773.5499877929688,751.75,763.75,7755293,INFY.NS
2020-03-06,621.5064086914062,738.9500122070312,744.0,729.0999755859375,741.0,9216022,INFY.NS
2020-03-09,592.48974609375,704.4500122070312,725.8499755859375,697.0,724.5,10308654,INFY.NS
2020-03-11,576.9720458984375,686.0,695.9500122070312,669.0499877929688,690.6500244140625,16165009,INFY.NS
2020-03-12,530.8816528320312,631.2000122070312,670.0,627.5,668.0,13965574,INFY.NS
2020-03-13,540.2593383789062,642.3499755859375,667.0,570.0,592.0,16903113,INFY.NS
2020-03-16,490.4683532714844,583.1500244140625,622.1500244140625,580.0,622.0,19140152,INFY.NS
2020-03-17,466.7502746582031,554.9500122070312,592.0,550.0,588.0999755859375,16059887,INFY.NS
2020-03-18,449.3821716308594,534.2999877929688,578.0,528.0,568.0,15390183,INFY.NS
2020-03-19,458.8441467285156,545.5499877929688,558.0,509.25,509.25,16583991,INFY.NS
2020-03-20,492.192626953125,585.2000122070312,617.4500122070312,548.0,549.5,21354894,INFY.NS
2020-03-23,442.7798461914063,526.4500122070312,560.9500122070312,515.9000244140625,540.0,17146150,INFY.NS
2020-03-24,496.0613403320313,589.7999877929688,601.1500244140625,522.0,522.0,20027097,INFY.NS
2020-03-25,509.8548889160156,606.2000122070312,635.0,565.7000122070312,597.0,18339548,INFY.NS
2020-03-26,540.80615234375,643.0,650.8499755859375,612.0999755859375,615.0,14843813,INFY.NS
2020-03-27,548.9644775390625,652.7000122070312,674.9000244140625,642.25,665.0499877929688,13495283,INFY.NS
2020-03-30,527.0968627929688,626.7000122070312,663.5,621.0999755859375,625.0999755859375,14624804,INFY.NS
2020-03-31,539.5445556640625,641.5,662.0,633.7000122070312,650.0,15175521,INFY.NS
2020-04-01,506.9952392578125,602.7999877929688,637.5,594.0,634.3499755859375,13083824,INFY.NS
2020-04-03,492.6131286621094,585.7000122070312,606.0,582.1500244140625,603.5,10221655,INFY.NS
2020-04-07,537.4419555664062,639.0,644.25,612.9000244140625,615.0,15145605,INFY.NS
2020-04-08,531.2179565429688,631.5999755859375,655.6500244140625,626.3499755859375,630.0,11806896,INFY.NS
2020-04-09,535.12890625,636.25,652.7999877929688,632.0999755859375,646.7999877929688,11931114,INFY.NS
2020-04-13,536.0962524414062,637.4000244140625,651.7000122070312,626.0499877929688,629.0,8330276,INFY.NS
2020-04-15,537.4839477539062,639.0499877929688,653.2999877929688,635.5999755859375,651.4000244140625,11963447,INFY.NS
2020-04-16,524.69970703125,623.8499755859375,634.9000244140625,603.5,619.9500122070312,17783287,INFY.NS
2020-04-17,528.821044921875,628.75,646.0,626.0,644.0,8878320,INFY.NS
2020-04-20,549.4691162109375,653.2999877929688,661.0,639.0,640.0,13322913,INFY.NS
2020-04-21,532.563720703125,633.2000122070312,646.5,627.7999877929688,627.7999877929688,11660575,INFY.NS
2020-04-22,539.8389282226562,641.8499755859375,645.0,628.0499877929688,633.2000122070312,8266728,INFY.NS
2020-04-23,571.3368530273438,679.2999877929688,683.6500244140625,638.0999755859375,647.0499877929688,14451289,INFY.NS
2020-04-24,553.4220581054688,658.0,675.0,654.7999877929688,668.5499877929688,7319940,INFY.NS
2020-04-27,558.9730834960938,664.5999755859375,681.0,661.0499877929688,661.0499877929688,7183306,INFY.NS
2020-04-28,555.693115234375,660.7000122070312,677.0,653.0499877929688,673.0,7296571,INFY.NS
2020-04-29,569.0239868164062,676.5499877929688,682.0,658.0,666.0,8639056,INFY.NS
2020-04-30,601.7835083007812,715.5,720.0,698.0999755859375,700.0,16253821,INFY.NS
2020-05-04,566.6268920898438,673.7000122070312,701.2000122070312,670.3499755859375,689.7999877929688,9122740,INFY.NS
2020-05-05,566.6268920898438,673.7000122070312,685.5999755859375,670.0,681.75,6393053,INFY.NS
2020-05-06,560.066650390625,665.9000244140625,681.4500122070312,664.0499877929688,676.9000244140625,7934250,INFY.NS
2020-05-07,559.2675170898438,664.9500122070312,674.3499755859375,662.4500122070312,665.5499877929688,4779548,INFY.NS
2020-05-08,567.04736328125,674.2000122070312,680.9000244140625,668.5,672.25,8400321,INFY.NS
2020-05-11,574.3648681640625,682.9000244140625,698.5499877929688,678.0,682.5,7370186,INFY.NS
2020-05-12,578.35986328125,687.6500244140625,691.0,675.5,678.5,7356039,INFY.NS
2020-05-13,583.8267822265625,694.1500244140625,699.9000244140625,683.75,694.7999877929688,8287101,INFY.NS
2020-05-14,553.5482788085938,658.1500244140625,671.75,652.5999755859375,659.0,16888262,INFY.NS
2020-05-15,548.6280517578125,652.2999877929688,664.7999877929688,646.7000122070312,664.7999877929688,9255353,INFY.NS
2020-05-18,558.384521484375,663.9000244140625,670.5499877929688,653.0,659.8499755859375,10435442,INFY.NS
2020-05-19,562.3374633789062,668.5999755859375,674.7999877929688,655.0,664.0,5902208,INFY.NS
2020-05-20,563.1365966796875,669.5499877929688,673.0,659.6500244140625,668.5,5794636,INFY.NS
2020-05-21,565.3654174804688,672.2000122070312,679.4500122070312,665.4000244140625,666.5,7213225,INFY.NS
2020-05-22,582.3128051757812,692.3499755859375,695.8499755859375,673.5,675.0,11867731,INFY.NS
2020-05-26,572.3882446289062,680.5499877929688,699.4500122070312,679.0,693.0,7099606,INFY.NS
2020-05-27,593.3308715820312,705.4500122070312,709.2000122070312,675.0,686.0499877929688,8774636,INFY.NS
2020-05-28,594.9708251953125,707.4000244140625,710.0,690.0,707.0,9440091,INFY.NS
2020-05-29,589.0885009765625,691.0,700.7999877929688,674.9500122070312,692.5,28290128,INFY.NS
2020-06-01,596.3775634765625,699.5499877929688,706.6500244140625,691.5,698.75,12276438,INFY.NS
2020-06-02,603.66650390625,708.0999755859375,711.6500244140625,697.5499877929688,700.5,7059304,INFY.NS
2020-06-03,598.0825805664062,701.5499877929688,711.9000244140625,696.0,710.7000122070312,11378568,INFY.NS
2020-06-04,603.3681640625,707.75,709.4500122070312,697.5,702.0,10782424,INFY.NS
2020-06-05,599.7875366210938,703.5499877929688,711.7000122070312,700.5999755859375,707.0,7718679,INFY.NS
2020-06-08,614.5361938476562,720.8499755859375,725.7999877929688,704.0,707.6500244140625,10719105,INFY.NS
2020-06-09,611.765380859375,717.5999755859375,729.5999755859375,715.0499877929688,720.0,10078029,INFY.NS
2020-06-10,610.2735595703125,715.8499755859375,719.4500122070312,709.2000122070312,715.0,7263049,INFY.NS
2020-06-11,600.1286010742188,703.9500122070312,713.4000244140625,700.25,712.0,8825715,INFY.NS
2020-06-12,589.9835815429688,692.0499877929688,695.1500244140625,675.5,675.7999877929688,9795316,INFY.NS
2020-06-15,586.1472778320312,687.5499877929688,704.4000244140625,685.25,693.0,7857344,INFY.NS
2020-06-16,597.7842407226562,701.2000122070312,712.0,699.1500244140625,702.0,10131760,INFY.NS
2020-06-17,599.8728637695312,703.6500244140625,710.2999877929688,698.0,699.9000244140625,7291916,INFY.NS
2020-06-18,608.6112060546875,713.9000244140625,716.5999755859375,706.0,708.2000122070312,6670195,INFY.NS
2020-06-19,601.4926147460938,705.5499877929688,711.9000244140625,701.0,709.0,22438862,INFY.NS
2020-06-22,599.9155883789062,703.7000122070312,708.7000122070312,700.0,707.0999755859375,7804096,INFY.NS
2020-06-23,614.36572265625,720.6500244140625,724.5,692.0999755859375,695.7000122070312,12157390,INFY.NS
2020-06-24,608.8242797851562,714.1500244140625,726.7999877929688,709.4000244140625,716.9000244140625,10220838,INFY.NS
2020-06-25,597.1873779296875,700.5,705.5999755859375,693.5,704.8499755859375,14945284,INFY.NS
2020-06-26,637.8525390625,748.2000122070312,751.5999755859375,710.0,710.2000122070312,26030458,INFY.NS
2020-06-29,623.82861328125,731.75,744.7000122070312,730.0999755859375,735.4000244140625,8954428,INFY.NS
2020-06-30,627.4091796875,735.9500122070312,738.9500122070312,724.25,732.7999877929688,10411290,INFY.NS
2020-07-01,623.9564819335938,731.9000244140625,742.2999877929688,729.75,737.25,5477468,INFY.NS
2020-07-02,645.0136108398438,756.5999755859375,765.4500122070312,735.4000244140625,737.3499755859375,17263756,INFY.NS
2020-07-03,650.2138671875,762.7000122070312,764.0,752.5,755.0,7796572,INFY.NS
2020-07-06,651.3222045898438,764.0,775.0,761.5,765.2000122070312,8810958,INFY.NS
2020-07-07,677.025634765625,794.1500244140625,796.9500122070312,765.5499877929688,769.4000244140625,19362533,INFY.NS
2020-07-08,660.4441528320312,774.7000122070312,784.9000244140625,772.2000122070312,784.9000244140625,8476642,INFY.NS
2020-07-09,666.41162109375,781.7000122070312,790.0,775.0,780.0,6854166,INFY.NS
2020-07-10,666.5396728515625,781.8499755859375,789.9000244140625,773.5,773.5,5206452,INFY.NS
2020-07-13,679.497802734375,797.0499877929688,805.3499755859375,786.0499877929688,788.0,10804688,INFY.NS
2020-07-14,667.7330932617188,783.25,806.4000244140625,781.3499755859375,792.9500122070312,8961822,INFY.NS
2020-07-15,708.3980102539062,830.9500122070312,848.4500122070312,794.7999877929688,799.0,30060599,INFY.NS
2020-07-16,776.6419677734375,911.0,955.5,894.25,900.0999755859375,90432109,INFY.NS
2020-07-17,769.9497680664062,903.1500244140624,919.9000244140624,892.1500244140625,911.0,31682878,INFY.NS
2020-07-20,796.505615234375,934.2999877929688,945.0,906.75,908.5,18421053,INFY.NS
2020-07-21,798.5942993164062,936.75,949.7000122070312,929.2000122070312,945.0,12877784,INFY.NS
2020-07-22,782.5245361328125,917.9000244140624,939.0,910.0,938.9500122070312,14354201,INFY.NS
2020-07-23,774.0419311523438,907.9500122070312,915.7999877929688,900.6500244140625,915.6500244140624,13051307,INFY.NS
2020-07-24,786.744384765625,922.8499755859376,925.75,903.25,903.25,18209580,INFY.NS
2020-07-27,808.5687866210938,948.4500122070312,952.7999877929688,918.6500244140624,921.5499877929688,16827870,INFY.NS
2020-07-28,820.844970703125,962.8499755859376,967.5499877929688,941.2000122070312,946.0,15818463,INFY.NS
2020-07-29,813.4281616210938,954.1500244140624,960.0,943.5999755859376,953.25,11152710,INFY.NS
2020-07-30,819.6514892578125,961.4500122070312,972.6500244140624,958.75,962.0,12492320,INFY.NS
2020-07-31,823.5303955078125,966.0,986.4500122070312,953.2999877929688,969.25,12704346,INFY.NS
2020-08-03,815.7725830078125,956.9000244140624,965.4000244140624,947.4500122070312,960.0,8479792,INFY.NS
2020-08-04,809.7623901367188,949.8499755859376,970.7000122070312,940.5499877929688,960.4500122070312,11133170,INFY.NS
2020-08-05,805.371826171875,944.7000122070312,960.9500122070312,938.2999877929688,952.0,9614176,INFY.NS
2020-08-06,827.6651000976562,970.8499755859376,974.4000244140624,942.5,953.5,10976491,INFY.NS
2020-08-07,810.657470703125,950.9000244140624,969.4500122070312,949.0,969.4500122070312,8010948,INFY.NS
2020-08-10,811.041015625,951.3499755859376,956.7999877929688,945.2999877929688,948.9000244140624,5716319,INFY.NS
2020-08-11,808.5687866210938,948.4500122070312,962.0,946.0999755859376,949.9000244140624,6802442,INFY.NS
2020-08-12,814.1101684570312,954.9500122070312,958.7999877929688,942.2000122070312,948.0,6908726,INFY.NS
2020-08-13,810.9132080078125,951.2000122070312,968.5,948.25,954.7999877929688,5097703,INFY.NS
2020-08-14,812.959228515625,953.5999755859376,963.0,952.0499877929688,955.8499755859376,4663873,INFY.NS
2020-08-17,816.2840576171875,957.5,972.4500122070312,954.0999755859376,954.0999755859376,9008210,INFY.NS
2020-08-18,824.8519287109375,967.5499877929688,969.2000122070312,958.7000122070312,963.9000244140624,6141761,INFY.NS
2020-08-19,817.818603515625,959.2999877929688,971.5499877929688,957.4500122070312,970.9000244140624,6622744,INFY.NS
2020-08-20,814.28076171875,955.1500244140624,965.5,951.2999877929688,958.9000244140624,5656501,INFY.NS
2020-08-21,808.8671875,948.7999877929688,963.4500122070312,946.5499877929688,963.0499877929688,6513773,INFY.NS
2020-08-24,807.673583984375,947.4000244140624,952.0,939.2000122070312,947.0,5798574,INFY.NS
2020-08-25,799.7453002929688,938.0999755859376,948.6500244140624,933.5999755859376,947.5,6233918,INFY.NS
2020-08-26,810.5721435546875,950.7999877929688,954.25,938.4000244140624,941.25,5153601,INFY.NS
2020-08-27,807.375244140625,947.0499877929688,960.9500122070312,945.2000122070312,960.0,6154280,INFY.NS
2020-08-28,797.3155517578125,935.25,952.5,933.0499877929688,951.4500122070312,7593610,INFY.NS
2020-08-31,791.6463623046875,928.5999755859376,950.5,914.5999755859376,935.25,12808355,INFY.NS
2020-09-01,779.3275146484375,914.1500244140624,935.0,912.0999755859376,926.25,6907773,INFY.NS
2020-09-02,787.7247924804688,924.0,926.4000244140624,913.5,915.0,5678118,INFY.NS
2020-09-03,797.5714721679688,935.5499877929688,949.4000244140624,924.0,926.5,8827948,INFY.NS
2020-09-04,783.590087890625,919.1500244140624,929.5,914.4500122070312,915.0,8650342,INFY.NS
2020-09-07,788.6199951171875,925.0499877929688,927.5499877929688,913.0499877929688,918.9000244140624,6700385,INFY.NS
2020-09-08,800.7682495117188,939.2999877929688,952.0,925.5499877929688,929.9500122070312,12891964,INFY.NS
2020-09-09,790.9216918945312,927.75,946.0,926.0,935.0,5528947,INFY.NS
2020-09-10,801.4076538085938,940.0499877929688,942.0,924.7999877929688,935.2999877929688,5171884,INFY.NS
2020-09-11,806.2244262695312,945.7000122070312,954.1500244140624,931.0,934.9000244140624,6671903,INFY.NS
2020-09-14,834.1016235351562,978.4000244140624,991.0499877929688,948.2999877929688,957.0,21871587,INFY.NS
2020-09-15,837.5543212890625,982.4500122070312,994.0,971.6500244140624,979.5,11608203,INFY.NS
2020-09-16,854.0078735351562,1001.75,1005.6500244140624,982.0,986.0,10059251,INFY.NS
2020-09-17,861.8936157226562,1011.0,1021.0,995.0,995.0,15628241,INFY.NS
2020-09-18,854.348876953125,1002.1500244140624,1018.7999877929688,999.0999755859376,1011.0,12897633,INFY.NS
2020-09-21,860.9559936523438,1009.9000244140624,1031.0,1000.5,1001.0,14140637,INFY.NS
2020-09-22,858.9097900390625,1007.5,1022.5,991.2000122070312,1009.0,12625762,INFY.NS
2020-09-23,869.3531494140625,1019.75,1037.0,1008.0999755859376,1020.1500244140624,13486204,INFY.NS
2020-09-24,831.5440673828125,975.4000244140624,1009.0,970.0,1003.0,14427432,INFY.NS
2020-09-25,862.2772827148438,1011.4500122070312,1014.9000244140624,975.0,975.7999877929688,13311078,INFY.NS
2020-09-28,861.3822021484375,1010.4000244140624,1016.1500244140624,998.5,1014.7999877929688,8554526,INFY.NS
2020-09-29,860.1885986328125,1009.0,1028.0,1004.0999755859376,1018.0,8708463,INFY.NS
2020-09-30,859.5492553710938,1008.25,1023.9500122070312,1005.0,1009.0,8048817,INFY.NS
2020-10-01,867.5628051757812,1017.6500244140624,1026.5,1011.75,1020.5999755859376,5563358,INFY.NS
2020-10-05,894.0335693359375,1048.699951171875,1054.9000244140625,1018.0499877929688,1018.0499877929688,14212509,INFY.NS
2020-10-06,900.043701171875,1055.75,1060.0,1031.3499755859375,1055.0,9090819,INFY.NS
2020-10-07,909.2510986328124,1066.550048828125,1072.0,1035.5,1044.9000244140625,9284008,INFY.NS
2020-10-08,932.3966674804688,1093.699951171875,1124.0,1088.4000244140625,1090.0,21482613,INFY.NS
2020-10-09,943.5647583007812,1106.800048828125,1113.300048828125,1088.449951171875,1095.0999755859375,10567867,INFY.NS
2020-10-12,965.1333618164062,1132.0999755859375,1140.0,1112.0999755859375,1123.0,14633537,INFY.NS
2020-10-13,987.0430908203124,1157.800048828125,1166.050048828125,1135.550048828125,1135.550048828125,17523825,INFY.NS
2020-10-14,969.3106689453124,1137.0,1164.9000244140625,1131.0999755859375,1162.0,16649573,INFY.NS
2020-10-15,944.80078125,1108.25,1186.0,1092.5,1180.0,44288251,INFY.NS
2020-10-16,961.2117919921876,1127.5,1135.949951171875,1096.9000244140625,1113.8499755859375,18365685,INFY.NS
2020-10-19,959.8477172851562,1125.9000244140625,1139.0,1115.300048828125,1135.0,12902123,INFY.NS
2020-10-20,969.7369384765624,1137.5,1144.699951171875,1110.0,1118.9000244140625,10448776,INFY.NS
2020-10-21,978.9868774414062,1148.3499755859375,1154.3499755859375,1135.0,1141.1500244140625,19811433,INFY.NS
2020-10-22,962.5333251953124,1129.050048828125,1158.0,1123.800048828125,1142.0,11271335,INFY.NS
2020-10-23,967.229248046875,1122.5,1135.0,1120.1500244140625,1133.0,9069862,INFY.NS
2020-10-26,958.5695190429688,1112.449951171875,1129.5999755859375,1103.1500244140625,1122.25,6309368,INFY.NS
2020-10-27,939.957275390625,1090.8499755859375,1109.699951171875,1077.1500244140625,1105.699951171875,10172479,INFY.NS
2020-10-28,927.6353149414062,1076.550048828125,1104.75,1070.050048828125,1095.5,7608392,INFY.NS
2020-10-29,926.1704711914062,1074.8499755859375,1082.0,1060.0999755859375,1070.0,6935616,INFY.NS
2020-10-30,913.8915405273438,1060.5999755859375,1083.5999755859375,1052.3499755859375,1072.0,8800386,INFY.NS
2020-11-02,923.9732055664062,1072.300048828125,1079.949951171875,1051.0999755859375,1065.0,7183119,INFY.NS
2020-11-03,915.5719604492188,1062.550048828125,1079.4000244140625,1057.5,1072.0,7204782,INFY.NS
2020-11-04,942.6283569335938,1093.949951171875,1116.0,1066.800048828125,1068.0,15702690,INFY.NS
2020-11-05,951.288330078125,1104.0,1123.0,1099.0,1109.9000244140625,9568890,INFY.NS
2020-11-06,958.8279418945312,1112.75,1121.0999755859375,1091.699951171875,1108.0,8807127,INFY.NS
2020-11-09,979.3359375,1136.550048828125,1146.0,1121.1500244140625,1129.300048828125,10160320,INFY.NS
2020-11-10,940.129638671875,1091.050048828125,1113.8499755859375,1078.0,1113.8499755859375,15622869,INFY.NS
2020-11-11,967.229248046875,1122.5,1126.3499755859375,1087.0,1096.0,12514800,INFY.NS
2020-11-12,963.1362915039062,1117.75,1142.0,1113.75,1128.0999755859375,9180976,INFY.NS
2020-11-13,968.6942138671876,1124.199951171875,1133.0,1117.0,1120.0,6363212,INFY.NS
2020-11-14,976.66455078125,1133.449951171875,1139.6500244140625,1131.0999755859375,1137.0,1136144,INFY.NS
2020-11-17,968.2632446289062,1123.699951171875,1145.0,1112.6500244140625,1144.75,12813968,INFY.NS
2020-11-18,956.9322509765624,1110.550048828125,1132.699951171875,1101.449951171875,1128.5,9839468,INFY.NS
2020-11-19,945.0410766601562,1096.75,1114.699951171875,1093.800048828125,1100.0,10092343,INFY.NS
2020-11-20,950.7279663085938,1103.3499755859375,1109.0,1091.0999755859375,1106.0,8063554,INFY.NS
2020-11-23,982.1793212890624,1139.8499755859375,1144.800048828125,1101.949951171875,1105.0,10546363,INFY.NS
2020-11-24,982.3516235351562,1140.050048828125,1154.9000244140625,1133.3499755859375,1145.0,8515426,INFY.NS
2020-11-25,961.3269653320312,1115.6500244140625,1143.5,1111.25,1137.0,8958701,INFY.NS
2020-11-26,959.2156982421876,1113.199951171875,1119.949951171875,1098.300048828125,1119.949951171875,10962256,INFY.NS
2020-11-27,947.8416748046876,1100.0,1121.0,1091.0,1118.0,25306145,INFY.NS
2020-12-01,980.4558715820312,1137.8499755859375,1140.25,1105.050048828125,1105.050048828125,8933802,INFY.NS
2020-12-02,983.0841064453124,1140.9000244140625,1147.449951171875,1121.0,1134.0,6741637,INFY.NS
2020-12-03,970.6329345703124,1126.449951171875,1147.0,1122.699951171875,1147.0,16212632,INFY.NS
2020-12-04,977.6986694335938,1134.6500244140625,1137.0,1115.0,1125.0,10564055,INFY.NS
2020-12-07,985.3243408203124,1143.5,1153.0,1136.0,1147.300048828125,7792141,INFY.NS
2020-12-08,993.8119506835938,1153.3499755859375,1167.0,1145.0,1145.0,12308330,INFY.NS
2020-12-09,1012.6395263671876,1175.199951171875,1179.5,1157.0,1168.050048828125,10039346,INFY.NS
2020-12-10,1006.2200317382812,1167.75,1171.6500244140625,1150.0,1157.4000244140625,9488782,INFY.NS
2020-12-11,1002.2993774414062,1163.199951171875,1171.949951171875,1155.25,1159.699951171875,10574009,INFY.NS
2020-12-14,1003.4628295898438,1164.550048828125,1172.5999755859375,1148.199951171875,1169.4000244140625,6728187,INFY.NS
2020-12-15,994.8889770507812,1154.5999755859375,1163.699951171875,1152.0,1156.0,6905926,INFY.NS
2020-12-16,1004.45361328125,1165.699951171875,1168.9000244140625,1153.5999755859375,1160.0,7788404,INFY.NS
2020-12-17,998.852783203125,1159.199951171875,1168.9000244140625,1156.199951171875,1165.9000244140625,6658153,INFY.NS
2020-12-18,1025.2200927734375,1189.800048828125,1195.0,1175.5999755859375,1182.8499755859375,15995676,INFY.NS
2020-12-21,1014.4488525390624,1177.300048828125,1209.75,1152.050048828125,1188.0,10858352,INFY.NS
2020-12-22,1051.6732177734375,1220.5,1223.8499755859375,1176.0999755859375,1182.0,10901851,INFY.NS
2020-12-23,1079.7208251953125,1253.050048828125,1258.8499755859375,1230.550048828125,1238.0,15878346,INFY.NS
2020-12-24,1065.0723876953125,1236.050048828125,1249.9000244140625,1226.0,1249.9000244140625,7313885,INFY.NS
2020-12-28,1068.7344970703125,1240.300048828125,1248.0,1236.0,1238.449951171875,4607051,INFY.NS
2020-12-29,1077.3511962890625,1250.300048828125,1254.449951171875,1235.0,1235.0,6878105,INFY.NS
2020-12-30,1074.3353271484375,1246.800048828125,1253.300048828125,1238.1500244140625,1253.0,5194690,INFY.NS
2020-12-31,1082.090576171875,1255.800048828125,1258.4000244140625,1239.0,1243.0,7430470,INFY.NS
2021-01-01,1086.09716796875,1260.449951171875,1265.5,1255.800048828125,1257.9000244140625,4253550,INFY.NS
2021-01-04,1110.052001953125,1288.25,1290.0,1261.1500244140625,1269.0,7208454,INFY.NS
2021-01-05,1114.8343505859375,1293.800048828125,1299.0,1275.050048828125,1282.0,8145280,INFY.NS
2021-01-06,1104.7525634765625,1282.0999755859375,1302.0,1268.050048828125,1300.0,7161715,INFY.NS
2021-01-07,1087.56201171875,1262.1500244140625,1297.6500244140625,1255.5,1296.0,10954918,INFY.NS
2021-01-08,1130.6029052734375,1312.0999755859375,1316.800048828125,1278.25,1278.25,13186251,INFY.NS
2021-01-11,1185.8358154296875,1376.199951171875,1383.3499755859375,1340.0,1342.0999755859375,20528626,INFY.NS
2021-01-12,1182.0018310546875,1371.75,1378.0,1360.0,1378.0,8309868,INFY.NS
2021-01-13,1195.271240234375,1387.1500244140625,1392.800048828125,1360.0,1373.8499755859375,14442997,INFY.NS
2021-01-14,1180.9246826171875,1370.5,1384.0,1318.449951171875,1360.0,27521697,INFY.NS
2021-01-15,1158.90869140625,1344.949951171875,1364.449951171875,1340.0,1360.0,15018441,INFY.NS
2021-01-18,1130.5595703125,1312.050048828125,1340.0,1306.0,1338.0,8861765,INFY.NS
2021-01-19,1134.5233154296875,1316.6500244140625,1331.0,1312.0,1320.0,5585744,INFY.NS
2021-01-20,1154.1695556640625,1339.449951171875,1348.4000244140625,1320.550048828125,1320.550048828125,8225838,INFY.NS
2021-01-21,1154.385009765625,1339.699951171875,1361.050048828125,1335.0,1350.0,6142421,INFY.NS
2021-01-22,1155.375732421875,1340.8499755859375,1356.0,1326.550048828125,1327.0,9646591,INFY.NS
2021-01-25,1141.804443359375,1325.0999755859375,1347.9000244140625,1313.0,1345.0,6542611,INFY.NS
2021-01-27,1121.0382080078125,1301.0,1327.550048828125,1285.0999755859375,1319.5999755859375,8133665,INFY.NS
2021-01-28,1099.6683349609375,1276.199951171875,1296.449951171875,1272.550048828125,1291.800048828125,4660690,INFY.NS
2021-01-29,1067.657470703125,1239.050048828125,1291.1500244140625,1231.0,1286.25,12183519,INFY.NS
2021-02-01,1086.4849853515625,1260.9000244140625,1277.949951171875,1241.0,1250.550048828125,8880279,INFY.NS
2021-02-02,1095.4033203125,1271.25,1294.4000244140625,1263.5999755859375,1280.0,6892490,INFY.NS
2021-02-03,1106.9498291015625,1284.6500244140625,1304.0,1273.0,1277.6500244140625,8182968,INFY.NS
2021-02-04,1102.3826904296875,1279.3499755859375,1293.4000244140625,1272.050048828125,1285.0,5032240,INFY.NS
2021-02-05,1096.1356201171875,1272.0999755859375,1288.75,1262.0,1286.4000244140625,5477481,INFY.NS
2021-02-08,1123.2354736328125,1303.550048828125,1310.0,1275.5,1285.5,6921922,INFY.NS
2021-02-09,1124.958740234375,1305.550048828125,1332.0,1297.8499755859375,1306.9000244140625,7965949,INFY.NS
2021-02-10,1117.1607666015625,1296.5,1304.3499755859375,1283.5999755859375,1295.800048828125,5951207,INFY.NS
2021-02-11,1113.84326171875,1292.6500244140625,1296.0,1283.050048828125,1289.0,4673317,INFY.NS
2021-02-12,1128.620849609375,1309.800048828125,1323.75,1301.550048828125,1305.0,5797875,INFY.NS
2021-02-15,1128.4918212890625,1309.6500244140625,1328.4000244140625,1307.0999755859375,1320.0,4363513,INFY.NS
2021-02-16,1111.904541015625,1290.4000244140625,1319.75,1286.0,1314.0,6896421,INFY.NS
2021-02-17,1104.0631103515625,1281.300048828125,1294.5,1275.0,1290.4000244140625,4575741,INFY.NS
2021-02-18,1113.6707763671875,1292.449951171875,1306.0,1275.0,1276.0,6437551,INFY.NS
2021-02-19,1112.679931640625,1291.300048828125,1299.5,1276.800048828125,1296.0999755859375,5389696,INFY.NS
2021-02-22,1090.190185546875,1265.199951171875,1308.550048828125,1260.0,1295.0,7371303,INFY.NS
2021-02-23,1091.1812744140625,1266.3499755859375,1291.0,1257.550048828125,1271.1500244140625,6612942,INFY.NS
2021-02-24,1098.031494140625,1274.300048828125,1276.5999755859375,1252.0,1260.050048828125,4537258,INFY.NS
2021-02-25,1098.2470703125,1274.550048828125,1299.75,1272.0,1288.449951171875,8788221,INFY.NS
2021-02-26,1079.936279296875,1253.300048828125,1274.300048828125,1244.75,1269.0,15132388,INFY.NS
2021-03-01,1091.741455078125,1267.0,1284.5,1259.0,1263.300048828125,5756286,INFY.NS
2021-03-02,1124.05419921875,1304.5,1310.0,1279.199951171875,1282.25,10461434,INFY.NS
2021-03-03,1157.702392578125,1343.550048828125,1347.0,1308.0,1319.199951171875,9056399,INFY.NS
2021-03-04,1146.328125,1330.3499755859375,1363.8499755859375,1325.9000244140625,1335.0,12041941,INFY.NS
2021-03-05,1134.56640625,1316.699951171875,1340.0,1305.050048828125,1328.5,6486176,INFY.NS
2021-03-08,1150.9813232421875,1335.75,1346.0999755859375,1317.199951171875,1324.800048828125,5119392,INFY.NS
2021-03-09,1159.42578125,1345.550048828125,1350.449951171875,1318.75,1329.5,6518173,INFY.NS
2021-03-10,1178.899658203125,1368.1500244140625,1374.0,1355.0,1356.9000244140625,7925984,INFY.NS
2021-03-12,1184.6727294921875,1374.8499755859375,1391.699951171875,1370.050048828125,1373.0,9462061,INFY.NS
2021-03-15,1183.5958251953125,1373.5999755859375,1379.9000244140625,1358.5,1370.0,6658635,INFY.NS
2021-03-16,1192.5570068359375,1384.0,1406.0,1380.5,1386.050048828125,9352771,INFY.NS
2021-03-17,1195.1422119140625,1387.0,1400.0,1382.0,1392.25,7626744,INFY.NS
2021-03-18,1152.1446533203125,1337.0999755859375,1393.75,1313.5,1393.75,10961755,INFY.NS
2021-03-19,1158.47802734375,1344.449951171875,1355.199951171875,1318.0,1330.0,12767112,INFY.NS
2021-03-22,1181.18310546875,1370.800048828125,1376.0,1336.0999755859375,1350.0999755859375,4862758,INFY.NS
2021-03-23,1181.8291015625,1371.550048828125,1383.25,1359.5999755859375,1372.449951171875,7165335,INFY.NS
2021-03-24,1166.491455078125,1353.75,1370.449951171875,1346.25,1357.8499755859375,6134303,INFY.NS
2021-03-25,1149.30126953125,1333.800048828125,1352.5,1327.5999755859375,1346.75,8749994,INFY.NS
2021-03-26,1151.3690185546875,1336.199951171875,1356.699951171875,1332.0,1344.699951171875,4922071,INFY.NS
2021-03-30,1193.677490234375,1385.300048828125,1400.0,1336.1500244140625,1346.9000244140625,10546381,INFY.NS
2021-03-31,1178.8133544921875,1368.050048828125,1388.0,1363.300048828125,1382.0,8220987,INFY.NS
2021-04-01,1193.59130859375,1385.199951171875,1391.5999755859375,1371.0,1380.0,5675155,INFY.NS
2021-04-05,1214.874267578125,1409.9000244140625,1425.0,1387.0,1391.0,9479572,INFY.NS
2021-04-06,1215.865478515625,1411.050048828125,1426.0,1406.449951171875,1423.0,5793571,INFY.NS
2021-04-07,1232.3665771484375,1430.199951171875,1434.949951171875,1406.5999755859375,1410.25,5879234,INFY.NS
2021-04-08,1240.6815185546875,1439.8499755859375,1451.699951171875,1421.0,1430.0,5654434,INFY.NS
2021-04-09,1241.7156982421875,1441.050048828125,1455.0,1430.050048828125,1455.0,6052712,INFY.NS
2021-04-12,1228.531982421875,1425.75,1477.550048828125,1415.0,1474.0,20384532,INFY.NS
2021-04-13,1203.88818359375,1397.1500244140625,1435.25,1375.0,1433.0,14855206,INFY.NS
2021-04-15,1172.523193359375,1360.75,1366.4000244140625,1320.0,1332.300048828125,25342491,INFY.NS
2021-04-16,1166.491455078125,1353.75,1370.8499755859375,1346.5999755859375,1365.0,10879878,INFY.NS
2021-04-19,1174.07421875,1362.550048828125,1379.699951171875,1332.3499755859375,1340.0,12508028,INFY.NS
2021-04-20,1164.4234619140625,1351.3499755859375,1379.0,1342.4000244140625,1379.0,8560766,INFY.NS
2021-04-22,1164.2080078125,1351.0999755859375,1364.800048828125,1345.1500244140625,1355.550048828125,6622446,INFY.NS
2021-04-23,1149.30126953125,1333.800048828125,1348.4000244140625,1331.0,1343.0,7316262,INFY.NS
2021-04-26,1157.702392578125,1343.550048828125,1351.300048828125,1321.0,1332.25,7088606,INFY.NS
2021-04-27,1161.967529296875,1348.5,1353.0,1340.1500244140625,1346.0,3636115,INFY.NS
2021-04-28,1168.4300537109375,1356.0,1359.5,1344.5999755859375,1358.0,4879234,INFY.NS
2021-04-29,1168.731689453125,1356.3499755859375,1369.0,1351.4000244140625,1368.0,5412357,INFY.NS
2021-04-30,1167.0084228515625,1354.3499755859375,1373.9000244140625,1345.9000244140625,1346.300048828125,8354677,INFY.NS
2021-05-03,1165.026611328125,1352.050048828125,1361.0,1338.0,1340.800048828125,4560337,INFY.NS
2021-05-04,1145.5093994140625,1329.4000244140625,1354.949951171875,1324.0999755859375,1354.0,4887060,INFY.NS
2021-05-05,1155.9361572265625,1341.5,1343.9000244140625,1327.800048828125,1341.0999755859375,3939788,INFY.NS
2021-05-06,1173.2554931640625,1361.5999755859375,1364.699951171875,1337.4000244140625,1345.0,4810090,INFY.NS
2021-05-07,1165.45751953125,1352.550048828125,1373.050048828125,1348.5,1365.300048828125,4991435,INFY.NS
2021-05-10,1154.255859375,1339.550048828125,1352.9000244140625,1335.050048828125,1349.8499755859375,7195348,INFY.NS
2021-05-11,1146.5867919921875,1330.6500244140625,1341.0,1325.0999755859375,1336.9000244140625,6420988,INFY.NS
2021-05-12,1143.441650390625,1327.0,1330.0,1314.5,1330.0,5241898,INFY.NS
2021-05-14,1134.307861328125,1316.4000244140625,1326.8499755859375,1311.300048828125,1326.8499755859375,4824609,INFY.NS
2021-05-17,1145.5093994140625,1329.4000244140625,1334.949951171875,1320.300048828125,1320.300048828125,5017129,INFY.NS
2021-05-18,1154.643310546875,1340.0,1344.5999755859375,1329.5,1338.0,5620150,INFY.NS
2021-05-19,1152.058349609375,1337.0,1357.449951171875,1333.25,1342.0,4435878,INFY.NS
2021-05-20,1154.0404052734375,1339.300048828125,1349.0999755859375,1335.0,1348.4000244140625,4490092,INFY.NS
2021-05-21,1167.1376953125,1354.5,1357.5,1346.3499755859375,1347.5,4969733,INFY.NS
2021-05-24,1161.579833984375,1348.050048828125,1363.0,1345.0999755859375,1356.6500244140625,4225371,INFY.NS
2021-05-25,1173.2554931640625,1361.5999755859375,1368.0,1354.449951171875,1358.0,4099340,INFY.NS
2021-05-26,1203.9739990234375,1397.25,1400.0,1362.050048828125,1367.9000244140625,6850024,INFY.NS
2021-05-27,1208.2825927734375,1402.25,1416.25,1391.699951171875,1404.199951171875,15365391,INFY.NS
2021-05-28,1210.695556640625,1405.050048828125,1414.0,1396.0999755859375,1409.75,4261312,INFY.NS
2021-05-31,1213.91796875,1393.75,1401.5,1383.0,1401.5,4429904,INFY.NS
2021-06-01,1208.212890625,1387.199951171875,1401.0,1378.6500244140625,1400.0,4791325,INFY.NS
2021-06-02,1200.76611328125,1378.6500244140625,1391.949951171875,1365.0,1380.75,9272276,INFY.NS
2021-06-03,1210.346923828125,1389.6500244140625,1399.0,1377.050048828125,1388.0999755859375,5115645,INFY.NS
2021-06-04,1206.86328125,1385.6500244140625,1396.9000244140625,1377.6500244140625,1393.949951171875,4194328,INFY.NS
2021-06-07,1210.346923828125,1389.6500244140625,1392.0,1377.300048828125,1391.0,5154576,INFY.NS
2021-06-08,1230.6405029296875,1412.949951171875,1421.75,1395.550048828125,1396.0,7360630,INFY.NS
2021-06-09,1232.6873779296875,1415.300048828125,1425.0,1404.5999755859375,1413.4000244140625,5394317,INFY.NS
2021-06-10,1240.5263671875,1424.300048828125,1429.0,1419.0,1424.0,3496575,INFY.NS
2021-06-11,1260.210205078125,1446.9000244140625,1451.5999755859375,1429.449951171875,1430.0999755859375,6140828,INFY.NS
2021-06-14,1273.187744140625,1461.800048828125,1477.0,1453.449951171875,1471.0,7132294,INFY.NS
2021-06-15,1283.726318359375,1473.9000244140625,1476.0,1463.0,1464.0,5403104,INFY.NS
2021-06-16,1289.5618896484375,1480.5999755859375,1489.449951171875,1467.5,1472.699951171875,7661710,INFY.NS
2021-06-17,1302.365478515625,1495.300048828125,1502.6500244140625,1475.0999755859375,1475.0999755859375,7677951,INFY.NS
2021-06-18,1309.3328857421875,1503.300048828125,1515.800048828125,1487.4000244140625,1509.0,13533974,INFY.NS
2021-06-21,1306.719970703125,1500.300048828125,1505.800048828125,1484.199951171875,1493.0,5454052,INFY.NS
2021-06-22,1316.77978515625,1511.8499755859375,1521.449951171875,1502.0999755859375,1509.699951171875,6427862,INFY.NS
2021-06-23,1309.202392578125,1503.1500244140625,1525.0,1498.6500244140625,1525.0,5529809,INFY.NS
2021-06-24,1358.0203857421875,1559.199951171875,1568.75,1511.199951171875,1517.0,10785137,INFY.NS
2021-06-25,1371.0849609375,1574.199951171875,1578.0,1543.0,1572.0,9780240,INFY.NS
2021-06-28,1368.99462890625,1571.800048828125,1580.1500244140625,1560.5999755859375,1572.9000244140625,5019178,INFY.NS
2021-06-29,1361.3736572265625,1563.050048828125,1573.6500244140625,1559.199951171875,1561.0,5913567,INFY.NS
2021-06-30,1376.833251953125,1580.800048828125,1591.0,1572.050048828125,1572.050048828125,6058722,INFY.NS
2021-07-01,1359.0655517578125,1560.4000244140625,1576.8499755859375,1559.050048828125,1576.8499755859375,4814317,INFY.NS
2021-07-02,1365.5107421875,1567.800048828125,1569.449951171875,1542.5999755859375,1558.949951171875,5166064,INFY.NS
2021-07-05,1375.2220458984375,1578.949951171875,1585.0,1561.050048828125,1569.1500244140625,4058338,INFY.NS
2021-07-06,1360.63330078125,1562.199951171875,1586.75,1557.0999755859375,1573.699951171875,4089574,INFY.NS
2021-07-07,1362.7235107421875,1564.5999755859375,1570.550048828125,1544.6500244140625,1566.050048828125,4797120,INFY.NS
2021-07-08,1359.3701171875,1560.75,1576.0,1549.0,1568.0,3326813,INFY.NS
2021-07-09,1361.2430419921875,1562.9000244140625,1569.9000244140625,1551.0,1556.0,3436594,INFY.NS
2021-07-12,1348.1348876953125,1547.8499755859375,1578.0,1533.75,1570.550048828125,4588982,INFY.NS
2021-07-13,1345.6087646484375,1544.949951171875,1556.4000244140625,1536.300048828125,1556.4000244140625,4456160,INFY.NS
2021-07-14,1373.4365234375,1576.9000244140625,1582.800048828125,1538.0999755859375,1554.0,5657716,INFY.NS
2021-07-15,1376.833251953125,1580.800048828125,1596.8499755859375,1556.0,1557.9000244140625,10021355,INFY.NS
2021-07-16,1354.7540283203125,1555.449951171875,1574.6500244140625,1549.5999755859375,1573.75,6265593,INFY.NS
2021-07-19,1342.7783203125,1541.699951171875,1552.9000244140625,1537.550048828125,1544.699951171875,5669162,INFY.NS
2021-07-20,1350.0511474609375,1550.050048828125,1557.699951171875,1538.0,1538.300048828125,5069939,INFY.NS
2021-07-22,1385.0203857421875,1590.199951171875,1592.8499755859375,1561.4000244140625,1561.4000244140625,7854575,INFY.NS
2021-07-23,1385.2384033203125,1590.449951171875,1598.5,1585.050048828125,1588.550048828125,4179719,INFY.NS
2021-07-26,1396.9527587890625,1603.9000244140625,1611.6500244140625,1594.0999755859375,1594.0999755859375,4586710,INFY.NS
2021-07-27,1395.777099609375,1602.550048828125,1609.300048828125,1597.9000244140625,1605.0,5892859,INFY.NS
2021-07-28,1398.4337158203125,1605.5999755859375,1607.5999755859375,1585.5,1605.0999755859375,4686788,INFY.NS
2021-07-29,1408.36279296875,1617.0,1620.0,1600.0999755859375,1600.0999755859375,4660873,INFY.NS
2021-07-30,1402.7012939453125,1610.5,1623.4000244140625,1606.1500244140625,1610.0,6234257,INFY.NS
2021-08-02,1421.03515625,1631.550048828125,1634.75,1619.199951171875,1627.449951171875,5553389,INFY.NS
2021-08-03,1441.6339111328125,1655.199951171875,1658.6500244140625,1635.5999755859375,1647.0,5513668,INFY.NS
2021-08-04,1436.4512939453125,1649.25,1679.9000244140625,1639.050048828125,1669.0999755859375,6740391,INFY.NS
2021-08-05,1440.1966552734375,1653.550048828125,1666.0,1647.050048828125,1649.5,5420536,INFY.NS
2021-08-06,1437.27880859375,1650.199951171875,1660.6500244140625,1644.0,1657.0,3754855,INFY.NS
2021-08-09,1448.6885986328125,1663.300048828125,1667.449951171875,1646.4000244140625,1661.0,5018477,INFY.NS
2021-08-10,1460.8387451171875,1677.25,1680.0,1661.050048828125,1668.0,6846517,INFY.NS
2021-08-11,1461.0997314453125,1677.550048828125,1684.0,1668.0,1674.800048828125,4899639,INFY.NS
2021-08-12,1471.5953369140625,1689.5999755859375,1696.5,1674.0,1679.1500244140625,5659579,INFY.NS
2021-08-13,1491.2791748046875,1712.199951171875,1722.5,1691.300048828125,1697.0,5612790,INFY.NS
2021-08-16,1484.4854736328125,1704.4000244140625,1719.949951171875,1690.0999755859375,1707.699951171875,4564109,INFY.NS
2021-08-17,1516.92919921875,1741.6500244140625,1748.9000244140625,1686.550048828125,1703.9000244140625,9510390,INFY.NS
2021-08-18,1509.787109375,1733.449951171875,1755.5,1727.0,1729.0,6686090,INFY.NS
2021-08-20,1509.3519287109375,1732.949951171875,1745.0,1716.0999755859375,1716.0999755859375,6206972,INFY.NS
2021-08-23,1514.4034423828125,1738.75,1753.1500244140625,1732.0,1735.75,6189051,INFY.NS
2021-08-24,1498.8128662109375,1720.8499755859375,1757.0,1712.699951171875,1750.0,7602939,INFY.NS
2021-08-25,1511.616455078125,1735.550048828125,1746.9000244140625,1718.0,1718.0,6153253,INFY.NS
2021-08-26,1504.779052734375,1727.699951171875,1746.0,1720.0,1734.0,5302248,INFY.NS
2021-08-27,1488.3179931640625,1708.800048828125,1727.699951171875,1705.199951171875,1725.0,6698514,INFY.NS
2021-08-30,1478.954833984375,1698.050048828125,1718.6500244140625,1690.4000244140625,1703.050048828125,6559667,INFY.NS
2021-08-31,1486.2711181640625,1706.449951171875,1715.0,1685.8499755859375,1700.1500244140625,12255438,INFY.NS
2021-09-01,1461.274169921875,1677.75,1709.5,1673.1500244140625,1709.5,7801974,INFY.NS
2021-09-02,1471.15966796875,1689.0999755859375,1694.300048828125,1662.6500244140625,1677.3499755859375,6830050,INFY.NS
2021-09-03,1481.2193603515625,1700.6500244140625,1705.949951171875,1684.4000244140625,1696.050048828125,5339139,INFY.NS
2021-09-06,1507.130859375,1730.4000244140625,1732.0,1699.3499755859375,1705.1500244140625,4876026,INFY.NS
2021-09-07,1486.4453125,1706.6500244140625,1734.9000244140625,1704.0,1730.0,3520341,INFY.NS
2021-09-08,1474.7740478515625,1693.25,1700.8499755859375,1682.949951171875,1700.8499755859375,4584896,INFY.NS
2021-09-09,1473.337158203125,1691.5999755859375,1694.9000244140625,1682.1500244140625,1685.9000244140625,3331674,INFY.NS
2021-09-13,1473.598388671875,1691.9000244140625,1701.5,1675.199951171875,1683.0,4662374,INFY.NS
2021-09-14,1468.5902099609375,1686.1500244140625,1695.949951171875,1678.5999755859375,1695.949951171875,4945167,INFY.NS
2021-09-15,1490.625732421875,1711.449951171875,1715.0999755859375,1690.199951171875,1693.25,4062344,INFY.NS
2021-09-16,1482.613037109375,1702.25,1719.25,1691.449951171875,1715.199951171875,3246568,INFY.NS
2021-09-17,1473.0758056640625,1691.300048828125,1718.0,1684.449951171875,1697.0,7454864,INFY.NS
2021-09-20,1470.071044921875,1687.8499755859375,1707.699951171875,1677.949951171875,1685.0,5660743,INFY.NS
2021-09-21,1496.72265625,1718.449951171875,1726.75,1684.6500244140625,1700.0,4672222,INFY.NS
2021-09-22,1495.372802734375,1716.9000244140625,1738.9000244140625,1713.050048828125,1717.0,4553892,INFY.NS
2021-09-23,1517.713134765625,1742.550048828125,1745.0,1721.0999755859375,1732.0,3826090,INFY.NS
2021-09-24,1536.264892578125,1763.8499755859375,1788.0,1752.449951171875,1758.0,8280446,INFY.NS
2021-09-27,1499.074462890625,1721.1500244140625,1769.0,1718.0999755859375,1768.75,5045337,INFY.NS
2021-09-28,1469.417724609375,1687.0999755859375,1710.0,1675.0,1710.0,6557197,INFY.NS
2021-09-29,1473.9031982421875,1692.25,1701.4000244140625,1655.0,1659.25,7792548,INFY.NS
2021-09-30,1459.05322265625,1675.199951171875,1703.0,1670.0999755859375,1703.0,6914031,INFY.NS
2021-10-01,1450.2999267578125,1665.1500244140625,1678.949951171875,1661.25,1665.0999755859375,5733906,INFY.NS
2021-10-04,1462.1451416015625,1678.75,1688.0,1665.4000244140625,1672.5,2947154,INFY.NS
2021-10-05,1474.38232421875,1692.800048828125,1702.949951171875,1663.0,1671.0,4373310,INFY.NS
2021-10-06,1457.6160888671875,1673.550048828125,1709.0,1670.0,1702.0999755859375,4271698,INFY.NS
2021-10-07,1472.8145751953125,1691.0,1704.199951171875,1676.6500244140625,1687.0,5476108,INFY.NS
2021-10-08,1501.426025390625,1723.8499755859375,1731.5,1698.4000244140625,1705.25,4738376,INFY.NS
2021-10-11,1472.77099609375,1690.949951171875,1730.0,1663.699951171875,1682.0,8840633,INFY.NS
2021-10-12,1467.7193603515625,1685.1500244140625,1689.0,1662.0,1677.0,7439300,INFY.NS
2021-10-13,1488.666015625,1709.199951171875,1713.6500244140625,1680.050048828125,1695.949951171875,7104171,INFY.NS
2021-10-14,1494.3709716796875,1715.75,1783.5999755859375,1698.199951171875,1754.0,19655776,INFY.NS
2021-10-18,1560.9134521484375,1792.1500244140625,1799.0,1740.0,1740.0,13438109,INFY.NS
2021-10-19,1587.0426025390625,1822.1500244140625,1834.5,1782.300048828125,1814.0,10324260,INFY.NS
2021-10-20,1569.7972412109375,1802.3499755859373,1848.0,1794.050048828125,1829.4000244140625,5876115,INFY.NS
2021-10-21,1527.381103515625,1753.6500244140625,1814.0,1746.8499755859375,1814.0,8779629,INFY.NS
2021-10-22,1497.8984375,1719.800048828125,1763.199951171875,1707.0,1749.9000244140625,7369809,INFY.NS
2021-10-25,1487.229248046875,1707.550048828125,1729.75,1687.199951171875,1722.050048828125,5905209,INFY.NS
2021-10-26,1497.026611328125,1703.699951171875,1726.5999755859375,1695.9000244140625,1710.050048828125,5871709,INFY.NS
2021-10-27,1519.21337890625,1728.949951171875,1734.1500244140625,1701.1500244140625,1709.0999755859375,5090259,INFY.NS
2021-10-28,1497.2022705078125,1703.9000244140625,1724.75,1692.050048828125,1719.3499755859375,5329972,INFY.NS
2021-10-29,1465.4375,1667.75,1712.5999755859375,1661.050048828125,1699.0,5875091,INFY.NS
2021-11-01,1493.8192138671875,1700.050048828125,1707.199951171875,1676.0,1677.5,3636806,INFY.NS
2021-11-02,1491.93017578125,1697.9000244140625,1706.449951171875,1686.3499755859375,1695.0,3471772,INFY.NS
2021-11-03,1495.9720458984375,1702.5,1717.449951171875,1699.0,1709.0,3530713,INFY.NS
2021-11-04,1501.4200439453125,1708.699951171875,1717.0,1705.0,1715.0,483407,INFY.NS
2021-11-08,1526.726318359375,1737.5,1741.0,1703.0,1730.0,5245903,INFY.NS
2021-11-09,1531.1199951171875,1742.5,1750.0,1726.0,1734.75,4016134,INFY.NS
2021-11-10,1529.0548095703125,1740.1500244140625,1750.949951171875,1721.949951171875,1726.0,4780368,INFY.NS
2021-11-11,1523.035888671875,1733.300048828125,1739.75,1709.0,1732.949951171875,4731349,INFY.NS
2021-11-12,1564.2464599609375,1780.199951171875,1782.8499755859375,1738.050048828125,1743.0,5069009,INFY.NS
2021-11-15,1570.353515625,1787.1500244140625,1800.0,1775.5,1782.0999755859375,4354074,INFY.NS
2021-11-16,1574.8787841796875,1792.300048828125,1808.949951171875,1777.0,1790.0,6034233,INFY.NS
2021-11-17,1570.6168212890625,1787.449951171875,1802.0,1780.699951171875,1792.550048828125,4732492,INFY.NS
2021-11-18,1563.54345703125,1779.4000244140625,1789.449951171875,1759.0,1781.5999755859375,4326924,INFY.NS
2021-11-22,1545.969482421875,1759.4000244140625,1785.4000244140625,1751.1500244140625,1784.0,6621839,INFY.NS
2021-11-23,1526.1990966796875,1736.9000244140625,1747.25,1710.0,1735.0999755859375,8436160,INFY.NS
2021-11-24,1490.260498046875,1696.0,1740.5,1688.0,1740.0,7333061,INFY.NS
2021-11-25,1513.458251953125,1722.4000244140625,1726.199951171875,1696.949951171875,1700.0,4476260,INFY.NS
2021-11-26,1486.4384765625,1691.6500244140625,1718.3499755859375,1684.0,1702.550048828125,4494181,INFY.NS
2021-11-29,1490.5682373046875,1696.3499755859375,1712.0,1669.1500244140625,1691.0,3942776,INFY.NS
2021-11-30,1504.890869140625,1712.6500244140625,1729.9000244140625,1700.050048828125,1704.550048828125,14808963,INFY.NS
2021-12-01,1506.8680419921875,1714.9000244140625,1741.9000244140625,1713.0,1715.0,5193264,INFY.NS
2021-12-02,1536.1722412109375,1748.25,1750.5,1711.3499755859375,1715.0,5559574,INFY.NS
2021-12-03,1525.012939453125,1735.550048828125,1786.6500244140625,1732.550048828125,1771.0999755859375,6754012,INFY.NS
2021-12-06,1489.6455078125,1695.300048828125,1733.949951171875,1691.5,1730.0,3991449,INFY.NS
2021-12-07,1504.0120849609375,1711.6500244140625,1724.9000244140625,1694.0,1701.0999755859375,4202122,INFY.NS
2021-12-08,1540.6534423828125,1753.3499755859375,1759.800048828125,1732.5999755859375,1733.0,3029169,INFY.NS
2021-12-09,1549.5281982421875,1763.449951171875,1769.4000244140625,1742.0,1759.0,2082171,INFY.NS
2021-12-10,1545.8377685546875,1759.25,1763.75,1746.0,1760.0,1823469,INFY.NS
2021-12-13,1533.009033203125,1744.6500244140625,1771.3499755859375,1738.800048828125,1767.050048828125,4040584,INFY.NS
2021-12-14,1539.59912109375,1752.1500244140625,1763.0,1710.3499755859375,1730.9000244140625,4768144,INFY.NS
2021-12-15,1523.8265380859375,1734.199951171875,1747.949951171875,1721.199951171875,1745.0,3053149,INFY.NS
2021-12-16,1556.689697265625,1771.5999755859375,1777.5999755859375,1758.0,1762.6500244140625,4481031,INFY.NS
2021-12-17,1599.96533203125,1820.8499755859373,1842.0,1806.75,1820.0,18887243,INFY.NS
2021-12-20,1580.677978515625,1798.9000244140625,1829.6500244140625,1787.300048828125,1801.699951171875,5773891,INFY.NS
2021-12-21,1591.8372802734375,1811.5999755859373,1838.0,1801.0,1801.0,5353584,INFY.NS
2021-12-22,1603.34814453125,1824.699951171875,1829.1500244140625,1812.3499755859373,1825.0,4156428,INFY.NS
2021-12-23,1632.2569580078125,1857.5999755859373,1861.5999755859373,1827.0,1831.25,4112933,INFY.NS
2021-12-24,1637.441650390625,1863.5,1875.75,1854.0,1872.949951171875,3780347,INFY.NS
2021-12-27,1639.7698974609375,1866.1500244140625,1874.5,1845.050048828125,1860.0,2647733,INFY.NS
2021-12-28,1658.9693603515625,1888.0,1895.9000244140625,1878.4000244140625,1880.699951171875,3340933,INFY.NS
2021-12-29,1656.8165283203125,1885.550048828125,1893.800048828125,1876.4000244140625,1883.5,3236635,INFY.NS
2021-12-30,1663.2310791015625,1892.8499755859373,1909.800048828125,1874.3499755859373,1884.5,4584738,INFY.NS
2021-12-31,1658.7496337890625,1887.75,1898.3499755859373,1871.6500244140625,1890.0,4619420,INFY.NS
2022-01-03,1668.1517333984375,1898.449951171875,1914.050048828125,1887.75,1887.75,3329616,INFY.NS
2022-01-04,1668.7667236328125,1899.1500244140625,1906.6500244140625,1878.0,1898.449951171875,3921999,INFY.NS
2022-01-05,1620.8779296875,1844.6500244140625,1902.9000244140625,1840.0,1900.0,6995719,INFY.NS
2022-01-06,1597.285400390625,1817.800048828125,1828.0,1800.0,1828.0,6449205,INFY.NS
2022-01-07,1594.2098388671875,1814.300048828125,1836.0,1806.800048828125,1815.449951171875,4834389,INFY.NS
2022-01-10,1626.2381591796875,1850.75,1869.9000244140625,1813.0,1815.0,7857560,INFY.NS
2022-01-11,1630.4998779296875,1855.5999755859373,1870.0,1850.1500244140625,1855.0,5142287,INFY.NS
2022-01-12,1649.69921875,1877.449951171875,1889.0,1860.0,1868.9000244140625,5362535,INFY.NS
2022-01-13,1666.701904296875,1896.800048828125,1912.5,1866.3499755859373,1905.0,14277630,INFY.NS
2022-01-14,1695.3031005859375,1929.3499755859373,1933.0,1881.0,1882.0,7688506,INFY.NS
2022-01-17,1704.221923828125,1939.5,1953.9000244140625,1930.5,1938.550048828125,5262464,INFY.NS
2022-01-18,1687.7464599609375,1920.75,1945.0,1911.449951171875,1922.0999755859373,3690315,INFY.NS
2022-01-19,1640.560791015625,1867.050048828125,1916.0,1862.8499755859373,1916.0,5747770,INFY.NS
2022-01-20,1602.469482421875,1823.699951171875,1848.0,1815.5,1844.0,5533463,INFY.NS
2022-01-21,1569.0792236328125,1785.699951171875,1808.0,1776.0,1795.0,8252758,INFY.NS
2022-01-24,1526.1112060546875,1736.800048828125,1768.6500244140625,1728.0,1765.0,7116712,INFY.NS
2022-01-25,1513.2381591796875,1722.1500244140625,1740.0,1700.5,1726.5999755859375,9137653,INFY.NS
2022-01-27,1474.9713134765625,1678.5999755859375,1709.699951171875,1665.0,1702.0,11231734,INFY.NS
2022-01-28,1481.6492919921875,1686.199951171875,1727.550048828125,1679.5,1681.0,10998502,INFY.NS
2022-01-31,1525.583984375,1736.199951171875,1749.5,1715.3499755859375,1718.0,8788872,INFY.NS
2022-02-01,1557.085205078125,1772.050048828125,1780.0,1734.699951171875,1766.0999755859375,5119935,INFY.NS
2022-02-02,1570.3095703125,1787.0999755859375,1792.800048828125,1772.0,1789.0,4253717,INFY.NS
2022-02-03,1527.649169921875,1738.550048828125,1779.0,1734.0,1779.0,3832922,INFY.NS
2022-02-04,1529.8895263671875,1741.0999755859375,1753.949951171875,1710.1500244140625,1732.0,4700077,INFY.NS
2022-02-07,1506.9556884765625,1715.0,1732.0,1695.4000244140625,1722.199951171875,4310209,INFY.NS
2022-02-08,1508.976806640625,1717.300048828125,1725.0,1696.0,1710.0,6053401,INFY.NS
2022-02-09,1526.55078125,1737.300048828125,1743.0,1725.0,1735.0,3867244,INFY.NS
2022-02-10,1554.9322509765625,1769.5999755859375,1773.9000244140625,1748.75,1755.6500244140625,4334630,INFY.NS
2022-02-11,1512.5355224609375,1721.3499755859375,1745.949951171875,1713.0,1740.0,7551371,INFY.NS
2022-02-14,1478.134765625,1682.199951171875,1718.550048828125,1678.25,1690.0,7459637,INFY.NS
2022-02-15,1527.38525390625,1738.25,1746.75,1690.449951171875,1699.0,4669915,INFY.NS
2022-02-16,1523.035888671875,1733.300048828125,1755.449951171875,1726.8499755859375,1738.25,5350642,INFY.NS
2022-02-17,1515.5670166015625,1724.800048828125,1749.0,1720.300048828125,1744.0,3937950,INFY.NS
2022-02-18,1499.8822021484375,1706.949951171875,1722.5,1703.5,1710.0,5602215,INFY.NS
2022-02-21,1520.7510986328125,1730.699951171875,1737.300048828125,1691.5,1701.0,5120890,INFY.NS
2022-02-22,1523.9583740234375,1734.3499755859375,1751.0,1691.050048828125,1699.9000244140625,8878515,INFY.NS
2022-02-23,1531.42724609375,1742.8499755859375,1758.25,1733.4000244140625,1750.0,5478811,INFY.NS
2022-02-24,1474.5760498046875,1678.1500244140625,1714.949951171875,1670.5,1690.0999755859375,13592379,INFY.NS
2022-02-25,1489.0303955078125,1694.5999755859375,1728.1500244140625,1677.0,1715.0,9737281,INFY.NS
2022-02-28,1507.48291015625,1715.5999755859375,1728.050048828125,1665.0,1682.199951171875,15076542,INFY.NS
2022-03-02,1496.2357177734375,1702.800048828125,1714.4000244140625,1691.0,1710.0,6771489,INFY.NS
2022-03-03,1512.095947265625,1720.8499755859375,1733.9000244140625,1705.550048828125,1720.199951171875,7344147,INFY.NS
2022-03-04,1514.2486572265625,1723.300048828125,1736.0,1681.0,1695.25,9074499,INFY.NS
2022-03-07,1528.791259765625,1739.8499755859375,1751.0,1696.0,1697.0,9742588,INFY.NS
2022-03-08,1562.4888916015625,1778.199951171875,1800.0,1718.449951171875,1718.449951171875,10984500,INFY.NS
2022-03-09,1593.375,1813.3499755859373,1831.5999755859373,1791.0,1791.0,10193515,INFY.NS
2022-03-10,1604.4027099609375,1825.9000244140625,1844.75,1810.199951171875,1844.75,6547182,INFY.NS
2022-03-11,1600.9757080078125,1822.0,1831.4000244140625,1811.0,1814.0,4758657,INFY.NS
2022-03-14,1661.341796875,1890.699951171875,1895.0,1831.550048828125,1831.550048828125,10289724,INFY.NS
2022-03-15,1616.1771240234375,1839.300048828125,1888.3499755859373,1830.0,1888.3499755859373,7140443,INFY.NS
2022-03-16,1660.199462890625,1889.4000244140625,1893.949951171875,1849.0,1865.0,5233979,INFY.NS
2022-03-17,1629.6209716796875,1854.5999755859373,1923.300048828125,1833.050048828125,1923.300048828125,17731459,INFY.NS
2022-03-21,1628.25927734375,1853.050048828125,1886.9000244140625,1841.0999755859373,1861.0,8362085,INFY.NS
2022-03-22,1658.442138671875,1887.4000244140625,1890.0,1839.0,1850.0,5709382,INFY.NS
2022-03-23,1645.2618408203125,1872.4000244140625,1900.0,1857.0,1897.0,6192824,INFY.NS
2022-03-24,1657.8270263671875,1886.699951171875,1894.5999755859373,1856.1500244140625,1856.1500244140625,3784303,INFY.NS
2022-03-25,1648.908447265625,1876.550048828125,1894.0,1858.0,1892.0,3438588,INFY.NS
2022-03-28,1646.579833984375,1873.9000244140625,1880.9000244140625,1852.6500244140625,1866.0,4008555,INFY.NS
2022-03-29,1657.2120361328125,1886.0,1889.4000244140625,1860.550048828125,1873.9000244140625,3917785,INFY.NS
2022-03-30,1672.984375,1903.949951171875,1919.0,1895.0,1910.0,7795839,INFY.NS
2022-03-31,1675.5325927734375,1906.8499755859373,1913.0,1894.199951171875,1900.0,5399145,INFY.NS
2022-04-01,1672.633056640625,1903.550048828125,1910.300048828125,1878.300048828125,1886.8499755859373,6171518,INFY.NS
2022-04-04,1654.5318603515625,1882.949951171875,1893.0,1873.0,1889.75,7364074,INFY.NS
2022-04-05,1635.3326416015625,1861.0999755859373,1889.5999755859373,1857.1500244140625,1883.800048828125,5472024,INFY.NS
2022-04-06,1606.994873046875,1828.8499755859373,1857.5,1822.1500244140625,1855.0,5407453,INFY.NS
2022-04-07,1591.31005859375,1811.0,1828.1500244140625,1807.550048828125,1821.050048828125,5797544,INFY.NS
2022-04-08,1594.47314453125,1814.5999755859373,1838.0,1808.0,1823.0,5131446,INFY.NS
2022-04-11,1552.2523193359375,1766.550048828125,1814.0,1762.550048828125,1814.0,8248407,INFY.NS
2022-04-12,1531.0760498046875,1742.449951171875,1757.5,1727.75,1757.5,6456184,INFY.NS
2022-04-13,1536.4359130859375,1748.550048828125,1757.5,1732.0,1754.949951171875,6257693,INFY.NS
2022-04-18,1424.710205078125,1621.4000244140625,1650.0,1590.0,1605.5,30523965,INFY.NS
2022-04-19,1372.515869140625,1562.0,1636.6500244140625,1550.0,1636.6500244140625,17044923,INFY.NS
2022-04-20,1395.0982666015625,1587.699951171875,1596.300048828125,1563.0,1575.0,10678747,INFY.NS
2022-04-21,1422.4256591796875,1618.800048828125,1627.199951171875,1589.25,1595.0,7766514,INFY.NS
2022-04-22,1393.12109375,1585.449951171875,1610.699951171875,1582.4000244140625,1604.3499755859375,8134245,INFY.NS
2022-04-25,1371.7252197265625,1561.0999755859375,1572.800048828125,1554.0999755859375,1572.800048828125,7000570,INFY.NS
2022-04-26,1389.211181640625,1581.0,1592.0,1566.550048828125,1577.199951171875,5345435,INFY.NS
2022-04-27,1364.4320068359375,1552.800048828125,1572.75,1550.3499755859375,1572.75,8819356,INFY.NS
2022-04-28,1390.616943359375,1582.5999755859375,1601.800048828125,1557.449951171875,1570.0,9245177,INFY.NS
2022-04-29,1377.392578125,1567.550048828125,1597.300048828125,1560.800048828125,1590.0,9831395,INFY.NS
2022-05-02,1354.0633544921875,1541.0,1552.75,1531.0,1550.9000244140625,7072627,INFY.NS
2022-05-04,1349.2747802734375,1535.550048828125,1570.0,1530.1500244140625,1547.25,6220959,INFY.NS
2022-05-05,1392.8577880859375,1585.1500244140625,1589.4000244140625,1557.449951171875,1560.050048828125,6144870,INFY.NS
2022-05-06,1355.68896484375,1542.8499755859375,1561.8499755859375,1535.050048828125,1550.0,6171472,INFY.NS
2022-05-09,1379.8529052734375,1570.3499755859375,1586.800048828125,1522.1500244140625,1540.0,6832202,INFY.NS
2022-05-10,1364.607666015625,1553.0,1569.1500244140625,1546.050048828125,1558.0,6212545,INFY.NS
2022-05-11,1341.5419921875,1526.75,1549.949951171875,1511.5999755859375,1549.949951171875,7846080,INFY.NS
2022-05-12,1325.7696533203125,1508.800048828125,1527.5,1504.300048828125,1514.0,7034979,INFY.NS
2022-05-13,1321.9033203125,1504.4000244140625,1529.25,1498.0999755859375,1519.300048828125,6723761,INFY.NS
2022-05-16,1308.4593505859375,1489.0999755859375,1511.8499755859375,1478.6500244140625,1510.0,6145331,INFY.NS
2022-05-17,1334.2490234375,1518.449951171875,1525.0,1480.9000244140625,1494.9000244140625,6516378,INFY.NS
2022-05-18,1326.12109375,1509.199951171875,1549.699951171875,1505.300048828125,1522.0,6594126,INFY.NS
2022-05-19,1254.024658203125,1427.1500244140625,1484.699951171875,1417.6500244140625,1481.0,16561140,INFY.NS
2022-05-20,1278.6279296875,1455.1500244140625,1466.75,1446.699951171875,1453.0,10488908,INFY.NS
2022-05-23,1290.2705078125,1468.4000244140625,1488.0,1450.050048828125,1455.0999755859375,5887569,INFY.NS
2022-05-24,1266.1943359375,1441.0,1469.550048828125,1435.25,1468.5999755859375,5693167,INFY.NS
2022-05-25,1239.35009765625,1410.449951171875,1442.5,1399.25,1435.0,9630092,INFY.NS
2022-05-26,1251.2122802734375,1423.949951171875,1430.0,1407.050048828125,1418.0,13040065,INFY.NS
2022-05-27,1284.07568359375,1461.3499755859375,1467.0,1437.4000244140625,1443.949951171875,8284860,INFY.NS
2022-05-30,1341.5859375,1526.800048828125,1530.0,1485.0,1487.0,10904213,INFY.NS
2022-05-31,1335.1925048828125,1503.5999755859375,1518.0,1488.1500244140625,1510.699951171875,16033857,INFY.NS
2022-06-01,1312.9481201171875,1478.550048828125,1514.75,1472.0999755859375,1513.0,8738508,INFY.NS
2022-06-02,1339.0997314453125,1508.0,1513.8499755859375,1475.5999755859375,1484.0,7205840,INFY.NS
2022-06-03,1351.2652587890625,1521.699951171875,1555.0,1518.0,1524.9000244140625,9395707,INFY.NS
2022-06-06,1358.68017578125,1530.050048828125,1536.5999755859375,1493.0,1516.0,6624883,INFY.NS
2022-06-07,1337.945068359375,1506.699951171875,1519.8499755859375,1502.5999755859375,1519.8499755859375,4904592,INFY.NS
2022-06-08,1331.9957275390625,1500.0,1520.199951171875,1492.0,1520.199951171875,4697608,INFY.NS
2022-06-09,1345.3155517578125,1515.0,1516.949951171875,1481.5,1485.0,4361061,INFY.NS
2022-06-10,1311.39404296875,1476.800048828125,1493.949951171875,1473.5999755859375,1486.0999755859375,6516436,INFY.NS
2022-06-13,1264.951904296875,1424.5,1443.5999755859375,1411.699951171875,1443.5999755859375,6987685,INFY.NS
2022-06-14,1279.204345703125,1440.550048828125,1448.9000244140625,1403.1500244140625,1410.0,6090247,INFY.NS
2022-06-15,1262.9095458984375,1422.199951171875,1446.4000244140625,1418.8499755859375,1440.199951171875,4651958,INFY.NS
2022-06-16,1240.7093505859375,1397.199951171875,1443.75,1392.0,1438.0,6641772,INFY.NS
2022-06-17,1231.9183349609375,1387.300048828125,1396.949951171875,1367.1500244140625,1391.050048828125,9692047,INFY.NS
2022-06-20,1255.7611083984375,1414.1500244140625,1422.3499755859375,1382.0,1390.050048828125,4595194,INFY.NS
2022-06-21,1287.507080078125,1449.9000244140625,1456.0,1422.75,1424.0,6270787,INFY.NS
2022-06-22,1276.2738037109375,1437.25,1459.5999755859375,1435.0,1436.050048828125,6253366,INFY.NS
2022-06-23,1289.7713623046875,1452.449951171875,1458.0,1433.0,1439.800048828125,6254281,INFY.NS
2022-06-24,1279.6927490234375,1441.0999755859375,1467.5,1428.9000244140625,1458.0,6114340,INFY.NS
2022-06-27,1309.4404296875,1474.5999755859375,1484.0,1465.1500244140625,1468.050048828125,4511097,INFY.NS
2022-06-28,1314.368896484375,1480.1500244140625,1488.25,1453.0,1469.0,4412178,INFY.NS
2022-06-29,1299.36181640625,1463.25,1477.0,1457.0,1464.699951171875,5060038,INFY.NS
2022-06-30,1298.1629638671875,1461.9000244140625,1482.0,1455.0,1465.050048828125,9165177,INFY.NS
2022-07-01,1313.7030029296875,1479.4000244140625,1485.0,1442.3499755859375,1454.0,4651635,INFY.NS
2022-07-04,1321.3397216796875,1488.0,1492.25,1462.0,1480.25,4800224,INFY.NS
2022-07-05,1310.6392822265625,1475.949951171875,1509.949951171875,1472.0,1498.800048828125,7379669,INFY.NS
2022-07-06,1324.580810546875,1491.6500244140625,1500.0,1470.0,1482.199951171875,5209162,INFY.NS
2022-07-07,1330.8411865234375,1498.699951171875,1513.949951171875,1495.699951171875,1503.050048828125,3323472,INFY.NS
2022-07-08,1344.8272705078125,1514.449951171875,1516.949951171875,1499.949951171875,1515.0,3652582,INFY.NS
2022-07-11,1308.153076171875,1473.1500244140625,1499.9000244140625,1466.4000244140625,1495.0,4702638,INFY.NS
2022-07-12,1277.47265625,1438.5999755859375,1468.5999755859375,1436.0,1461.800048828125,4710356,INFY.NS
2022-07-13,1282.66748046875,1444.449951171875,1460.0,1438.5999755859375,1450.0,5264025,INFY.NS
2022-07-14,1268.814697265625,1428.8499755859375,1452.949951171875,1414.0,1451.0,6157606,INFY.NS
2022-07-15,1270.146728515625,1430.3499755859375,1446.0,1410.6500244140625,1446.0,5620018,INFY.NS
2022-07-18,1323.02685546875,1489.9000244140625,1493.5999755859375,1448.050048828125,1450.0,5835171,INFY.NS
2022-07-19,1317.9210205078125,1484.1500244140625,1486.8499755859375,1470.0999755859375,1471.550048828125,3418540,INFY.NS
2022-07-20,1345.582275390625,1515.300048828125,1525.800048828125,1500.0,1501.25,5079392,INFY.NS
2022-07-21,1361.2108154296875,1532.9000244140625,1535.449951171875,1503.0999755859375,1517.0,5008061,INFY.NS
2022-07-22,1337.590087890625,1506.300048828125,1540.0,1492.1500244140625,1534.0,7020642,INFY.NS
2022-07-25,1335.1925048828125,1503.5999755859375,1517.1500244140625,1480.0999755859375,1480.0999755859375,7859626,INFY.NS
2022-07-26,1288.6170654296875,1451.1500244140625,1496.6500244140625,1445.0,1496.6500244140625,7268273,INFY.NS
2022-07-27,1306.2882080078125,1471.050048828125,1473.0,1445.0,1451.0,4517285,INFY.NS
2022-07-28,1347.4468994140625,1517.4000244140625,1524.449951171875,1489.8499755859375,1496.4000244140625,6636841,INFY.NS
2022-07-29,1376.129150390625,1549.699951171875,1555.699951171875,1528.0,1532.800048828125,7009465,INFY.NS
2022-08-01,1377.327880859375,1551.050048828125,1564.0,1537.9000244140625,1564.0,2983249,INFY.NS
2022-08-02,1370.71240234375,1543.5999755859375,1547.0,1528.3499755859375,1546.550048828125,4374635,INFY.NS
2022-08-03,1390.692138671875,1566.0999755859375,1570.0,1539.9000244140625,1549.0,6011955,INFY.NS
2022-08-04,1420.7064208984375,1599.9000244140625,1603.8499755859375,1574.949951171875,1587.5,7402209,INFY.NS
2022-08-05,1435.5806884765625,1616.6500244140625,1625.699951171875,1602.300048828125,1608.4000244140625,5361971,INFY.NS
2022-08-08,1438.0224609375,1619.4000244140625,1622.0,1596.0,1617.0,3763409,INFY.NS
2022-08-10,1422.9710693359375,1602.449951171875,1621.199951171875,1588.0999755859375,1621.199951171875,4423829,INFY.NS
2022-08-11,1438.5107421875,1619.949951171875,1631.3499755859375,1616.0,1630.0,3462090,INFY.NS
2022-08-12,1415.5562744140625,1594.0999755859375,1614.0,1590.1500244140625,1613.300048828125,3562286,INFY.NS
2022-08-16,1417.64306640625,1596.449951171875,1609.0,1591.0999755859375,1609.0,3004430,INFY.NS
2022-08-17,1426.3453369140625,1606.25,1612.0,1585.0,1596.449951171875,4067324,INFY.NS
2022-08-18,1405.6549072265625,1582.949951171875,1598.199951171875,1574.0,1594.0999755859375,4635706,INFY.NS
2022-08-19,1418.22021484375,1597.0999755859375,1604.9000244140625,1585.0999755859375,1585.300048828125,4739884,INFY.NS
2022-08-22,1399.172607421875,1575.6500244140625,1599.0,1574.0,1586.0,3950555,INFY.NS
2022-08-23,1369.6468505859375,1542.4000244140625,1554.5,1533.0,1548.0,5551574,INFY.NS
2022-08-24,1365.2955322265625,1537.5,1546.0,1531.0,1535.0,2888426,INFY.NS
2022-08-25,1348.11279296875,1518.1500244140625,1548.699951171875,1513.75,1548.0,4331088,INFY.NS
2022-08-26,1351.1319580078125,1521.550048828125,1544.949951171875,1517.449951171875,1535.1500244140625,3079136,INFY.NS
2022-08-29,1298.0296630859375,1461.75,1468.550048828125,1450.0,1468.550048828125,8079050,INFY.NS
2022-08-30,1325.7353515625,1492.949951171875,1496.0999755859375,1466.0,1473.0999755859375,6725875,INFY.NS
2022-09-01,1300.2052001953125,1464.199951171875,1468.0999755859375,1451.050048828125,1460.050048828125,8140604,INFY.NS
2022-09-02,1290.2601318359375,1453.0,1478.0,1448.0,1478.0,5175653,INFY.NS
2022-09-05,1297.630126953125,1461.300048828125,1467.0,1446.3499755859375,1451.0,3669352,INFY.NS
2022-09-06,1292.124755859375,1455.0999755859375,1470.0,1445.449951171875,1461.300048828125,3428442,INFY.NS
2022-09-07,1294.3890380859375,1457.6500244140625,1465.75,1438.050048828125,1440.0,3600574,INFY.NS
2022-09-08,1310.594970703125,1475.9000244140625,1481.0999755859375,1463.5999755859375,1475.0,4061475,INFY.NS
2022-09-09,1342.3409423828125,1511.6500244140625,1520.0,1480.0,1488.0,4816910,INFY.NS
2022-09-12,1364.1409912109375,1536.199951171875,1545.9000244140625,1521.1500244140625,1525.800048828125,5494819,INFY.NS
2022-09-13,1371.9111328125,1544.949951171875,1553.0,1541.300048828125,1551.9000244140625,4947158,INFY.NS
2022-09-14,1310.15087890625,1475.4000244140625,1498.949951171875,1472.0,1497.0,14332197,INFY.NS
2022-09-15,1272.322509765625,1432.800048828125,1475.199951171875,1429.050048828125,1475.0,12784100,INFY.NS
2022-09-16,1222.8165283203125,1377.050048828125,1425.0,1368.3499755859375,1425.0,20464045,INFY.NS
2022-09-19,1234.58251953125,1390.300048828125,1406.0,1380.5999755859375,1392.0,6595241,INFY.NS
2022-09-20,1233.0283203125,1388.550048828125,1413.550048828125,1385.0999755859375,1407.949951171875,7219797,INFY.NS
2022-09-21,1222.9940185546875,1377.25,1388.800048828125,1368.4000244140625,1379.9000244140625,7917054,INFY.NS
2022-09-22,1214.735595703125,1367.949951171875,1383.949951171875,1360.0,1366.3499755859375,9168498,INFY.NS
2022-09-23,1212.5155029296875,1365.449951171875,1394.800048828125,1362.0,1367.5,10426200,INFY.NS
2022-09-26,1225.6580810546875,1380.25,1399.449951171875,1355.0,1360.0,9414587,INFY.NS
2022-09-27,1237.468505859375,1393.550048828125,1406.5,1378.0,1393.449951171875,8561254,INFY.NS
2022-09-28,1238.489501953125,1394.699951171875,1405.8499755859375,1377.0,1379.0,7022098,INFY.NS
2022-09-29,1241.9970703125,1398.6500244140625,1409.8499755859375,1393.0,1404.9000244140625,6119965,INFY.NS
2022-09-30,1255.1396484375,1413.449951171875,1419.300048828125,1376.0,1388.949951171875,8120130,INFY.NS
2022-10-03,1237.64599609375,1393.75,1412.0,1386.0,1412.0,4943169,INFY.NS
2022-10-04,1269.30322265625,1429.4000244140625,1432.25,1414.0,1419.699951171875,6631341,INFY.NS
2022-10-06,1292.169189453125,1455.1500244140625,1459.800048828125,1444.0999755859375,1445.0,6180672,INFY.NS
2022-10-07,1288.6614990234375,1451.199951171875,1457.8499755859375,1440.1500244140625,1446.3499755859375,3994466,INFY.NS
2022-10-10,1298.8289794921875,1462.6500244140625,1465.0,1426.3499755859375,1426.3499755859375,5274677,INFY.NS
2022-10-11,1264.330322265625,1423.800048828125,1479.6500244140625,1420.0999755859375,1462.6500244140625,12824774,INFY.NS
2022-10-12,1268.6815185546875,1428.699951171875,1441.0999755859375,1413.550048828125,1437.0,5481467,INFY.NS
2022-10-13,1260.866943359375,1419.9000244140625,1437.949951171875,1415.0,1431.0,4821514,INFY.NS
2022-10-14,1309.1298828125,1474.25,1494.0,1467.25,1485.0,14990688,INFY.NS
2022-10-17,1323.0711669921875,1489.949951171875,1495.0,1475.5,1476.9000244140625,4286396,INFY.NS
2022-10-18,1335.28125,1503.699951171875,1510.949951171875,1497.25,1510.0,4692004,INFY.NS
2022-10-19,1319.0751953125,1485.449951171875,1504.949951171875,1481.300048828125,1504.0,3553171,INFY.NS
2022-10-20,1332.794921875,1500.9000244140625,1504.0,1474.199951171875,1475.0,4583939,INFY.NS
2022-10-21,1332.4398193359375,1500.5,1506.0,1491.3499755859375,1500.300048828125,3594485,INFY.NS
2022-10-24,1347.846435546875,1517.8499755859375,1521.800048828125,1511.0,1518.5,982837,INFY.NS
2022-10-25,1355.3499755859375,1526.300048828125,1532.9000244140625,1521.050048828125,1528.0999755859375,3914341,INFY.NS
2022-10-27,1368.052490234375,1523.949951171875,1534.9000244140625,1512.5,1530.800048828125,6760137,INFY.NS
2022-10-28,1358.447021484375,1513.25,1527.949951171875,1507.0,1526.0,3053981,INFY.NS
2022-10-31,1380.35107421875,1537.6500244140625,1546.4000244140625,1530.25,1530.25,4542336,INFY.NS
2022-11-01,1412.0848388671875,1573.0,1575.0,1547.0999755859375,1553.050048828125,4542692,INFY.NS
2022-11-02,1394.4000244140625,1553.300048828125,1572.75,1545.0,1572.0,2938906,INFY.NS
2022-11-03,1374.15673828125,1530.75,1543.9000244140625,1521.6500244140625,1538.75,3174027,INFY.NS
2022-11-04,1359.1202392578125,1514.0,1520.449951171875,1501.1500244140625,1520.449951171875,4509682,INFY.NS
2022-11-07,1353.2403564453125,1507.449951171875,1527.9000244140625,1491.0999755859375,1521.4000244140625,4898592,INFY.NS
2022-11-09,1356.606689453125,1511.199951171875,1529.0,1501.0999755859375,1529.0,3334755,INFY.NS
2022-11-10,1348.302978515625,1501.949951171875,1512.0,1485.0,1485.0,3435763,INFY.NS
2022-11-11,1409.4813232421875,1570.0999755859375,1573.5,1546.6500244140625,1546.6500244140625,7214098,INFY.NS
2022-11-14,1423.12646484375,1585.300048828125,1591.4000244140625,1568.449951171875,1575.1500244140625,4908813,INFY.NS
2022-11-15,1430.9364013671875,1594.0,1597.8499755859375,1572.75,1577.8499755859375,3497614,INFY.NS
2022-11-16,1438.8363037109375,1602.800048828125,1609.0,1593.5,1597.1500244140625,4497697,INFY.NS
2022-11-17,1425.01171875,1587.4000244140625,1602.800048828125,1582.949951171875,1597.199951171875,3469515,INFY.NS
2022-11-18,1430.397705078125,1593.4000244140625,1598.0,1575.5,1591.699951171875,3126064,INFY.NS
2022-11-21,1407.7757568359375,1568.199951171875,1587.8499755859375,1564.050048828125,1582.0999755859375,3071764,INFY.NS
2022-11-22,1422.902099609375,1585.050048828125,1588.0,1562.0,1569.0,3399329,INFY.NS
2022-11-23,1421.1964111328125,1583.1500244140625,1592.0,1579.300048828125,1588.9000244140625,3245067,INFY.NS
2022-11-24,1463.07421875,1629.800048828125,1636.0,1584.75,1589.0,5282215,INFY.NS
2022-11-25,1468.325927734375,1635.6500244140625,1644.0,1613.800048828125,1631.4000244140625,4563255,INFY.NS
2022-11-28,1457.3287353515625,1623.4000244140625,1653.5,1620.0,1628.0,3825766,INFY.NS
2022-11-29,1462.4010009765625,1629.050048828125,1638.75,1615.050048828125,1621.199951171875,3131710,INFY.NS
2022-11-30,1467.697265625,1634.949951171875,1645.75,1613.1500244140625,1619.949951171875,11868134,INFY.NS
2022-12-01,1487.58154296875,1657.0999755859375,1672.5999755859375,1652.300048828125,1656.199951171875,5407928,INFY.NS
2022-12-02,1470.345458984375,1637.9000244140625,1661.800048828125,1633.949951171875,1656.0,4283343,INFY.NS
2022-12-05,1472.00634765625,1639.75,1644.8499755859375,1623.300048828125,1638.0,3824966,INFY.NS
2022-12-06,1447.9029541015625,1612.9000244140625,1626.0,1607.550048828125,1625.0,4822398,INFY.NS
2022-12-07,1441.260009765625,1605.5,1623.800048828125,1596.699951171875,1608.0,4898087,INFY.NS
2022-12-08,1454.4114990234375,1620.1500244140625,1623.9000244140625,1598.5,1605.5,4206837,INFY.NS
2022-12-09,1408.76318359375,1569.300048828125,1628.0,1561.0999755859375,1628.0,8880658,INFY.NS
2022-12-12,1388.924072265625,1547.199951171875,1565.949951171875,1530.050048828125,1550.0,8037679,INFY.NS
2022-12-13,1411.32177734375,1572.1500244140625,1577.5,1541.1500244140625,1547.199951171875,6135067,INFY.NS
2022-12-14,1417.830078125,1579.4000244140625,1588.5,1573.0,1582.0,4976020,INFY.NS
2022-12-15,1382.9095458984375,1540.5,1570.0,1535.25,1569.300048828125,6443866,INFY.NS
2022-12-16,1366.4813232421875,1522.199951171875,1549.5,1512.050048828125,1525.0,9630453,INFY.NS
2022-12-19,1353.150634765625,1507.3499755859375,1516.9000244140625,1495.050048828125,1507.949951171875,6222740,INFY.NS
2022-12-20,1353.105712890625,1507.300048828125,1516.0,1482.449951171875,1501.0,7396259,INFY.NS
2022-12-21,1355.12548828125,1509.550048828125,1521.0,1502.3499755859375,1515.0,6236361,INFY.NS
2022-12-22,1366.346923828125,1522.050048828125,1529.949951171875,1511.75,1521.5,6302640,INFY.NS
2022-12-23,1343.9490966796875,1497.0999755859375,1509.9000244140625,1493.0,1508.699951171875,6283822,INFY.NS
2022-12-26,1348.70703125,1502.4000244140625,1509.9000244140625,1496.3499755859375,1500.5,4115459,INFY.NS
2022-12-27,1359.88330078125,1514.8499755859375,1521.449951171875,1497.5,1509.949951171875,4860076,INFY.NS
2022-12-28,1355.6641845703125,1510.1500244140625,1524.949951171875,1498.5,1505.0999755859375,5029860,INFY.NS
2022-12-29,1362.3074951171875,1517.550048828125,1521.300048828125,1501.0,1504.0,4624745,INFY.NS
2022-12-30,1353.9134521484375,1508.199951171875,1530.4000244140625,1504.050048828125,1528.0,5060544,INFY.NS
2023-01-02,1368.09716796875,1524.0,1526.5,1504.050048828125,1514.0,3801140,INFY.NS
2023-01-03,1366.795654296875,1522.550048828125,1532.6500244140625,1515.0999755859375,1519.8499755859375,4551130,INFY.NS
2023-01-04,1341.88427734375,1494.800048828125,1521.0,1491.0999755859375,1521.0,7059590,INFY.NS
2023-01-05,1324.2894287109375,1475.199951171875,1505.9000244140625,1469.25,1505.9000244140625,9868404,INFY.NS
2023-01-06,1300.3209228515625,1448.5,1475.0,1446.5,1470.0,6443714,INFY.NS
2023-01-09,1332.59326171875,1484.449951171875,1489.3499755859375,1448.199951171875,1448.199951171875,11498717,INFY.NS
2023-01-10,1319.397216796875,1469.75,1483.9000244140625,1454.050048828125,1482.0,7158624,INFY.NS
2023-01-11,1320.7435302734375,1471.25,1494.0,1464.0,1470.0,6173092,INFY.NS
2023-01-12,1329.136962890625,1480.5999755859375,1485.0,1455.0,1481.949951171875,6591385,INFY.NS
2023-01-13,1349.8291015625,1503.6500244140625,1519.4000244140625,1468.0,1483.5,11610426,INFY.NS
2023-01-16,1369.4439697265625,1525.5,1528.0,1502.300048828125,1510.0,6073063,INFY.NS
2023-01-17,1382.0118408203125,1539.5,1542.199951171875,1524.0,1527.0,5922644,INFY.NS
2023-01-18,1387.3082275390625,1545.4000244140625,1551.8499755859375,1539.5999755859375,1544.75,5843098,INFY.NS
2023-01-19,1381.47314453125,1538.9000244140625,1549.550048828125,1526.1500244140625,1539.9000244140625,6165284,INFY.NS
2023-01-20,1369.4888916015625,1525.550048828125,1545.0,1524.0,1538.0,6496429,INFY.NS
2023-01-23,1389.6422119140625,1548.0,1553.300048828125,1528.0999755859375,1535.0,4855020,INFY.NS
2023-01-24,1393.1431884765625,1551.9000244140625,1568.800048828125,1549.75,1560.0,5200802,INFY.NS
2023-01-25,1385.15380859375,1543.0,1556.0,1538.75,1547.0,4158617,INFY.NS
2023-01-27,1363.74365234375,1519.1500244140625,1550.949951171875,1507.4000244140625,1546.0,6209955,INFY.NS
2023-01-30,1381.3834228515625,1538.800048828125,1544.0,1520.0,1528.800048828125,6964719,INFY.NS
2023-01-31,1376.8499755859375,1533.75,1548.9000244140625,1513.0,1548.9000244140625,9448126,INFY.NS
2023-02-01,1392.425048828125,1551.0999755859375,1555.050048828125,1528.050048828125,1542.199951171875,6194199,INFY.NS
2023-02-02,1421.7349853515625,1583.75,1586.949951171875,1552.0,1552.0,6916834,INFY.NS
2023-02-03,1435.783935546875,1599.4000244140625,1604.6500244140625,1573.0,1597.5,7040194,INFY.NS
2023-02-06,1409.257080078125,1569.8499755859375,1598.0,1561.5999755859375,1598.0,4570612,INFY.NS
2023-02-07,1402.569091796875,1562.4000244140625,1576.050048828125,1555.0999755859375,1569.0,4336238,INFY.NS
2023-02-08,1427.7945556640625,1590.5,1603.0,1565.5,1565.5,7983338,INFY.NS
2023-02-09,1451.5836181640625,1617.0,1619.75,1586.050048828125,1596.199951171875,6904911,INFY.NS
2023-02-10,1443.9979248046875,1608.550048828125,1616.300048828125,1596.449951171875,1612.949951171875,4786762,INFY.NS
2023-02-13,1407.1024169921875,1567.449951171875,1597.0,1566.0,1597.0,4001199,INFY.NS
2023-02-14,1430.2630615234375,1593.25,1596.0,1578.1500244140625,1584.699951171875,5043736,INFY.NS
2023-02-15,1433.6746826171875,1597.050048828125,1599.0,1576.0,1584.0,3465747,INFY.NS
2023-02-16,1437.9385986328125,1601.800048828125,1614.449951171875,1597.8499755859375,1600.0,4290289,INFY.NS
2023-02-17,1421.7799072265625,1583.800048828125,1595.0,1575.5,1594.0,2857734,INFY.NS
2023-02-20,1429.5450439453125,1592.449951171875,1603.0,1582.5,1584.949951171875,2417716,INFY.NS
2023-02-21,1417.919677734375,1579.5,1601.6500244140625,1576.0,1598.699951171875,2723288,INFY.NS
2023-02-22,1402.0303955078125,1561.800048828125,1575.0,1555.300048828125,1563.0,3656244,INFY.NS
2023-02-23,1392.06591796875,1550.699951171875,1569.8499755859375,1548.1500244140625,1569.8499755859375,4766854,INFY.NS
2023-02-24,1392.0211181640625,1550.6500244140625,1569.0,1545.0,1560.0,2790986,INFY.NS
2023-02-27,1354.9010009765625,1509.300048828125,1540.0,1502.0,1540.0,4920268,INFY.NS
2023-02-28,1335.376220703125,1487.550048828125,1524.0,1481.300048828125,1515.5999755859375,9679811,INFY.NS
2023-03-01,1343.0064697265625,1496.050048828125,1500.8499755859375,1481.5,1492.4000244140625,5125043,INFY.NS
2023-03-02,1321.551513671875,1472.1500244140625,1488.5999755859375,1467.300048828125,1485.0,4644499,INFY.NS
2023-03-03,1327.969970703125,1479.300048828125,1489.800048828125,1473.0,1486.75,4615015,INFY.NS
2023-03-06,1353.2403564453125,1507.449951171875,1520.4000244140625,1493.1500244140625,1494.550048828125,6561742,INFY.NS
2023-03-08,1339.9991455078125,1492.699951171875,1496.0,1481.0999755859375,1490.550048828125,4137080,INFY.NS
2023-03-09,1328.9576416015625,1480.4000244140625,1498.3499755859375,1474.5999755859375,1495.0,5104656,INFY.NS
2023-03-10,1321.0128173828125,1471.550048828125,1474.300048828125,1457.6500244140625,1460.0,3699580,INFY.NS
2023-03-13,1288.2916259765625,1435.0999755859375,1478.300048828125,1428.0,1464.199951171875,8798403,INFY.NS
2023-03-14,1274.736328125,1420.0,1448.3499755859375,1411.0,1441.0,7402784,INFY.NS
2023-03-15,1274.422119140625,1419.6500244140625,1442.8499755859375,1416.8499755859375,1438.0,7556182,INFY.NS
2023-03-16,1260.4630126953125,1404.0999755859375,1417.800048828125,1398.699951171875,1417.800048828125,7323117,INFY.NS
2023-03-17,1275.364501953125,1420.699951171875,1442.9000244140625,1411.4000244140625,1430.0,9090018,INFY.NS
2023-03-20,1260.05908203125,1403.6500244140625,1419.699951171875,1384.8499755859375,1419.699951171875,8221829,INFY.NS
2023-03-21,1248.43359375,1390.699951171875,1405.0,1390.0,1399.0,8536755,INFY.NS
2023-03-22,1247.132080078125,1389.25,1407.25,1382.1500244140625,1403.0,8356487,INFY.NS
2023-03-23,1233.9356689453125,1374.550048828125,1383.949951171875,1370.0,1383.949951171875,7607718,INFY.NS
2023-03-24,1239.411865234375,1380.6500244140625,1398.949951171875,1377.5,1388.0,7559127,INFY.NS
2023-03-27,1246.86279296875,1388.949951171875,1395.75,1374.0999755859375,1386.25,4170193,INFY.NS
2023-03-28,1236.673828125,1377.5999755859375,1398.0,1375.8499755859375,1392.0999755859375,6633366,INFY.NS
2023-03-29,1242.0150146484375,1383.550048828125,1389.9000244140625,1364.550048828125,1379.0,8813966,INFY.NS
2023-03-31,1281.873046875,1427.949951171875,1429.949951171875,1393.9000244140625,1404.0,8711975,INFY.NS
2023-04-03,1266.5223388671875,1410.8499755859375,1435.0,1405.1500244140625,1435.0,5242764,INFY.NS
2023-04-05,1277.9232177734375,1423.550048828125,1427.5,1400.0,1400.0,7506334,INFY.NS
2023-04-06,1276.4420166015625,1421.9000244140625,1428.4000244140625,1410.3499755859375,1416.0,6948465,INFY.NS
2023-04-10,1281.5589599609375,1427.5999755859375,1434.0,1415.0,1423.949951171875,4993788,INFY.NS
2023-04-11,1262.30322265625,1406.1500244140625,1433.3499755859375,1389.0,1428.9000244140625,6942255,INFY.NS
2023-04-12,1282.1875,1428.300048828125,1431.5,1400.0,1413.050048828125,5831169,INFY.NS
2023-04-13,1247.0870361328125,1389.199951171875,1411.050048828125,1383.0,1409.75,11267238,INFY.NS
2023-04-17,1129.5780029296875,1258.300048828125,1261.1500244140625,1185.300048828125,1250.300048828125,53171705,INFY.NS
2023-04-18,1130.5203857421875,1259.3499755859375,1269.949951171875,1253.0999755859375,1269.949951171875,12430884,INFY.NS
2023-04-19,1106.14794921875,1232.199951171875,1254.3499755859375,1229.4000244140625,1254.3499755859375,11307230,INFY.NS
2023-04-20,1098.248291015625,1223.4000244140625,1237.8499755859375,1221.4000244140625,1230.699951171875,8621249,INFY.NS
2023-04-21,1101.794189453125,1227.3499755859375,1233.25,1220.0,1228.0999755859375,8691352,INFY.NS
2023-04-24,1100.8515625,1226.300048828125,1230.0,1218.0,1228.0,8313774,INFY.NS
2023-04-25,1099.5948486328125,1224.9000244140625,1235.5,1215.0,1225.949951171875,6808576,INFY.NS
2023-04-26,1101.9737548828125,1227.550048828125,1233.0,1220.550048828125,1228.0,5680192,INFY.NS
2023-04-27,1118.7606201171875,1246.25,1247.800048828125,1225.4000244140625,1230.0,8020704,INFY.NS
2023-04-28,1124.5958251953125,1252.75,1259.0,1244.949951171875,1255.699951171875,10118277,INFY.NS
2023-05-02,1146.7689208984375,1277.449951171875,1279.75,1254.550048828125,1254.550048828125,8886401,INFY.NS
2023-05-03,1139.318115234375,1269.1500244140625,1272.5,1262.0999755859375,1266.0,5549783,INFY.NS
2023-05-04,1143.2679443359375,1273.550048828125,1275.800048828125,1262.5,1268.949951171875,4505401,INFY.NS
2023-05-05,1130.296142578125,1259.0999755859375,1279.0,1254.25,1279.0,5373791,INFY.NS
2023-05-08,1136.131103515625,1265.5999755859375,1270.300048828125,1255.199951171875,1262.449951171875,5260842,INFY.NS
2023-05-09,1140.70947265625,1270.699951171875,1272.0,1260.699951171875,1266.0,4969897,INFY.NS
2023-05-10,1134.021484375,1263.25,1276.4000244140625,1259.1500244140625,1276.4000244140625,6515734,INFY.NS
2023-05-11,1127.60302734375,1256.0999755859375,1275.9000244140625,1253.050048828125,1270.25,6888461,INFY.NS
2023-05-12,1117.8179931640625,1245.199951171875,1256.0,1239.050048828125,1253.3499755859375,8292212,INFY.NS
2023-05-15,1129.622802734375,1258.3499755859375,1268.9000244140625,1245.6500244140625,1249.9000244140625,5534710,INFY.NS
2023-05-16,1134.96435546875,1264.300048828125,1273.949951171875,1262.75,1265.0,5236469,INFY.NS
2023-05-17,1119.34423828125,1246.9000244140625,1260.949951171875,1242.449951171875,1260.5999755859375,10465667,INFY.NS
2023-05-18,1118.5362548828125,1246.0,1259.6500244140625,1242.449951171875,1258.5999755859375,6948732,INFY.NS
2023-05-19,1139.09375,1268.9000244140625,1273.300048828125,1252.800048828125,1256.050048828125,11094136,INFY.NS
2023-05-22,1160.5487060546875,1292.800048828125,1295.5999755859375,1270.25,1272.949951171875,7625947,INFY.NS
2023-05-23,1167.0572509765625,1300.050048828125,1314.1500244140625,1297.050048828125,1299.199951171875,7436031,INFY.NS
2023-05-24,1165.8001708984375,1298.6500244140625,1305.0,1291.300048828125,1296.300048828125,4824077,INFY.NS
2023-05-25,1170.917236328125,1304.3499755859375,1307.0,1289.25,1294.5,4334121,INFY.NS
2023-05-26,1182.6771240234375,1317.449951171875,1323.449951171875,1306.0,1306.0,5521606,INFY.NS
2023-05-29,1179.9390869140625,1314.4000244140625,1332.699951171875,1309.8499755859375,1332.699951171875,4419365,INFY.NS
2023-05-30,1188.4222412109375,1323.8499755859375,1326.4000244140625,1309.1500244140625,1315.0,6274719,INFY.NS
2023-05-31,1183.440185546875,1318.300048828125,1331.0999755859375,1314.1500244140625,1319.8499755859375,17800782,INFY.NS
2023-06-01,1184.517333984375,1319.5,1329.5,1318.0999755859375,1322.550048828125,4277841,INFY.NS
2023-06-02,1181.7880859375,1299.0,1312.9000244140625,1296.050048828125,1309.0,10909311,INFY.NS
2023-06-05,1186.7918701171875,1304.5,1309.449951171875,1297.300048828125,1304.0,5002553,INFY.NS
2023-06-06,1163.5927734375,1279.0,1288.5999755859375,1273.0,1288.5999755859375,10008100,INFY.NS
2023-06-07,1172.644775390625,1288.949951171875,1294.0,1282.5,1290.5,5397578,INFY.NS
2023-06-08,1167.0498046875,1282.800048828125,1292.0,1281.0999755859375,1286.199951171875,5034942,INFY.NS
2023-06-09,1151.72021484375,1265.949951171875,1282.5,1264.0,1282.5,5339073,INFY.NS
2023-06-12,1175.374267578125,1291.949951171875,1295.699951171875,1273.0,1273.5,4785588,INFY.NS
2023-06-13,1187.110107421875,1304.8499755859375,1306.5,1297.050048828125,1299.9000244140625,4846587,INFY.NS
2023-06-14,1183.0618896484375,1300.4000244140625,1306.699951171875,1293.199951171875,1306.3499755859375,3457981,INFY.NS
2023-06-15,1170.68896484375,1286.800048828125,1293.949951171875,1282.6500244140625,1293.949951171875,6161155,INFY.NS
2023-06-16,1175.101318359375,1291.6500244140625,1301.5,1281.050048828125,1287.0,8536287,INFY.NS
2023-06-19,1177.2392578125,1294.0,1299.5,1287.050048828125,1294.0,4451787,INFY.NS
2023-06-20,1185.7911376953125,1303.4000244140625,1305.0,1291.0999755859375,1294.0,4009180,INFY.NS
2023-06-21,1182.1064453125,1299.3499755859375,1303.800048828125,1295.0,1299.949951171875,4041529,INFY.NS
2023-06-22,1165.91259765625,1281.550048828125,1289.4000244140625,1273.5,1289.4000244140625,6676607,INFY.NS
2023-06-23,1150.8560791015625,1265.0,1279.3499755859375,1263.3499755859375,1276.449951171875,7239467,INFY.NS
2023-06-26,1155.72314453125,1270.3499755859375,1274.0,1262.25,1270.25,3403244,INFY.NS
2023-06-27,1163.729248046875,1279.1500244140625,1282.0,1274.199951171875,1280.0,3240024,INFY.NS
2023-06-28,1176.6478271484375,1293.3499755859375,1296.699951171875,1281.4000244140625,1290.0,5662358,INFY.NS
2023-06-30,1214.99462890625,1335.5,1338.9000244140625,1304.449951171875,1308.199951171875,12821692,INFY.NS
2023-07-03,1213.35693359375,1333.699951171875,1346.0,1328.449951171875,1330.0,7732412,INFY.NS
2023-07-04,1223.7738037109375,1345.1500244140625,1346.0,1331.4000244140625,1344.300048828125,5797775,INFY.NS
2023-07-05,1225.72998046875,1347.300048828125,1357.949951171875,1341.0,1357.8499755859375,5414936,INFY.NS
2023-07-06,1222.636474609375,1343.9000244140625,1347.449951171875,1337.1500244140625,1342.550048828125,5963897,INFY.NS
2023-07-07,1210.1727294921875,1330.199951171875,1345.800048828125,1325.3499755859375,1334.0,6295647,INFY.NS
2023-07-10,1209.217529296875,1329.1500244140625,1341.9000244140625,1319.300048828125,1336.550048828125,3940315,INFY.NS
2023-07-11,1226.9124755859375,1348.5999755859375,1350.9000244140625,1327.0,1333.449951171875,6126128,INFY.NS
2023-07-12,1212.9930419921875,1333.300048828125,1351.9000244140625,1327.0,1351.0,8102770,INFY.NS
2023-07-13,1241.9237060546875,1365.0999755859375,1376.800048828125,1330.8499755859375,1334.9000244140625,9977644,INFY.NS
2023-07-14,1297.282958984375,1425.949951171875,1430.0,1380.6500244140625,1380.6500244140625,12833381,INFY.NS
2023-07-17,1294.5537109375,1422.949951171875,1458.949951171875,1414.300048828125,1425.949951171875,11569884,INFY.NS
2023-07-18,1342.0889892578125,1475.199951171875,1477.949951171875,1429.0,1434.0,16743977,INFY.NS
2023-07-19,1341.86181640625,1474.949951171875,1498.800048828125,1460.699951171875,1486.0,13687062,INFY.NS
2023-07-20,1318.7080078125,1449.5,1471.0,1440.699951171875,1471.0,8347221,INFY.NS
2023-07-21,1211.4464111328125,1331.5999755859375,1350.0,1305.0,1320.199951171875,45548305,INFY.NS
2023-07-24,1215.9954833984375,1336.5999755859375,1349.9000244140625,1334.25,1341.0,8859789,INFY.NS
2023-07-25,1214.17578125,1334.5999755859375,1342.8499755859375,1324.25,1337.0,6801982,INFY.NS
2023-07-26,1227.1400146484375,1348.8499755859375,1350.0,1339.4000244140625,1343.0,5528885,INFY.NS
2023-07-27,1231.0521240234375,1353.1500244140625,1363.800048828125,1347.050048828125,1358.5999755859375,9191861,INFY.NS
2023-07-28,1219.5435791015625,1340.5,1363.8499755859375,1336.0,1353.8499755859375,6122735,INFY.NS
2023-07-31,1233.371826171875,1355.699951171875,1357.5,1333.25,1348.75,7902180,INFY.NS
2023-08-01,1242.0146484375,1365.199951171875,1369.0,1357.0,1362.0,6064652,INFY.NS
2023-08-02,1234.4180908203125,1356.8499755859375,1371.949951171875,1348.449951171875,1369.300048828125,7419145,INFY.NS
2023-08-03,1241.19580078125,1364.300048828125,1366.550048828125,1349.0,1350.0,6503741,INFY.NS
2023-08-04,1253.9781494140625,1378.3499755859375,1385.9000244140625,1362.0,1368.9000244140625,5712345,INFY.NS
2023-08-07,1267.3062744140625,1393.0,1395.0,1377.0,1387.9000244140625,3729093,INFY.NS
2023-08-08,1264.7589111328125,1390.199951171875,1393.550048828125,1384.4000244140625,1392.8499755859375,4161877,INFY.NS
2023-08-09,1268.580078125,1394.4000244140625,1396.0,1382.5,1384.0,4090828,INFY.NS
2023-08-10,1263.75830078125,1389.0999755859375,1395.800048828125,1385.5999755859375,1391.5999755859375,3873025,INFY.NS
2023-08-11,1248.0645751953125,1371.8499755859375,1396.8499755859375,1367.050048828125,1392.0,5783517,INFY.NS
2023-08-14,1267.806640625,1393.550048828125,1395.0,1365.5999755859375,1371.8499755859375,4304135,INFY.NS
2023-08-16,1290.50537109375,1418.5,1419.949951171875,1405.4000244140625,1410.800048828125,7735313,INFY.NS
2023-08-17,1284.1826171875,1411.550048828125,1420.0,1406.0,1420.0,5618346,INFY.NS
2023-08-18,1263.4852294921875,1388.800048828125,1408.699951171875,1386.1500244140625,1403.699951171875,5134103,INFY.NS
2023-08-21,1278.58740234375,1405.4000244140625,1407.0,1387.1500244140625,1389.75,3032722,INFY.NS
2023-08-22,1277.086181640625,1403.75,1406.050048828125,1396.6500244140625,1404.699951171875,2890714,INFY.NS
2023-08-23,1280.9071044921875,1407.949951171875,1416.5999755859375,1405.6500244140625,1416.0,2559125,INFY.NS
2023-08-24,1295.1451416015625,1423.5999755859375,1425.050048828125,1414.449951171875,1421.5,5171963,INFY.NS
2023-08-25,1291.9608154296875,1420.0999755859375,1422.5,1411.4000244140625,1413.0,4307172,INFY.NS
2023-08-28,1287.91259765625,1415.6500244140625,1424.800048828125,1411.4000244140625,1420.0999755859375,3133464,INFY.NS
2023-08-29,1289.7320556640625,1417.6500244140625,1424.4000244140625,1415.300048828125,1424.0,3074444,INFY.NS
2023-08-30,1305.6529541015625,1435.1500244140625,1436.6500244140625,1424.0,1427.0,3070887,INFY.NS
2023-08-31,1305.9259033203125,1435.449951171875,1444.9000244140625,1428.6500244140625,1435.1500244140625,9792735,INFY.NS
2023-09-01,1313.5679931640625,1443.8499755859375,1446.0,1428.199951171875,1430.949951171875,3582133,INFY.NS
2023-09-04,1332.900390625,1465.0999755859375,1470.0,1434.699951171875,1443.0,4609014,INFY.NS
2023-09-05,1345.4552001953125,1478.9000244140625,1480.050048828125,1456.5,1465.0,5496840,INFY.NS
2023-09-06,1344.135986328125,1477.449951171875,1482.9000244140625,1463.300048828125,1481.9000244140625,5075786,INFY.NS
2023-09-07,1333.901123046875,1466.199951171875,1473.4000244140625,1462.050048828125,1470.5999755859375,4411743,INFY.NS
2023-09-08,1336.994384765625,1469.5999755859375,1474.75,1460.199951171875,1463.5,3125838,INFY.NS
2023-09-11,1343.2261962890625,1476.449951171875,1478.050048828125,1464.5,1469.5999755859375,4182226,INFY.NS
2023-09-12,1365.652099609375,1501.0999755859375,1504.0,1477.0999755859375,1482.5,6793161,INFY.NS
2023-09-13,1363.150390625,1498.3499755859375,1505.0,1488.6500244140625,1505.0,4804686,INFY.NS
2023-09-14,1370.97412109375,1506.949951171875,1512.550048828125,1499.1500244140625,1505.0,6444213,INFY.NS
2023-09-15,1375.2047119140625,1511.5999755859375,1518.4000244140625,1509.0,1518.0,8657816,INFY.NS
2023-09-18,1357.19140625,1491.800048828125,1504.9000244140625,1488.0,1504.9000244140625,3991916,INFY.NS
2023-09-20,1355.78125,1490.25,1495.0999755859375,1476.199951171875,1476.199951171875,4169337,INFY.NS
2023-09-21,1366.243408203125,1501.75,1504.550048828125,1476.0,1486.550048828125,6779195,INFY.NS
2023-09-22,1361.1488037109375,1496.1500244140625,1506.949951171875,1485.199951171875,1491.9000244140625,5455613,INFY.NS
2023-09-25,1341.1339111328125,1474.1500244140625,1489.8499755859375,1471.550048828125,1489.8499755859375,4217863,INFY.NS
2023-09-26,1328.85205078125,1460.6500244140625,1479.9000244140625,1459.0,1479.1500244140625,3996528,INFY.NS
2023-09-27,1334.62890625,1467.0,1469.5999755859375,1450.050048828125,1456.0,3863586,INFY.NS
2023-09-28,1309.56494140625,1439.449951171875,1472.5999755859375,1435.0,1467.9000244140625,5814602,INFY.NS
2023-09-29,1305.9259033203125,1435.449951171875,1446.800048828125,1416.0,1432.0999755859375,6068968,INFY.NS
2023-10-03,1304.606689453125,1434.0,1437.0,1420.300048828125,1436.050048828125,4181867,INFY.NS
2023-10-04,1314.0228271484375,1444.3499755859375,1449.949951171875,1418.199951171875,1425.0,4510406,INFY.NS
2023-10-05,1331.3994140625,1463.449951171875,1475.6500244140625,1450.199951171875,1452.0,7384621,INFY.NS
2023-10-06,1345.2730712890625,1478.699951171875,1484.5,1463.300048828125,1469.5,3598672,INFY.NS
2023-10-09,1342.31640625,1475.449951171875,1491.0,1462.199951171875,1464.9000244140625,3567552,INFY.NS
2023-10-10,1360.239013671875,1495.1500244140625,1497.0,1469.0999755859375,1483.9000244140625,5688951,INFY.NS
2023-10-11,1359.5567626953125,1494.4000244140625,1518.25,1481.449951171875,1497.0,7220129,INFY.NS
2023-10-12,1333.2645263671875,1465.5,1504.4000244140625,1452.0,1491.9000244140625,11081662,INFY.NS
2023-10-13,1302.0137939453125,1431.1500244140625,1438.0,1400.0,1405.0,17973439,INFY.NS
2023-10-16,1304.7431640625,1434.1500244140625,1443.5999755859375,1430.0,1432.0999755859375,4850745,INFY.NS
2023-10-17,1312.2943115234375,1442.449951171875,1453.3499755859375,1438.050048828125,1440.25,3923764,INFY.NS
2023-10-18,1310.56591796875,1440.550048828125,1454.0,1438.3499755859375,1442.0,4264837,INFY.NS
2023-10-19,1304.2884521484375,1433.6500244140625,1439.6500244140625,1426.0999755859375,1426.0999755859375,6795691,INFY.NS
2023-10-20,1298.4656982421875,1427.25,1438.5,1425.25,1430.0,3928622,INFY.NS
2023-10-23,1281.5440673828125,1408.6500244140625,1432.3499755859375,1405.25,1425.5999755859375,2636516,INFY.NS
2023-10-25,1262.5601806640625,1370.050048828125,1402.550048828125,1361.300048828125,1399.0,6940777,INFY.NS
2023-10-26,1252.7918701171875,1359.449951171875,1374.0,1353.0999755859375,1355.050048828125,6357656,INFY.NS
2023-10-27,1272.05224609375,1380.3499755859375,1385.0,1363.6500244140625,1363.6500244140625,4634358,INFY.NS
2023-10-30,1269.0111083984375,1377.050048828125,1380.3499755859375,1363.0999755859375,1380.3499755859375,2667696,INFY.NS
2023-10-31,1261.03955078125,1368.4000244140625,1381.1500244140625,1363.0,1379.949951171875,3451595,INFY.NS
2023-11-01,1247.9078369140625,1354.1500244140625,1377.449951171875,1351.6500244140625,1373.050048828125,3090672,INFY.NS
2023-11-02,1262.652587890625,1370.1500244140625,1376.300048828125,1361.6500244140625,1370.0,3758060,INFY.NS
2023-11-03,1280.069580078125,1389.050048828125,1392.0,1377.75,1380.050048828125,3349045,INFY.NS
2023-11-06,1293.20166015625,1403.300048828125,1407.25,1390.800048828125,1393.9000244140625,2736381,INFY.NS
2023-11-07,1294.1231689453125,1404.300048828125,1405.9000244140625,1394.8499755859375,1400.0,2272209,INFY.NS
2023-11-08,1281.86669921875,1391.0,1405.0,1386.449951171875,1405.0,3550635,INFY.NS
2023-11-09,1266.9376220703125,1374.800048828125,1397.5,1370.050048828125,1395.9000244140625,5498051,INFY.NS
2023-11-10,1261.4544677734375,1368.8499755859375,1373.1500244140625,1361.0,1369.949951171875,2943649,INFY.NS
2023-11-13,1265.7857666015625,1373.550048828125,1382.449951171875,1370.8499755859375,1379.8499755859375,3462092,INFY.NS
2023-11-15,1299.836669921875,1410.5,1414.0,1393.0,1399.0,8551860,INFY.NS
2023-11-16,1331.5379638671875,1444.9000244140625,1453.4000244140625,1410.5999755859375,1416.0999755859375,6673907,INFY.NS
2023-11-17,1324.7645263671875,1437.550048828125,1451.0,1435.050048828125,1441.050048828125,4901251,INFY.NS
2023-11-20,1323.8890380859375,1436.5999755859375,1452.0,1433.6500244140625,1442.0,3584210,INFY.NS
2023-11-21,1326.1007080078125,1439.0,1450.0,1436.75,1442.0,3793135,INFY.NS
2023-11-22,1343.42578125,1457.800048828125,1458.949951171875,1436.199951171875,1436.199951171875,3108786,INFY.NS
2023-11-23,1335.5465087890625,1449.25,1467.9000244140625,1447.699951171875,1467.9000244140625,3186928,INFY.NS
2023-11-24,1324.626220703125,1437.4000244140625,1452.6500244140625,1433.8499755859375,1445.550048828125,2973195,INFY.NS
2023-11-28,1329.5103759765625,1442.699951171875,1445.0,1427.050048828125,1444.0,3755373,INFY.NS
2023-11-29,1345.0843505859375,1459.5999755859375,1460.699951171875,1449.800048828125,1451.0999755859375,3875778,INFY.NS
2023-11-30,1340.983642578125,1455.1500244140625,1460.6500244140625,1449.550048828125,1453.25,10120867,INFY.NS
2023-12-01,1338.357177734375,1452.300048828125,1459.9000244140625,1446.1500244140625,1459.9000244140625,3489187,INFY.NS
2023-12-04,1349.4617919921875,1464.3499755859375,1471.9000244140625,1449.300048828125,1460.449951171875,5511948,INFY.NS
2023-12-05,1339.8778076171875,1453.949951171875,1466.9000244140625,1442.0,1465.800048828125,5123039,INFY.NS
2023-12-06,1358.6312255859375,1474.300048828125,1477.0,1451.050048828125,1456.75,5269178,INFY.NS
2023-12-07,1350.89013671875,1465.9000244140625,1472.8499755859375,1461.800048828125,1472.8499755859375,4424453,INFY.NS
2023-12-08,1374.1591796875,1491.1500244140625,1494.699951171875,1466.25,1470.4000244140625,6323433,INFY.NS
2023-12-11,1371.7169189453125,1488.5,1498.0,1482.0,1490.0,3862018,INFY.NS
2023-12-12,1360.243896484375,1476.050048828125,1490.0,1467.6500244140625,1477.5,6103494,INFY.NS
2023-12-13,1335.3160400390625,1449.0,1476.050048828125,1433.1500244140625,1476.0,8549258,INFY.NS
2023-12-14,1383.651123046875,1501.449951171875,1511.0,1461.3499755859375,1463.4000244140625,12489858,INFY.NS
2023-12-15,1454.5638427734375,1578.4000244140625,1588.550048828125,1521.0,1523.050048828125,18395389,INFY.NS
2023-12-18,1441.6160888671875,1564.3499755859375,1593.0,1560.300048828125,1567.949951171875,6467243,INFY.NS
2023-12-19,1436.0408935546875,1558.300048828125,1573.949951171875,1543.25,1570.0999755859375,4221721,INFY.NS
2023-12-20,1415.85888671875,1536.4000244140625,1583.5,1530.0,1565.050048828125,6592367,INFY.NS
2023-12-21,1415.490478515625,1536.0,1546.6500244140625,1521.25,1521.25,5319038,INFY.NS
2023-12-22,1440.280029296875,1562.9000244140625,1566.0,1523.0,1534.949951171875,6741060,INFY.NS
2023-12-26,1422.816650390625,1543.949951171875,1548.0,1523.0,1535.0,6878067,INFY.NS
2023-12-27,1444.150390625,1567.0999755859375,1570.0,1544.0,1544.0,4225849,INFY.NS
2023-12-28,1440.0494384765625,1562.6500244140625,1568.949951171875,1555.0,1568.949951171875,5702253,INFY.NS
2023-12-29,1421.84912109375,1542.9000244140625,1559.449951171875,1540.0,1541.050048828125,4388990,INFY.NS
2024-01-01,1429.635986328125,1551.3499755859375,1557.0,1535.25,1539.0,2808451,INFY.NS
2024-01-02,1414.0157470703125,1534.4000244140625,1549.1500244140625,1523.0,1546.0,5396313,INFY.NS
2024-01-03,1373.0994873046875,1490.0,1519.949951171875,1488.0,1519.949951171875,7550363,INFY.NS
2024-01-04,1394.0184326171875,1512.699951171875,1519.75,1492.9000244140625,1504.949951171875,7056038,INFY.NS
2024-01-05,1412.31103515625,1532.550048828125,1539.699951171875,1506.25,1506.75,8895403,INFY.NS
2024-01-08,1403.3260498046875,1522.800048828125,1536.0,1513.25,1528.949951171875,4440136,INFY.NS
2024-01-09,1409.3160400390625,1529.300048828125,1553.0,1525.8499755859375,1541.9000244140625,4412074,INFY.NS
2024-01-10,1400.653564453125,1519.9000244140625,1535.449951171875,1505.0,1524.949951171875,4096845,INFY.NS
2024-01-11,1376.9698486328125,1494.199951171875,1525.0,1486.5999755859375,1524.9000244140625,11296088,INFY.NS
2024-01-12,1486.2188720703125,1612.75,1618.0,1555.4000244140625,1562.0,26754401,INFY.NS
2024-01-15,1522.4814453125,1652.0999755859375,1664.949951171875,1636.0,1644.949951171875,13228305,INFY.NS
2024-01-16,1503.5439453125,1631.550048828125,1648.5,1625.0,1644.800048828125,6500917,INFY.NS
2024-01-17,1511.51513671875,1640.199951171875,1647.5,1620.25,1620.25,9209876,INFY.NS
2024-01-18,1513.7269287109375,1642.5999755859375,1649.0,1628.25,1642.6500244140625,6375464,INFY.NS
2024-01-19,1529.0244140625,1659.199951171875,1665.5,1644.1500244140625,1651.5999755859375,4522736,INFY.NS
2024-01-23,1513.3123779296875,1642.1500244140625,1674.699951171875,1637.699951171875,1650.0999755859375,9401255,INFY.NS
2024-01-24,1543.953369140625,1675.4000244140625,1680.0,1645.0,1659.9000244140625,8999681,INFY.NS
2024-01-25,1538.1478271484375,1669.0999755859375,1680.550048828125,1658.0,1672.949951171875,8865304,INFY.NS
2024-01-29,1526.62841796875,1656.5999755859375,1679.3499755859375,1647.5999755859375,1665.1500244140625,4253785,INFY.NS
2024-01-30,1521.8824462890625,1651.449951171875,1690.0,1648.25,1662.449951171875,4995943,INFY.NS
2024-01-31,1530.5911865234375,1660.9000244140625,1667.25,1638.0999755859375,1648.25,6763779,INFY.NS
2024-02-01,1527.0433349609375,1657.050048828125,1677.0,1650.3499755859375,1659.550048828125,5760011,INFY.NS
2024-02-02,1560.4952392578125,1693.3499755859375,1718.5,1665.0,1666.050048828125,7858483,INFY.NS
2024-02-05,1554.82763671875,1687.199951171875,1700.75,1681.8499755859375,1694.75,3634135,INFY.NS
2024-02-06,1593.7626953125,1729.449951171875,1733.0,1673.949951171875,1686.75,7694265,INFY.NS
2024-02-07,1560.8636474609375,1693.75,1729.0,1686.8499755859375,1729.0,4613877,INFY.NS
2024-02-08,1559.34326171875,1692.0999755859375,1706.3499755859375,1682.800048828125,1698.0,5919715,INFY.NS
2024-02-09,1538.3780517578125,1669.3499755859375,1692.9000244140625,1659.800048828125,1684.699951171875,4600004,INFY.NS
2024-02-12,1548.2847900390625,1680.0999755859375,1692.949951171875,1670.3499755859375,1670.3499755859375,3555808,INFY.NS
2024-02-13,1552.3857421875,1684.550048828125,1689.0999755859375,1663.5,1683.0,2696481,INFY.NS
2024-02-14,1535.4752197265625,1666.199951171875,1669.449951171875,1635.5,1660.199951171875,3768579,INFY.NS
2024-02-15,1544.8289794921875,1676.3499755859375,1687.75,1661.5999755859375,1677.0,4834391,INFY.NS
2024-02-16,1568.14404296875,1701.6500244140625,1709.0,1687.949951171875,1689.0,4880654,INFY.NS
2024-02-19,1566.39306640625,1699.75,1711.5,1687.699951171875,1705.0,3690993,INFY.NS
2024-02-20,1553.03076171875,1685.25,1694.25,1668.75,1685.0,3706389,INFY.NS
2024-02-21,1525.660888671875,1655.550048828125,1674.0,1645.300048828125,1674.0,4300508,INFY.NS
2024-02-22,1549.436767578125,1681.3499755859375,1684.5999755859375,1644.4000244140625,1665.0,5841277,INFY.NS
2024-02-23,1545.289794921875,1676.8499755859375,1698.449951171875,1671.9000244140625,1697.0,5373072,INFY.NS
2024-02-26,1529.9000244140625,1660.1500244140625,1674.949951171875,1645.0,1674.949951171875,2782438,INFY.NS
2024-02-27,1533.0792236328125,1663.5999755859375,1671.0999755859375,1652.800048828125,1661.0,5159088,INFY.NS
2024-02-28,1540.1290283203125,1671.25,1687.800048828125,1662.050048828125,1670.0,3188916,INFY.NS
2024-02-29,1542.571044921875,1673.9000244140625,1682.25,1653.300048828125,1665.0,7814722,INFY.NS
2024-03-01,1524.8775634765625,1654.699951171875,1671.949951171875,1651.0,1669.0,6387291,INFY.NS
2024-03-04,1508.75048828125,1637.199951171875,1664.449951171875,1633.6500244140625,1657.8499755859375,4445156,INFY.NS
2024-03-05,1480.459228515625,1606.5,1637.3499755859375,1602.0,1634.0,4596579,INFY.NS
2024-03-06,1490.6422119140625,1617.550048828125,1620.1500244140625,1576.0,1602.800048828125,6420684,INFY.NS
2024-03-07,1489.6285400390625,1616.449951171875,1628.449951171875,1604.199951171875,1616.5999755859375,6348359,INFY.NS
2024-03-11,1475.02197265625,1600.5999755859375,1613.800048828125,1588.0,1608.1500244140625,6752895,INFY.NS
2024-03-12,1486.403076171875,1612.949951171875,1625.0,1597.6500244140625,1600.0,4614222,INFY.NS
2024-03-13,1484.9747314453125,1611.4000244140625,1624.5,1598.550048828125,1612.9000244140625,5688997,INFY.NS
2024-03-14,1523.58740234375,1653.300048828125,1657.75,1608.0,1614.4000244140625,8803799,INFY.NS
2024-03-15,1505.8016357421875,1634.0,1645.800048828125,1618.3499755859375,1641.0999755859375,11809997,INFY.NS
2024-03-18,1476.9112548828125,1602.6500244140625,1632.6500244140625,1598.8499755859375,1630.0,4958904,INFY.NS
2024-03-19,1438.943603515625,1561.449951171875,1599.0,1558.0,1592.3499755859375,6870411,INFY.NS
2024-03-20,1432.95361328125,1554.949951171875,1574.949951171875,1552.3499755859375,1563.0,4759059,INFY.NS
2024-03-21,1432.72314453125,1554.699951171875,1576.949951171875,1543.4000244140625,1564.0,11062497,INFY.NS
2024-03-22,1390.470458984375,1508.8499755859375,1528.9000244140625,1498.199951171875,1521.0,14673890,INFY.NS
2024-03-26,1375.54150390625,1492.6500244140625,1507.449951171875,1487.9000244140625,1492.0,8351081,INFY.NS
2024-03-27,1367.4320068359375,1483.8499755859375,1499.0,1481.550048828125,1496.0,6857402,INFY.NS
2024-03-28,1380.517822265625,1498.050048828125,1511.800048828125,1487.1500244140625,1487.1500244140625,12499530,INFY.NS
2024-04-01,1378.1217041015625,1495.449951171875,1529.949951171875,1492.800048828125,1525.0,6580002,INFY.NS
2024-04-02,1366.5103759765625,1482.8499755859375,1493.1500244140625,1480.8499755859375,1484.8499755859375,7279400,INFY.NS
2024-04-03,1364.4830322265625,1480.6500244140625,1495.0999755859375,1475.0,1479.0,8736248,INFY.NS
2024-04-04,1370.058349609375,1486.699951171875,1495.6500244140625,1468.0,1490.550048828125,11186915,INFY.NS
2024-04-05,1363.0545654296875,1479.0999755859375,1486.699951171875,1476.050048828125,1480.050048828125,5072482,INFY.NS
2024-04-08,1360.8428955078125,1476.699951171875,1490.949951171875,1474.0999755859375,1483.0,6610887,INFY.NS
2024-04-09,1377.56884765625,1494.8499755859375,1513.800048828125,1487.300048828125,1490.0,9423230,INFY.NS
2024-04-10,1388.581298828125,1506.800048828125,1509.8499755859375,1484.550048828125,1500.3499755859375,6744595,INFY.NS
2024-04-12,1368.2613525390625,1484.75,1506.800048828125,1479.5,1504.0,12275616,INFY.NS
2024-04-15,1352.9637451171875,1468.1500244140625,1491.949951171875,1461.050048828125,1480.0,8531224,INFY.NS
2024-04-16,1303.476806640625,1414.449951171875,1455.1500244140625,1413.050048828125,1451.0,16173541,INFY.NS
2024-04-18,1307.900146484375,1419.25,1444.699951171875,1407.5,1421.0999755859375,22107945,INFY.NS
2024-04-19,1300.52783203125,1411.25,1426.8499755859375,1378.75,1385.0,20603621,INFY.NS
2024-04-22,1320.341064453125,1432.75,1436.8499755859375,1413.050048828125,1419.9000244140625,5859087,INFY.NS
2024-04-23,1329.23388671875,1442.4000244140625,1446.8499755859375,1433.0,1443.0,4856174,INFY.NS
2024-04-24,1318.498046875,1430.75,1444.300048828125,1427.050048828125,1444.300048828125,4268213,INFY.NS
2024-04-25,1325.5936279296875,1438.449951171875,1444.9000244140625,1420.0,1420.0,9089398,INFY.NS
2024-04-26,1318.037109375,1430.25,1445.4000244140625,1427.0,1439.699951171875,8062444,INFY.NS
2024-04-29,1322.18408203125,1434.75,1439.800048828125,1428.25,1429.949951171875,5055957,INFY.NS
2024-04-30,1309.098388671875,1420.550048828125,1436.550048828125,1417.550048828125,1434.699951171875,6936588,INFY.NS
2024-05-02,1303.476806640625,1414.449951171875,1424.0,1411.8499755859375,1413.0,10076354,INFY.NS
2024-05-03,1305.181640625,1416.300048828125,1424.800048828125,1403.199951171875,1422.0999755859375,8842345,INFY.NS
2024-05-06,1314.028564453125,1425.9000244140625,1445.699951171875,1417.0999755859375,1420.0,6445422,INFY.NS
2024-05-07,1327.8975830078125,1440.949951171875,1443.3499755859375,1415.5999755859375,1424.949951171875,6080661,INFY.NS
2024-05-08,1315.3187255859375,1427.300048828125,1439.75,1425.5999755859375,1435.25,6234983,INFY.NS
2024-05-09,1326.6075439453125,1439.550048828125,1449.949951171875,1424.8499755859375,1427.550048828125,6088406,INFY.NS
2024-05-10,1313.10693359375,1424.9000244140625,1435.949951171875,1413.0,1435.050048828125,8777481,INFY.NS
2024-05-13,1311.7706298828125,1423.449951171875,1425.0,1411.199951171875,1425.0,3735954,INFY.NS
2024-05-14,1312.922607421875,1424.699951171875,1433.75,1418.050048828125,1426.4000244140625,3463230,INFY.NS
2024-05-15,1308.5452880859375,1419.949951171875,1431.800048828125,1418.550048828125,1426.0,4327544,INFY.NS
2024-05-16,1339.3248291015625,1453.3499755859375,1455.75,1427.0,1433.949951171875,9249145,INFY.NS
2024-05-17,1330.98486328125,1444.300048828125,1457.0,1439.25,1457.0,7542860,INFY.NS
2024-05-21,1321.6312255859375,1434.1500244140625,1444.699951171875,1428.4000244140625,1430.0,6752663,INFY.NS
2024-05-22,1340.6611328125,1454.800048828125,1459.949951171875,1428.0,1428.75,7173285,INFY.NS
2024-05-23,1356.8802490234375,1472.4000244140625,1478.1500244140625,1450.0,1454.699951171875,8641428,INFY.NS
2024-05-24,1350.15283203125,1465.0999755859375,1475.5,1460.0,1468.25,5277938,INFY.NS
2024-05-27,1355.91259765625,1471.3499755859375,1479.5999755859375,1460.25,1471.8499755859375,5821844,INFY.NS
2024-05-28,1351.9500732421875,1467.050048828125,1476.0,1460.300048828125,1475.5,6186922,INFY.NS
2024-05-29,1337.113037109375,1450.949951171875,1465.5,1450.0,1465.4000244140625,7401634,INFY.NS
2024-05-30,1315.456787109375,1427.449951171875,1449.8499755859375,1421.550048828125,1442.800048828125,9663150,INFY.NS
2024-05-31,1322.459716796875,1406.9000244140625,1436.75,1400.0,1409.800048828125,37113815,INFY.NS
2024-06-03,1321.519775390625,1405.9000244140625,1440.0,1404.0,1440.0,10589244,INFY.NS
2024-06-04,1310.0050048828125,1393.6500244140625,1415.0,1358.3499755859375,1409.0,13736134,INFY.NS
2024-06-05,1344.2672119140625,1430.0999755859375,1438.0,1400.1500244140625,1400.1500244140625,9233424,INFY.NS
2024-06-06,1383.8876953125,1472.25,1474.300048828125,1437.5,1444.949951171875,12660930,INFY.NS
2024-06-07,1441.5552978515625,1533.5999755859375,1539.699951171875,1477.25,1481.0,24075302,INFY.NS
2024-06-10,1409.737060546875,1499.75,1529.800048828125,1497.300048828125,1525.300048828125,6810606,INFY.NS
2024-06-11,1405.97705078125,1495.75,1506.449951171875,1493.949951171875,1500.050048828125,4853054,INFY.NS
2024-06-12,1396.060302734375,1485.199951171875,1508.75,1482.75,1507.0,9564320,INFY.NS
2024-06-13,1404.2850341796875,1493.949951171875,1505.0,1489.3499755859375,1495.0,7307565,INFY.NS
2024-06-14,1399.5382080078125,1488.9000244140625,1503.699951171875,1486.050048828125,1503.699951171875,4237727,INFY.NS
2024-06-18,1408.280029296875,1498.199951171875,1507.0,1495.4000244140625,1497.0,5420939,INFY.NS
2024-06-19,1420.640625,1511.3499755859375,1515.6500244140625,1496.699951171875,1505.0,5493456,INFY.NS
2024-06-20,1424.4476318359375,1515.4000244140625,1517.5,1499.0999755859375,1516.300048828125,7927010,INFY.NS
2024-06-21,1440.7093505859375,1532.699951171875,1557.75,1523.699951171875,1545.0,17301941,INFY.NS
2024-06-24,1435.492431640625,1527.1500244140625,1529.0999755859375,1515.4000244140625,1524.550048828125,5564989,INFY.NS
2024-06-25,1449.404296875,1541.949951171875,1543.9000244140625,1520.3499755859375,1526.0,4551525,INFY.NS
2024-06-26,1448.2291259765625,1540.699951171875,1548.8499755859375,1535.0,1541.0,4851004,INFY.NS
2024-06-27,1478.9195556640625,1573.3499755859375,1578.4000244140625,1532.050048828125,1538.449951171875,14757754,INFY.NS
2024-06-28,1472.7156982421875,1566.75,1588.5,1564.25,1572.550048828125,8197544,INFY.NS
2024-07-01,1495.3223876953125,1590.800048828125,1599.9000244140625,1559.5,1559.5,6801771,INFY.NS
2024-07-02,1523.7567138671875,1621.050048828125,1633.800048828125,1586.5,1596.199951171875,10493173,INFY.NS
2024-07-03,1529.7257080078125,1627.4000244140625,1636.0,1606.0,1625.0,7269965,INFY.NS
2024-07-04,1551.5802001953125,1650.6500244140625,1660.0,1628.0,1628.199951171875,8008311,INFY.NS
2024-07-05,1548.572265625,1647.449951171875,1665.8499755859375,1633.3499755859375,1651.449951171875,7065022,INFY.NS
2024-07-08,1561.9200439453125,1661.6500244140625,1666.0,1640.0,1643.0999755859375,5880533,INFY.NS
2024-07-09,1557.6900634765625,1657.1500244140625,1666.75,1651.0,1659.9000244140625,5191182,INFY.NS
2024-07-10,1549.32421875,1648.25,1674.0,1637.550048828125,1657.0,9852770,INFY.NS
2024-07-11,1553.5069580078125,1652.699951171875,1665.0,1642.050048828125,1656.0,8857679,INFY.NS
2024-07-12,1609.0130615234375,1711.75,1719.75,1666.6500244140625,1680.0,17078316,INFY.NS
2024-07-15,1604.59521484375,1707.050048828125,1728.0,1702.6500244140625,1726.199951171875,6942230,INFY.NS
2024-07-16,1622.454833984375,1726.050048828125,1737.9000244140625,1700.0,1718.5999755859375,6886281,INFY.NS
2024-07-18,1652.5343017578125,1758.050048828125,1765.4000244140625,1719.0,1719.0,11248896,INFY.NS
2024-07-19,1685.339599609375,1792.949951171875,1844.0,1786.449951171875,1844.0,29819116,INFY.NS
2024-07-22,1702.1651611328125,1810.8499755859373,1823.0,1792.949951171875,1800.1500244140625,8462126,INFY.NS
2024-07-23,1726.651611328125,1836.9000244140625,1839.949951171875,1783.25,1810.0,7113056,INFY.NS
2024-07-24,1723.8787841796875,1833.949951171875,1842.3499755859373,1819.5999755859373,1837.5,6002845,INFY.NS
2024-07-25,1715.324951171875,1824.8499755859373,1830.9000244140625,1812.0,1820.0,5815599,INFY.NS
2024-07-26,1766.1309814453125,1878.9000244140625,1883.0,1825.3499755859373,1825.3499755859373,11369047,INFY.NS
2024-07-29,1758.7991943359375,1871.0999755859373,1903.0,1864.0,1893.5999755859373,4635931,INFY.NS
2024-07-30,1764.48583984375,1877.1500244140625,1879.949951171875,1860.0,1871.0999755859373,2721265,INFY.NS
2024-07-31,1756.1201171875,1868.25,1885.1500244140625,1865.050048828125,1877.0,5004209,INFY.NS
2024-08-01,1741.409423828125,1852.5999755859373,1867.9000244140625,1845.0999755859373,1856.0999755859373,7475014,INFY.NS
2024-08-02,1711.89404296875,1821.199951171875,1859.5,1816.1500244140625,1843.0,7400938,INFY.NS
2024-08-05,1646.75341796875,1751.9000244140625,1797.5,1718.550048828125,1784.949951171875,10736703,INFY.NS
2024-08-06,1646.0013427734375,1751.0999755859375,1796.949951171875,1744.8499755859375,1760.199951171875,7690163,INFY.NS
2024-08-07,1684.11767578125,1791.6500244140625,1797.9000244140625,1762.0999755859375,1796.0,5094329,INFY.NS
2024-08-08,1638.5284423828125,1743.1500244140625,1779.949951171875,1727.0999755859375,1779.949951171875,6227910,INFY.NS
2024-08-09,1664.471923828125,1770.75,1780.75,1756.0,1771.25,4258524,INFY.NS
2024-08-12,1689.5224609375,1797.4000244140625,1803.5,1768.0999755859375,1773.050048828125,4315329,INFY.NS
2024-08-13,1689.5694580078125,1797.449951171875,1810.0,1789.050048828125,1810.0,4176918,INFY.NS
2024-08-14,1713.821044921875,1823.25,1825.0,1797.449951171875,1802.0,7450718,INFY.NS
2024-08-16,1747.378173828125,1858.949951171875,1861.8499755859373,1829.5,1850.0,7335657,INFY.NS
2024-08-19,1752.877197265625,1864.800048828125,1867.550048828125,1849.199951171875,1860.0,2585989,INFY.NS
2024-08-20,1759.8328857421875,1872.199951171875,1885.699951171875,1868.199951171875,1880.0,3870333,INFY.NS
2024-08-21,1760.302978515625,1872.699951171875,1879.0,1867.0999755859373,1875.0999755859373,1966902,INFY.NS
2024-08-22,1767.39990234375,1880.25,1893.6500244140625,1869.699951171875,1884.0,4300287,INFY.NS
2024-08-23,1750.3392333984375,1862.0999755859373,1882.5999755859373,1857.0,1878.199951171875,5015935,INFY.NS
2024-08-26,1763.5460205078125,1876.1500244140625,1888.75,1864.0,1870.0,3728589,INFY.NS
2024-08-27,1786.0584716796875,1900.0999755859373,1902.75,1873.9000244140625,1876.1500244140625,3830679,INFY.NS
2024-08-28,1822.7177734375,1939.0999755859373,1951.0,1897.4000244140625,1906.9000244140625,6514531,INFY.NS
2024-08-29,1817.3128662109373,1933.3499755859373,1950.5,1920.9000244140625,1933.0,7228284,INFY.NS
2024-08-30,1827.0416259765625,1943.699951171875,1950.0,1928.0,1938.0,13466759,INFY.NS
2024-09-02,1846.5933837890625,1964.5,1975.75,1942.800048828125,1943.3499755859373,5573739,INFY.NS
2024-09-03,1824.73876953125,1941.25,1967.0,1936.449951171875,1967.0,4694322,INFY.NS
2024-09-04,1807.06689453125,1922.449951171875,1927.199951171875,1900.050048828125,1921.0999755859373,4778310,INFY.NS
2024-09-05,1817.1248779296875,1933.1500244140625,1940.0,1909.5999755859373,1926.25,4081810,INFY.NS
2024-09-06,1787.7034912109375,1901.8499755859373,1936.5,1896.8499755859373,1922.0,5848106,INFY.NS
2024-09-09,1780.9356689453125,1894.6500244140625,1920.8499755859373,1889.0,1890.0,4772612,INFY.NS
2024-09-10,1797.5263671875,1912.300048828125,1935.0,1896.0,1904.9000244140625,6909600,INFY.NS
2024-09-11,1795.50537109375,1910.1500244140625,1926.0,1905.0,1914.699951171875,5312946,INFY.NS
2024-09-12,1833.3865966796875,1950.449951171875,1956.4000244140625,1910.800048828125,1925.0,8555092,INFY.NS
2024-09-13,1827.417724609375,1944.0999755859373,1958.5999755859373,1935.6500244140625,1950.449951171875,3843127,INFY.NS
2024-09-16,1833.1986083984373,1950.25,1952.0,1933.050048828125,1945.75,1570181,INFY.NS
2024-09-17,1835.360595703125,1952.550048828125,1958.449951171875,1942.1500244140625,1947.75,2793127,INFY.NS
2024-09-18,1778.585693359375,1892.1500244140625,1938.75,1881.300048828125,1938.75,6385468,INFY.NS
2024-09-19,1780.5125732421875,1894.199951171875,1924.9000244140625,1878.800048828125,1910.5999755859373,7976570,INFY.NS
2024-09-20,1791.3695068359375,1905.75,1915.0,1867.4000244140625,1905.0,15242974,INFY.NS
2024-09-23,1782.6275634765625,1896.449951171875,1918.9000244140625,1878.449951171875,1909.0,3636672,INFY.NS
2024-09-24,1784.6485595703125,1898.5999755859373,1910.9000244140625,1871.4000244140625,1888.0,7277616,INFY.NS
2024-09-25,1781.546630859375,1895.300048828125,1901.5999755859373,1876.800048828125,1886.3499755859373,4268341,INFY.NS
2024-09-26,1786.1995849609375,1900.25,1917.949951171875,1893.0,1897.800048828125,8952803,INFY.NS
2024-09-27,1792.3094482421875,1906.75,1974.5999755859373,1903.300048828125,1932.0999755859373,14908931,INFY.NS
2024-09-30,1763.029052734375,1875.5999755859373,1901.25,1870.5,1880.0,6986955,INFY.NS
2024-10-01,1790.0533447265625,1904.3499755859373,1908.949951171875,1875.0,1875.0,4029072,INFY.NS
2024-10-03,1779.7606201171875,1893.4000244140625,1911.8499755859373,1881.0,1889.5,7503887,INFY.NS
2024-10-04,1803.025146484375,1918.1500244140625,1954.0999755859373,1886.0,1889.550048828125,10001483,INFY.NS
2024-10-07,1818.2060546875,1934.300048828125,1942.0,1916.050048828125,1923.199951171875,6112575,INFY.NS
2024-10-08,1831.6007080078125,1948.550048828125,1957.949951171875,1906.3499755859373,1937.9000244140625,5637391,INFY.NS
2024-10-09,1835.548583984375,1952.75,1977.0,1945.0999755859373,1952.550048828125,4857163,INFY.NS
2024-10-10,1803.82421875,1919.0,1964.0,1914.0999755859373,1957.9000244140625,4782119,INFY.NS
2024-10-11,1818.9578857421875,1935.0999755859373,1947.0,1910.0999755859373,1918.0,4709431,INFY.NS
2024-10-14,1841.3294677734373,1958.9000244140625,1969.5,1931.0999755859373,1932.1500244140625,3751378,INFY.NS
2024-10-15,1841.70556640625,1959.300048828125,1991.449951171875,1951.75,1960.0,5353705,INFY.NS
2024-10-16,1804.8582763671875,1920.0999755859373,1959.550048828125,1916.3499755859373,1955.0,3111512,INFY.NS
2024-10-17,1849.977294921875,1968.0999755859373,1978.0,1930.1500244140625,1935.199951171875,8162822,INFY.NS
2024-10-18,1766.788818359375,1879.5999755859373,1936.8499755859373,1869.25,1893.800048828125,10526196,INFY.NS
2024-10-21,1741.5504150390625,1852.75,1898.800048828125,1838.0,1891.0999755859373,4654601,INFY.NS
2024-10-22,1740.4693603515625,1851.5999755859373,1877.800048828125,1846.949951171875,1858.199951171875,4125240,INFY.NS
2024-10-23,1760.9610595703125,1873.4000244140625,1886.0,1844.0,1845.25,4311910,INFY.NS
2024-10-24,1751.5142822265625,1863.3499755859373,1884.0,1860.0,1861.4000244140625,2906475,INFY.NS
2024-10-25,1750.2923583984375,1862.050048828125,1876.3499755859373,1846.4000244140625,1863.449951171875,4689120,INFY.NS
2024-10-28,1753.3941650390625,1865.3499755859373,1881.9000244140625,1857.0,1859.699951171875,7018940,INFY.NS
2024-10-29,1748.59326171875,1839.300048828125,1851.5999755859373,1829.0,1846.0,4621252,INFY.NS
2024-10-30,1713.227783203125,1802.0999755859373,1839.0,1796.3499755859375,1832.0,5919715,INFY.NS
2024-10-31,1670.589599609375,1757.25,1787.9000244140625,1746.5,1787.9000244140625,7395236,INFY.NS
2024-11-01,1674.011962890625,1760.8499755859375,1766.0,1752.050048828125,1764.5,371966,INFY.NS
2024-11-04,1676.6739501953125,1763.6500244140625,1767.0,1718.0,1724.5,7336722,INFY.NS
2024-11-05,1667.68994140625,1754.199951171875,1768.449951171875,1745.0,1760.0,3160880,INFY.NS
2024-11-06,1733.7625732421875,1823.699951171875,1827.199951171875,1762.6500244140625,1764.0,10421494,INFY.NS
2024-11-07,1714.1309814453125,1803.050048828125,1825.699951171875,1787.0,1812.949951171875,4550965,INFY.NS
2024-11-08,1739.704345703125,1829.949951171875,1840.5999755859373,1813.1500244140625,1818.0,4210960,INFY.NS
2024-11-11,1768.367431640625,1860.0999755859373,1868.0,1822.550048828125,1829.0,3804234,INFY.NS
2024-11-12,1776.638427734375,1868.800048828125,1881.0,1861.0,1871.0999755859373,5012450,INFY.NS
2024-11-13,1776.2581787109375,1868.4000244140625,1873.199951171875,1856.300048828125,1861.0999755859373,4257495,INFY.NS
2024-11-14,1772.5980224609375,1864.550048828125,1876.0,1856.0,1865.5999755859373,4311431,INFY.NS
2024-11-18,1722.1165771484375,1811.449951171875,1849.199951171875,1795.0,1849.199951171875,4839244,INFY.NS
2024-11-19,1734.7607421875,1824.75,1859.699951171875,1820.550048828125,1825.5,4669769,INFY.NS
2024-11-21,1743.6021728515625,1834.050048828125,1867.0,1820.5999755859373,1842.0,5436504,INFY.NS
2024-11-22,1808.4388427734373,1902.25,1914.050048828125,1834.0,1854.0999755859373,6301486,INFY.NS
2024-11-25,1796.5076904296875,1889.699951171875,1919.300048828125,1882.0,1916.0,12764638,INFY.NS
2024-11-26,1829.2587890625,1924.1500244140625,1938.5999755859373,1897.300048828125,1904.949951171875,6850495,INFY.NS
2024-11-27,1829.5914306640625,1924.5,1941.4000244140625,1911.75,1930.0999755859373,4447143,INFY.NS
2024-11-28,1765.0875244140625,1856.6500244140625,1914.9000244140625,1851.6500244140625,1914.9000244140625,8468790,INFY.NS
2024-11-29,1766.2283935546875,1857.8499755859373,1877.0,1845.0,1851.0999755859373,5244346,INFY.NS
2024-12-02,1787.095947265625,1879.800048828125,1882.800048828125,1835.199951171875,1859.0,2868263,INFY.NS
2024-12-03,1798.789306640625,1892.0999755859373,1899.75,1871.1500244140625,1887.0,4715792,INFY.NS
2024-12-04,1796.0799560546875,1889.25,1913.949951171875,1875.0,1884.0,4705573,INFY.NS
2024-12-05,1839.4310302734373,1934.8499755859373,1949.9000244140625,1888.949951171875,1900.0,9050038,INFY.NS
2024-12-06,1827.5950927734373,1922.4000244140625,1937.949951171875,1912.4000244140625,1932.800048828125,3573331,INFY.NS
2024-12-09,1828.783447265625,1923.6500244140625,1930.199951171875,1897.199951171875,1924.199951171875,4274645,INFY.NS
2024-12-10,1852.45556640625,1948.550048828125,1965.5999755859373,1932.0,1939.0,6174921,INFY.NS
2024-12-11,1876.79296875,1974.1500244140625,1978.0,1952.0,1955.0,5025612,INFY.NS
2024-12-12,1889.0091552734373,1987.0,1998.800048828125,1970.550048828125,1975.199951171875,6462130,INFY.NS
2024-12-13,1901.0828857421875,1999.699951171875,2006.449951171875,1953.800048828125,1969.75,5362693,INFY.NS
2024-12-16,1882.4019775390625,1980.050048828125,1999.5999755859373,1977.5999755859373,1995.449951171875,3119221,INFY.NS
2024-12-17,1879.1221923828125,1976.5999755859373,1982.0,1958.0,1968.0,5811050,INFY.NS
2024-12-18,1881.54638671875,1979.1500244140625,1984.949951171875,1961.5999755859373,1966.800048828125,3064095,INFY.NS
2024-12-19,1850.2213134765625,1946.199951171875,1959.75,1920.0,1934.0,5323592,INFY.NS
2024-12-20,1827.3572998046875,1922.1500244140625,1979.949951171875,1911.25,1975.1500244140625,11056720,INFY.NS
2024-12-23,1829.4014892578125,1924.300048828125,1940.0,1909.0,1930.050048828125,2781793,INFY.NS
2024-12-24,1814.9034423828125,1909.050048828125,1942.0,1840.0,1927.050048828125,2360544,INFY.NS
2024-12-26,1813.3348388671875,1907.4000244140625,1919.75,1902.300048828125,1909.050048828125,3623321,INFY.NS
2024-12-27,1822.2236328125,1916.75,1924.1500244140625,1903.9000244140625,1909.4000244140625,3937500,INFY.NS
2024-12-30,1812.00390625,1906.0,1916.0,1886.5,1915.699951171875,7789055,INFY.NS
2024-12-31,1787.2860107421875,1880.0,1897.0,1845.050048828125,1892.300048828125,3613063,INFY.NS
2025-01-01,1789.6627197265625,1882.5,1892.949951171875,1874.0,1874.0,1838368,INFY.NS
2025-01-02,1861.296875,1957.8499755859373,1962.6500244140625,1885.300048828125,1887.0,7083645,INFY.NS
2025-01-03,1843.1387939453125,1938.75,1952.949951171875,1922.0,1952.949951171875,6218003,INFY.NS
2025-01-06,1842.2830810546875,1937.8499755859373,1973.0,1928.0,1952.0,7164403,INFY.NS
2025-01-07,1835.62841796875,1930.8499755859373,1958.550048828125,1923.6500244140625,1945.0,4294832,INFY.NS
2025-01-08,1837.81494140625,1933.1500244140625,1938.5999755859373,1888.75,1930.0,5482050,INFY.NS
2025-01-09,1822.74658203125,1917.300048828125,1951.8499755859373,1910.550048828125,1934.050048828125,6833503,INFY.NS
2025-01-10,1869.947998046875,1966.949951171875,1977.800048828125,1932.25,1937.0,8036913,INFY.NS
2025-01-13,1865.4322509765625,1962.199951171875,1982.800048828125,1949.0,1956.0,5804152,INFY.NS
2025-01-14,1844.374755859375,1940.050048828125,1971.800048828125,1931.0999755859373,1968.8499755859373,5792162,INFY.NS
2025-01-15,1853.501220703125,1949.6500244140625,1958.050048828125,1937.0999755859373,1947.0,2985439,INFY.NS
2025-01-16,1833.3466796875,1928.449951171875,1966.949951171875,1916.8499755859373,1965.949951171875,7533579,INFY.NS
2025-01-17,1725.9193115234375,1815.449951171875,1858.0,1812.0,1851.0,16409953,INFY.NS
2025-01-20,1723.8756103515625,1813.300048828125,1827.949951171875,1793.1500244140625,1822.949951171875,4333011,INFY.NS
2025-01-21,1711.896728515625,1800.699951171875,1831.6500244140625,1793.050048828125,1819.050048828125,7169109,INFY.NS
2025-01-22,1764.8973388671875,1856.449951171875,1865.800048828125,1805.1500244140625,1807.4000244140625,8373913,INFY.NS
2025-01-23,1773.4534912109375,1865.449951171875,1879.550048828125,1852.699951171875,1858.0,5907471,INFY.NS
2025-01-24,1782.96044921875,1875.449951171875,1894.9000244140625,1864.25,1865.5,4887027,INFY.NS
2025-01-27,1732.146484375,1822.0,1863.0,1812.0,1848.75,7652371,INFY.NS
2025-01-28,1739.5142822265625,1829.75,1863.5,1824.9000244140625,1830.0,6999495,INFY.NS
2025-01-29,1788.474365234375,1881.25,1888.6500244140625,1840.5,1845.0,5145155,INFY.NS
2025-01-30,1768.2247314453125,1859.949951171875,1887.199951171875,1844.0,1873.1500244140625,7336056,INFY.NS
2025-01-31,1787.095947265625,1879.800048828125,1897.449951171875,1871.0,1871.0,5820470,INFY.NS
2025-02-01,1760.0489501953125,1851.3499755859373,1890.5999755859373,1846.0,1880.300048828125,1701402,INFY.NS
2025-02-03,1771.4097900390625,1863.300048828125,1876.550048828125,1832.4000244140625,1836.0,4823228,INFY.NS
2025-02-04,1805.1590576171875,1898.800048828125,1911.199951171875,1875.0,1889.0,7334787,INFY.NS
2025-02-05,1803.4952392578125,1897.050048828125,1919.699951171875,1894.300048828125,1906.0,4996744,INFY.NS
2025-02-06,1821.177978515625,1915.6500244140625,1924.0,1900.0,1917.0,4765255,INFY.NS
2025-02-07,1809.769775390625,1903.6500244140625,1923.699951171875,1889.449951171875,1919.300048828125,4126260,INFY.NS
2025-02-10,1787.5712890625,1880.300048828125,1905.0,1878.5999755859373,1905.0,3828734,INFY.NS
2025-02-11,1783.150634765625,1875.6500244140625,1903.0,1870.0,1883.0999755859373,4411601,INFY.NS
2025-02-12,1771.26708984375,1863.1500244140625,1894.5999755859373,1847.0,1885.0,5633947,INFY.NS
2025-02-13,1752.3485107421875,1843.25,1873.5,1835.6500244140625,1868.5,5237744,INFY.NS
2025-02-14,1764.8499755859375,1856.4000244140625,1859.300048828125,1828.3499755859373,1854.0,5292961,INFY.NS
2025-02-17,1751.4451904296875,1842.300048828125,1852.75,1822.1500244140625,1838.550048828125,4428956,INFY.NS
2025-02-18,1760.619384765625,1851.949951171875,1861.6500244140625,1837.5999755859373,1842.300048828125,4365260,INFY.NS
2025-02-19,1721.498779296875,1810.800048828125,1849.199951171875,1805.9000244140625,1847.4000244140625,4611411,INFY.NS
2025-02-20,1735.14111328125,1825.1500244140625,1831.0,1805.550048828125,1805.550048828125,2218020,INFY.NS
2025-02-21,1725.4915771484375,1815.0,1829.8499755859373,1806.199951171875,1821.800048828125,3379879,INFY.NS
2025-02-24,1677.101806640625,1764.0999755859375,1808.0,1750.25,1800.050048828125,7594720,INFY.NS
2025-02-25,1680.524169921875,1767.699951171875,1778.449951171875,1745.1500244140625,1745.1500244140625,5092963,INFY.NS
2025-02-27,1677.2919921875,1764.300048828125,1775.8499755859375,1751.0999755859375,1755.199951171875,5757079,INFY.NS
2025-02-28,1604.4696044921875,1687.699951171875,1755.0999755859375,1682.449951171875,1755.050048828125,12182167,INFY.NS
2025-03-03,1624.3388671875,1708.5999755859375,1728.5999755859375,1692.300048828125,1692.300048828125,7504969,INFY.NS
2025-03-04,1605.0400390625,1688.300048828125,1699.0,1670.0,1695.0,6759673,INFY.NS
2025-03-05,1627.0958251953125,1711.5,1732.949951171875,1692.449951171875,1692.449951171875,8180782,INFY.NS
2025-03-06,1631.231201171875,1715.8499755859375,1722.300048828125,1691.0999755859375,1715.0,10610547,INFY.NS
2025-03-07,1602.8533935546875,1686.0,1705.0,1675.5,1703.0999755859375,8019331,INFY.NS
2025-03-10,1617.5413818359375,1701.449951171875,1719.0,1676.199951171875,1686.0,7558981,INFY.NS
2025-03-11,1579.6566162109375,1661.5999755859375,1680.0,1637.050048828125,1680.0,12671234,INFY.NS
2025-03-12,1512.3956298828125,1590.8499755859375,1636.9000244140625,1563.800048828125,1636.9000244140625,14870008,INFY.NS
2025-03-13,1501.938232421875,1579.8499755859375,1606.050048828125,1570.300048828125,1599.25,7822888,INFY.NS
2025-03-17,1511.63525390625,1590.050048828125,1594.0,1545.1500244140625,1545.1500244140625,7526032,INFY.NS
2025-03-18,1511.63525390625,1590.050048828125,1590.050048828125,1590.050048828125,1590.050048828125,0,INFY.NS
2025-03-19,1508.307861328125,1586.550048828125,1603.0,1572.800048828125,1603.0,7387068,INFY.NS
2025-03-20,1535.8778076171875,1615.550048828125,1631.9000244140625,1592.0,1592.0,7186750,INFY.NS
2025-03-21,1514.0120849609375,1592.550048828125,1603.9000244140625,1563.6500244140625,1577.949951171875,10074677,INFY.NS
2025-03-24,1514.2020263671875,1592.75,1607.0999755859375,1572.699951171875,1597.949951171875,8857726,INFY.NS
2025-03-25,1548.1414794921875,1628.449951171875,1636.1500244140625,1605.0,1605.0,9890140,INFY.NS
2025-03-26,1520.5716552734375,1599.449951171875,1637.75,1595.0,1626.0,6651302,INFY.NS
2025-03-27,1524.469482421875,1603.550048828125,1619.949951171875,1586.0,1595.550048828125,9426573,INFY.NS
2025-03-28,1493.1920166015625,1570.6500244140625,1598.449951171875,1560.0,1590.0,6799047,INFY.NS
2025-04-01,1451.21923828125,1526.5,1547.4000244140625,1517.8499755859375,1539.25,12680733,INFY.NS
2025-04-02,1473.7030029296875,1550.1500244140625,1555.6500244140625,1535.199951171875,1535.199951171875,6193478,INFY.NS
2025-04-03,1422.6986083984375,1496.5,1534.6500244140625,1485.050048828125,1534.6500244140625,10459504,INFY.NS
2025-04-04,1380.0606689453125,1451.6500244140625,1472.0,1448.0,1460.5,9590254,INFY.NS
2025-04-07,1327.867919921875,1396.75,1405.9000244140625,1307.0,1352.0,21715252,INFY.NS
2025-04-08,1358.33740234375,1428.800048828125,1456.5,1415.0,1431.0,12805001,INFY.NS
2025-04-09,1334.4752197265625,1403.699951171875,1409.449951171875,1381.9000244140625,1405.050048828125,8546854,INFY.NS
2025-04-11,1339.941650390625,1409.449951171875,1438.800048828125,1397.050048828125,1411.25,12567440,INFY.NS
2025-04-15,1355.675537109375,1426.0,1447.699951171875,1409.0,1445.5999755859375,10178530,INFY.NS
2025-04-16,1343.4117431640625,1413.0999755859375,1427.5,1396.800048828125,1425.0,12022740,INFY.NS
2025-04-17,1349.49609375,1419.5,1429.800048828125,1378.300048828125,1398.0,14264227,INFY.NS
2025-04-21,1379.442626953125,1451.0,1471.800048828125,1410.0,1410.0,15648970,INFY.NS
2025-04-22,1352.63330078125,1422.800048828125,1440.0,1419.300048828125,1440.0,9399738,INFY.NS
2025-04-23,1402.1639404296875,1474.9000244140625,1487.800048828125,1439.5999755859375,1446.0,11136642,INFY.NS
2025-04-24,1398.8365478515625,1471.4000244140625,1482.9000244140625,1461.5,1469.9000244140625,7114292,INFY.NS
2025-04-25,1407.2025146484375,1480.199951171875,1501.699951171875,1463.5,1475.5,8329979,INFY.NS
2025-04-28,1409.0087890625,1482.0999755859375,1489.5999755859375,1465.300048828125,1480.199951171875,5886253,INFY.NS
2025-04-29,1423.6494140625,1497.5,1509.800048828125,1474.0999755859375,1482.0,8056743,INFY.NS
2025-04-30,1426.12109375,1500.0999755859375,1508.800048828125,1482.5999755859375,1496.800048828125,7704183,INFY.NS
2025-05-02,1432.5858154296875,1506.9000244140625,1523.199951171875,1496.199951171875,1499.699951171875,7402310,INFY.NS
2025-05-05,1434.2020263671875,1508.5999755859375,1523.0,1502.800048828125,1515.0,4282493,INFY.NS
2025-05-06,1436.958984375,1511.5,1515.5999755859375,1499.0999755859375,1506.0,4270530,INFY.NS
2025-05-07,1433.9168701171875,1508.300048828125,1518.800048828125,1496.5999755859375,1500.0,5691799,INFY.NS
2025-05-08,1436.864013671875,1511.4000244140625,1516.5,1501.199951171875,1508.0,8424409,INFY.NS
2025-05-09,1433.2513427734375,1507.5999755859375,1511.4000244140625,1494.0999755859375,1500.699951171875,4478653,INFY.NS
2025-05-12,1546.66796875,1626.9000244140625,1632.0,1532.0,1537.0,11372857,INFY.NS
2025-05-13,1491.2430419921875,1568.5999755859375,1612.199951171875,1564.5999755859375,1609.0,12846210,INFY.NS
2025-05-14,1513.869384765625,1592.4000244140625,1595.0,1569.5,1574.0,4870057,INFY.NS
2025-05-15,1533.453369140625,1613.0,1618.5999755859375,1571.0,1589.800048828125,11151167,INFY.NS
2025-05-16,1511.49267578125,1589.9000244140625,1612.5999755859375,1581.5,1612.5999755859375,4576751,INFY.NS
2025-05-19,1482.876953125,1559.800048828125,1585.0,1555.699951171875,1576.5,8855798,INFY.NS
2025-05-20,1483.637451171875,1560.5999755859375,1583.5,1558.0,1570.0,7143998,INFY.NS
2025-05-21,1491.14794921875,1568.5,1571.0,1552.0999755859375,1567.9000244140625,4157309,INFY.NS
2025-05-22,1471.18359375,1547.5,1560.800048828125,1540.0,1555.5,6158990,INFY.NS
2025-05-23,1487.6304931640625,1564.800048828125,1587.199951171875,1550.0,1550.0,5038421,INFY.NS
2025-05-26,1502.5560302734375,1580.5,1583.800048828125,1562.699951171875,1566.5999755859375,3170102,INFY.NS
2025-05-27,1492.6690673828125,1570.0999755859375,1582.9000244140625,1556.4000244140625,1579.9000244140625,7775714,INFY.NS
2025-05-28,1494.2852783203125,1571.800048828125,1587.699951171875,1570.0,1581.0,3623370,INFY.NS
2025-05-29,1507.4046630859375,1585.5999755859375,1608.9000244140625,1576.5999755859375,1589.0,8609500,INFY.NS
2025-05-30,1506.5369873046875,1562.699951171875,1572.0,1555.0999755859375,1571.0,13148092,INFY.NS
2025-06-02,1497.9569091796875,1553.800048828125,1560.0,1539.0,1560.0,4374509,INFY.NS
2025-06-03,1487.5450439453125,1543.0,1567.300048828125,1535.5999755859375,1559.0,6853403,INFY.NS
2025-06-04,1495.4503173828125,1551.199951171875,1557.300048828125,1541.4000244140625,1543.0,4548307,INFY.NS
2025-06-05,1498.43896484375,1554.300048828125,1567.699951171875,1541.5999755859375,1547.9000244140625,6948539,INFY.NS
2025-06-06,1507.5975341796875,1563.800048828125,1568.9000244140625,1543.0999755859375,1554.699951171875,3960020,INFY.NS
2025-06-09,1516.3704833984375,1572.9000244140625,1588.0,1571.0,1578.0,2903202,INFY.NS
2025-06-10,1538.6402587890625,1596.0,1607.5,1577.5,1584.0,8591925,INFY.NS
2025-06-11,1572.4786376953125,1631.0999755859375,1634.5999755859375,1590.0999755859375,1590.0999755859375,10597410,INFY.NS
2025-06-12,1550.7874755859375,1608.5999755859375,1628.0,1598.0999755859375,1617.0,10483574,INFY.NS
2025-06-13,1544.4246826171875,1602.0,1609.0,1570.199951171875,1576.0,6968315,INFY.NS
2025-06-16,1565.441162109375,1623.800048828125,1634.800048828125,1597.0999755859375,1600.0,5591842,INFY.NS
2025-06-17,1580.962646484375,1639.9000244140625,1647.4000244140625,1615.5999755859375,1620.699951171875,7622083,INFY.NS
2025-06-18,1574.214111328125,1632.9000244140625,1644.699951171875,1621.0,1621.0,5629707,INFY.NS
2025-06-19,1560.2352294921875,1618.4000244140625,1630.0,1611.5,1623.9000244140625,5147760,INFY.NS
2025-06-20,1564.573486328125,1622.9000244140625,1630.699951171875,1608.9000244140625,1619.0,9202821,INFY.NS
2025-06-23,1527.071533203125,1584.0,1601.0,1575.4000244140625,1601.0,7943676,INFY.NS
2025-06-24,1524.7576904296875,1581.5999755859375,1609.0,1576.5999755859375,1601.0,8083992,INFY.NS
2025-06-25,1556.8609619140625,1614.9000244140625,1619.9000244140625,1585.0999755859375,1590.0,7813533,INFY.NS
2025-06-26,1557.9215087890625,1616.0,1624.0,1606.5999755859375,1608.800048828125,6519233,INFY.NS
2025-06-27,1550.208984375,1608.0,1629.5999755859375,1602.4000244140625,1619.0,8912268,INFY.NS
2025-06-30,1544.2318115234375,1601.800048828125,1615.0,1594.0999755859375,1615.0,6294505,INFY.NS
2025-07-01,1549.0521240234375,1606.800048828125,1617.699951171875,1600.5,1609.0,4178937,INFY.NS
2025-07-02,1552.619140625,1610.5,1649.0,1603.4000244140625,1618.0,8653641,INFY.NS
2025-07-03,1560.5244140625,1618.699951171875,1632.4000244140625,1615.0,1618.5,5259695,INFY.NS
2025-07-04,1581.7337646484375,1640.699951171875,1643.4000244140625,1612.300048828125,1625.0,4411273,INFY.NS
2025-07-07,1568.526123046875,1627.0,1644.0,1623.0,1640.0,3294523,INFY.NS
2025-07-08,1579.8056640625,1638.699951171875,1646.199951171875,1621.5,1628.0,4590681,INFY.NS
2025-07-09,1574.9852294921875,1633.699951171875,1638.0,1623.5999755859375,1637.800048828125,4580828,INFY.NS
2025-07-10,1557.7286376953125,1615.800048828125,1638.9000244140625,1607.0999755859375,1638.9000244140625,5330179,INFY.NS
2025-07-11,1537.579833984375,1594.9000244140625,1607.0999755859375,1563.0,1579.0999755859375,11391755,INFY.NS
2025-07-14,1513.8638916015625,1570.300048828125,1591.800048828125,1559.800048828125,1591.800048828125,9173426,INFY.NS
2025-07-15,1528.614013671875,1585.5999755859375,1603.5999755859375,1564.0,1565.0999755859375,7614807,INFY.NS
2025-07-16,1550.112548828125,1607.9000244140625,1612.0,1578.5,1579.0,6223491,INFY.NS
2025-07-17,1526.5894775390625,1583.5,1610.0,1580.0999755859375,1598.0,7374814,INFY.NS
2025-07-18,1529.0960693359375,1586.0999755859375,1599.300048828125,1580.0,1592.0999755859375,5161833,INFY.NS
2025-07-21,1527.36083984375,1584.300048828125,1589.0,1566.800048828125,1580.0,3682661,INFY.NS
2025-07-22,1514.4423828125,1570.9000244140625,1585.800048828125,1565.0,1565.0,8473741,INFY.NS
2025-07-23,1517.9129638671875,1574.5,1591.9000244140625,1550.0,1576.300048828125,8035026,INFY.NS
2025-07-24,1496.70361328125,1552.5,1582.0,1548.199951171875,1580.0,14169664,INFY.NS
2025-07-25,1461.2261962890625,1515.699951171875,1549.5,1511.300048828125,1543.4000244140625,10851259,INFY.NS
2025-07-28,1461.515380859375,1516.0,1519.300048828125,1482.5,1513.9000244140625,6439855,INFY.NS
2025-07-29,1459.2979736328125,1513.699951171875,1517.199951171875,1496.0999755859375,1512.9000244140625,7070448,INFY.NS
2025-07-30,1464.40771484375,1519.0,1521.699951171875,1506.0,1519.9000244140625,5719051,INFY.NS
2025-07-31,1454.76708984375,1509.0,1527.0999755859375,1497.0,1509.699951171875,6851407,INFY.NS
2025-08-01,1416.782958984375,1469.5999755859375,1498.699951171875,1465.5,1493.9000244140625,8702978,INFY.NS
2025-08-04,1427.291259765625,1480.5,1482.800048828125,1451.0,1461.5,8610216,INFY.NS
2025-08-05,1407.8173828125,1460.300048828125,1478.699951171875,1455.0,1478.699951171875,10213323,INFY.NS
2025-08-06,1385.0654296875,1436.699951171875,1456.0999755859375,1430.300048828125,1452.0,10566934,INFY.NS
2025-08-07,1385.25830078125,1436.9000244140625,1442.0,1414.199951171875,1430.0,9892020,INFY.NS
2025-08-08,1371.9542236328125,1423.0999755859375,1433.199951171875,1417.0999755859375,1425.0,10048009,INFY.NS
2025-08-11,1376.8709716796875,1428.199951171875,1433.4000244140625,1414.0,1419.9000244140625,6625368,INFY.NS
2025-08-12,1372.918212890625,1424.0999755859375,1441.0,1421.0,1428.199951171875,9899184,INFY.NS
2025-08-13,1375.328369140625,1426.5999755859375,1434.0,1422.4000244140625,1425.0,10318063,INFY.NS
2025-08-14,1395.6700439453125,1447.699951171875,1470.0,1426.199951171875,1426.199951171875,12902347,INFY.NS
2025-08-18,1384.1978759765625,1435.800048828125,1464.699951171875,1429.5999755859375,1464.699951171875,7254561,INFY.NS
2025-08-19,1388.246826171875,1440.0,1449.4000244140625,1432.699951171875,1432.699951171875,3986094,INFY.NS
2025-08-20,1442.427001953125,1496.199951171875,1499.0,1440.699951171875,1440.699951171875,10413061,INFY.NS
2025-08-21,1442.619873046875,1496.4000244140625,1508.0,1484.300048828125,1508.0,6565539,INFY.NS
2025-08-22,1434.0396728515625,1487.5,1504.300048828125,1486.0999755859375,1498.0999755859375,5543397,INFY.NS
2025-08-25,1477.0367431640625,1532.0999755859375,1539.0,1506.699951171875,1506.699951171875,10694531,INFY.NS
2025-08-26,1474.6265869140625,1529.5999755859375,1538.4000244140625,1518.5999755859375,1523.0,15994798,INFY.NS
2025-08-28,1446.1868896484375,1500.0999755859375,1529.5999755859375,1498.0,1529.5999755859375,5443364,INFY.NS
2025-08-29,1416.782958984375,1469.5999755859375,1501.9000244140625,1467.699951171875,1501.9000244140625,8169075,INFY.NS
2025-09-01,1445.511962890625,1499.4000244140625,1503.4000244140625,1476.199951171875,1476.699951171875,4546057,INFY.NS
2025-09-02,1444.837158203125,1498.699951171875,1512.800048828125,1486.300048828125,1499.4000244140625,5218763,INFY.NS
2025-09-03,1425.941650390625,1479.0999755859375,1501.9000244140625,1473.0,1500.0,4623483,INFY.NS
2025-09-04,1410.420166015625,1463.0,1484.0,1460.0999755859375,1484.0,5787724,INFY.NS
2025-09-05,1392.6815185546875,1444.5999755859375,1472.699951171875,1433.0,1470.0,5466487,INFY.NS
2025-09-08,1381.4019775390625,1432.9000244140625,1458.0,1428.300048828125,1451.0,3811567,INFY.NS
2025-09-09,1450.2359619140625,1504.300048828125,1507.199951171875,1472.5,1481.0,13072640,INFY.NS
2025-09-10,1477.518798828125,1532.5999755859375,1534.9000244140625,1509.300048828125,1510.0999755859375,7281071,INFY.NS
2025-09-11,1455.4417724609375,1509.699951171875,1527.5,1506.5,1523.9000244140625,8003662,INFY.NS
2025-09-12,1470.7703857421875,1525.5999755859375,1542.9000244140625,1521.0999755859375,1537.0,12856963,INFY.NS
2025-09-15,1454.1885986328125,1508.4000244140625,1527.5,1501.199951171875,1525.5999755859375,6167414,INFY.NS
2025-09-16,1456.9844970703125,1511.300048828125,1514.0,1503.5,1508.4000244140625,8923112,INFY.NS
2025-09-17,1467.685546875,1522.4000244140625,1526.699951171875,1514.0,1516.9000244140625,4795698,INFY.NS
2025-09-18,1485.2313232421875,1540.5999755859375,1555.0,1538.5,1550.0,9331945,INFY.NS
2025-09-19,1484.845703125,1540.199951171875,1551.300048828125,1520.0999755859375,1544.5999755859375,12988129,INFY.NS
2025-09-22,1445.6083984375,1499.5,1514.699951171875,1482.0,1482.699951171875,15655204,INFY.NS
2025-09-23,1443.6802978515625,1497.5,1513.0,1493.0,1493.0,9832164,INFY.NS
2025-09-24,1440.884521484375,1494.5999755859375,1496.699951171875,1482.699951171875,1487.199951171875,4937004,INFY.NS
2025-09-25,1431.4368896484375,1484.800048828125,1502.699951171875,1476.5,1489.0,9491867,INFY.NS
2025-09-26,1396.8270263671875,1448.9000244140625,1478.699951171875,1441.199951171875,1475.0,8597058,INFY.NS
2025-09-29,1389.982177734375,1441.800048828125,1465.0,1436.5,1460.0,10513117,INFY.NS
2025-09-30,1389.982177734375,1441.800048828125,1452.199951171875,1438.0999755859375,1443.0,7556305,INFY.NS
2025-10-01,1393.8385009765625,1445.800048828125,1449.5,1427.4000244140625,1446.0,6250692,INFY.NS
2025-10-03,1394.609619140625,1446.5999755859375,1448.300048828125,1433.199951171875,1439.0,6877533,INFY.NS
2025-10-06,1422.9530029296875,1476.0,1478.800048828125,1442.300048828125,1446.5999755859375,4630590,INFY.NS
2025-10-07,1406.0819091796875,1458.5,1482.9000244140625,1454.0,1477.699951171875,5570320,INFY.NS
2025-10-08,1441.2701416015625,1495.0,1498.0,1455.0,1457.0,4657192,INFY.NS
2025-10-09,1455.0562744140625,1509.300048828125,1514.0,1487.0,1502.0,7028753,INFY.NS
2025-10-10,1460.4549560546875,1514.9000244140625,1521.699951171875,1498.800048828125,1510.0,3738353,INFY.NS
2025-10-13,1439.5347900390625,1493.199951171875,1504.699951171875,1483.4000244140625,1497.0,5859355,INFY.NS
2025-10-14,1436.353515625,1489.9000244140625,1514.4000244140625,1486.5,1499.0,5600789,INFY.NS
2025-10-15,1421.4105224609375,1474.4000244140625,1488.5999755859375,1467.5,1483.9000244140625,6986098,INFY.NS
2025-10-16,1418.61474609375,1471.5,1474.5,1460.5,1473.9000244140625,8005748,INFY.NS
2025-10-17,1389.3072509765625,1441.0999755859375,1458.4000244140625,1434.0,1454.9000244140625,16959378,INFY.NS
2025-10-20,1408.395751953125,1460.9000244140625,1467.0,1450.0,1453.699951171875,6994246,INFY.NS
2025-10-21,1419.482421875,1472.4000244140625,1486.0,1470.0,1478.0,1698704,INFY.NS
2025-10-23,1473.566162109375,1528.5,1546.0,1506.0,1510.0,20358624,INFY.NS
2025-10-24,1470.57763671875,1525.4000244140625,1543.0,1518.0,1539.5,8652257,INFY.NS
2025-10-27,1472.633056640625,1504.5,1515.300048828125,1498.0999755859375,1510.0,7273211,INFY.NS
2025-10-28,1468.4241943359375,1500.199951171875,1506.5,1490.5,1499.699951171875,8211019,INFY.NS
2025-10-29,1478.408203125,1510.4000244140625,1520.199951171875,1496.9000244140625,1500.199951171875,4884976,INFY.NS
2025-10-30,1462.1597900390625,1493.800048828125,1508.199951171875,1489.0999755859375,1507.0,5608867,INFY.NS
2025-10-31,1450.9034423828125,1482.300048828125,1497.0999755859375,1480.699951171875,1490.0,4819814,INFY.NS
2025-11-03,1454.0355224609375,1485.5,1491.4000244140625,1474.199951171875,1482.300048828125,5470600,INFY.NS
2025-11-04,1436.808349609375,1467.9000244140625,1481.9000244140625,1462.9000244140625,1479.699951171875,8691330,INFY.NS
2025-11-06,1435.6336669921875,1466.699951171875,1483.0,1461.9000244140625,1478.5999755859375,7944752,INFY.NS
2025-11-07,1445.5198974609375,1476.800048828125,1480.9000244140625,1449.0999755859375,1470.0,8765759,INFY.NS
2025-11-10,1481.4425048828125,1513.5,1520.0,1490.0,1490.0999755859375,9787975,INFY.NS
2025-11-11,1497.88671875,1530.300048828125,1533.4000244140625,1511.0999755859375,1525.0,13692989,INFY.NS
2025-11-12,1518.8333740234375,1551.699951171875,1559.199951171875,1538.0999755859375,1540.0,14635417,INFY.NS
2025-11-13,1509.14306640625,1541.800048828125,1557.5,1530.300048828125,1557.0999755859375,19655689,INFY.NS
2025-11-14,1470.9691162109375,1502.800048828125,1530.0,1488.800048828125,1520.0,9739549,INFY.NS
2025-11-17,1475.66748046875,1507.5999755859375,1510.199951171875,1492.5,1496.0,7910354,INFY.NS
2025-11-18,1454.91650390625,1486.4000244140625,1506.0,1483.199951171875,1506.0,7525119,INFY.NS
2025-11-19,1508.4578857421875,1541.0999755859375,1543.0,1490.5,1490.5,10981126,INFY.NS
2025-11-20,1503.955322265625,1536.5,1555.0,1534.0,1555.0,7387584,INFY.NS
2025-11-21,1512.2752685546875,1545.0,1551.5,1526.300048828125,1531.0,9186302,INFY.NS
2025-11-24,1515.2117919921875,1548.0,1585.0,1541.0,1563.5999755859375,19270381,INFY.NS
2025-11-25,1498.1802978515625,1530.5999755859375,1550.5999755859375,1525.9000244140625,1549.0,8107952,INFY.NS
2025-11-26,1524.902099609375,1557.9000244140625,1560.300048828125,1532.0999755859375,1532.0999755859375,7575038,INFY.NS
2025-11-27,1533.2220458984375,1566.4000244140625,1574.300048828125,1552.199951171875,1564.0,7552252,INFY.NS
2025-11-28,1527.055419921875,1560.0999755859375,1568.4000244140625,1557.0,1565.0,4453221,INFY.NS
2025-12-01,1530.872802734375,1564.0,1574.0,1556.0,1562.5,5341800,INFY.NS
2025-12-02,1527.9364013671875,1561.0,1579.9000244140625,1556.0999755859375,1567.0,6335969,INFY.NS
2025-12-03,1545.261474609375,1578.699951171875,1586.0,1554.0999755859375,1555.0999755859375,12895312,INFY.NS
2025-12-04,1563.7611083984375,1597.5999755859375,1599.0,1568.0,1568.0,12609619,INFY.NS
2025-12-05,1581.9671630859375,1616.199951171875,1631.800048828125,1600.0,1610.0,10344725,INFY.NS
2025-12-08,1576.681640625,1610.800048828125,1630.0,1600.199951171875,1617.0999755859375,7550413,INFY.NS
2025-12-09,1565.1314697265625,1599.0,1606.9000244140625,1582.4000244140625,1601.199951171875,6957599,INFY.NS
2025-12-10,1551.2322998046875,1584.800048828125,1608.0,1582.800048828125,1608.0,5116140,INFY.NS
2025-12-11,1564.1527099609375,1598.0,1607.4000244140625,1580.5,1598.0,5159319,INFY.NS
2025-12-12,1564.348388671875,1598.199951171875,1601.800048828125,1582.5999755859375,1601.4000244140625,4633912,INFY.NS
2025-12-15,1572.766357421875,1606.800048828125,1610.800048828125,1585.0,1585.0,4190558,INFY.NS
2025-12-16,1559.1607666015625,1592.9000244140625,1603.0,1585.5999755859375,1600.0,5499258,INFY.NS
2025-12-17,1568.0679931640625,1602.0,1606.9000244140625,1586.0,1587.199951171875,4817628,INFY.NS
2025-12-18,1592.3427734375,1626.800048828125,1630.0,1606.699951171875,1610.5,6577293,INFY.NS
2025-12-19,1603.9906005859375,1638.699951171875,1654.9000244140625,1629.800048828125,1650.0,13149023,INFY.NS
2025-12-22,1653.8125,1689.5999755859375,1693.199951171875,1664.0,1664.0,23098923,INFY.NS
2025-12-23,1632.9637451171875,1668.300048828125,1679.0,1656.4000244140625,1679.0,6593060,INFY.NS
2025-12-24,1628.16748046875,1663.4000244140625,1667.5999755859375,1652.5,1661.0,4271167,INFY.NS
2025-12-26,1621.0220947265625,1656.0999755859375,1668.800048828125,1651.699951171875,1663.4000244140625,2006491,INFY.NS
2025-12-29,1609.863525390625,1644.699951171875,1673.0999755859375,1637.0999755859375,1658.0,4062817,INFY.NS
2025-12-30,1587.2528076171875,1621.5999755859375,1647.9000244140625,1616.800048828125,1647.0,9395937,INFY.NS
2025-12-31,1581.1842041015625,1615.4000244140625,1628.5999755859375,1609.199951171875,1621.0,6538656,INFY.NS
2026-01-01,1595.2791748046875,1629.800048828125,1639.5999755859375,1614.0999755859375,1615.4000244140625,3658165,INFY.NS
2026-01-02,1605.6546630859375,1640.4000244140625,1643.5,1627.5,1635.9000244140625,2524526,INFY.NS
2026-01-05,1572.374755859375,1606.4000244140625,1637.0,1583.0999755859375,1637.0,5917885,INFY.NS
2026-01-06,1578.0518798828125,1612.199951171875,1619.9000244140625,1599.0,1600.0999755859375,4466729,INFY.NS
2026-01-07,1604.2843017578125,1639.0,1642.0,1615.0,1615.0,4508079,INFY.NS
2026-01-08,1579.128662109375,1613.300048828125,1644.300048828125,1608.5999755859375,1638.9000244140625,3942131,INFY.NS
2026-01-09,1579.91162109375,1614.0999755859375,1631.300048828125,1607.0,1610.0,6816681,INFY.NS
2026-01-12,1562.09716796875,1595.9000244140625,1613.300048828125,1592.5999755859375,1610.0999755859375,6985362,INFY.NS
2026-01-13,1565.1314697265625,1599.0,1618.0,1586.4000244140625,1618.0,8080618,INFY.NS
2026-01-14,1565.91455078125,1599.800048828125,1617.0,1583.0999755859375,1588.0,7557157,INFY.NS
2026-01-15,1565.91455078125,1599.800048828125,1599.800048828125,1599.800048828125,1599.800048828125,0,INFY.NS
2026-01-16,1654.00830078125,1689.800048828125,1694.0,1653.4000244140625,1663.699951171875,19335957,INFY.NS
2026-01-19,1645.59033203125,1681.199951171875,1685.0,1666.5,1685.0,5104958,INFY.NS
2026-01-20,1623.7628173828125,1658.9000244140625,1680.199951171875,1652.9000244140625,1673.0,6406503,INFY.NS
2026-01-21,1619.358154296875,1654.4000244140625,1657.0,1631.199951171875,1651.0,6224582,INFY.NS
2026-01-22,1628.265380859375,1663.5,1671.199951171875,1653.800048828125,1666.0,6228892,INFY.NS
2026-01-23,1635.4107666015625,1670.800048828125,1675.699951171875,1662.199951171875,1667.199951171875,5869137,INFY.NS
2026-01-27,1647.05859375,1682.699951171875,1689.4000244140625,1661.0999755859375,1685.800048828125,10673087,INFY.NS
2026-01-28,1631.2017822265625,1666.5,1688.800048828125,1650.0,1680.0,8588664,INFY.NS
2026-01-29,1624.35009765625,1659.5,1666.5,1642.0999755859375,1658.0,4749582,INFY.NS
2026-01-30,1606.241943359375,1641.0,1655.0,1618.0999755859375,1655.0,9207926,INFY.NS
2026-02-02,1594.8875732421875,1629.4000244140625,1662.0,1618.0,1662.0,6784887,INFY.NS
2026-02-03,1620.9241943359375,1656.0,1728.0,1653.0,1727.199951171875,8805868,INFY.NS
2026-02-04,1503.2701416015625,1535.800048828125,1584.9000244140625,1510.0999755859375,1574.0,28828622,INFY.NS
2026-02-05,1488.00048828125,1520.199951171875,1551.0,1515.699951171875,1534.0,10628127,INFY.NS
2026-02-06,1475.177978515625,1507.0999755859375,1525.0,1480.0,1522.0999755859375,13900866,INFY.NS
2026-02-09,1465.4876708984375,1497.199951171875,1528.0,1493.0,1522.0999755859375,8294615,INFY.NS
2026-02-10,1466.0750732421875,1497.800048828125,1515.9000244140625,1491.0,1500.0,8657000,INFY.NS
2026-02-11,1440.7236328125,1471.9000244140625,1505.9000244140625,1469.0,1501.199951171875,7934411,INFY.NS
2026-02-12,1356.64306640625,1386.0,1435.699951171875,1380.5,1428.9000244140625,26048896,INFY.NS
2026-02-13,1340.1009521484375,1369.0999755859375,1377.300048828125,1281.5,1293.9000244140625,45785709,INFY.NS
2026-02-16,1336.6751708984375,1365.5999755859375,1376.0,1338.300048828125,1373.699951171875,14621891,INFY.NS
2026-02-17,1361.73291015625,1391.199951171875,1431.0,1367.0,1370.0,25347684,INFY.NS
2026-02-18,1344.603515625,1373.699951171875,1401.0,1345.300048828125,1390.9000244140625,20241373,INFY.NS
2026-02-19,1341.471435546875,1370.5,1402.0,1363.199951171875,1385.0,14574228,INFY.NS
2026-02-20,1324.5377197265625,1353.199951171875,1365.0,1338.199951171875,1359.199951171875,12633552,INFY.NS
2026-02-23,1299.3822021484375,1327.5,1352.0,1318.0,1352.0,12887826,INFY.NS
2026-02-24,1248.4835205078125,1275.5,1303.5999755859375,1264.0999755859375,1301.0,27839061,INFY.NS
2026-02-25,1262.7742919921875,1290.0999755859375,1323.5999755859375,1286.199951171875,1286.199951171875,16669618,INFY.NS
2026-02-26,1261.7955322265625,1289.0999755859375,1314.0,1286.300048828125,1305.5,11493914,INFY.NS
2026-02-27,1272.5625,1300.0999755859375,1335.0,1294.199951171875,1326.300048828125,23141724,INFY.NS
2026-03-02,1261.5997314453125,1288.9000244140625,1298.800048828125,1273.0,1291.0,9700361,INFY.NS
2026-03-04,1279.7078857421875,1307.4000244140625,1317.0,1292.0,1292.0,15154950,INFY.NS
2026-03-05,1278.141845703125,1305.800048828125,1320.0,1290.0999755859375,1320.0,10362147,INFY.NS
2026-03-06,1280.686767578125,1308.4000244140625,1327.199951171875,1303.0,1303.0,8724291,INFY.NS
2026-03-09,1287.14697265625,1315.0,1318.0,1282.5,1290.0,10068514,INFY.NS
2026-03-10,1268.1578369140625,1295.5999755859375,1321.0,1284.0999755859375,1320.0,9600171,INFY.NS
2026-03-11,1249.2667236328125,1276.300048828125,1299.5,1271.300048828125,1288.0,7868891,INFY.NS
2026-03-12,1238.9891357421875,1265.800048828125,1278.5999755859375,1258.0,1272.5,7599940,INFY.NS
2026-03-13,1221.8597412109375,1248.300048828125,1269.5999755859375,1242.5999755859375,1251.0,7366098,INFY.NS
2026-03-16,1223.3280029296875,1249.800048828125,1254.300048828125,1224.199951171875,1240.199951171875,12314450,INFY.NS
2026-03-17,1206.785888671875,1232.9000244140625,1245.0,1215.0999755859375,1245.0,11223276,INFY.NS
2026-03-18,1240.261474609375,1267.0999755859375,1290.800048828125,1234.9000244140625,1238.0,12365381,INFY.NS
2026-03-19,1194.9422607421875,1220.800048828125,1255.0,1215.0999755859375,1244.199951171875,9156461,INFY.NS
2026-03-20,1229.2987060546875,1255.9000244140625,1264.800048828125,1229.199951171875,1242.0,27299975,INFY.NS
2026-03-23,1230.1796875,1256.800048828125,1261.0999755859375,1227.4000244140625,1238.199951171875,12420293,INFY.NS
2026-03-24,1251.224365234375,1278.300048828125,1297.0,1251.0,1269.0,13613495,INFY.NS
2026-03-25,1252.00732421875,1279.0999755859375,1290.5999755859375,1257.0999755859375,1270.0,10824030,INFY.NS
2026-03-27,1242.806396484375,1269.699951171875,1294.800048828125,1263.199951171875,1285.199951171875,13092541,INFY.NS
2026-03-30,1224.1109619140625,1250.5999755859375,1265.5,1243.0,1250.0,14108486,INFY.NS
2026-04-01,1248.6793212890625,1275.699951171875,1303.0,1269.5,1290.0,8137156,INFY.NS
2026-04-02,1273.247802734375,1300.800048828125,1305.4000244140625,1259.800048828125,1260.0,12873492,INFY.NS
2026-04-06,1278.5333251953125,1306.199951171875,1320.0,1299.0,1301.4000244140625,10208682,INFY.NS
2026-04-07,1311.0301513671875,1339.4000244140625,1345.0999755859375,1293.5,1302.0,15355792,INFY.NS
2026-04-08,1317.68603515625,1346.199951171875,1376.9000244140625,1331.0,1349.0,16030133,INFY.NS
2026-04-09,1303.395263671875,1331.5999755859375,1337.5,1314.0,1329.9000244140625,14894607,INFY.NS
2026-04-10,1265.12353515625,1292.5,1318.9000244140625,1283.300048828125,1318.0,19233369,INFY.NS
2026-04-13,1249.756103515625,1276.800048828125,1289.0,1265.699951171875,1272.0,10366082,INFY.NS
2026-04-15,1277.6524658203125,1305.300048828125,1322.5,1300.5,1306.300048828125,12098912,INFY.NS
2026-04-16,1291.2579345703125,1319.199951171875,1331.0,1309.0,1322.0999755859375,18527029,INFY.NS
2026-04-17,1290.7685546875,1318.699951171875,1328.300048828125,1306.0999755859375,1313.0,12064048,INFY.NS
2026-04-20,1284.7977294921875,1312.5999755859375,1324.9000244140625,1308.0999755859375,1320.0,7172300,INFY.NS
2026-04-21,1285.385009765625,1313.199951171875,1325.0,1299.300048828125,1310.0,10057440,INFY.NS
2026-04-22,1241.729736328125,1268.5999755859375,1297.699951171875,1255.9000244140625,1295.0,20088378,INFY.NS
2026-04-23,1214.32275390625,1240.5999755859375,1265.699951171875,1226.0,1254.0,14792854,INFY.NS
2026-04-24,1130.144287109375,1154.5999755859375,1223.9000244140625,1152.199951171875,1200.0,42078914,INFY.NS
2026-04-27,1145.5118408203125,1170.300048828125,1179.9000244140625,1154.5,1154.5999755859375,19579883,INFY.NS
2026-04-28,1127.697265625,1152.0999755859375,1169.4000244140625,1149.800048828125,1162.699951171875,12720276,INFY.NS
2026-04-29,1142.7711181640625,1167.5,1178.199951171875,1156.800048828125,1158.5,8303109,INFY.NS
2026-04-30,1156.768310546875,1181.800048828125,1189.800048828125,1159.5999755859375,1167.5,12205669,INFY.NS
2026-05-01,1156.768310546875,1181.800048828125,1181.800048828125,1181.800048828125,1181.800048828125,0,INFY.NS
2026-05-04,1143.652099609375,1168.4000244140625,1195.0,1165.199951171875,1195.0,7735811,INFY.NS
2026-05-05,1153.1466064453125,1178.0999755859375,1185.199951171875,1160.0999755859375,1169.5,8164108,INFY.NS
2026-05-06,1142.4774169921875,1167.199951171875,1191.5,1164.0999755859375,1187.0,9856963,INFY.NS
2026-05-07,1138.07275390625,1162.699951171875,1175.4000244140625,1159.199951171875,1173.0,12013987,INFY.NS
2026-05-08,1154.2232666015625,1179.199951171875,1183.5,1158.800048828125,1161.0,7582770,INFY.NS
2026-05-11,1152.0699462890625,1177.0,1187.0,1172.0999755859375,1176.0,7336288,INFY.NS
2026-05-12,1116.1473388671875,1140.300048828125,1162.0,1123.0,1162.0,16891948,INFY.NS
2026-05-13,1099.3115234375,1123.0999755859375,1142.5999755859375,1121.0,1136.5999755859375,6664111,INFY.NS
2026-05-14,1071.8067626953125,1095.0,1121.9000244140625,1089.0,1119.800048828125,16914842,INFY.NS
2026-05-15,1095.2984619140625,1119.0,1133.199951171875,1101.5999755859375,1102.0,17482450,INFY.NS
2026-05-18,1118.3006591796875,1142.5,1146.0999755859375,1118.0,1119.0,12096377,INFY.NS
2026-05-19,1171.5484619140625,1196.9000244140625,1198.4000244140625,1162.0,1162.0,32175705,INFY.NS
2026-05-20,1168.4161376953125,1193.699951171875,1206.9000244140625,1184.9000244140625,1187.0,15121010,INFY.NS
2026-05-21,1156.180908203125,1181.199951171875,1201.800048828125,1177.0,1196.0999755859375,10021033,INFY.NS
2026-05-22,1149.622802734375,1174.5,1191.800048828125,1172.5,1182.5,8803066,INFY.NS
2026-05-25,1143.75,1168.5,1185.0,1166.0999755859375,1183.0,5856136,INFY.NS
2026-05-26,1142.966796875,1167.699951171875,1180.699951171875,1162.9000244140625,1166.300048828125,8005767,INFY.NS
2026-05-27,1135.3321533203125,1159.9000244140625,1167.300048828125,1155.0,1161.0,6371871,INFY.NS
2026-05-28,1135.3321533203125,1159.9000244140625,1159.9000244140625,1159.9000244140625,1159.9000244140625,0,INFY.NS
2026-05-29,1136.3109130859375,1160.9000244140625,1210.0,1153.5999755859375,1182.0,69085430,INFY.NS
2026-06-01,1177.02978515625,1202.5,1217.0,1173.699951171875,1175.0,19439331,INFY.NS
2026-06-02,1243.8831787109375,1270.800048828125,1278.9000244140625,1232.5,1232.5,36032600,INFY.NS
2026-06-03,1196.7039794921875,1222.5999755859375,1249.9000244140625,1216.0,1242.0999755859375,18534303,INFY.NS
2026-06-04,1175.855224609375,1201.300048828125,1215.199951171875,1196.199951171875,1208.0,12755957,INFY.NS
2026-06-05,1172.1357421875,1197.5,1223.800048828125,1194.300048828125,1220.0,8692290,INFY.NS
2026-06-08,1162.4453125,1187.5999755859375,1200.699951171875,1176.5,1177.5,8631711,INFY.NS
2026-06-09,1155.300048828125,1180.300048828125,1193.5999755859375,1167.300048828125,1193.5999755859375,10984054,INFY.NS
2026-06-10,1145.300048828125,1145.300048828125,1171.4000244140625,1143.300048828125,1160.0999755859375,8887626,INFY.NS
2026-06-11,1114.5999755859375,1114.5999755859375,1133.699951171875,1109.0,1129.699951171875,9372176,INFY.NS
2026-06-12,1116.4000244140625,1116.4000244140625,1123.300048828125,1111.5,1120.0,8075333,INFY.NS
2026-06-15,1134.9000244140625,1134.9000244140625,1151.0,1123.0,1130.0,7856192,INFY.NS
2026-06-16,1143.5999755859375,1143.5999755859375,1153.800048828125,1123.199951171875,1136.9000244140625,10456090,INFY.NS
2026-06-17,1157.699951171875,1157.699951171875,1162.5,1148.0,1149.0,5995119,INFY.NS
2026-06-18,1127.5,1127.5,1142.9000244140625,1125.300048828125,1142.9000244140625,16781447,INFY.NS
2026-06-19,1051.4000244140625,1051.4000244140625,1066.0,1030.0,1062.300048828125,45665442,INFY.NS
2026-06-22,1065.4000244140625,1065.4000244140625,1080.300048828125,1055.0,1055.0,10178505,INFY.NS
2026-06-23,1029.300048828125,1029.300048828125,1055.300048828125,1026.0,1053.800048828125,19323064,INFY.NS
2026-06-24,1056.5999755859375,1056.5999755859375,1065.5,1037.699951171875,1040.9000244140625,12346266,INFY.NS
2026-06-25,1041.199951171875,1041.199951171875,1068.0,1039.0999755859375,1065.0,15866779,INFY.NS
2026-06-26,1041.199951171875,1041.199951171875,1041.199951171875,1041.199951171875,1041.199951171875,0,INFY.NS
2026-06-29,1036.699951171875,1036.699951171875,1046.5999755859375,1029.0999755859375,1037.0999755859375,15080892,INFY.NS
2026-06-30,1000.4000244140624,1000.4000244140624,1030.4000244140625,996.0,1030.0,24128263,INFY.NS
2026-07-01,985.2999877929688,985.2999877929688,1014.0,982.4000244140624,1006.0,13037982,INFY.NS
2026-07-02,1040.9000244140625,1040.9000244140625,1045.0,1006.0,1006.4000244140624,18741111,INFY.NS
2026-07-03,1047.199951171875,1047.199951171875,1068.699951171875,1042.0,1063.0,11653534,INFY.NS
2026-07-06,1042.199951171875,1042.199951171875,1053.0,1033.0,1050.0999755859375,5559747,INFY.NS
2026-07-07,1071.800048828125,1071.800048828125,1087.5,1040.5999755859375,1040.5999755859375,18866296,INFY.NS
2026-07-08,1069.300048828125,1069.300048828125,1079.699951171875,1064.4000244140625,1071.9000244140625,13022221,INFY.NS
2026-07-09,1050.800048828125,1050.800048828125,1062.699951171875,1040.4000244140625,1062.699951171875,9003333,INFY.NS
2026-07-10,1068.0,1068.0,1091.300048828125,1064.699951171875,1075.0,9747266,INFY.NS
2026-07-13,1102.5999755859375,1102.5999755859375,1114.9000244140625,1057.0999755859375,1057.0999755859375,20994760,INFY.NS
2026-07-14,1092.9000244140625,1092.9000244140625,1113.5,1090.0,1107.800048828125,14819413,INFY.NS
2026-07-15,1076.300048828125,1076.300048828125,1088.0999755859375,1073.0,1079.0,8501933,INFY.NS
2026-07-16,1082.4000244140625,1082.4000244140625,1097.300048828125,1077.9000244140625,1082.5,8592146,INFY.NS
2026-07-17,1096.5,1096.5,1116.800048828125,1092.0,1105.0,12547728,INFY.NS
2026-07-20,1087.0999755859375,1087.0999755859375,1103.800048828125,1083.199951171875,1102.0,6372645,INFY.NS
2026-07-21,1073.5,1073.5,1094.5,1067.199951171875,1080.0,9485229,INFY.NS
2026-07-22,1052.0999755859375,1052.0999755859375,1069.300048828125,1046.199951171875,1064.0,7517203,INFY.NS
2026-07-23,1047.4000244140625,1047.4000244140625,1058.5,1032.0,1046.9000244140625,13794578,INFY.NS
2026-07-24,1040.9000244140625,1040.9000244140625,1043.4000244140625,1013.9000244140624,1028.0,29036900,INFY.NS
2026-07-27,1079.199951171875,1079.199951171875,1082.0,1057.4000244140625,1065.0,15956349,INFY.NS
2026-07-28,1105.699951171875,1105.699951171875,1118.5,1097.0,1097.0,28100895,INFY.NS
2026-07-29,1155.5999755859375,1155.5999755859375,1164.5,1128.4000244140625,1147.0,34400369,INFY.NS
2026-07-30,1155.0999755859375,1155.0999755859375,1187.699951171875,1151.300048828125,1168.0,22630218,INFY.NS
2026-07-31,1130.0999755859375,1130.0999755859375,1139.300048828125,1107.199951171875,1118.9000244140625,14367075,INFY.NS
2026-08-03,1180.0,1180.0,1180.0,1138.0999755859375,1145.0999755859375,8582270,INFY.NS
2026-08-04,1167.5,1167.5,1175.699951171875,1153.300048828125,1168.0,9243589,INFY.NS
2026-08-05,1174.0,1174.0,1177.5,1162.300048828125,1174.699951171875,9964155,INFY.NS
2026-08-06,1165.0,1165.0,1185.800048828125,1163.0,1174.0999755859375,8521064,INFY.NS
2026-08-07,1175.0999755859375,1175.0999755859375,1183.0,1155.5999755859375,1160.0,7581410,INFY.NS
2026-08-10,1183.0,1183.0,1195.0,1175.199951171875,1178.0999755859375,9377001,INFY.NS
2026-08-11,1190.699951171875,1190.699951171875,1193.5,1182.0,1188.0,10160091,INFY.NS
2026-08-12,1176.0999755859375,1176.0999755859375,1190.4000244140625,1163.300048828125,1185.5999755859375,7529777,INFY.NS
2026-08-13,1175.0,1175.0,1175.0,1157.0,1170.0,6234215,INFY.NS
2026-08-14,1169.199951171875,1169.199951171875,1174.0999755859375,1158.9000244140625,1170.4000244140625,5844763,INFY.NS
2026-08-17,1139.9000244140625,1139.9000244140625,1166.5,1129.699951171875,1163.9000244140625,5817153,INFY.NS
2026-08-18,1115.0,1115.0,1131.9000244140625,1112.5,1124.5,8851110,INFY.NS
2026-08-19,1119.800048828125,1119.800048828125,1134.699951171875,1113.800048828125,1125.5999755859375,8408573,INFY.NS
2026-08-20,1130.0,1130.0,1144.699951171875,1125.699951171875,1143.0,8559841,INFY.NS
2026-08-21,1121.0,1121.0,1133.5,1118.0,1133.0,6094967,INFY.NS
2026-08-24,1130.0,1130.0,1144.5,1122.0,1126.5,8565354,INFY.NS
2026-08-25,1144.0,1144.0,1144.0,1119.9000244140625,1132.0,8121237,INFY.NS
2026-08-26,1120.0,1120.0,1142.0,1118.300048828125,1142.0,6323984,INFY.NS
2026-08-27,1110.800048828125,1110.800048828125,1130.699951171875,1107.199951171875,1120.0,6933998,INFY.NS
2026-08-28,1144.0,1144.0,1145.0,1123.300048828125,1123.5999755859375,9621969,INFY.NS
2026-08-31,1133.800048828125,1133.800048828125,1143.9000244140625,1111.0999755859375,1138.5999755859375,8808120,INFY.NS
2026-09-01,1156.0,1156.0,1156.0,1125.5999755859375,1128.0,13516123,INFY.NS
2026-09-02,1140.0,1140.0,1147.800048828125,1118.5999755859375,1137.699951171875,8564358,INFY.NS
2026-09-03,1130.300048828125,1130.300048828125,1144.0,1122.5,1144.0,5786250,INFY.NS
2026-09-04,1130.0,1130.0,1146.699951171875,1125.4000244140625,1133.0,5881388,INFY.NS
2026-09-07,1087.5,1087.5,1109.9000244140625,1085.0,1109.5,7668346,INFY.NS
2026-09-08,1082.0,1082.0,1095.0,1078.9000244140625,1095.0,6269037,INFY.NS
2026-09-09,1035.0,1035.0,1059.0,1026.5,1059.0,13530457,INFY.NS
2026-09-10,1036.5,1036.5,1046.5999755859375,1027.300048828125,1039.5999755859375,8998529,INFY.NS
2026-09-11,1037.699951171875,1037.699951171875,1047.300048828125,1029.699951171875,1032.0,6168088,INFY.NS
2026-09-14,1037.699951171875,1037.699951171875,1037.699951171875,1037.699951171875,1037.699951171875,0,INFY.NS
2026-09-15,1077.0,1077.0,1097.699951171875,1071.699951171875,1085.0,14816117,INFY.NS
2026-09-16,1060.0,1060.0,1085.0999755859375,1053.5,1082.5,6230590,INFY.NS
2026-09-17,1058.5999755859375,1058.5999755859375,1063.5999755859375,1048.5999755859375,1054.9000244140625,5469865,INFY.NS
2026-09-18,1051.4000244140625,1051.4000244140625,1061.9000244140625,1038.0,1061.9000244140625,22124953,INFY.NS
