Date,Adj Close,Close,High,Low,Open,Volume,Company
2015-01-02,39.60719299316406,46.7599983215332,47.41999816894531,46.540000915527344,46.65999984741211,27913900,MSFT
2015-01-05,39.24296569824219,46.33000183105469,46.72999954223633,46.25,46.369998931884766,39673900,MSFT
2015-01-06,38.6669807434082,45.650001525878906,46.75,45.540000915527344,46.380001068115234,36447900,MSFT
2015-01-07,39.15825653076172,46.22999954223633,46.459999084472656,45.4900016784668,45.97999954223633,29114100,MSFT
2015-01-08,40.310203552246094,47.59000015258789,47.75,46.720001220703125,46.75,29645200,MSFT
2015-01-09,39.97140502929688,47.18999862670898,47.81999969482422,46.900001525878906,47.61000061035156,23944200,MSFT
2015-01-12,39.471656799316406,46.59999847412109,47.540000915527344,46.36000061035156,47.41999816894531,23651900,MSFT
2015-01-13,39.26836395263672,46.36000061035156,47.90999984741211,46.060001373291016,46.970001220703125,35270600,MSFT
2015-01-14,38.92956161499024,45.959999084472656,46.2400016784668,45.619998931884766,45.959999084472656,29719600,MSFT
2015-01-15,38.52298355102539,45.47999954223633,46.380001068115234,45.40999984741211,46.220001220703125,32750800,MSFT
2015-01-16,39.16672134399414,46.2400016784668,46.27999877929688,45.16999816894531,45.310001373291016,35695300,MSFT
2015-01-20,39.29377365112305,46.38999938964844,46.650001525878906,45.56999969482422,46.29999923706055,36161900,MSFT
2015-01-21,38.89567184448242,45.91999816894531,46.13999938964844,45.47999954223633,45.93999862670898,39081100,MSFT
2015-01-22,39.92057800292969,47.130001068115234,47.13999938964844,46.08000183105469,46.380001068115234,35898000,MSFT
2015-01-23,39.96293640136719,47.18000030517578,47.38999938964844,46.79999923706055,47.36000061035156,26211600,MSFT
2015-01-26,39.81893157958984,47.0099983215332,47.130001068115234,46.2400016784668,47.0,42525500,MSFT
2015-01-27,36.13435363769531,42.65999984741211,43.20000076293945,42.11000061035156,42.95000076293945,169164000,MSFT
2015-01-28,34.889217376708984,41.18999862670898,42.790000915527344,41.15999984741211,42.7400016784668,84507100,MSFT
2015-01-29,35.58378219604492,42.0099983215332,42.119998931884766,40.790000915527344,40.93000030517578,63585300,MSFT
2015-01-30,34.22005844116211,40.400001525878906,41.58000183105469,40.34999847412109,41.54999923706055,78004900,MSFT
2015-02-02,34.9654541015625,41.27999877929688,41.369998931884766,40.22999954223633,40.59000015258789,50352500,MSFT
2015-02-03,35.23649215698242,41.59999847412109,41.93000030517578,41.04999923706055,41.630001068115234,52082400,MSFT
2015-02-04,35.43978500366211,41.84000015258789,42.209999084472656,41.36000061035156,41.93999862670898,41614800,MSFT
2015-02-05,35.95647430419922,42.45000076293945,42.63999938964844,41.86000061035156,42.220001220703125,36548200,MSFT
2015-02-06,35.92259216308594,42.40999984741211,42.790000915527344,42.150001525878906,42.68000030517578,34616600,MSFT
2015-02-09,35.88024139404297,42.36000061035156,42.7400016784668,42.209999084472656,42.2400016784668,31381100,MSFT
2015-02-10,36.083526611328125,42.59999847412109,42.77000045776367,42.18000030517578,42.7400016784668,29670700,MSFT
2015-02-11,35.897193908691406,42.380001068115234,42.650001525878906,42.209999084472656,42.650001525878906,38262500,MSFT
2015-02-12,36.49858856201172,43.09000015258789,43.09000015258789,42.5099983215332,42.65999984741211,33268800,MSFT
2015-02-13,37.15925216674805,43.869998931884766,43.869998931884766,43.150001525878906,43.380001068115234,40264900,MSFT
2015-02-17,37.17631912231445,43.58000183105469,44.0,43.18999862670898,43.970001220703125,33695700,MSFT
2015-02-18,37.133670806884766,43.52999877929688,43.70000076293945,43.38999938964844,43.630001068115234,27111700,MSFT
2015-02-19,37.10808181762695,43.5,43.52999877929688,43.04999923706055,43.18000030517578,27603400,MSFT
2015-02-20,37.41518020629883,43.86000061035156,43.880001068115234,43.290000915527344,43.5099983215332,29721100,MSFT
2015-02-23,37.66256332397461,44.150001525878906,44.18999862670898,43.650001525878906,43.70000076293945,32518800,MSFT
2015-02-24,37.61137008666992,44.09000015258789,44.29999923706055,43.91999816894531,44.150001525878906,25271700,MSFT
2015-02-25,37.52608108520508,43.9900016784668,44.09000015258789,43.79999923706055,43.95000076293945,29759800,MSFT
2015-02-26,37.58579635620117,44.060001373291016,44.22999954223633,43.88999938964844,43.9900016784668,28957300,MSFT
2015-02-27,37.40665054321289,43.84999847412109,44.20000076293945,43.65999984741211,44.130001068115234,33807700,MSFT
2015-03-02,37.43223190307617,43.880001068115234,44.18999862670898,43.54999923706055,43.66999816894531,31924000,MSFT
2015-03-03,36.92039489746094,43.27999877929688,43.83000183105469,43.09000015258789,43.560001373291016,31748600,MSFT
2015-03-04,36.73273849487305,43.060001373291016,43.209999084472656,42.880001068115234,43.0099983215332,25748700,MSFT
2015-03-05,36.7753791809082,43.11000061035156,43.2400016784668,42.81999969482422,43.06999969482422,23193500,MSFT
2015-03-06,36.13559341430664,42.36000061035156,43.11000061035156,42.150001525878906,43.0,36248800,MSFT
2015-03-09,36.55358505249024,42.84999847412109,43.130001068115234,42.18999862670898,42.18999862670898,32108000,MSFT
2015-03-10,35.85407638549805,42.02999877929688,42.709999084472656,42.02999877929688,42.34999847412109,39159700,MSFT
2015-03-11,35.81142807006836,41.97999954223633,42.369998931884766,41.84000015258789,42.310001373291016,32215300,MSFT
2015-03-12,34.99248504638672,41.02000045776367,41.650001525878906,40.86000061035156,41.33000183105469,59992500,MSFT
2015-03-13,35.299591064453125,41.380001068115234,41.470001220703125,40.61000061035156,40.70000076293945,58007700,MSFT
2015-03-16,35.45314407348633,41.560001373291016,41.63999938964844,41.27999877929688,41.470001220703125,35273500,MSFT
2015-03-17,35.57257843017578,41.70000076293945,41.83000183105469,41.150001525878906,41.369998931884766,31673400,MSFT
2015-03-18,36.2550163269043,42.5,42.83000183105469,41.33000183105469,41.43000030517578,44194800,MSFT
2015-03-19,36.07587814331055,42.290000915527344,42.59000015258789,42.220001220703125,42.2599983215332,33879100,MSFT
2015-03-20,36.57917785644531,42.880001068115234,42.97999954223633,42.4900016784668,42.560001373291016,71904500,MSFT
2015-03-23,36.562110900878906,42.86000061035156,43.130001068115234,42.77999877929688,42.880001068115234,26246100,MSFT
2015-03-24,36.59623718261719,42.900001525878906,43.16999816894531,42.75,42.77999877929688,25513300,MSFT
2015-03-25,35.36782455444336,41.459999084472656,42.93000030517578,41.43999862670898,42.91999816894531,43469900,MSFT
2015-03-26,35.15458297729492,41.209999084472656,41.61000061035156,40.91999816894531,41.220001220703125,37495600,MSFT
2015-03-27,34.9498291015625,40.970001220703125,41.43000030517578,40.83000183105469,41.119998931884766,34401400,MSFT
2015-03-30,34.94131851196289,40.959999084472656,41.540000915527344,40.90999984741211,41.09999847412109,35049700,MSFT
2015-03-31,34.685394287109375,40.65999984741211,41.02999877929688,40.540000915527344,40.77999877929688,34887200,MSFT
2015-04-01,34.736568450927734,40.720001220703125,40.7599983215332,40.310001373291016,40.59999847412109,36865300,MSFT
2015-04-02,34.369754791259766,40.290000915527344,40.7400016784668,40.119998931884766,40.65999984741211,37487500,MSFT
2015-04-06,35.444618225097656,41.54999923706055,41.77999877929688,40.18000030517578,40.34000015258789,39223700,MSFT
2015-04-07,35.42755508422852,41.52999877929688,41.90999984741211,41.310001373291016,41.61000061035156,28809400,MSFT
2015-04-08,35.33370590209961,41.41999816894531,41.68999862670898,41.040000915527344,41.459999084472656,24753400,MSFT
2015-04-09,35.38490676879883,41.47999954223633,41.619998931884766,41.25,41.25,25723900,MSFT
2015-04-10,35.589622497558594,41.720001220703125,41.95000076293945,41.40999984741211,41.630001068115234,28022000,MSFT
2015-04-13,35.623748779296875,41.7599983215332,42.060001373291016,41.38999938964844,41.400001525878906,30276700,MSFT
2015-04-14,35.5299186706543,41.650001525878906,42.02999877929688,41.38999938964844,41.79999923706055,24244400,MSFT
2015-04-15,36.05027770996094,42.2599983215332,42.459999084472656,41.68000030517578,41.7599983215332,27343600,MSFT
2015-04-16,35.96498107910156,42.15999984741211,42.34000015258789,41.81999969482422,41.95000076293945,22509700,MSFT
2015-04-17,35.50432205200195,41.619998931884766,41.7400016784668,41.15999984741211,41.66999816894531,42387600,MSFT
2015-04-20,36.60477066040039,42.90999984741211,43.16999816894531,41.68000030517578,41.72999954223633,46057700,MSFT
2015-04-21,36.37442779541016,42.63999938964844,43.150001525878906,42.52999877929688,43.0,26013800,MSFT
2015-04-22,36.67300796508789,42.9900016784668,43.130001068115234,42.54999923706055,42.66999816894531,25064300,MSFT
2015-04-23,36.97158432006836,43.34000015258789,43.61000061035156,42.79999923706055,42.88999938964844,46309500,MSFT
2015-04-24,40.83592987060547,47.869998931884766,48.13999938964844,45.650001525878906,45.65999984741211,130933700,MSFT
2015-04-27,40.9724235534668,48.02999877929688,48.130001068115234,47.220001220703125,47.22999954223633,59248200,MSFT
2015-04-28,41.93639373779297,49.15999984741211,49.209999084472656,47.70000076293945,47.77999877929688,60730800,MSFT
2015-04-29,41.85107803344727,49.060001373291016,49.310001373291016,48.5,48.720001220703125,47804600,MSFT
2015-04-30,41.49281692504883,48.63999938964844,49.540000915527344,48.59999847412109,48.70000076293945,64725500,MSFT
2015-05-01,41.50986099243164,48.65999984741211,48.880001068115234,48.400001525878906,48.58000183105469,38937300,MSFT
2015-05-04,41.15158462524414,48.2400016784668,48.869998931884766,48.18000030517578,48.369998931884766,34039500,MSFT
2015-05-05,40.60561752319336,47.59999847412109,48.15999984741211,47.310001373291016,47.81999969482422,50369200,MSFT
2015-05-06,39.47956466674805,46.27999877929688,47.77000045776367,46.02000045776367,47.56999969482422,52433000,MSFT
2015-05-07,39.83787155151367,46.70000076293945,47.09000015258789,46.15999984741211,46.27000045776367,32971700,MSFT
2015-05-08,40.73357772827149,47.75,47.97999954223633,47.52000045776367,47.54999923706055,35364900,MSFT
2015-05-11,40.40940475463867,47.369998931884766,47.90999984741211,47.369998931884766,47.54999923706055,24609400,MSFT
2015-05-12,40.39235305786133,47.34999847412109,47.68000030517578,46.41999816894531,46.84999847412109,29928300,MSFT
2015-05-13,40.63120269775391,47.630001068115234,48.31999969482422,47.56999969482422,48.18999862670898,34184600,MSFT
2015-05-14,41.56104278564453,48.720001220703125,48.81999969482422,48.02999877929688,48.02999877929688,32980900,MSFT
2015-05-15,41.202754974365234,48.29999923706055,48.90999984741211,48.04999923706055,48.869998931884766,28642700,MSFT
2015-05-18,40.95536804199219,48.0099983215332,48.220001220703125,47.61000061035156,47.97999954223633,24136500,MSFT
2015-05-19,40.85234451293945,47.58000183105469,47.810001373291016,47.18000030517578,47.560001373291016,28574800,MSFT
2015-05-20,40.85234451293945,47.58000183105469,47.93000030517578,47.27000045776367,47.38999938964844,25047900,MSFT
2015-05-21,40.71495819091797,47.41999816894531,47.59999847412109,47.0099983215332,47.27999877929688,22410700,MSFT
2015-05-22,40.26849365234375,46.900001525878906,47.34999847412109,46.81999969482422,47.29999923706055,25720600,MSFT
2015-05-26,40.00231552124024,46.59000015258789,46.880001068115234,46.18999862670898,46.83000183105469,29581900,MSFT
2015-05-27,40.87808990478516,47.61000061035156,47.77000045776367,46.619998931884766,46.81999969482422,27335600,MSFT
2015-05-28,40.740718841552734,47.45000076293945,48.02000045776367,47.38999938964844,47.5,19283700,MSFT
2015-05-29,40.2341423034668,46.86000061035156,47.56999969482422,46.59000015258789,47.43000030517578,36519600,MSFT
2015-06-01,40.55183792114258,47.22999954223633,47.77000045776367,46.619998931884766,47.060001373291016,28837300,MSFT
2015-06-02,40.28566360473633,46.91999816894531,47.34999847412109,46.619998931884766,46.93000030517578,21498300,MSFT
2015-06-03,40.22556686401367,46.84999847412109,47.7400016784668,46.81999969482422,47.369998931884766,28002200,MSFT
2015-06-04,39.80483627319336,46.36000061035156,47.15999984741211,46.20000076293945,46.790000915527344,27745500,MSFT
2015-06-05,39.61594772338867,46.13999938964844,46.52000045776367,45.84000015258789,46.310001373291016,25438100,MSFT
2015-06-08,39.26394271850586,45.72999954223633,46.43000030517578,45.66999816894531,46.29999923706055,22121600,MSFT
2015-06-09,39.19523620605469,45.650001525878906,45.93999862670898,45.459999084472656,45.7599983215332,24406100,MSFT
2015-06-10,40.01950454711914,46.61000061035156,46.83000183105469,45.68999862670898,45.790000915527344,28417400,MSFT
2015-06-11,39.87353897094727,46.43999862670898,46.91999816894531,46.130001068115234,46.65999984741211,27347800,MSFT
2015-06-12,39.46998596191406,45.970001220703125,46.470001220703125,45.900001525878906,46.220001220703125,23931000,MSFT
2015-06-15,39.04928207397461,45.47999954223633,45.650001525878906,45.02000045776367,45.45000076293945,33254500,MSFT
2015-06-16,39.34978103637695,45.83000183105469,46.2400016784668,45.29999923706055,45.34999847412109,27070300,MSFT
2015-06-17,39.46998596191406,45.970001220703125,46.06999969482422,45.36000061035156,45.72999954223633,28704100,MSFT
2015-06-18,40.11393737792969,46.720001220703125,46.79999923706055,46.16999816894531,46.220001220703125,32658300,MSFT
2015-06-19,39.58159255981445,46.09999847412109,46.83000183105469,45.9900016784668,46.790000915527344,63837000,MSFT
2015-06-22,39.6932258605957,46.22999954223633,46.720001220703125,46.15999984741211,46.33000183105469,20318100,MSFT
2015-06-23,39.41847229003906,45.90999984741211,46.27999877929688,45.619998931884766,46.130001068115234,25896500,MSFT
2015-06-24,39.186649322509766,45.63999938964844,46.25,45.54999923706055,45.66999816894531,34890900,MSFT
2015-06-25,39.19523620605469,45.650001525878906,46.060001373291016,45.5,46.02999877929688,20616000,MSFT
2015-06-26,38.86037826538086,45.2599983215332,46.27999877929688,45.02999877929688,45.650001525878906,49835300,MSFT
2015-06-29,38.09622573852539,44.369998931884766,45.22999954223633,44.36000061035156,45.040000915527344,34081700,MSFT
2015-06-30,37.90732955932617,44.150001525878906,44.720001220703125,43.93999862670898,44.709999084472656,35945400,MSFT
2015-07-01,38.1649055480957,44.45000076293945,45.22999954223633,44.09999847412109,44.459999084472656,28343900,MSFT
2015-07-02,38.121978759765625,44.400001525878906,44.75,44.060001373291016,44.47999954223633,21752000,MSFT
2015-07-06,38.1134033203125,44.38999938964844,44.47999954223633,43.95000076293945,43.959999084472656,23034000,MSFT
2015-07-07,38.03610610961914,44.29999923706055,44.4900016784668,43.31999969482422,44.34000015258789,36435800,MSFT
2015-07-08,37.98461151123047,44.2400016784668,44.900001525878906,44.02999877929688,44.43999862670898,39785900,MSFT
2015-07-09,38.22500228881836,44.52000045776367,45.220001220703125,44.5,44.75,32424700,MSFT
2015-07-10,38.30229187011719,44.61000061035156,45.13999938964844,44.56999969482422,45.0099983215332,25465800,MSFT
2015-07-13,39.10078811645508,45.540000915527344,45.619998931884766,44.95000076293945,44.97999954223633,28178300,MSFT
2015-07-14,39.16948318481445,45.619998931884766,45.959999084472656,45.310001373291016,45.45000076293945,22880300,MSFT
2015-07-15,39.2896842956543,45.7599983215332,45.88999938964844,45.43000030517578,45.68000030517578,26629600,MSFT
2015-07-16,40.06243133544922,46.65999984741211,46.68999862670898,45.970001220703125,46.0099983215332,26271700,MSFT
2015-07-17,40.02808380126953,46.619998931884766,46.77999877929688,46.2599983215332,46.54999923706055,29467100,MSFT
2015-07-20,40.28566360473633,46.91999816894531,47.130001068115234,46.43999862670898,46.650001525878906,30631900,MSFT
2015-07-21,40.59475326538086,47.27999877929688,47.33000183105469,46.47999954223633,46.77999877929688,42781900,MSFT
2015-07-22,39.10078811645508,45.540000915527344,46.93000030517578,45.20000076293945,45.43999862670898,59152400,MSFT
2015-07-23,39.59019088745117,46.11000061035156,46.22999954223633,45.09999847412109,45.27000045776367,33934000,MSFT
2015-07-24,39.44422912597656,45.93999862670898,46.31999969482422,45.79999923706055,45.90999984741211,32333200,MSFT
2015-07-27,38.93765258789063,45.34999847412109,46.0099983215332,45.25,45.93999862670898,39701400,MSFT
2015-07-28,38.9290657043457,45.34000015258789,45.63999938964844,44.790000915527344,45.58000183105469,34328900,MSFT
2015-07-29,39.74473190307617,46.290000915527344,46.77999877929688,45.2599983215332,45.400001525878906,40945900,MSFT
2015-07-30,40.25131988525391,46.880001068115234,47.400001525878906,45.93000030517578,46.2599983215332,39777900,MSFT
2015-07-31,40.09676742553711,46.70000076293945,47.369998931884766,46.5,47.290000915527344,31201500,MSFT
2015-08-03,40.19123077392578,46.810001373291016,47.0,46.45000076293945,46.97999954223633,24125900,MSFT
2015-08-04,40.817989349365234,47.540000915527344,47.709999084472656,46.68000030517578,46.75,33403900,MSFT
2015-08-05,40.85234451293945,47.58000183105469,48.40999984741211,47.540000915527344,47.97999954223633,26959700,MSFT
2015-08-06,40.02808380126953,46.619998931884766,47.77000045776367,46.33000183105469,47.709999084472656,27368000,MSFT
2015-08-07,40.131107330322266,46.7400016784668,46.77999877929688,46.2599983215332,46.38999938964844,19163000,MSFT
2015-08-10,40.637691497802734,47.33000183105469,47.4900016784668,46.84000015258789,46.95000076293945,23079900,MSFT
2015-08-11,39.8477668762207,46.40999984741211,46.93999862670898,45.900001525878906,46.81999969482422,29237400,MSFT
2015-08-12,40.131107330322266,46.7400016784668,46.900001525878906,45.709999084472656,46.18999862670898,30181400,MSFT
2015-08-13,40.12251281738281,46.72999954223633,47.09999847412109,46.4900016784668,47.060001373291016,22627200,MSFT
2015-08-14,40.35435104370117,47.0,47.09999847412109,46.52000045776367,46.52999877929688,21473400,MSFT
2015-08-17,40.62910842895508,47.31999969482422,47.45000076293945,46.56999969482422,46.810001373291016,21099700,MSFT
2015-08-18,40.85380172729492,47.27000045776367,47.43000030517578,46.70000076293945,46.84000015258789,23574100,MSFT
2015-08-19,40.28340530395508,46.61000061035156,47.08000183105469,46.29999923706055,46.77999877929688,31485500,MSFT
2015-08-20,39.46234893798828,45.65999984741211,46.470001220703125,45.65999984741211,46.06999969482422,36238200,MSFT
2015-08-21,37.223907470703125,43.06999969482422,45.47999954223633,43.06999969482422,45.29999923706055,70053100,MSFT
2015-08-24,36.022560119628906,41.68000030517578,42.68999862670898,39.720001220703125,40.45000076293945,88753700,MSFT
2015-08-25,34.97681427001953,40.470001220703125,43.2400016784668,40.38999938964844,42.56999969482422,70616600,MSFT
2015-08-26,36.91277313232422,42.709999084472656,42.84000015258789,41.060001373291016,42.0099983215332,63408000,MSFT
2015-08-27,37.94123077392578,43.900001525878906,43.95000076293945,42.93000030517578,43.22999954223633,50943200,MSFT
2015-08-28,37.9671745300293,43.93000030517578,44.150001525878906,43.38999938964844,43.400001525878906,28246700,MSFT
2015-08-31,37.61280822753906,43.52000045776367,43.93000030517578,43.09999847412109,43.560001373291016,34441700,MSFT
2015-09-01,36.1435661315918,41.81999969482422,42.59000015258789,41.65999984741211,42.16999816894531,49688900,MSFT
2015-09-02,37.47452926635742,43.36000061035156,43.380001068115234,41.880001068115234,42.36000061035156,37671500,MSFT
2015-09-03,37.59553527832031,43.5,43.97999954223633,43.27999877929688,43.40999984741211,28285200,MSFT
2015-09-04,36.82632827758789,42.61000061035156,43.040000915527344,42.20000076293945,42.810001373291016,37138800,MSFT
2015-09-08,37.93259811401367,43.88999938964844,44.0,43.20000076293945,43.29999923706055,32469800,MSFT
2015-09-09,37.223907470703125,43.06999969482422,44.400001525878906,42.90999984741211,44.209999084472656,33469500,MSFT
2015-09-10,37.41403579711914,43.290000915527344,43.790000915527344,42.75,43.119998931884766,31366600,MSFT
2015-09-11,37.5782470703125,43.47999954223633,43.59000015258789,42.93999862670898,43.13999938964844,27132500,MSFT
2015-09-14,37.19797134399414,43.040000915527344,43.43999862670898,42.86000061035156,43.43000030517578,23656000,MSFT
2015-09-15,38.01038360595703,43.97999954223633,44.290000915527344,43.08000183105469,43.18999862670898,28882200,MSFT
2015-09-16,38.28692626953125,44.29999923706055,44.380001068115234,43.84000015258789,43.970001220703125,23372200,MSFT
2015-09-17,38.24373626708984,44.25,45.0,44.08000183105469,44.290000915527344,32768200,MSFT
2015-09-18,37.5782470703125,43.47999954223633,43.9900016784668,43.33000183105469,43.5,63143700,MSFT
2015-09-21,38.12274169921875,44.11000061035156,44.470001220703125,43.59999847412109,43.619998931884766,26177200,MSFT
2015-09-22,37.94123077392578,43.900001525878906,44.04999923706055,43.310001373291016,43.380001068115234,28085900,MSFT
2015-09-23,37.915306091308594,43.869998931884766,44.16999816894531,43.5099983215332,43.93000030517578,17145200,MSFT
2015-09-24,37.94987869262695,43.90999984741211,44.130001068115234,43.27000045776367,43.45000076293945,27905600,MSFT
2015-09-25,37.9758186340332,43.93999862670898,44.72999954223633,43.7599983215332,44.47999954223633,29384600,MSFT
2015-09-28,37.41403579711914,43.290000915527344,44.09000015258789,43.209999084472656,43.83000183105469,27613800,MSFT
2015-09-29,37.543678283691406,43.43999862670898,43.56999969482422,43.04999923706055,43.369998931884766,32763600,MSFT
2015-09-30,38.25237655639648,44.2599983215332,44.29999923706055,43.65999984741211,43.880001068115234,34958900,MSFT
2015-10-01,38.55487060546875,44.61000061035156,44.75,43.75,44.75,28657900,MSFT
2015-10-02,39.38456344604492,45.56999969482422,45.56999969482422,43.91999816894531,44.27000045776367,41839000,MSFT
2015-10-05,40.300689697265625,46.630001068115234,46.88999938964844,45.70000076293945,45.75,34369300,MSFT
2015-10-06,40.404388427734375,46.75,47.18000030517578,46.220001220703125,46.33000183105469,27017200,MSFT
2015-10-07,40.44761276245117,46.79999923706055,47.34999847412109,45.95000076293945,47.09999847412109,27711500,MSFT
2015-10-08,41.00938415527344,47.45000076293945,47.52000045776367,46.5,46.560001373291016,33772700,MSFT
2015-10-09,40.71552658081055,47.11000061035156,47.540000915527344,46.91999816894531,47.45000076293945,28600600,MSFT
2015-10-12,40.62045669555664,47.0,47.06999969482422,46.5,46.97999954223633,19769100,MSFT
2015-10-13,40.52539825439453,46.88999938964844,47.130001068115234,46.560001373291016,46.560001373291016,19987800,MSFT
2015-10-14,40.3438835144043,46.68000030517578,47.09999847412109,46.52999877929688,46.650001525878906,24697800,MSFT
2015-10-15,40.62910079956055,47.0099983215332,47.02999877929688,46.52999877929688,47.0099983215332,27189400,MSFT
2015-10-16,41.06122589111328,47.5099983215332,47.540000915527344,46.900001525878906,47.02000045776367,26450300,MSFT
2015-10-19,41.156288146972656,47.619998931884766,47.880001068115234,47.02000045776367,47.41999816894531,29387600,MSFT
2015-10-20,41.285945892333984,47.77000045776367,47.810001373291016,47.02000045776367,47.43999862670898,30802200,MSFT
2015-10-21,40.79331207275391,47.20000076293945,47.9900016784668,47.11000061035156,47.91999816894531,25144300,MSFT
2015-10-22,41.51064682006836,48.02999877929688,48.95000076293945,47.09000015258789,47.52999877929688,56637100,MSFT
2015-10-23,45.69370651245117,52.869998931884766,54.06999969482422,52.25,52.29999923706055,135227100,MSFT
2015-10-26,46.88638305664063,54.25,54.31999969482422,52.5,52.52999877929688,64633300,MSFT
2015-10-27,46.40239334106445,53.68999862670898,54.369998931884766,53.58000183105469,53.9900016784668,50999900,MSFT
2015-10-28,46.65302276611328,53.97999954223633,53.97999954223633,52.86000061035156,53.540000915527344,47000800,MSFT
2015-10-29,46.1171989440918,53.36000061035156,53.83000183105469,53.220001220703125,53.540000915527344,30202100,MSFT
2015-10-30,45.49491500854492,52.63999938964844,53.9900016784668,52.619998931884766,53.31999969482422,46619800,MSFT
2015-11-02,46.013465881347656,53.2400016784668,53.36000061035156,52.619998931884766,52.84999847412109,30285000,MSFT
2015-11-03,46.79996109008789,54.150001525878906,54.38999938964844,52.900001525878906,52.93000030517578,36596900,MSFT
2015-11-04,47.016021728515625,54.400001525878906,54.880001068115234,54.060001373291016,54.18000030517578,37087800,MSFT
2015-11-05,46.99874877929688,54.380001068115234,54.70000076293945,54.0,54.4900016784668,31468500,MSFT
2015-11-06,47.465423583984375,54.91999816894531,54.97999954223633,53.959999084472656,54.09000015258789,32851200,MSFT
2015-11-09,46.80859756469727,54.15999984741211,54.869998931884766,53.560001373291016,54.54999923706055,32513100,MSFT
2015-11-10,46.246826171875,53.5099983215332,54.130001068115234,53.27000045776367,54.06999969482422,55283700,MSFT
2015-11-11,46.36782455444336,53.650001525878906,54.20000076293945,53.459999084472656,53.70000076293945,36516300,MSFT
2015-11-12,46.08261489868164,53.31999969482422,53.97999954223633,53.18999862670898,53.47999954223633,35361100,MSFT
2015-11-13,45.667755126953125,52.84000015258789,53.290000915527344,52.52999877929688,53.06999969482422,36848200,MSFT
2015-11-16,46.47154235839844,53.77000045776367,53.88999938964844,52.84999847412109,53.08000183105469,32165200,MSFT
2015-11-17,46.08869934082031,52.970001220703125,53.52999877929688,52.84999847412109,53.16999816894531,31551300,MSFT
2015-11-18,46.8543815612793,53.84999847412109,53.97999954223633,52.97999954223633,53.0,29710000,MSFT
2015-11-19,46.93267822265625,53.93999862670898,54.65999984741211,53.77999877929688,53.9900016784668,28149200,MSFT
2015-11-20,47.15019989013672,54.18999862670898,54.29999923706055,53.27000045776367,54.25,37147600,MSFT
2015-11-23,47.15019989013672,54.18999862670898,54.459999084472656,53.75,54.25,28235900,MSFT
2015-11-24,47.202415466308594,54.25,54.43999862670898,53.58000183105469,53.91999816894531,24600000,MSFT
2015-11-25,46.71516799926758,53.68999862670898,54.22999954223633,53.68999862670898,54.09000015258789,21005100,MSFT
2015-11-27,46.92398452758789,53.93000030517578,54.08000183105469,53.790000915527344,53.79999923706055,9009100,MSFT
2015-11-30,47.28942108154297,54.34999847412109,54.959999084472656,54.0,54.540000915527344,56241400,MSFT
2015-12-01,48.0463981628418,55.220001220703125,55.22999954223633,54.29999923706055,54.40999984741211,39952800,MSFT
2015-12-02,48.03770446777344,55.209999084472656,55.959999084472656,55.060001373291016,55.31999969482422,47274900,MSFT
2015-12-03,47.15890884399414,54.20000076293945,55.77000045776367,53.93000030517578,55.4900016784668,38627800,MSFT
2015-12-04,48.646759033203125,55.90999984741211,56.22999954223633,54.09999847412109,54.119998931884766,43963700,MSFT
2015-12-07,48.559757232666016,55.810001373291016,55.970001220703125,55.290000915527344,55.790000915527344,30709800,MSFT
2015-12-08,48.54235076904297,55.790000915527344,56.09999847412109,54.9900016784668,55.470001220703125,32878000,MSFT
2015-12-09,47.83757400512695,54.97999954223633,55.869998931884766,54.5099983215332,55.369998931884766,36373200,MSFT
2015-12-10,48.08990859985352,55.27000045776367,55.65999984741211,55.0099983215332,55.38999938964844,31775800,MSFT
2015-12-11,47.03710174560547,54.060001373291016,55.09999847412109,54.0099983215332,54.709999084472656,39549500,MSFT
2015-12-14,47.97679901123047,55.13999938964844,55.209999084472656,53.68000030517578,54.33000183105469,46768900,MSFT
2015-12-15,48.02899932861328,55.20000076293945,55.900001525878906,55.09000015258789,55.65999984741211,39843000,MSFT
2015-12-16,48.83818817138672,56.130001068115234,56.25,54.7599983215332,55.540000915527344,37503300,MSFT
2015-12-17,48.46405029296875,55.70000076293945,56.790000915527344,55.52999877929688,56.36000061035156,41280900,MSFT
2015-12-18,47.097991943359375,54.130001068115234,56.0,54.02999877929688,55.77000045776367,84684200,MSFT
2015-12-21,47.707069396972656,54.83000183105469,55.34999847412109,54.22999954223633,54.880001068115234,37246300,MSFT
2015-12-22,48.15951156616211,55.34999847412109,55.47999954223633,54.5,54.9900016784668,28322200,MSFT
2015-12-23,48.568450927734375,55.81999969482422,55.880001068115234,55.43999862670898,55.70000076293945,27279800,MSFT
2015-12-24,48.43793869018555,55.66999816894531,55.959999084472656,55.43000030517578,55.86000061035156,9558500,MSFT
2015-12-28,48.68157577514648,55.95000076293945,55.95000076293945,54.97999954223633,55.34999847412109,22458300,MSFT
2015-12-29,49.20361709594727,56.54999923706055,56.84999847412109,56.060001373291016,56.290000915527344,27731400,MSFT
2015-12-30,48.99480438232422,56.310001373291016,56.77999877929688,56.290000915527344,56.470001220703125,21704500,MSFT
2015-12-31,48.27262115478516,55.47999954223633,56.18999862670898,55.41999816894531,56.040000915527344,27334100,MSFT
2016-01-04,47.680965423583984,54.79999923706055,54.79999923706055,53.38999938964844,54.31999969482422,53778000,MSFT
2016-01-05,47.89849472045898,55.04999923706055,55.38999938964844,54.540000915527344,54.93000030517578,34079700,MSFT
2016-01-06,47.02839279174805,54.04999923706055,54.400001525878906,53.63999938964844,54.31999969482422,39518900,MSFT
2016-01-07,45.39262390136719,52.16999816894531,53.4900016784668,52.06999969482422,52.70000076293945,56564900,MSFT
2016-01-08,45.531829833984375,52.33000183105469,53.27999877929688,52.150001525878906,52.369998931884766,48754000,MSFT
2016-01-11,45.50572204589844,52.29999923706055,52.84999847412109,51.459999084472656,52.5099983215332,36943800,MSFT
2016-01-12,45.92338562011719,52.77999877929688,53.09999847412109,52.060001373291016,52.7599983215332,36095500,MSFT
2016-01-13,44.93146514892578,51.63999938964844,54.06999969482422,51.29999923706055,53.79999923706055,66883600,MSFT
2016-01-14,46.21050643920898,53.11000061035156,53.41999816894531,51.56999969482422,52.0,52381900,MSFT
2016-01-15,44.36591720581055,50.9900016784668,51.970001220703125,50.34000015258789,51.310001373291016,71820700,MSFT
2016-01-19,43.99178314208984,50.560001373291016,51.68000030517578,50.060001373291016,51.47999954223633,43564500,MSFT
2016-01-20,44.1919059753418,50.790000915527344,51.380001068115234,49.09999847412109,49.97999954223633,63273000,MSFT
2016-01-21,43.92216873168945,50.47999954223633,51.58000183105469,50.29999923706055,51.0,40191200,MSFT
2016-01-22,45.497032165527344,52.290000915527344,52.33000183105469,51.2599983215332,51.40999984741211,37555800,MSFT
2016-01-25,45.06199264526367,51.790000915527344,52.650001525878906,51.650001525878906,51.93999862670898,34707700,MSFT
2016-01-26,45.39262390136719,52.16999816894531,52.43999862670898,51.54999923706055,51.790000915527344,28900800,MSFT
2016-01-27,44.5660400390625,51.220001220703125,52.20000076293945,51.02000045776367,52.0099983215332,36775200,MSFT
2016-01-28,45.29692077636719,52.060001373291016,52.209999084472656,51.25,51.86000061035156,62513800,MSFT
2016-01-29,47.93328857421875,55.09000015258789,55.09000015258789,54.0,54.72999954223633,83611700,MSFT
2016-02-01,47.60265350341797,54.709999084472656,55.09000015258789,54.5,54.880001068115234,44208500,MSFT
2016-02-02,46.11479568481445,53.0,54.2599983215332,52.650001525878906,54.16999816894531,56313800,MSFT
2016-02-03,45.3839225769043,52.15999984741211,53.38999938964844,51.2599983215332,53.25,57559800,MSFT
2016-02-04,45.24470520019531,52.0,52.810001373291016,51.369998931884766,52.09999847412109,46987100,MSFT
2016-02-05,43.64372634887695,50.15999984741211,52.0,49.560001373291016,51.93999862670898,62009000,MSFT
2016-02-08,42.99116897583008,49.40999984741211,49.56999969482422,48.18999862670898,49.54999923706055,59290500,MSFT
2016-02-09,42.87805938720703,49.27999877929688,50.2400016784668,48.66999816894531,49.02000045776367,46740500,MSFT
2016-02-10,43.2522087097168,49.709999084472656,50.38999938964844,49.52000045776367,49.88999938964844,38237000,MSFT
2016-02-11,43.23479843139648,49.68999862670898,50.11000061035156,48.5099983215332,48.68000030517578,48878600,MSFT
2016-02-12,43.93956756591797,50.5,50.68000030517578,49.75,50.25,34243300,MSFT
2016-02-16,44.7720947265625,51.09000015258789,51.09000015258789,50.130001068115234,50.900001525878906,37291200,MSFT
2016-02-17,45.9376220703125,52.41999816894531,52.77000045776367,51.45000076293945,51.4900016784668,40789000,MSFT
2016-02-18,45.73606491088867,52.18999862670898,52.95000076293945,52.09999847412109,52.33000183105469,27176000,MSFT
2016-02-19,45.41181564331055,51.81999969482422,52.27999877929688,51.52999877929688,51.970001220703125,33559100,MSFT
2016-02-22,46.1391716003418,52.650001525878906,53.0,52.27999877929688,52.27999877929688,25008300,MSFT
2016-02-23,44.850955963134766,51.18000030517578,52.369998931884766,50.97999954223633,52.34000015258789,28895300,MSFT
2016-02-24,45.00870132446289,51.36000061035156,51.5,50.20000076293945,50.68999862670898,33014500,MSFT
2016-02-25,45.65717697143555,52.09999847412109,52.09999847412109,50.61000061035156,51.72999954223633,26939500,MSFT
2016-02-26,44.95613098144531,51.29999923706055,52.68000030517578,51.09999847412109,52.59999847412109,35975900,MSFT
2016-02-29,44.58805847167969,50.880001068115234,51.650001525878906,50.65999984741211,51.34999847412109,31654000,MSFT
2016-03-01,46.07783889770508,52.58000183105469,52.59000015258789,50.91999816894531,50.970001220703125,33024500,MSFT
2016-03-02,46.40207290649414,52.95000076293945,52.959999084472656,52.15999984741211,52.40999984741211,29289900,MSFT
2016-03-03,45.87628555297852,52.34999847412109,52.970001220703125,51.77999877929688,52.970001220703125,24427800,MSFT
2016-03-04,45.59585189819336,52.02999877929688,52.45000076293945,51.709999084472656,52.400001525878906,33034200,MSFT
2016-03-07,44.71952438354492,51.02999877929688,51.79999923706055,50.58000183105469,51.560001373291016,38407800,MSFT
2016-03-08,45.26283264160156,51.650001525878906,52.130001068115234,50.59999847412109,50.79999923706055,33835100,MSFT
2016-03-09,46.3056869506836,52.84000015258789,52.84999847412109,51.86000061035156,51.88999938964844,28251600,MSFT
2016-03-10,45.613372802734375,52.04999923706055,52.93999862670898,51.15999984741211,52.93000030517578,38387800,MSFT
2016-03-11,46.507232666015625,53.06999969482422,53.06999969482422,52.380001068115234,53.0,32275700,MSFT
2016-03-14,46.59486770629883,53.16999816894531,53.59000015258789,52.630001068115234,52.709999084472656,24083600,MSFT
2016-03-15,46.96294403076172,53.59000015258789,53.59000015258789,52.7400016784668,52.75,21104800,MSFT
2016-03-16,47.62895965576172,54.34999847412109,54.59999847412109,53.400001525878906,53.45000076293945,31691700,MSFT
2016-03-17,47.90061950683594,54.65999984741211,55.0,54.0,54.209999084472656,28223900,MSFT
2016-03-18,46.87530517578125,53.4900016784668,54.970001220703125,53.45000076293945,54.91999816894531,67625500,MSFT
2016-03-21,47.19953918457031,53.86000061035156,53.93000030517578,52.93000030517578,53.25,23925700,MSFT
2016-03-22,47.383583068847656,54.06999969482422,54.25,53.459999084472656,53.61000061035156,23124100,MSFT
2016-03-23,47.29595184326172,53.970001220703125,54.2400016784668,53.7400016784668,54.11000061035156,20129000,MSFT
2016-03-24,47.50627517700195,54.209999084472656,54.33000183105469,53.72999954223633,53.84000015258789,19950000,MSFT
2016-03-28,46.91912078857422,53.540000915527344,54.290000915527344,53.33000183105469,54.209999084472656,17025100,MSFT
2016-03-29,47.94443130493164,54.709999084472656,54.86000061035156,53.45000076293945,53.65999984741211,23924300,MSFT
2016-03-30,48.24240112304688,55.04999923706055,55.63999938964844,54.900001525878906,54.93000030517578,23008300,MSFT
2016-03-31,48.40012741088867,55.22999954223633,55.59000015258789,54.86000061035156,54.95000076293945,26360500,MSFT
2016-04-01,48.698089599609375,55.56999969482422,55.61000061035156,54.56999969482422,55.04999923706055,24399200,MSFT
2016-04-04,48.57540512084961,55.43000030517578,55.65999984741211,55.0,55.43000030517578,18928800,MSFT
2016-04-05,47.81299209594727,54.560001373291016,55.29999923706055,54.459999084472656,55.18999862670898,19272300,MSFT
2016-04-06,48.3037338256836,55.119998931884766,55.20000076293945,54.209999084472656,54.36000061035156,21188700,MSFT
2016-04-07,47.72534942626953,54.459999084472656,54.90999984741211,54.22999954223633,54.869998931884766,19225100,MSFT
2016-04-08,47.69028854370117,54.41999816894531,55.27999877929688,54.31999969482422,54.66999816894531,22167200,MSFT
2016-04-11,47.59390640258789,54.310001373291016,55.150001525878906,54.29999923706055,54.4900016784668,21414200,MSFT
2016-04-12,47.89186096191406,54.650001525878906,54.77999877929688,53.7599983215332,54.369998931884766,24944300,MSFT
2016-04-13,48.50529861450195,55.34999847412109,55.43999862670898,54.88999938964844,55.119998931884766,20818000,MSFT
2016-04-14,48.51406097412109,55.36000061035156,55.58000183105469,55.06999969482422,55.220001220703125,20877100,MSFT
2016-04-15,48.76819610595703,55.650001525878906,55.91999816894531,55.11000061035156,55.29999923706055,28793800,MSFT
2016-04-18,49.47803497314453,56.459999084472656,56.59000015258789,55.209999084472656,55.4900016784668,23786000,MSFT
2016-04-19,49.41667175292969,56.38999938964844,56.77000045776367,55.68000030517578,56.630001068115234,29596800,MSFT
2016-04-20,48.71562194824219,55.59000015258789,56.5,55.4900016784668,56.290000915527344,36195700,MSFT
2016-04-21,48.88211441040039,55.77999877929688,56.22999954223633,55.41999816894531,55.79999923706055,38909100,MSFT
2016-04-22,45.37676239013672,51.77999877929688,52.43000030517578,50.77000045776367,51.90999984741211,126834100,MSFT
2016-04-25,45.66594696044922,52.11000061035156,52.130001068115234,51.630001068115234,51.77999877929688,33226900,MSFT
2016-04-26,45.07880783081055,51.43999862670898,52.34999847412109,51.09000015258789,52.2599983215332,33532600,MSFT
2016-04-27,44.6406478881836,50.93999862670898,51.5,50.54999923706055,51.47999954223633,43369300,MSFT
2016-04-28,43.729248046875,49.900001525878906,50.77000045776367,49.560001373291016,50.619998931884766,43134800,MSFT
2016-04-29,43.70295333862305,49.869998931884766,50.25,49.34999847412109,49.34999847412109,48411700,MSFT
2016-05-02,44.35144805908203,50.61000061035156,50.75,49.77999877929688,50.0,33114500,MSFT
2016-05-03,43.62408828735352,49.77999877929688,50.40999984741211,49.59999847412109,50.34000015258789,26460200,MSFT
2016-05-04,43.70295333862305,49.869998931884766,50.060001373291016,49.459999084472656,49.84000015258789,24257600,MSFT
2016-05-05,43.76429748535156,49.93999862670898,50.29999923706055,49.72999954223633,49.869998931884766,25390700,MSFT
2016-05-06,44.15865707397461,50.38999938964844,50.38999938964844,49.65999984741211,49.91999816894531,24787300,MSFT
2016-05-09,43.87821578979492,50.06999969482422,50.59000015258789,50.0,50.4900016784668,17951600,MSFT
2016-05-10,44.71075439453125,51.02000045776367,51.09999847412109,50.18999862670898,50.33000183105469,22891000,MSFT
2016-05-11,44.73704147338867,51.04999923706055,51.77999877929688,51.0,51.130001068115234,24039100,MSFT
2016-05-12,45.14016342163086,51.5099983215332,51.810001373291016,50.91999816894531,51.20000076293945,24102800,MSFT
2016-05-13,44.76333236694336,51.08000183105469,51.900001525878906,51.040000915527344,51.43999862670898,22592300,MSFT
2016-05-16,45.42058181762695,51.83000183105469,51.959999084472656,50.75,50.79999923706055,20032000,MSFT
2016-05-17,44.57342147827149,50.5099983215332,51.72999954223633,50.36000061035156,51.720001220703125,27803500,MSFT
2016-05-18,44.8381462097168,50.810001373291016,51.13999938964844,50.29999923706055,50.47999954223633,24907500,MSFT
2016-05-19,44.40574264526367,50.31999969482422,50.619998931884766,49.81999969482422,50.470001220703125,23842400,MSFT
2016-05-20,44.67049026489258,50.619998931884766,51.220001220703125,50.400001525878906,50.47999954223633,23905800,MSFT
2016-05-23,44.14982986450195,50.02999877929688,50.68000030517578,49.97999954223633,50.59999847412109,26118700,MSFT
2016-05-24,45.5264778137207,51.59000015258789,51.709999084472656,50.400001525878906,50.70000076293945,34757900,MSFT
2016-05-25,45.99418258666992,52.119998931884766,52.4900016784668,51.790000915527344,51.91999816894531,24040200,MSFT
2016-05-26,45.79121398925781,51.88999938964844,51.97999954223633,51.36000061035156,51.93000030517578,24335200,MSFT
2016-05-27,46.170684814453125,52.31999969482422,52.31999969482422,51.77000045776367,51.91999816894531,17721400,MSFT
2016-05-31,46.770755767822266,53.0,53.0,52.08000183105469,52.2599983215332,37653100,MSFT
2016-06-01,46.63838958740234,52.84999847412109,52.95000076293945,52.43999862670898,52.43999862670898,25324800,MSFT
2016-06-02,46.3118782043457,52.47999954223633,52.7400016784668,51.84000015258789,52.63999938964844,22840800,MSFT
2016-06-03,45.70296859741211,51.790000915527344,52.41999816894531,51.59999847412109,52.380001068115234,23368300,MSFT
2016-06-06,46.00300979614258,52.130001068115234,52.34999847412109,51.88999938964844,51.9900016784668,18243300,MSFT
2016-06-07,45.97652053833008,52.09999847412109,52.72999954223633,52.09999847412109,52.2400016784668,20866800,MSFT
2016-06-08,45.923606872558594,52.040000915527344,52.43999862670898,51.869998931884766,52.02000045776367,21149400,MSFT
2016-06-09,45.55294799804688,51.619998931884766,52.0,51.4900016784668,52.0,20305700,MSFT
2016-06-10,45.42941665649414,51.47999954223633,52.04999923706055,51.040000915527344,51.04999923706055,25833200,MSFT
2016-06-13,44.24689483642578,50.13999938964844,50.720001220703125,49.060001373291016,49.58000183105469,83217800,MSFT
2016-06-14,43.97333908081055,49.83000183105469,50.09999847412109,49.56999969482422,49.900001525878906,42577100,MSFT
2016-06-15,43.84979248046875,49.68999862670898,50.119998931884766,49.68999862670898,49.77999877929688,33757600,MSFT
2016-06-16,44.46752166748047,50.38999938964844,50.470001220703125,49.5099983215332,49.52000045776367,31188600,MSFT
2016-06-17,44.23807144165039,50.130001068115234,50.43000030517578,49.81999969482422,50.40999984741211,45710500,MSFT
2016-06-20,44.18511962890625,50.06999969482422,50.83000183105469,50.02999877929688,50.63999938964844,35607900,MSFT
2016-06-21,45.17348861694336,51.18999862670898,51.43000030517578,50.15999984741211,50.20000076293945,34097800,MSFT
2016-06-22,44.99699401855469,50.9900016784668,51.459999084472656,50.95000076293945,51.08000183105469,28816800,MSFT
2016-06-23,45.80887222290039,51.90999984741211,52.060001373291016,51.150001525878906,51.27999877929688,29028800,MSFT
2016-06-24,43.97333908081055,49.83000183105469,50.93999862670898,49.52000045776367,49.810001373291016,133503000,MSFT
2016-06-27,42.737892150878906,48.43000030517578,49.150001525878906,48.040000915527344,49.09999847412109,50216300,MSFT
2016-06-28,43.62918472290039,49.43999862670898,49.470001220703125,48.66999816894531,48.91999816894531,38140700,MSFT
2016-06-29,44.59988784790039,50.540000915527344,50.720001220703125,49.79999923706055,49.90999984741211,31304000,MSFT
2016-06-30,45.15583419799805,51.16999816894531,51.29999923706055,50.5,50.720001220703125,28527800,MSFT
2016-07-01,45.14701843261719,51.15999984741211,51.720001220703125,51.06999969482422,51.130001068115234,21400400,MSFT
2016-07-05,45.15583419799805,51.16999816894531,51.27999877929688,50.7400016784668,50.83000183105469,24806400,MSFT
2016-07-06,45.341156005859375,51.380001068115234,51.540000915527344,50.38999938964844,50.77999877929688,28167500,MSFT
2016-07-07,45.341156005859375,51.380001068115234,51.61000061035156,51.06999969482422,51.41999816894531,19585200,MSFT
2016-07-08,46.15303802490234,52.29999923706055,52.36000061035156,51.54999923706055,51.72999954223633,28391000,MSFT
2016-07-11,46.40895080566406,52.59000015258789,52.83000183105469,52.470001220703125,52.5,22269200,MSFT
2016-07-12,46.95607376098633,53.209999084472656,53.400001525878906,52.790000915527344,52.93999862670898,27317600,MSFT
2016-07-13,47.220821380615234,53.5099983215332,53.86000061035156,53.18000030517578,53.560001373291016,25356800,MSFT
2016-07-14,47.42378234863281,53.7400016784668,53.9900016784668,53.58000183105469,53.84000015258789,24545500,MSFT
2016-07-15,47.38849639892578,53.70000076293945,54.0,53.209999084472656,53.95000076293945,32024400,MSFT
2016-07-18,47.6179313659668,53.959999084472656,54.34000015258789,53.54999923706055,53.70000076293945,31433900,MSFT
2016-07-19,46.850189208984375,53.09000015258789,53.900001525878906,52.93000030517578,53.709999084472656,53336500,MSFT
2016-07-20,49.33873748779297,55.90999984741211,56.84000015258789,55.52999877929688,56.150001525878906,89893300,MSFT
2016-07-21,49.241676330566406,55.79999923706055,56.22999954223633,55.7599983215332,55.97999954223633,32776700,MSFT
2016-07-22,49.92116165161133,56.56999969482422,56.630001068115234,55.77999877929688,56.08000183105469,32157200,MSFT
2016-07-25,50.06235885620117,56.72999954223633,56.7400016784668,56.2599983215332,56.470001220703125,25610600,MSFT
2016-07-26,50.08883285522461,56.7599983215332,57.290000915527344,56.5099983215332,56.52000045776367,28079000,MSFT
2016-07-27,49.58583450317383,56.18999862670898,56.79999923706055,56.11000061035156,56.61000061035156,32327500,MSFT
2016-07-28,49.603477478027344,56.209999084472656,56.369998931884766,55.720001220703125,56.0,37550400,MSFT
2016-07-29,50.01823806762695,56.68000030517578,56.7599983215332,56.04999923706055,56.2599983215332,30558700,MSFT
2016-08-01,49.92999649047852,56.58000183105469,56.75,56.13999938964844,56.59999847412109,26003400,MSFT
2016-08-02,49.92999649047852,56.58000183105469,56.900001525878906,56.310001373291016,56.84999847412109,35122000,MSFT
2016-08-03,50.27415084838867,56.970001220703125,57.11000061035156,56.4900016784668,56.68000030517578,22075600,MSFT
2016-08-04,50.6447868347168,57.38999938964844,57.52000045776367,56.66999816894531,56.79999923706055,26587700,MSFT
2016-08-05,51.14778900146485,57.959999084472656,58.209999084472656,57.45000076293945,57.650001525878906,29335200,MSFT
2016-08-08,51.23604583740234,58.060001373291016,58.09000015258789,57.77999877929688,58.060001373291016,19473500,MSFT
2016-08-09,51.35957717895508,58.20000076293945,58.5,58.02000045776367,58.16999816894531,16920700,MSFT
2016-08-10,51.20074462890625,58.02000045776367,58.31999969482422,57.81999969482422,58.15999984741211,15756900,MSFT
2016-08-11,51.44783020019531,58.29999923706055,58.45000076293945,58.02999877929688,58.02999877929688,18162300,MSFT
2016-08-12,51.1301383972168,57.93999862670898,58.18999862670898,57.619998931884766,58.02999877929688,21655200,MSFT
2016-08-15,51.28899002075195,58.119998931884766,58.5,57.959999084472656,58.0099983215332,19283900,MSFT
2016-08-16,51.00483322143555,57.43999862670898,57.619998931884766,57.27000045776367,57.61000061035156,20523500,MSFT
2016-08-17,51.11139678955078,57.560001373291016,57.68000030517578,57.22999954223633,57.540000915527344,18856400,MSFT
2016-08-18,51.14691925048828,57.59999847412109,57.70000076293945,57.27000045776367,57.41999816894531,14214300,MSFT
2016-08-19,51.16468048095703,57.619998931884766,57.72999954223633,57.20000076293945,57.43000030517578,17271000,MSFT
2016-08-22,51.209075927734375,57.66999816894531,57.75,57.2599983215332,57.59999847412109,15221900,MSFT
2016-08-23,51.40442657470703,57.88999938964844,58.18000030517578,57.84999847412109,57.900001525878906,18732400,MSFT
2016-08-24,51.45769882202149,57.95000076293945,58.040000915527344,57.720001220703125,57.79999923706055,18151500,MSFT
2016-08-25,51.65305709838867,58.16999816894531,58.290000915527344,57.77999877929688,57.880001068115234,18552600,MSFT
2016-08-26,51.52874374389648,58.02999877929688,58.70000076293945,57.68999862670898,58.27999877929688,20971200,MSFT
2016-08-29,51.59089279174805,58.09999847412109,58.59999847412109,58.09999847412109,58.18000030517578,16417200,MSFT
2016-08-30,51.40442657470703,57.88999938964844,58.18999862670898,57.61000061035156,57.97999954223633,16930200,MSFT
2016-08-31,51.022605895996094,57.459999084472656,57.79999923706055,57.29999923706055,57.650001525878906,20860300,MSFT
2016-09-01,51.13803863525391,57.59000015258789,57.81999969482422,57.0099983215332,57.0099983215332,26075400,MSFT
2016-09-02,51.209075927734375,57.66999816894531,58.18999862670898,57.41999816894531,57.66999816894531,18900500,MSFT
2016-09-06,51.155792236328125,57.61000061035156,57.79999923706055,57.209999084472656,57.77999877929688,16278400,MSFT
2016-09-07,51.2001953125,57.65999984741211,57.84000015258789,57.40999984741211,57.470001220703125,17493400,MSFT
2016-09-08,50.99595260620117,57.43000030517578,57.790000915527344,57.18000030517578,57.630001068115234,20146100,MSFT
2016-09-09,49.91263961791992,56.209999084472656,57.52000045776367,56.209999084472656,56.790000915527344,35113900,MSFT
2016-09-12,50.65852355957031,57.04999923706055,57.209999084472656,55.61000061035156,56.0,29303000,MSFT
2016-09-13,50.19679260253906,56.52999877929688,56.650001525878906,56.04999923706055,56.5,30130200,MSFT
2016-09-14,49.95703125,56.2599983215332,56.630001068115234,56.02999877929688,56.38999938964844,24062500,MSFT
2016-09-15,50.7828483581543,57.18999862670898,57.34999847412109,55.97999954223633,56.150001525878906,26847000,MSFT
2016-09-16,50.83612823486328,57.25,57.630001068115234,56.75,57.630001068115234,44607000,MSFT
2016-09-19,50.55197143554688,56.93000030517578,57.75,56.84999847412109,57.27000045776367,20937100,MSFT
2016-09-20,50.44542694091797,56.810001373291016,57.34999847412109,56.75,57.34999847412109,17384000,MSFT
2016-09-21,51.28899002075195,57.7599983215332,57.84999847412109,57.08000183105469,57.5099983215332,33707300,MSFT
2016-09-22,51.34226989746094,57.81999969482422,58.0,57.630001068115234,57.91999816894531,19822200,MSFT
2016-09-23,50.99595260620117,57.43000030517578,57.90999984741211,57.380001068115234,57.869998931884766,19955300,MSFT
2016-09-26,50.52534484863281,56.900001525878906,57.13999938964844,56.83000183105469,57.08000183105469,21688700,MSFT
2016-09-27,51.45769882202149,57.95000076293945,58.060001373291016,56.68000030517578,56.93000030517578,28065100,MSFT
2016-09-28,51.52874374389648,58.02999877929688,58.060001373291016,57.66999816894531,57.880001068115234,20536400,MSFT
2016-09-29,50.96932601928711,57.400001525878906,58.16999816894531,57.209999084472656,57.810001373291016,25463500,MSFT
2016-09-30,51.14691925048828,57.59999847412109,57.77000045776367,57.34000015258789,57.56999969482422,29910800,MSFT
2016-10-03,50.98706817626953,57.41999816894531,57.54999923706055,57.060001373291016,57.40999984741211,19189500,MSFT
2016-10-04,50.827239990234375,57.2400016784668,57.59999847412109,56.970001220703125,57.27000045776367,20085900,MSFT
2016-10-05,51.18244171142578,57.63999938964844,57.959999084472656,57.2599983215332,57.290000915527344,16726400,MSFT
2016-10-06,51.27123260498047,57.7400016784668,57.86000061035156,57.27999877929688,57.7400016784668,16212600,MSFT
2016-10-07,51.32450485229492,57.79999923706055,57.97999954223633,57.41999816894531,57.84999847412109,20089000,MSFT
2016-10-10,51.53761672973633,58.040000915527344,58.38999938964844,57.869998931884766,57.90999984741211,18196500,MSFT
2016-10-11,50.7828483581543,57.18999862670898,58.02000045776367,56.88999938964844,57.88999938964844,26497400,MSFT
2016-10-12,50.71181106567383,57.11000061035156,57.27000045776367,56.400001525878906,57.11000061035156,22177500,MSFT
2016-10-13,50.543094635009766,56.91999816894531,57.29999923706055,56.31999969482422,56.70000076293945,25313700,MSFT
2016-10-14,50.98706817626953,57.41999816894531,57.7400016784668,57.119998931884766,57.119998931884766,27402500,MSFT
2016-10-17,50.80948257446289,57.220001220703125,57.459999084472656,56.869998931884766,57.36000061035156,23830000,MSFT
2016-10-18,51.2001953125,57.65999984741211,57.95000076293945,57.40999984741211,57.52999877929688,19149500,MSFT
2016-10-19,51.08475875854492,57.52999877929688,57.84000015258789,57.400001525878906,57.470001220703125,22878400,MSFT
2016-10-20,50.83612823486328,57.25,57.52000045776367,56.65999984741211,57.5,49455600,MSFT
2016-10-21,52.97613143920898,59.65999984741211,60.45000076293945,59.4900016784668,60.27999877929688,80032200,MSFT
2016-10-24,54.16600799560547,61.0,61.0,59.93000030517578,59.93999862670898,54067000,MSFT
2016-10-25,54.15712356567383,60.9900016784668,61.369998931884766,60.79999923706055,60.84999847412109,35137200,MSFT
2016-10-26,53.83746719360352,60.630001068115234,61.20000076293945,60.470001220703125,60.810001373291016,29911600,MSFT
2016-10-27,53.366825103759766,60.09999847412109,60.83000183105469,60.09000015258789,60.61000061035156,28479900,MSFT
2016-10-28,53.16260147094727,59.869998931884766,60.52000045776367,59.58000183105469,60.0099983215332,33574700,MSFT
2016-10-31,53.20699691772461,59.91999816894531,60.41999816894531,59.91999816894531,60.15999984741211,26434700,MSFT
2016-11-01,53.10044097900391,59.79999923706055,60.02000045776367,59.25,59.970001220703125,24533000,MSFT
2016-11-02,52.77190399169922,59.43000030517578,59.93000030517578,59.29999923706055,59.81999969482422,22147000,MSFT
2016-11-03,52.5765380859375,59.209999084472656,59.63999938964844,59.11000061035156,59.52999877929688,21600400,MSFT
2016-11-04,52.1325569152832,58.709999084472656,59.27999877929688,58.52000045776367,58.650001525878906,28697000,MSFT
2016-11-07,53.6509895324707,60.41999816894531,60.52000045776367,59.77999877929688,59.77999877929688,31664800,MSFT
2016-11-08,53.69538879394531,60.470001220703125,60.77999877929688,60.150001525878906,60.54999923706055,22935400,MSFT
2016-11-09,53.42898941040039,60.16999816894531,60.59000015258789,59.20000076293945,60.0,49632500,MSFT
2016-11-10,52.123680114746094,58.70000076293945,60.4900016784668,57.630001068115234,60.47999954223633,57822400,MSFT
2016-11-11,52.4078369140625,59.02000045776367,59.119998931884766,58.0099983215332,58.22999954223633,38767800,MSFT
2016-11-14,51.60865020751953,58.119998931884766,59.08000183105469,57.27999877929688,59.02000045776367,41328400,MSFT
2016-11-15,52.62777328491211,58.869998931884766,59.4900016784668,58.31999969482422,58.33000183105469,35904100,MSFT
2016-11-16,53.32508087158203,59.650001525878906,59.65999984741211,58.810001373291016,58.93999862670898,27332500,MSFT
2016-11-17,54.210105895996094,60.63999938964844,60.95000076293945,59.970001220703125,60.40999984741211,32132700,MSFT
2016-11-18,53.95083999633789,60.34999847412109,61.13999938964844,60.29999923706055,60.77999877929688,27686300,MSFT
2016-11-21,54.406768798828125,60.86000061035156,60.970001220703125,60.41999816894531,60.5,19652600,MSFT
2016-11-22,54.63920211791992,61.119998931884766,61.2599983215332,60.810001373291016,60.97999954223633,23206700,MSFT
2016-11-23,53.99554443359375,60.400001525878906,61.09999847412109,60.25,61.0099983215332,21848900,MSFT
2016-11-25,54.111759185791016,60.52999877929688,60.52999877929688,60.130001068115234,60.29999923706055,8409600,MSFT
2016-11-28,54.18328475952149,60.61000061035156,61.02000045776367,60.209999084472656,60.34000015258789,20732600,MSFT
2016-11-29,54.61238098144531,61.09000015258789,61.40999984741211,60.52000045776367,60.650001525878906,22366700,MSFT
2016-11-30,53.87039566040039,60.2599983215332,61.18000030517578,60.220001220703125,60.86000061035156,34655400,MSFT
2016-12-01,52.92279052734375,59.20000076293945,60.150001525878906,58.93999862670898,60.11000061035156,34542100,MSFT
2016-12-02,52.96748352050781,59.25,59.470001220703125,58.79999923706055,59.08000183105469,25515700,MSFT
2016-12-05,53.83462905883789,60.220001220703125,60.59000015258789,59.560001373291016,59.70000076293945,23552700,MSFT
2016-12-06,53.59326171875,59.95000076293945,60.459999084472656,59.79999923706055,60.43000030517578,19907000,MSFT
2016-12-07,54.86268997192383,61.369998931884766,61.380001068115234,59.79999923706055,60.0099983215332,30809000,MSFT
2016-12-08,54.540863037109375,61.0099983215332,61.58000183105469,60.84000015258789,61.29999923706055,21220800,MSFT
2016-12-09,55.399070739746094,61.970001220703125,61.9900016784668,61.130001068115234,61.18000030517578,27349400,MSFT
2016-12-12,55.57786560058594,62.16999816894531,62.29999923706055,61.720001220703125,61.81999969482422,20198100,MSFT
2016-12-13,56.30197143554688,62.97999954223633,63.41999816894531,62.2400016784668,62.5,35718900,MSFT
2016-12-14,56.03379440307617,62.68000030517578,63.45000076293945,62.52999877929688,63.0,30352700,MSFT
2016-12-15,55.94440078735352,62.58000183105469,63.150001525878906,62.29999923706055,62.70000076293945,27669900,MSFT
2016-12-16,55.694068908691406,62.29999923706055,62.95000076293945,62.119998931884766,62.95000076293945,42453100,MSFT
2016-12-19,56.87410736083984,63.619998931884766,63.77000045776367,62.41999816894531,62.560001373291016,34338200,MSFT
2016-12-20,56.8026008605957,63.540000915527344,63.79999923706055,63.02999877929688,63.68999862670898,26028400,MSFT
2016-12-21,56.8026008605957,63.540000915527344,63.70000076293945,63.119998931884766,63.43000030517578,17096300,MSFT
2016-12-22,56.81153869628906,63.54999923706055,64.0999984741211,63.40999984741211,63.84000015258789,22176600,MSFT
2016-12-23,56.53440856933594,63.2400016784668,63.540000915527344,62.79999923706055,63.45000076293945,12403800,MSFT
2016-12-27,56.57017135620117,63.27999877929688,64.06999969482422,63.209999084472656,63.209999084472656,11763200,MSFT
2016-12-28,56.31092071533203,62.9900016784668,63.400001525878906,62.83000183105469,63.400001525878906,14653300,MSFT
2016-12-29,56.230464935302734,62.900001525878906,63.20000076293945,62.72999954223633,62.86000061035156,10250600,MSFT
2016-12-30,55.55104064941406,62.13999938964844,62.9900016784668,62.02999877929688,62.959999084472656,25579900,MSFT
2017-01-03,55.94440078735352,62.58000183105469,62.84000015258789,62.130001068115234,62.790000915527344,20694100,MSFT
2017-01-04,55.694068908691406,62.29999923706055,62.75,62.119998931884766,62.47999954223633,21340000,MSFT
2017-01-05,55.694068908691406,62.29999923706055,62.65999984741211,62.02999877929688,62.18999862670898,24876000,MSFT
2017-01-06,56.17682266235352,62.84000015258789,63.150001525878906,62.040000915527344,62.29999923706055,19922900,MSFT
2017-01-09,55.9980354309082,62.63999938964844,63.08000183105469,62.540000915527344,62.7599983215332,20382700,MSFT
2017-01-10,55.98013687133789,62.619998931884766,63.06999969482422,62.27999877929688,62.72999954223633,18593000,MSFT
2017-01-11,56.48971939086914,63.18999862670898,63.22999954223633,62.43000030517578,62.61000061035156,21517300,MSFT
2017-01-12,55.97120666503906,62.61000061035156,63.400001525878906,61.95000076293945,63.060001373291016,20968200,MSFT
2017-01-13,56.05167770385742,62.70000076293945,62.869998931884766,62.34999847412109,62.619998931884766,19422300,MSFT
2017-01-17,55.89969253540039,62.52999877929688,62.70000076293945,62.02999877929688,62.68000030517578,20664000,MSFT
2017-01-18,55.87286376953125,62.5,62.70000076293945,62.119998931884766,62.66999816894531,19670100,MSFT
2017-01-19,55.694068908691406,62.29999923706055,62.97999954223633,62.20000076293945,62.2400016784668,18451700,MSFT
2017-01-20,56.08742141723633,62.7400016784668,62.81999969482422,62.369998931884766,62.66999816894531,30213500,MSFT
2017-01-23,56.28409576416016,62.959999084472656,63.119998931884766,62.56999969482422,62.70000076293945,23097600,MSFT
2017-01-24,56.78472518920898,63.52000045776367,63.7400016784668,62.93999862670898,63.20000076293945,24672900,MSFT
2017-01-25,56.92775344848633,63.68000030517578,64.0999984741211,63.45000076293945,63.95000076293945,23672700,MSFT
2017-01-26,57.455196380615234,64.2699966430664,64.54000091552734,63.54999923706055,64.12000274658203,43554600,MSFT
2017-01-27,58.80508041381836,65.77999877929688,65.91000366210938,64.88999938964844,65.38999938964844,44818000,MSFT
2017-01-30,58.2239990234375,65.12999725341797,65.79000091552734,64.80000305175781,65.69000244140625,31651400,MSFT
2017-01-31,57.79490661621094,64.6500015258789,65.1500015258789,64.26000213623047,64.86000061035156,25270500,MSFT
2017-02-01,56.83835220336914,63.58000183105469,64.62000274658203,63.470001220703125,64.36000061035156,39671500,MSFT
2017-02-02,56.47182846069336,63.16999816894531,63.40999984741211,62.75,63.25,45827000,MSFT
2017-02-03,56.92775344848633,63.68000030517578,63.70000076293945,63.06999969482422,63.5,30301800,MSFT
2017-02-06,56.89199447631836,63.63999938964844,63.650001525878906,63.13999938964844,63.5,19796400,MSFT
2017-02-07,56.70426940917969,63.43000030517578,63.77999877929688,63.22999954223633,63.7400016784668,20277200,MSFT
2017-02-08,56.623809814453125,63.34000015258789,63.810001373291016,63.220001220703125,63.56999969482422,18096400,MSFT
2017-02-09,57.26747131347656,64.05999755859375,64.44000244140625,63.31999969482422,63.52000045776367,22644400,MSFT
2017-02-10,57.213809967041016,64.0,64.30000305175781,63.97999954223633,64.25,18170700,MSFT
2017-02-13,57.85747909545898,64.72000122070312,64.86000061035156,64.12999725341797,64.23999786376953,22920100,MSFT
2017-02-14,58.073333740234375,64.56999969482422,64.72000122070312,64.0199966430664,64.41000366210938,23108400,MSFT
2017-02-15,58.03734970092773,64.52999877929688,64.56999969482422,64.16000366210938,64.5,17005200,MSFT
2017-02-16,58.02835464477539,64.5199966430664,65.23999786376953,64.44000244140625,64.73999786376953,20546300,MSFT
2017-02-17,58.1182975769043,64.62000274658203,64.69000244140625,64.30000305175781,64.47000122070312,21248800,MSFT
2017-02-21,58.001373291015625,64.48999786376953,64.94999694824219,64.44999694824219,64.61000061035156,20655900,MSFT
2017-02-22,57.88446044921875,64.36000061035156,64.38999938964844,64.05000305175781,64.33000183105469,19292700,MSFT
2017-02-23,58.1182975769043,64.62000274658203,64.7300033569336,64.19000244140625,64.41999816894531,20273100,MSFT
2017-02-24,58.1182975769043,64.62000274658203,64.80000305175781,64.13999938964844,64.52999877929688,21796800,MSFT
2017-02-27,57.76754760742188,64.2300033569336,64.54000091552734,64.05000305175781,64.54000091552734,15871500,MSFT
2017-02-28,57.54269790649414,63.97999954223633,64.19999694824219,63.7599983215332,64.08000183105469,23239800,MSFT
2017-03-01,58.40610122680664,64.94000244140625,64.98999786376953,64.0199966430664,64.12999725341797,26937500,MSFT
2017-03-02,57.56967926025391,64.01000213623047,64.75,63.880001068115234,64.69000244140625,24539600,MSFT
2017-03-03,57.78553009033203,64.25,64.27999877929688,63.619998931884766,63.9900016784668,18135900,MSFT
2017-03-06,57.80352020263672,64.2699966430664,64.55999755859375,63.810001373291016,63.970001220703125,18750300,MSFT
2017-03-07,57.92045211791992,64.4000015258789,64.77999877929688,64.19000244140625,64.19000244140625,18521000,MSFT
2017-03-08,58.451080322265625,64.98999786376953,65.08000183105469,64.25,64.26000213623047,21510900,MSFT
2017-03-09,58.21723937988281,64.7300033569336,65.19999694824219,64.4800033569336,65.19000244140625,19846800,MSFT
2017-03-10,58.39711380004883,64.93000030517578,65.26000213623047,64.75,65.11000061035156,19538200,MSFT
2017-03-13,58.19923782348633,64.70999908447266,65.19000244140625,64.56999969482422,65.01000213623047,20100000,MSFT
2017-03-14,57.92942810058594,64.41000366210938,64.55000305175781,64.1500015258789,64.52999877929688,14280200,MSFT
2017-03-15,58.23522567749024,64.75,64.91999816894531,64.25,64.55000305175781,24833800,MSFT
2017-03-16,58.13628387451172,64.63999938964844,64.76000213623047,64.30000305175781,64.75,20674300,MSFT
2017-03-17,58.34314727783203,64.87000274658203,65.23999786376953,64.68000030517578,64.91000366210938,49219700,MSFT
2017-03-20,58.39711380004883,64.93000030517578,65.18000030517578,64.72000122070312,64.91000366210938,14598100,MSFT
2017-03-21,57.74955749511719,64.20999908447266,65.5,64.12999725341797,65.19000244140625,26640500,MSFT
2017-03-22,58.487037658691406,65.02999877929688,65.13999938964844,64.12000274658203,64.12000274658203,20680000,MSFT
2017-03-23,58.34314727783203,64.87000274658203,65.23999786376953,64.7699966430664,64.94000244140625,19269200,MSFT
2017-03-24,58.44208526611328,64.9800033569336,65.44999694824219,64.76000213623047,65.36000061035156,22617100,MSFT
2017-03-27,58.54999923706055,65.0999984741211,65.22000122070312,64.3499984741211,64.62999725341797,18614700,MSFT
2017-03-28,58.72088623046875,65.29000091552734,65.47000122070312,64.6500015258789,64.95999908447266,20080400,MSFT
2017-03-29,58.882774353027344,65.47000122070312,65.5,64.94999694824219,65.12000274658203,13618400,MSFT
2017-03-30,59.098628997802734,65.70999908447266,65.9800033569336,65.36000061035156,65.41999816894531,15122800,MSFT
2017-03-31,59.233524322509766,65.86000061035156,66.19000244140625,65.44999694824219,65.6500015258789,21040300,MSFT
2017-04-03,58.95474624633789,65.55000305175781,65.94000244140625,65.19000244140625,65.80999755859375,20400900,MSFT
2017-04-04,59.11661148071289,65.7300033569336,65.80999755859375,65.27999877929688,65.38999938964844,12997400,MSFT
2017-04-05,58.9637336730957,65.55999755859375,66.3499984741211,65.44000244140625,66.30000305175781,21448600,MSFT
2017-04-06,59.11661148071289,65.7300033569336,66.05999755859375,65.4800033569336,65.5999984741211,18103500,MSFT
2017-04-07,59.07165145874024,65.68000030517578,65.95999908447266,65.44000244140625,65.8499984741211,14108500,MSFT
2017-04-10,58.93674850463867,65.52999877929688,65.81999969482422,65.36000061035156,65.61000061035156,17952700,MSFT
2017-04-11,58.89178466796875,65.4800033569336,65.61000061035156,64.8499984741211,65.5999984741211,18791500,MSFT
2017-04-12,58.66694259643555,65.2300033569336,65.51000213623047,65.11000061035156,65.41999816894531,17108500,MSFT
2017-04-13,58.41510009765625,64.94999694824219,65.86000061035156,64.94999694824219,65.29000091552734,17896500,MSFT
2017-04-17,58.89178466796875,65.4800033569336,65.48999786376953,65.01000213623047,65.04000091552734,16689300,MSFT
2017-04-18,58.81083679199219,65.38999938964844,65.70999908447266,65.16000366210938,65.33000183105469,15155600,MSFT
2017-04-19,58.49604415893555,65.04000091552734,65.75,64.88999938964844,65.6500015258789,26992800,MSFT
2017-04-20,58.90977478027344,65.5,65.75,65.13999938964844,65.45999908447266,22299500,MSFT
2017-04-21,59.71921157836914,66.4000015258789,66.69999694824219,65.44999694824219,65.66999816894531,32522600,MSFT
2017-04-24,60.73550796508789,67.52999877929688,67.66000366210938,67.0999984741211,67.4800033569336,29770000,MSFT
2017-04-25,61.08626937866211,67.91999816894531,68.04000091552734,67.5999984741211,67.9000015258789,30242700,MSFT
2017-04-26,61.00534057617188,67.83000183105469,68.30999755859375,67.62000274658203,68.08000183105469,26190800,MSFT
2017-04-27,61.40105438232422,68.2699966430664,68.37999725341797,67.58000183105469,68.1500015258789,34971000,MSFT
2017-04-28,61.57193374633789,68.45999908447266,69.13999938964844,67.69000244140625,68.91000366210938,39548800,MSFT
2017-05-01,62.42635726928711,69.41000366210938,69.55000305175781,68.5,68.68000030517578,31954400,MSFT
2017-05-02,62.32744216918945,69.30000305175781,69.70999908447266,69.12999725341797,69.70999908447266,23906100,MSFT
2017-05-03,62.12957000732422,69.08000183105469,69.37999725341797,68.70999908447266,69.37999725341797,28928000,MSFT
2017-05-04,61.88673782348633,68.80999755859375,69.08000183105469,68.63999938964844,69.02999877929688,21749400,MSFT
2017-05-05,62.0576057434082,69.0,69.02999877929688,68.48999786376953,68.9000015258789,19128800,MSFT
2017-05-08,62.00364303588867,68.94000244140625,69.05000305175781,68.41999816894531,68.97000122070312,18566100,MSFT
2017-05-09,62.09358596801758,69.04000091552734,69.27999877929688,68.68000030517578,68.86000061035156,22858400,MSFT
2017-05-10,62.336421966552734,69.30999755859375,69.55999755859375,68.91999816894531,68.98999786376953,17977800,MSFT
2017-05-11,61.57193374633789,68.45999908447266,68.7300033569336,68.12000274658203,68.36000061035156,28789400,MSFT
2017-05-12,61.499996185302734,68.37999725341797,68.61000061035156,68.04000091552734,68.61000061035156,18714100,MSFT
2017-05-15,61.54493713378906,68.43000030517578,68.4800033569336,67.56999969482422,68.13999938964844,31530300,MSFT
2017-05-16,62.7841911315918,69.41000366210938,69.44000244140625,68.16000366210938,68.2300033569336,34956000,MSFT
2017-05-17,61.038421630859375,67.4800033569336,69.0999984741211,67.43000030517578,68.88999938964844,30548800,MSFT
2017-05-18,61.24647521972656,67.70999908447266,68.12999725341797,67.13999938964844,67.4000015258789,25201300,MSFT
2017-05-19,61.22837448120117,67.69000244140625,68.0999984741211,67.43000030517578,67.5,26961100,MSFT
2017-05-22,61.91582489013672,68.44999694824219,68.5,67.5,67.88999938964844,16237600,MSFT
2017-05-23,62.123870849609375,68.68000030517578,68.75,68.37999725341797,68.72000122070312,15425800,MSFT
2017-05-24,62.20525741577149,68.7699966430664,68.87999725341797,68.44999694824219,68.87000274658203,14593900,MSFT
2017-05-25,62.97414016723633,69.62000274658203,69.87999725341797,68.91000366210938,68.97000122070312,21854100,MSFT
2017-05-26,63.28168487548828,69.95999908447266,70.22000122070312,69.5199966430664,69.80000305175781,19827900,MSFT
2017-05-30,63.68873596191406,70.41000366210938,70.41000366210938,69.7699966430664,69.79000091552734,17072800,MSFT
2017-05-31,63.17312240600586,69.83999633789062,70.73999786376953,69.80999755859375,70.52999877929688,30436400,MSFT
2017-06-01,63.408321380615234,70.0999984741211,70.61000061035156,69.44999694824219,70.23999786376953,21603600,MSFT
2017-06-02,64.90987396240234,71.76000213623047,71.86000061035156,70.23999786376953,70.44000244140625,34770300,MSFT
2017-06-05,65.38019561767578,72.27999877929688,72.88999938964844,71.80999755859375,71.97000122070312,33316800,MSFT
2017-06-06,65.5972900390625,72.5199966430664,72.62000274658203,72.2699966430664,72.30000305175781,31511100,MSFT
2017-06-07,65.47970581054688,72.38999938964844,72.7699966430664,71.94999694824219,72.63999938964844,22301800,MSFT
2017-06-08,65.08171081542969,71.94999694824219,72.5199966430664,71.5,72.51000213623047,24588300,MSFT
2017-06-09,63.60731887817383,70.31999969482422,72.08000183105469,68.58999633789062,72.04000091552734,49187400,MSFT
2017-06-12,63.118873596191406,69.77999877929688,69.94000244140625,68.12999725341797,69.25,47761700,MSFT
2017-06-13,63.90581893920898,70.6500015258789,70.81999969482422,69.95999908447266,70.0199966430664,25258600,MSFT
2017-06-14,63.56207275390625,70.2699966430664,71.0999984741211,69.43000030517578,70.91000366210938,25510700,MSFT
2017-06-15,63.227420806884766,69.9000015258789,70.20999908447266,68.80000305175781,69.2699966430664,26068700,MSFT
2017-06-16,63.31787872314453,70.0,70.02999877929688,69.22000122070312,69.7300033569336,48345100,MSFT
2017-06-19,64.10482788085938,70.87000274658203,70.94000244140625,70.3499984741211,70.5,23798300,MSFT
2017-06-20,63.236454010009766,69.91000366210938,70.87000274658203,69.87000274658203,70.81999969482422,21512200,MSFT
2017-06-21,63.56207275390625,70.2699966430664,70.62000274658203,69.94000244140625,70.20999908447266,19891100,MSFT
2017-06-22,63.55305099487305,70.26000213623047,70.58999633789062,69.70999908447266,70.54000091552734,22965700,MSFT
2017-06-23,64.41234588623047,71.20999908447266,71.25,69.91999816894531,70.08999633789062,27617300,MSFT
2017-06-26,63.79726409912109,70.52999877929688,71.70999908447266,70.44000244140625,71.4000015258789,19607000,MSFT
2017-06-27,62.603271484375,69.20999908447266,70.18000030517578,69.18000030517578,70.11000061035156,25215100,MSFT
2017-06-28,63.136940002441406,69.80000305175781,69.83999633789062,68.79000091552734,69.20999908447266,25806200,MSFT
2017-06-29,61.95199966430664,68.48999786376953,69.48999786376953,68.08999633789062,69.37999725341797,28918700,MSFT
2017-06-30,62.34999084472656,68.93000030517578,69.37999725341797,68.73999786376953,68.77999877929688,24161100,MSFT
2017-07-03,61.662574768066406,68.16999816894531,69.5999984741211,68.0199966430664,69.33000183105469,16165500,MSFT
2017-07-05,62.48569488525391,69.08000183105469,69.44000244140625,68.22000122070312,68.26000213623047,21176300,MSFT
2017-07-06,62.02436065673828,68.56999969482422,68.77999877929688,68.12000274658203,68.2699966430664,21117600,MSFT
2017-07-07,62.82942199707031,69.45999908447266,69.83999633789062,68.69999694824219,68.69999694824219,16878300,MSFT
2017-07-10,63.29977798461914,69.9800033569336,70.25,69.19999694824219,69.45999908447266,15014500,MSFT
2017-07-11,63.30880737304688,69.98999786376953,70.68000030517578,69.75,70.0,17460000,MSFT
2017-07-12,64.35807037353516,71.1500015258789,71.27999877929688,70.55000305175781,70.69000244140625,17750900,MSFT
2017-07-13,64.91890716552734,71.7699966430664,72.04000091552734,71.30999755859375,71.5,20269800,MSFT
2017-07-14,65.83250427246094,72.77999877929688,73.2699966430664,71.95999908447266,72.23999786376953,25868100,MSFT
2017-07-17,66.34809112548828,73.3499984741211,73.44999694824219,72.72000122070312,72.80000305175781,21803900,MSFT
2017-07-18,66.30284881591797,73.30000305175781,73.38999938964844,72.66000366210938,73.08999633789062,26435300,MSFT
2017-07-19,66.80937194824219,73.86000061035156,74.04000091552734,73.44999694824219,73.5,22416200,MSFT
2017-07-20,67.13501739501953,74.22000122070312,74.30000305175781,73.27999877929688,74.18000030517578,42361000,MSFT
2017-07-21,66.74607849121094,73.79000091552734,74.29000091552734,73.16999816894531,73.44999694824219,46717100,MSFT
2017-07-24,66.57420349121094,73.5999984741211,73.75,73.12999725341797,73.52999877929688,21394800,MSFT
2017-07-25,67.10787963867188,74.19000244140625,74.30999755859375,73.5,73.80000305175781,22018700,MSFT
2017-07-26,66.98123931884766,74.05000305175781,74.37999725341797,73.80999755859375,74.33999633789062,16252200,MSFT
2017-07-27,66.17623138427734,73.16000366210938,74.41999816894531,72.31999969482422,73.76000213623047,36844200,MSFT
2017-07-28,66.06764221191406,73.04000091552734,73.30999755859375,72.54000091552734,72.66999816894531,18306700,MSFT
2017-07-31,65.7601318359375,72.69999694824219,73.44000244140625,72.41000366210938,73.30000305175781,23600100,MSFT
2017-08-01,65.6515884399414,72.58000183105469,73.41999816894531,72.48999786376953,73.0999984741211,22132300,MSFT
2017-08-02,65.36213684082031,72.26000213623047,72.55999755859375,71.44000244140625,72.55000305175781,26499200,MSFT
2017-08-03,65.26263427734375,72.1500015258789,72.44000244140625,71.8499984741211,72.19000244140625,18214400,MSFT
2017-08-04,65.74201965332031,72.68000030517578,73.04000091552734,72.23999786376953,72.4000015258789,22579000,MSFT
2017-08-07,65.48877716064453,72.4000015258789,72.9000015258789,72.26000213623047,72.80000305175781,18705700,MSFT
2017-08-08,65.8415298461914,72.79000091552734,73.12999725341797,71.75,72.08999633789062,22044600,MSFT
2017-08-09,65.55209350585938,72.47000122070312,72.51000213623047,72.05000305175781,72.25,22213400,MSFT
2017-08-10,64.59327697753906,71.41000366210938,72.19000244140625,71.3499984741211,71.9000015258789,24734500,MSFT
2017-08-11,65.57923126220703,72.5,72.69999694824219,71.27999877929688,71.61000061035156,21443700,MSFT
2017-08-14,66.56517791748047,73.58999633789062,73.72000122070312,72.94999694824219,73.05999755859375,20096600,MSFT
2017-08-15,66.58334350585938,73.22000122070312,73.58999633789062,73.04000091552734,73.58999633789062,19181400,MSFT
2017-08-16,66.97437286376953,73.6500015258789,74.0999984741211,73.16999816894531,73.33999633789062,18150400,MSFT
2017-08-17,65.83767700195312,72.4000015258789,73.87000274658203,72.4000015258789,73.58000183105469,22977500,MSFT
2017-08-18,65.91952514648438,72.48999786376953,72.83999633789062,71.93000030517578,72.2699966430664,18761500,MSFT
2017-08-21,65.61034393310547,72.1500015258789,72.4800033569336,71.69999694824219,72.47000122070312,17734800,MSFT
2017-08-22,66.5287857055664,73.16000366210938,73.23999786376953,72.3499984741211,72.3499984741211,14343700,MSFT
2017-08-23,66.12866973876953,72.72000122070312,73.1500015258789,72.52999877929688,72.95999908447266,13766500,MSFT
2017-08-24,66.10139465332031,72.69000244140625,72.86000061035156,72.06999969482422,72.73999786376953,17098300,MSFT
2017-08-25,66.2196273803711,72.81999969482422,73.3499984741211,72.4800033569336,72.86000061035156,12794300,MSFT
2017-08-28,66.22869110107422,72.83000183105469,73.08999633789062,72.55000305175781,73.05999755859375,14569700,MSFT
2017-08-29,66.42877960205078,73.05000305175781,73.16000366210938,72.05000305175781,72.25,11478400,MSFT
2017-08-30,67.3017578125,74.01000213623047,74.20999908447266,72.83000183105469,73.01000213623047,16897800,MSFT
2017-08-31,67.99285125732422,74.7699966430664,74.95999908447266,73.80000305175781,74.02999877929688,27652800,MSFT
2017-09-01,67.23808288574219,73.94000244140625,74.73999786376953,73.63999938964844,74.70999908447266,21736200,MSFT
2017-09-05,66.93801879882812,73.61000061035156,73.88999938964844,72.9800033569336,73.33999633789062,21556000,MSFT
2017-09-06,66.74703216552734,73.4000015258789,74.04000091552734,73.3499984741211,73.73999786376953,16535800,MSFT
2017-09-07,67.60183715820312,74.33999633789062,74.5999984741211,73.5999984741211,73.68000030517578,17471200,MSFT
2017-09-08,67.27449035644531,73.9800033569336,74.44000244140625,73.83999633789062,74.33000183105469,14703800,MSFT
2017-09-11,67.98377227783203,74.76000213623047,74.94000244140625,74.30999755859375,74.30999755859375,17910400,MSFT
2017-09-12,67.9110107421875,74.68000030517578,75.23999786376953,74.37000274658203,74.76000213623047,14394900,MSFT
2017-09-13,68.39295959472656,75.20999908447266,75.2300033569336,74.55000305175781,74.93000030517578,13380800,MSFT
2017-09-14,67.99285125732422,74.7699966430664,75.48999786376953,74.5199966430664,75.0,15733900,MSFT
2017-09-15,68.48389434814453,75.30999755859375,75.38999938964844,74.06999969482422,74.83000183105469,38578400,MSFT
2017-09-18,68.34752655029297,75.16000366210938,75.97000122070312,75.04000091552734,75.2300033569336,23307000,MSFT
2017-09-19,68.60211944580078,75.44000244140625,75.70999908447266,75.01000213623047,75.20999908447266,16093300,MSFT
2017-09-20,68.14746856689453,74.94000244140625,75.55000305175781,74.30999755859375,75.3499984741211,21587900,MSFT
2017-09-21,67.4836196899414,74.20999908447266,75.23999786376953,74.11000061035156,75.11000061035156,19186100,MSFT
2017-09-22,67.66548156738281,74.41000366210938,74.51000213623047,73.8499984741211,73.98999786376953,14111400,MSFT
2017-09-25,66.6197280883789,73.26000213623047,74.25,72.91999816894531,74.08999633789062,24149200,MSFT
2017-09-26,66.6197280883789,73.26000213623047,73.80999755859375,72.98999786376953,73.66999816894531,18019600,MSFT
2017-09-27,67.1562728881836,73.8499984741211,74.16999816894531,73.16999816894531,73.55000305175781,19565100,MSFT
2017-09-28,67.17442321777344,73.87000274658203,73.97000122070312,73.30999755859375,73.54000091552734,10883800,MSFT
2017-09-29,67.73822784423828,74.48999786376953,74.54000091552734,73.87999725341797,73.94000244140625,17079100,MSFT
2017-10-02,67.84736633300781,74.61000061035156,75.01000213623047,74.30000305175781,74.70999908447266,15304800,MSFT
2017-10-03,67.52906799316406,74.26000213623047,74.87999725341797,74.19000244140625,74.66999816894531,12190400,MSFT
2017-10-04,67.92010498046875,74.69000244140625,74.72000122070312,73.70999908447266,74.08999633789062,13317700,MSFT
2017-10-05,69.08409118652344,75.97000122070312,76.12000274658203,74.95999908447266,75.22000122070312,21195300,MSFT
2017-10-06,69.1113510131836,76.0,76.02999877929688,75.54000091552734,75.66999816894531,13959800,MSFT
2017-10-09,69.37508392333984,76.29000091552734,76.55000305175781,75.86000061035156,75.97000122070312,11386500,MSFT
2017-10-10,69.37508392333984,76.29000091552734,76.62999725341797,76.13999938964844,76.33000183105469,13944500,MSFT
2017-10-11,69.49330139160156,76.41999816894531,76.45999908447266,75.94999694824219,76.36000061035156,15388900,MSFT
2017-10-12,70.1298599243164,77.12000274658203,77.29000091552734,76.37000274658203,76.48999786376953,16876500,MSFT
2017-10-13,70.46631622314453,77.48999786376953,77.87000274658203,77.29000091552734,77.58999633789062,15335700,MSFT
2017-10-16,70.61181640625,77.6500015258789,77.80999755859375,77.3499984741211,77.41999816894531,12380100,MSFT
2017-10-17,70.55723571777344,77.58999633789062,77.62000274658203,77.25,77.47000122070312,16824000,MSFT
2017-10-18,70.57545471191406,77.61000061035156,77.8499984741211,77.37000274658203,77.66999816894531,13300700,MSFT
2017-10-19,70.8482437133789,77.91000366210938,77.93000030517578,77.3499984741211,77.56999969482422,15092800,MSFT
2017-10-20,71.66667175292969,78.80999755859375,78.97000122070312,78.22000122070312,78.31999969482422,22866400,MSFT
2017-10-23,71.68486022949219,78.83000183105469,79.33999633789062,78.76000213623047,78.98999786376953,20627200,MSFT
2017-10-24,71.71215057373047,78.86000061035156,79.19999694824219,78.45999908447266,78.9000015258789,17517200,MSFT
2017-10-25,71.50299835205078,78.62999725341797,79.0999984741211,78.01000213623047,78.58000183105469,20410800,MSFT
2017-10-26,71.6211929321289,78.76000213623047,79.41999816894531,78.75,79.19999694824219,32120700,MSFT
2017-10-27,76.21346282958984,83.80999755859375,86.19999694824219,83.61000061035156,84.37000274658203,71066700,MSFT
2017-10-30,76.28622436523438,83.88999938964844,84.33000183105469,83.11000061035156,83.69999694824219,31756700,MSFT
2017-10-31,75.64056396484375,83.18000030517578,84.36000061035156,83.11000061035156,84.36000061035156,27086600,MSFT
2017-11-01,75.64056396484375,83.18000030517578,83.76000213623047,82.87999725341797,83.68000030517578,22307400,MSFT
2017-11-02,76.43171691894531,84.05000305175781,84.45999908447266,83.12000274658203,83.3499984741211,23992900,MSFT
2017-11-03,76.5135498046875,84.13999938964844,84.54000091552734,83.4000015258789,84.08000183105469,17633500,MSFT
2017-11-06,76.81368255615234,84.47000122070312,84.69999694824219,84.08000183105469,84.19999694824219,19860900,MSFT
2017-11-07,76.63176727294922,84.2699966430664,84.9000015258789,83.93000030517578,84.7699966430664,17939700,MSFT
2017-11-08,76.89550018310547,84.55999755859375,84.61000061035156,83.83000183105469,84.13999938964844,18034200,MSFT
2017-11-09,76.46809387207031,84.08999633789062,84.2699966430664,82.9000015258789,84.11000061035156,21178400,MSFT
2017-11-10,76.26805114746094,83.87000274658203,84.0999984741211,83.2300033569336,83.79000091552734,19397800,MSFT
2017-11-13,76.32260131835938,83.93000030517578,83.94000244140625,83.45999908447266,83.66000366210938,14196900,MSFT
2017-11-14,76.43171691894531,84.05000305175781,84.0999984741211,82.9800033569336,83.5,18801300,MSFT
2017-11-15,75.83765411376953,82.9800033569336,83.69000244140625,82.69000244140625,83.47000122070312,19383100,MSFT
2017-11-16,76.0386962890625,83.19999694824219,83.41999816894531,82.94000244140625,83.0999984741211,20962800,MSFT
2017-11-17,75.30757141113281,82.4000015258789,83.12000274658203,82.23999786376953,83.12000274658203,22079000,MSFT
2017-11-20,75.42642211914062,82.52999877929688,82.58999633789062,82.25,82.4000015258789,16315000,MSFT
2017-11-21,76.51396942138672,83.72000122070312,83.83999633789062,82.73999786376953,82.73999786376953,21237500,MSFT
2017-11-22,75.95648193359375,83.11000061035156,83.9000015258789,83.04000091552734,83.83000183105469,20553100,MSFT
2017-11-24,76.09356689453125,83.26000213623047,83.43000030517578,82.77999877929688,83.01000213623047,7425600,MSFT
2017-11-27,76.65107727050781,83.87000274658203,83.9800033569336,83.30000305175781,83.30999755859375,18265200,MSFT
2017-11-28,77.57412719726562,84.87999725341797,85.05999755859375,84.0199966430664,84.06999969482422,21926000,MSFT
2017-11-29,76.16668701171875,83.33999633789062,84.91999816894531,83.18000030517578,84.70999908447266,27381100,MSFT
2017-11-30,76.92524719238281,84.16999816894531,84.5199966430664,83.33999633789062,83.51000213623047,33054600,MSFT
2017-12-01,77.00750732421875,84.26000213623047,84.80999755859375,83.22000122070312,83.5999984741211,29532100,MSFT
2017-12-04,74.10120391845703,81.08000183105469,84.43000030517578,80.69999694824219,84.41999816894531,39094900,MSFT
2017-12-05,74.56730651855469,81.58999633789062,82.68000030517578,80.9800033569336,81.33999633789062,26152300,MSFT
2017-12-06,75.65486907958984,82.77999877929688,83.13999938964844,81.43000030517578,81.55000305175781,26162100,MSFT
2017-12-07,75.38984680175781,82.48999786376953,82.80000305175781,82.0,82.54000091552734,23184500,MSFT
2017-12-08,76.91609191894531,84.16000366210938,84.58000183105469,83.33000183105469,83.62999725341797,24489100,MSFT
2017-12-11,77.89399719238281,85.2300033569336,85.37000274658203,84.12000274658203,84.29000091552734,22857900,MSFT
2017-12-12,78.21387481689453,85.58000183105469,86.05000305175781,85.08000183105469,85.30999755859375,23924100,MSFT
2017-12-13,78.00365447998047,85.3499984741211,86.0,85.16999816894531,85.73999786376953,22062700,MSFT
2017-12-14,77.40047454833984,84.69000244140625,85.87000274658203,84.52999877929688,85.43000030517578,19306000,MSFT
2017-12-15,79.37457275390625,86.8499984741211,87.08999633789062,84.87999725341797,85.26000213623047,53936700,MSFT
2017-12-18,78.94503021240234,86.37999725341797,87.5,86.2300033569336,87.12000274658203,22283800,MSFT
2017-12-19,78.4423599243164,85.83000183105469,86.3499984741211,85.2699966430664,86.3499984741211,23524800,MSFT
2017-12-20,78.15904235839844,85.5199966430664,86.30000305175781,84.70999908447266,86.19999694824219,23674900,MSFT
2017-12-21,78.14075469970703,85.5,86.0999984741211,85.4000015258789,86.05000305175781,17990700,MSFT
2017-12-22,78.14988708496094,85.51000213623047,85.62999725341797,84.91999816894531,85.4000015258789,14145800,MSFT
2017-12-26,78.04936981201172,85.4000015258789,85.52999877929688,85.02999877929688,85.30999755859375,9891200,MSFT
2017-12-27,78.33268737792969,85.70999908447266,85.9800033569336,85.22000122070312,85.6500015258789,14678000,MSFT
2017-12-28,78.34180450439453,85.72000122070312,85.93000030517578,85.55000305175781,85.9000015258789,10594300,MSFT
2017-12-29,78.17732238769531,85.54000091552734,86.05000305175781,85.5,85.62999725341797,18717400,MSFT
2018-01-02,78.55203247070312,85.94999694824219,86.30999755859375,85.5,86.12999725341797,22483800,MSFT
2018-01-03,78.91761779785156,86.3499984741211,86.51000213623047,85.97000122070312,86.05999755859375,26061400,MSFT
2018-01-04,79.61219024658203,87.11000061035156,87.66000366210938,86.56999969482422,86.58999633789062,21912000,MSFT
2018-01-05,80.59922790527344,88.19000244140625,88.41000366210938,87.43000030517578,87.66000366210938,23407100,MSFT
2018-01-08,80.68148040771484,88.27999877929688,88.58000183105469,87.5999984741211,88.19999694824219,22113000,MSFT
2018-01-09,80.62664031982422,88.22000122070312,88.7300033569336,87.86000061035156,88.6500015258789,19484300,MSFT
2018-01-10,80.26107025146484,87.81999969482422,88.19000244140625,87.41000366210938,87.86000061035156,18652200,MSFT
2018-01-11,80.49869537353516,88.08000183105469,88.12999725341797,87.23999786376953,88.12999725341797,17808900,MSFT
2018-01-12,81.88787078857422,89.5999984741211,89.77999877929688,88.44999694824219,88.66999816894531,24271500,MSFT
2018-01-16,80.74543762207031,88.3499984741211,90.79000091552734,88.01000213623047,90.0999984741211,36599700,MSFT
2018-01-17,82.38136291503906,90.13999938964844,90.27999877929688,88.75,89.08000183105469,25621200,MSFT
2018-01-18,82.34484100341797,90.0999984741211,90.66999816894533,89.66000366210938,89.80000305175781,24159700,MSFT
2018-01-19,82.25345611572266,90.0,90.61000061035156,89.66000366210938,90.13999938964844,36875000,MSFT
2018-01-22,83.72486877441406,91.61000061035156,91.62000274658205,89.73999786376953,90.0,23601600,MSFT
2018-01-23,83.98990631103516,91.9000015258789,92.3000030517578,91.54000091552734,91.9000015258789,23412800,MSFT
2018-01-24,83.91678619384766,91.81999969482422,93.43000030517578,91.58000183105467,92.5500030517578,33277500,MSFT
2018-01-25,84.38287353515625,92.33000183105467,93.23999786376952,91.93000030517578,92.47000122070312,26383200,MSFT
2018-01-26,85.9639663696289,94.05999755859376,94.05999755859376,92.58000183105467,93.12000274658205,29172200,MSFT
2018-01-29,85.8360366821289,93.91999816894533,95.4499969482422,93.72000122070312,95.13999938964844,31569900,MSFT
2018-01-30,84.75759887695312,92.73999786376952,93.66000366210938,92.0999984741211,93.3000030517578,38635100,MSFT
2018-01-31,86.83218383789062,95.01000213623048,95.4000015258789,93.51000213623048,93.75,48756300,MSFT
2018-02-01,86.14675903320312,94.26000213623048,96.06999969482422,93.58000183105467,94.79000091552734,47227900,MSFT
2018-02-02,83.88024139404297,91.77999877929688,93.97000122070312,91.5,93.63999938964844,47867800,MSFT
2018-02-05,80.42556762695312,88.0,93.23999786376952,88.0,90.55999755859376,51031500,MSFT
2018-02-06,83.46896362304688,91.33000183105467,91.4800033569336,85.25,86.88999938964844,67998600,MSFT
2018-02-07,81.89701843261719,89.61000061035156,91.7699966430664,89.19999694824219,90.48999786376952,41107600,MSFT
2018-02-08,77.69294738769531,85.01000213623047,89.87999725341797,84.76000213623047,89.70999908447266,55628700,MSFT
2018-02-09,80.590087890625,88.18000030517578,88.93000030517578,83.83000183105469,86.30000305175781,63499100,MSFT
2018-02-12,81.45832061767578,89.12999725341797,89.77999877929688,87.93000030517578,88.73999786376953,35720300,MSFT
2018-02-13,82.09807586669922,89.83000183105469,90.0,87.80000305175781,88.93000030517578,26407700,MSFT
2018-02-14,83.38358306884766,90.80999755859376,90.98999786376952,88.41000366210938,88.51000213623047,34960900,MSFT
2018-02-15,85.0822982788086,92.66000366210938,92.72000122070312,90.62000274658205,91.20999908447266,27823900,MSFT
2018-02-16,84.47627258300781,92.0,93.5,91.8000030517578,92.4499969482422,30596900,MSFT
2018-02-20,85.13739776611328,92.72000122070312,93.05999755859376,91.01000213623048,91.4800033569336,30911700,MSFT
2018-02-21,84.0079574584961,91.48999786376952,93.36000061035156,91.48999786376952,92.9800033569336,26922500,MSFT
2018-02-22,84.22834014892578,91.7300033569336,92.7300033569336,91.36000061035156,92.0500030517578,24392800,MSFT
2018-02-23,86.3678207397461,94.05999755859376,94.06999969482422,92.36000061035156,93.5999984741211,26329200,MSFT
2018-02-26,87.61658477783203,95.41999816894533,95.4499969482422,94.25,94.4000015258789,30199800,MSFT
2018-02-27,86.49634552001953,94.1999969482422,95.83999633789062,94.1999969482422,95.73999786376952,25869100,MSFT
2018-02-28,86.10151672363281,93.7699966430664,95.70999908447266,93.62999725341795,94.83999633789062,31167300,MSFT
2018-03-01,85.25672912597656,92.8499984741211,94.56999969482422,91.83999633789062,93.98999786376952,37135600,MSFT
2018-03-02,85.44039916992188,93.0500030517578,93.1500015258789,90.86000061035156,91.58000183105467,32830400,MSFT
2018-03-05,85.98213958740234,93.63999938964844,94.2699966430664,92.26000213623048,92.33999633789062,23901600,MSFT
2018-03-06,85.68831634521484,93.31999969482422,94.48999786376952,92.94000244140624,94.33999633789062,22175800,MSFT
2018-03-07,86.18415832519531,93.86000061035156,93.94000244140624,92.43000030517578,93.16000366210938,26716100,MSFT
2018-03-08,86.70751953125,94.43000030517578,95.0999984741211,93.7699966430664,94.2699966430664,25887800,MSFT
2018-03-09,88.6449966430664,96.54000091552734,96.54000091552734,95.0,95.29000091552734,36937300,MSFT
2018-03-12,88.85617065429688,96.7699966430664,97.20999908447266,96.04000091552734,96.5,26073700,MSFT
2018-03-13,86.689208984375,94.41000366210938,97.23999786376952,93.97000122070312,97.0,35387800,MSFT
2018-03-14,86.17496490478516,93.8499984741211,95.41000366210938,93.5,95.12000274658205,32132000,MSFT
2018-03-15,86.47795867919922,94.18000030517578,94.58000183105467,92.83000183105467,93.52999877929688,27611000,MSFT
2018-03-16,86.86363983154297,94.5999984741211,95.37999725341795,93.91999816894533,94.68000030517578,49081300,MSFT
2018-03-19,85.2934799194336,92.88999938964844,93.9000015258789,92.11000061035156,93.73999786376952,33344100,MSFT
2018-03-20,85.51383972167969,93.12999725341795,93.7699966430664,93.0,93.0500030517578,23075200,MSFT
2018-03-21,84.91700744628906,92.4800033569336,94.0500030517578,92.20999908447266,92.93000030517578,24457100,MSFT
2018-03-22,82.44697570800781,89.79000091552734,91.75,89.66000366210938,91.2699966430664,38604700,MSFT
2018-03-23,80.05044555664062,87.18000030517578,90.45999908447266,87.08000183105469,89.5,44068900,MSFT
2018-03-26,86.11071014404297,93.77999877929688,94.0,90.4000015258789,90.61000061035156,56396800,MSFT
2018-03-27,82.15315246582031,89.47000122070312,95.13999938964844,88.51000213623047,94.94000244140624,56569000,MSFT
2018-03-28,82.07970428466797,89.38999938964844,91.2300033569336,88.87000274658203,89.81999969482422,52501100,MSFT
2018-03-29,83.80596160888672,91.2699966430664,92.29000091552734,88.4000015258789,90.18000030517578,45867500,MSFT
2018-04-02,81.2808609008789,88.5199966430664,90.87999725341795,87.51000213623047,90.47000122070312,48515400,MSFT
2018-04-03,82.37353515625,89.70999908447266,90.05000305175781,87.88999938964844,89.58000183105469,37213800,MSFT
2018-04-04,84.77928161621094,92.33000183105467,92.76000213623048,87.7300033569336,87.8499984741211,35560000,MSFT
2018-04-05,84.82518768310547,92.37999725341795,93.06999969482422,91.4000015258789,92.44000244140624,29771900,MSFT
2018-04-06,82.85101318359375,90.2300033569336,92.45999908447266,89.4800033569336,91.48999786376952,38026000,MSFT
2018-04-09,83.34683990478516,90.7699966430664,93.16999816894533,90.62000274658205,91.04000091552734,31533900,MSFT
2018-04-10,85.28428649902344,92.87999725341795,93.27999877929688,91.63999938964844,92.38999938964844,26812000,MSFT
2018-04-11,84.34771728515625,91.86000061035156,93.29000091552734,91.4800033569336,92.01000213623048,24872100,MSFT
2018-04-12,85.92707061767578,93.58000183105467,94.16000366210938,92.43000030517578,92.43000030517578,26758900,MSFT
2018-04-13,85.46794891357422,93.08000183105467,94.18000030517578,92.44000244140624,94.0500030517578,23346100,MSFT
2018-04-16,86.46880340576172,94.16999816894533,94.66000366210938,93.41999816894533,94.06999969482422,20288100,MSFT
2018-04-17,88.21337890625,96.06999969482422,96.54000091552734,94.87999725341795,95.0,26771000,MSFT
2018-04-18,88.55316162109375,96.44000244140624,96.72000122070312,95.5199966430664,96.22000122070312,21043300,MSFT
2018-04-19,88.25015258789062,96.11000061035156,97.06999969482422,95.33999633789062,96.44000244140624,23552500,MSFT
2018-04-20,87.23091888427734,95.0,96.11000061035156,94.0500030517578,95.91000366210938,31154400,MSFT
2018-04-23,87.55229187011719,95.3499984741211,96.29000091552734,94.62999725341795,95.73999786376952,22331800,MSFT
2018-04-24,85.50468444824219,93.12000274658205,96.47000122070312,92.41000366210938,96.23999786376952,34524800,MSFT
2018-04-25,84.76091003417969,92.30999755859376,93.3000030517578,90.27999877929688,93.3000030517578,33729300,MSFT
2018-04-26,86.55142211914062,94.26000213623048,95.1500015258789,93.0999984741211,93.5500030517578,42529000,MSFT
2018-04-27,87.9838638305664,95.81999969482422,97.9000015258789,93.91000366210938,97.5999984741211,48272800,MSFT
2018-04-30,85.8719482421875,93.5199966430664,96.4000015258789,93.1500015258789,96.33000183105467,41523600,MSFT
2018-05-01,87.23091888427734,95.0,95.29000091552734,92.79000091552734,93.20999908447266,31408900,MSFT
2018-05-02,85.8627700805664,93.51000213623048,95.16999816894533,93.19000244140624,94.98999786376952,27471000,MSFT
2018-05-03,86.37696075439453,94.06999969482422,94.93000030517578,92.4499969482422,92.95999908447266,31142500,MSFT
2018-05-04,87.37785339355469,95.16000366210938,95.37000274658205,92.91999816894533,93.31999969482422,22531300,MSFT
2018-05-07,88.35115051269531,96.22000122070312,96.70999908447266,95.0999984741211,95.16999816894533,24242000,MSFT
2018-05-08,87.97466278076172,95.80999755859376,96.16000366210938,95.05999755859376,95.8499984741211,23484600,MSFT
2018-05-09,89.01228332519531,96.94000244140624,96.97000122070312,95.0500030517578,96.01000213623048,27327400,MSFT
2018-05-10,89.90290832519531,97.91000366210938,97.9499969482422,97.0500030517578,97.45999908447266,22388100,MSFT
2018-05-11,89.71014404296875,97.6999969482422,97.87000274658205,97.04000091552734,97.8000030517578,16778300,MSFT
2018-05-14,90.01311492919922,98.02999877929688,98.69000244140624,97.30999755859376,97.91999816894533,19454100,MSFT
2018-05-15,89.36119842529297,97.31999969482422,97.8499984741211,96.33999633789062,97.23999786376952,24594000,MSFT
2018-05-16,89.59173583984375,97.1500015258789,97.4000015258789,96.62000274658205,97.36000061035156,17384700,MSFT
2018-05-17,88.69721221923828,96.18000030517578,97.54000091552734,95.83000183105467,96.76000213623048,17246700,MSFT
2018-05-18,88.86318969726562,96.36000061035156,96.93000030517578,96.01000213623048,96.01000213623048,17865800,MSFT
2018-05-21,90.00672149658203,97.5999984741211,98.01000213623048,96.8000030517578,97.0,19422500,MSFT
2018-05-22,89.91450500488281,97.5,98.16999816894533,97.1999969482422,97.68000030517578,15441200,MSFT
2018-05-23,90.98428344726562,98.66000366210938,98.7300033569336,96.31999969482422,96.70999908447266,21251200,MSFT
2018-05-24,90.66145324707033,98.30999755859376,98.94000244140624,96.80999755859376,98.7300033569336,26649300,MSFT
2018-05-25,90.7076187133789,98.36000061035156,98.9800033569336,97.86000061035156,98.3000030517578,18363900,MSFT
2018-05-29,90.38482666015624,98.01000213623048,98.87999725341795,97.2300033569336,97.83999633789062,28671000,MSFT
2018-05-30,91.25172424316406,98.9499969482422,99.25,97.91000366210938,98.30999755859376,22158500,MSFT
2018-05-31,91.15026092529295,98.83999633789062,99.98999786376952,98.61000061035156,99.29000091552734,34140900,MSFT
2018-06-01,92.94857025146484,100.79000091552734,100.86000061035156,99.16999816894533,99.27999877929688,28655600,MSFT
2018-06-04,93.76007080078124,101.66999816894533,101.86000061035156,100.8499984741211,101.26000213623048,27281600,MSFT
2018-06-05,94.23963165283205,102.19000244140624,102.33000183105467,101.52999877929688,102.0,23514400,MSFT
2018-06-06,94.51628112792967,102.48999786376952,102.5999984741211,101.9000015258789,102.4800033569336,21122900,MSFT
2018-06-07,93.0315399169922,100.87999725341795,102.69000244140624,100.37999725341795,102.6500015258789,28232200,MSFT
2018-06-08,93.72319793701172,101.62999725341795,101.9499969482422,100.54000091552734,101.08999633789062,22165100,MSFT
2018-06-11,93.18831634521484,101.0500030517578,101.58999633789062,100.66999816894533,101.01000213623048,23490900,MSFT
2018-06-12,93.42808532714844,101.30999755859376,101.4499969482422,100.75,101.0999984741211,18325200,MSFT
2018-06-13,93.00387573242188,100.8499984741211,102.01000213623048,100.55999755859376,101.72000122070312,29492900,MSFT
2018-06-14,93.52952575683594,101.41999816894533,102.02999877929688,101.0,101.6500015258789,25691800,MSFT
2018-06-15,92.33991241455078,100.12999725341795,101.52999877929688,100.06999969482422,101.51000213623048,65738600,MSFT
2018-06-18,93.01309967041016,100.86000061035156,101.11000061035156,99.41999816894533,100.01000213623048,23586000,MSFT
2018-06-19,93.01309967041016,100.86000061035156,101.0,99.5,99.6500015258789,28653100,MSFT
2018-06-20,93.9445343017578,101.87000274658205,102.5199966430664,101.12000274658205,101.37000274658205,26180800,MSFT
2018-06-21,93.27133178710938,101.13999938964844,102.45999908447266,100.87999725341795,102.08000183105467,23198200,MSFT
2018-06-22,92.59810638427734,100.41000366210938,100.7699966430664,99.62999725341795,100.41000366210938,38923100,MSFT
2018-06-25,90.73526763916016,98.38999938964844,100.11000061035156,97.3000030517578,100.0,35433300,MSFT
2018-06-26,91.37158966064452,99.08000183105467,100.08000183105467,98.75,98.81999969482422,26897200,MSFT
2018-06-27,89.95140075683594,97.54000091552734,100.0199966430664,97.4000015258789,99.58000183105467,31298400,MSFT
2018-06-28,90.9565887451172,98.62999725341795,99.11000061035156,97.26000213623048,97.37999725341795,26650700,MSFT
2018-06-29,90.93815612792967,98.61000061035156,99.91000366210938,98.33000183105467,98.93000030517578,28053200,MSFT
2018-07-02,92.229248046875,100.01000213623048,100.05999755859376,98.0,98.0999984741211,19564500,MSFT
2018-07-03,91.34393310546876,99.0500030517578,100.62999725341795,98.94000244140624,100.4800033569336,14670300,MSFT
2018-07-05,91.99870300292967,99.76000213623048,99.91999816894533,99.02999877929688,99.5,18977400,MSFT
2018-07-06,93.28976440429688,101.16000366210938,101.43000030517578,99.66999816894533,99.88999938964844,19234600,MSFT
2018-07-09,93.92610931396484,101.8499984741211,102.25,101.25,101.6500015258789,18212000,MSFT
2018-07-10,94.1750717163086,102.12000274658205,102.51000213623048,101.86000061035156,102.0,19293100,MSFT
2018-07-11,94.04598236083984,101.9800033569336,102.33999633789062,101.0999984741211,101.1500015258789,19644600,MSFT
2018-07-12,96.08403778076172,104.19000244140624,104.41000366210938,102.7300033569336,102.7699966430664,24335900,MSFT
2018-07-13,97.2275619506836,105.43000030517578,105.5999984741211,104.08999633789062,104.37000274658205,24635200,MSFT
2018-07-16,96.74803161621094,104.91000366210938,105.81999969482422,104.5199966430664,105.4000015258789,21786900,MSFT
2018-07-17,97.70709991455078,105.9499969482422,106.5,104.31999969482422,104.61000061035156,25901700,MSFT
2018-07-18,96.94168090820312,105.12000274658205,106.0500030517578,104.72000122070312,105.94000244140624,29493900,MSFT
2018-07-19,96.27769470214844,104.4000015258789,105.30999755859376,103.88999938964844,104.93000030517578,40171600,MSFT
2018-07-20,98.00220489501952,106.2699966430664,108.1999969482422,106.08000183105467,108.08000183105467,56004000,MSFT
2018-07-23,99.5699462890625,107.97000122070312,108.13999938964844,106.12999725341795,106.3000030517578,29707000,MSFT
2018-07-24,99.28408813476562,107.66000366210938,108.81999969482422,107.26000213623048,108.56999969482422,26316600,MSFT
2018-07-25,102.20743560791016,110.83000183105467,111.1500015258789,107.5999984741211,107.95999908447266,30702100,MSFT
2018-07-26,101.09161376953124,109.62000274658205,111.0,109.5,110.73999786376952,31372100,MSFT
2018-07-27,99.30252838134766,107.68000030517578,110.18000030517578,106.13999938964844,110.18000030517578,37005300,MSFT
2018-07-30,97.1722183227539,105.37000274658205,107.52999877929688,104.76000213623048,107.19000244140624,34668300,MSFT
2018-07-31,97.82698822021484,106.08000183105467,106.72000122070312,105.37999725341795,106.48999786376952,27655200,MSFT
2018-08-01,98.0114288330078,106.27999877929688,106.4499969482422,105.41999816894533,106.02999877929688,23628700,MSFT
2018-08-02,99.20108795166016,107.56999969482422,108.08999633789062,104.83999633789062,105.4000015258789,26104300,MSFT
2018-08-03,99.6344985961914,108.04000091552734,108.0500030517578,106.81999969482422,107.8000030517578,18659600,MSFT
2018-08-06,99.71751403808594,108.12999725341795,108.41999816894533,107.55999755859376,108.12000274658205,20265900,MSFT
2018-08-07,100.4091339111328,108.87999725341795,109.0999984741211,108.16999816894533,108.55999755859376,16080200,MSFT
2018-08-08,100.97168731689452,109.48999786376952,109.75,108.76000213623048,109.33000183105467,15487500,MSFT
2018-08-09,101.13766479492188,109.66999816894533,110.16000366210938,109.5999984741211,109.70999908447266,13677200,MSFT
2018-08-10,100.5198211669922,109.0,109.69000244140624,108.37999725341795,109.41999816894533,18183700,MSFT
2018-08-13,99.79126739501952,108.20999908447266,109.58000183105467,108.0999984741211,109.23999786376952,18472500,MSFT
2018-08-14,101.03624725341795,109.55999755859376,109.75,108.04000091552734,108.55999755859376,16788300,MSFT
2018-08-15,99.66614532470705,107.66000366210938,108.98999786376952,106.81999969482422,108.48999786376952,29982800,MSFT
2018-08-16,99.64761352539062,107.63999938964844,108.86000061035156,107.3000030517578,108.3000030517578,21384300,MSFT
2018-08-17,99.59207153320312,107.58000183105467,107.9000015258789,106.69000244140624,107.36000061035156,18061500,MSFT
2018-08-20,98.93479919433594,106.87000274658205,107.9000015258789,106.4800033569336,107.51000213623048,17914200,MSFT
2018-08-21,98.1108856201172,105.9800033569336,107.3499984741211,105.8499984741211,106.91999816894533,22881900,MSFT
2018-08-22,99.11067962646484,107.05999755859376,107.33999633789062,105.77999877929688,105.8499984741211,18000600,MSFT
2018-08-23,99.57356262207033,107.55999755859376,108.18000030517578,106.87000274658205,107.1500015258789,18167700,MSFT
2018-08-24,100.35118865966795,108.4000015258789,108.55999755859376,107.55999755859376,107.66999816894533,17234000,MSFT
2018-08-27,101.46209716796876,109.5999984741211,109.63999938964844,108.51000213623048,109.2699966430664,19662300,MSFT
2018-08-28,102.07308959960938,110.26000213623048,110.5,109.79000091552734,109.94000244140624,19151500,MSFT
2018-08-29,103.70240020751952,112.0199966430664,112.02999877929688,110.2699966430664,110.4499969482422,20818000,MSFT
2018-08-30,103.63761138916016,111.9499969482422,112.61000061035156,111.44000244140624,111.66999816894533,22798700,MSFT
2018-08-31,103.98939514160156,112.33000183105467,112.77999877929688,111.5199966430664,111.69000244140624,23222700,MSFT
2018-09-04,103.41544342041016,111.70999908447266,111.95999908447266,110.22000122070312,110.8499984741211,22634600,MSFT
2018-09-05,100.43450164794922,108.48999786376952,111.41999816894533,108.0999984741211,111.01000213623048,32872400,MSFT
2018-09-06,100.66594696044922,108.73999786376952,108.98999786376952,107.51000213623048,108.25,23477600,MSFT
2018-09-07,100.17530059814452,108.20999908447266,108.72000122070312,107.2300033569336,108.2300033569336,22498600,MSFT
2018-09-10,101.25840759277344,109.37999725341795,109.63999938964844,108.36000061035156,108.83999633789062,20727900,MSFT
2018-09-11,102.9803237915039,111.23999786376952,111.58999633789062,108.88999938964844,108.9000015258789,24301800,MSFT
2018-09-12,103.41544342041016,111.70999908447266,111.8499984741211,110.51000213623048,111.43000030517578,18891100,MSFT
2018-09-13,104.52633666992188,112.91000366210938,113.7300033569336,112.12000274658205,112.12000274658205,26055600,MSFT
2018-09-14,104.95217895507812,113.37000274658205,113.7300033569336,112.44000244140624,113.36000061035156,19122300,MSFT
2018-09-17,103.8134765625,112.13999938964844,113.6999969482422,111.86000061035156,113.69000244140624,20736500,MSFT
2018-09-18,104.80406188964844,113.20999908447266,113.6999969482422,111.72000122070312,112.19000244140624,22170900,MSFT
2018-09-19,103.40616607666016,111.6999969482422,113.31999969482422,111.04000091552734,113.0500030517578,21728400,MSFT
2018-09-20,105.13731384277344,113.56999969482422,113.8000030517578,111.93000030517578,112.27999877929688,23714500,MSFT
2018-09-21,105.7760772705078,114.26000213623048,115.29000091552734,113.51000213623048,114.0,71229700,MSFT
2018-09-24,106.15563201904295,114.66999816894533,114.9000015258789,112.22000122070312,113.02999877929688,27334500,MSFT
2018-09-25,105.95196533203124,114.4499969482422,115.0999984741211,113.75,114.8000030517578,22668000,MSFT
2018-09-26,105.51687622070312,113.9800033569336,115.05999755859376,113.73999786376952,114.47000122070312,19352000,MSFT
2018-09-27,105.91494750976562,114.41000366210938,114.91000366210938,114.1999969482422,114.77999877929688,19091300,MSFT
2018-09-28,105.8779067993164,114.37000274658205,114.56999969482422,113.68000030517578,114.19000244140624,21647800,MSFT
2018-10-01,107.0258331298828,115.61000061035156,115.68000030517578,114.7300033569336,114.75,18883100,MSFT
2018-10-02,106.60001373291016,115.1500015258789,115.83999633789062,114.44000244140624,115.3000030517578,20787200,MSFT
2018-10-03,106.61849975585938,115.16999816894533,116.18000030517578,114.93000030517578,115.41999816894533,16648000,MSFT
2018-10-04,104.41522979736328,112.79000091552734,114.76000213623048,111.62999725341795,114.61000061035156,34821700,MSFT
2018-10-05,103.8042221069336,112.12999725341795,113.16999816894533,110.63999938964844,112.62999725341795,29068900,MSFT
2018-10-08,102.61927795410156,110.8499984741211,112.02999877929688,109.33999633789062,111.66000366210938,29640600,MSFT
2018-10-09,103.9245834350586,112.26000213623048,113.08000183105467,110.8000030517578,111.13999938964844,26198600,MSFT
2018-10-10,98.27750396728516,106.16000366210938,111.5,105.79000091552734,111.23999786376952,61376300,MSFT
2018-10-11,98.04607391357422,105.91000366210938,108.93000030517578,104.1999969482422,105.3499984741211,63904300,MSFT
2018-10-12,101.43431091308594,109.56999969482422,111.23999786376952,107.12000274658205,109.01000213623048,47742100,MSFT
2018-10-15,99.610595703125,107.5999984741211,109.4800033569336,106.9499969482422,108.91000366210938,32068100,MSFT
2018-10-16,102.75814056396484,111.0,111.41000366210938,108.9499969482422,109.54000091552734,31610200,MSFT
2018-10-17,102.48967742919922,110.70999908447266,111.80999755859376,109.5500030517578,111.68000030517578,26548200,MSFT
2018-10-18,100.44376373291016,108.5,110.52999877929688,107.83000183105467,110.0999984741211,32506200,MSFT
2018-10-19,100.59190368652344,108.66000366210938,110.86000061035156,108.20999908447266,108.93000030517578,32785500,MSFT
2018-10-22,101.48988342285156,109.62999725341795,110.54000091552734,108.23999786376952,109.31999969482422,26545600,MSFT
2018-10-23,100.07347106933594,108.0999984741211,108.97000122070312,105.11000061035156,107.7699966430664,43770400,MSFT
2018-10-24,94.72265625,102.31999969482422,108.48999786376952,101.58999633789062,108.41000366210938,63897800,MSFT
2018-10-25,100.25862884521484,108.3000030517578,109.2699966430664,106.1500015258789,106.5500030517578,61646800,MSFT
2018-10-26,99.01812744140624,106.95999908447266,108.75,104.76000213623048,105.69000244140624,55523100,MSFT
2018-10-29,96.13903045654295,103.8499984741211,108.6999969482422,101.62999725341795,108.11000061035156,55162000,MSFT
2018-10-30,96.0279312133789,103.7300033569336,104.37999725341795,100.11000061035156,103.66000366210938,65350900,MSFT
2018-10-31,98.8792495727539,106.80999755859376,108.13999938964844,105.38999938964844,105.44000244140624,51062400,MSFT
2018-11-01,98.0553207397461,105.91999816894533,107.31999969482422,105.52999877929688,107.0500030517578,33384200,MSFT
2018-11-02,98.27750396728516,106.16000366210938,107.31999969482422,104.9800033569336,106.4800033569336,37680200,MSFT
2018-11-05,99.52728271484376,107.51000213623048,107.73999786376952,105.9000015258789,106.37000274658205,27922100,MSFT
2018-11-06,99.7216796875,107.72000122070312,108.83999633789062,106.27999877929688,107.37999725341795,24340200,MSFT
2018-11-07,103.6468734741211,111.95999908447266,112.23999786376952,109.4000015258789,109.44000244140624,37901700,MSFT
2018-11-08,103.45246887207033,111.75,112.20999908447266,110.91000366210938,111.8000030517578,25644100,MSFT
2018-11-09,101.43431091308594,109.56999969482422,111.4499969482422,108.76000213623048,110.8499984741211,32039200,MSFT
2018-11-12,98.93479919433594,106.87000274658205,109.95999908447266,106.0999984741211,109.41999816894533,33621800,MSFT
2018-11-13,98.99959564208984,106.94000244140624,108.73999786376952,106.63999938964844,107.5500030517578,35374600,MSFT
2018-11-14,97.59568786621094,104.97000122070312,108.26000213623048,104.47000122070312,108.0999984741211,39495100,MSFT
2018-11-15,99.743408203125,107.27999877929688,107.8000030517578,103.91000366210938,104.98999786376952,38505200,MSFT
2018-11-16,100.6824722290039,108.29000091552734,108.87999725341795,106.8000030517578,107.08000183105467,33502100,MSFT
2018-11-19,97.27027893066406,104.62000274658205,108.55999755859376,103.5500030517578,108.2699966430664,44773900,MSFT
2018-11-20,94.56471252441406,101.70999908447266,102.97000122070312,99.3499984741211,101.8000030517578,64052500,MSFT
2018-11-21,95.8663558959961,103.11000061035156,104.43000030517578,102.23999786376952,103.5999984741211,28130600,MSFT
2018-11-23,95.82913970947266,103.06999969482422,103.80999755859376,102.0,102.16999816894533,13823100,MSFT
2018-11-26,98.99030303955078,106.47000122070312,106.62999725341795,104.58000183105467,104.79000091552734,32336200,MSFT
2018-11-27,99.61322784423828,107.13999938964844,107.33000183105467,105.36000061035156,106.2699966430664,29124500,MSFT
2018-11-28,103.31365966796876,111.12000274658205,111.33000183105467,107.86000061035156,107.88999938964844,46788500,MSFT
2018-11-29,102.44896697998048,110.19000244140624,111.12000274658205,109.02999877929688,110.33000183105467,28123200,MSFT
2018-11-30,103.09980010986328,110.88999938964844,110.97000122070312,109.36000061035156,110.6999969482422,33665600,MSFT
2018-12-03,104.21548461914062,112.08999633789062,113.41999816894533,110.7300033569336,113.0,34732800,MSFT
2018-12-04,100.8962860107422,108.5199966430664,112.63999938964844,108.20999908447266,111.94000244140624,45197000,MSFT
2018-12-06,101.51922607421876,109.19000244140624,109.23999786376952,105.0,105.81999969482422,49107400,MSFT
2018-12-07,97.45620727539062,104.81999969482422,109.4499969482422,104.3000030517578,108.37999725341795,45044900,MSFT
2018-12-10,100.03162384033205,107.58999633789062,107.9800033569336,103.88999938964844,104.8000030517578,40801500,MSFT
2018-12-11,100.96135711669922,108.58999633789062,110.9499969482422,107.44000244140624,109.8000030517578,42381900,MSFT
2018-12-12,101.41695404052734,109.08000183105467,111.2699966430664,109.04000091552734,110.88999938964844,36183000,MSFT
2018-12-13,101.7609634399414,109.4499969482422,110.87000274658205,108.62999725341795,109.58000183105467,31333400,MSFT
2018-12-14,98.58122253417967,106.02999877929688,109.26000213623048,105.5,108.25,47043100,MSFT
2018-12-17,95.66182708740234,102.88999938964844,105.8000030517578,101.70999908447266,105.41000366210938,56957300,MSFT
2018-12-18,96.66594696044922,103.97000122070312,104.51000213623048,102.5199966430664,103.75,49319200,MSFT
2018-12-19,96.40560913085938,103.69000244140624,106.87999725341795,101.3499984741211,103.6500015258789,68198200,MSFT
2018-12-20,94.37875366210938,101.51000213623048,104.30999755859376,98.77999877929688,103.0500030517578,70334200,MSFT
2018-12-21,91.32917022705078,98.2300033569336,103.0,97.45999908447266,101.62999725341795,111242100,MSFT
2018-12-24,87.51720428466797,94.12999725341795,97.97000122070312,93.9800033569336,97.68000030517578,43935200,MSFT
2018-12-26,93.49549865722656,100.55999755859376,100.69000244140624,93.95999908447266,95.13999938964844,51634800,MSFT
2018-12-27,94.07193756103516,101.18000030517578,101.19000244140624,96.4000015258789,99.3000030517578,49498500,MSFT
2018-12-28,93.3374481201172,100.38999938964844,102.41000366210938,99.5199966430664,102.08999633789062,38196300,MSFT
2018-12-31,94.4345474243164,101.56999969482422,102.4000015258789,100.44000244140624,101.29000091552734,33173800,MSFT
2019-01-02,94.01614379882812,101.12000274658205,101.75,98.94000244140624,99.5500030517578,35329300,MSFT
2019-01-03,90.5574951171875,97.4000015258789,100.19000244140624,97.1999969482422,100.0999984741211,42579100,MSFT
2019-01-04,94.76925659179688,101.93000030517578,102.51000213623048,98.93000030517578,99.72000122070312,44060600,MSFT
2019-01-07,94.89009857177734,102.05999755859376,103.2699966430664,100.9800033569336,101.63999938964844,35656100,MSFT
2019-01-08,95.57814025878906,102.8000030517578,103.97000122070312,101.70999908447266,103.04000091552734,31514400,MSFT
2019-01-09,96.94486236572266,104.2699966430664,104.87999725341795,103.23999786376952,103.86000061035156,32280800,MSFT
2019-01-10,96.32191467285156,103.5999984741211,103.75,102.37999725341795,103.22000122070312,30067600,MSFT
2019-01-11,95.57814025878906,102.8000030517578,103.44000244140624,101.63999938964844,103.19000244140624,28314200,MSFT
2019-01-14,94.8808135986328,102.0500030517578,102.87000274658205,101.26000213623048,101.9000015258789,28437100,MSFT
2019-01-15,97.6328582763672,105.01000213623048,105.0500030517578,101.87999725341795,102.51000213623048,31587600,MSFT
2019-01-16,97.97686767578124,105.37999725341795,106.26000213623048,104.95999908447266,105.26000213623048,29853900,MSFT
2019-01-17,98.66490936279295,106.12000274658205,106.62999725341795,104.76000213623048,105.0,28393000,MSFT
2019-01-18,100.14319610595705,107.70999908447266,107.9000015258789,105.91000366210938,107.45999908447266,37427600,MSFT
2019-01-22,98.25579833984376,105.68000030517578,107.0999984741211,104.86000061035156,106.75,32371300,MSFT
2019-01-23,99.21344757080078,106.70999908447266,107.04000091552734,105.33999633789062,106.12000274658205,25874300,MSFT
2019-01-24,98.7392807006836,106.1999969482422,107.0,105.33999633789062,106.86000061035156,23164800,MSFT
2019-01-25,99.64111328125,107.16999816894533,107.87999725341795,106.1999969482422,107.23999786376952,31225600,MSFT
2019-01-28,97.69793701171876,105.08000183105467,106.4800033569336,104.66000366210938,106.26000213623048,29476700,MSFT
2019-01-29,95.70831298828124,102.94000244140624,104.97000122070312,102.16999816894533,104.87999725341795,31490500,MSFT
2019-01-30,98.9066390991211,106.37999725341795,106.37999725341795,104.33000183105467,104.62000274658205,49471900,MSFT
2019-01-31,97.09362030029295,104.43000030517578,105.22000122070312,103.18000030517578,103.8000030517578,55636400,MSFT
2019-02-01,95.5595245361328,102.77999877929688,104.0999984741211,102.3499984741211,103.77999877929688,35535700,MSFT
2019-02-04,98.31155395507812,105.73999786376952,105.8000030517578,102.7699966430664,102.87000274658205,31315100,MSFT
2019-02-05,99.68761444091795,107.22000122070312,107.2699966430664,105.95999908447266,106.05999755859376,27325400,MSFT
2019-02-06,98.58122253417967,106.02999877929688,107.0,105.52999877929688,107.0,20609800,MSFT
2019-02-07,97.8746109008789,105.2699966430664,105.58999633789062,104.29000091552734,105.19000244140624,29760700,MSFT
2019-02-08,98.24652099609376,105.66999816894533,105.77999877929688,104.26000213623048,104.38999938964844,21461100,MSFT
2019-02-11,97.85598754882812,105.25,106.58000183105467,104.97000122070312,106.1999969482422,18914100,MSFT
2019-02-12,99.38080596923828,106.88999938964844,107.13999938964844,105.4800033569336,106.13999938964844,25056600,MSFT
2019-02-13,99.30642700195312,106.80999755859376,107.77999877929688,106.70999908447266,107.5,18394900,MSFT
2019-02-14,99.3901138305664,106.9000015258789,107.29000091552734,105.66000366210938,106.30999755859376,21784700,MSFT
2019-02-15,100.61737060546876,108.22000122070312,108.3000030517578,107.36000061035156,107.91000366210938,26606900,MSFT
2019-02-19,100.5708465576172,108.16999816894533,108.66000366210938,107.77999877929688,107.79000091552734,18038500,MSFT
2019-02-20,100.04798889160156,107.1500015258789,107.94000244140624,106.29000091552734,107.86000061035156,21607700,MSFT
2019-02-21,102.158203125,109.41000366210938,109.4800033569336,106.87000274658205,106.9000015258789,29063200,MSFT
2019-02-22,103.61481475830078,110.97000122070312,111.1999969482422,109.81999969482422,110.0500030517578,27763200,MSFT
2019-02-25,104.19368743896484,111.58999633789062,112.18000030517578,111.26000213623048,111.76000213623048,23750600,MSFT
2019-02-26,104.91265869140624,112.36000061035156,113.23999786376952,111.16999816894533,111.26000213623048,21536700,MSFT
2019-02-27,104.73524475097656,112.16999816894533,112.36000061035156,110.87999725341795,111.69000244140624,21487100,MSFT
2019-02-28,104.60454559326172,112.02999877929688,112.87999725341795,111.7300033569336,112.04000091552734,29083900,MSFT
2019-03-01,105.07140350341795,112.52999877929688,113.0199966430664,111.66999816894533,112.88999938964844,23501200,MSFT
2019-03-04,104.81929779052734,112.26000213623048,113.25,110.8000030517578,113.0199966430664,26608000,MSFT
2019-03-05,104.2964096069336,111.6999969482422,112.38999938964844,111.2300033569336,112.25,19538300,MSFT
2019-03-06,104.34310913085938,111.75,112.66000366210938,111.43000030517578,111.87000274658205,17687000,MSFT
2019-03-07,103.0732421875,110.38999938964844,111.5500030517578,109.87000274658205,111.4000015258789,25339000,MSFT
2019-03-08,103.18529510498048,110.51000213623048,110.70999908447266,108.8000030517578,109.16000366210938,22818400,MSFT
2019-03-11,105.35150909423828,112.83000183105467,112.9499969482422,110.9800033569336,110.98999786376952,26491600,MSFT
2019-03-12,106.08914947509766,113.62000274658205,113.98999786376952,112.6500015258789,112.81999969482422,26132700,MSFT
2019-03-13,106.91085815429688,114.5,115.0,113.77999877929688,114.12999725341795,35513800,MSFT
2019-03-14,106.99486541748048,114.58999633789062,115.1999969482422,114.33000183105467,114.54000091552734,30763400,MSFT
2019-03-15,108.22737884521484,115.91000366210938,117.25,114.58999633789062,115.33999633789062,54681100,MSFT
2019-03-18,109.77732849121094,117.56999969482422,117.61000061035156,116.0500030517578,116.16999816894533,31207600,MSFT
2019-03-19,109.85205841064452,117.6500015258789,118.44000244140624,116.98999786376952,118.08999633789062,37588700,MSFT
2019-03-20,109.7306671142578,117.5199966430664,118.75,116.70999908447266,117.38999938964844,28113300,MSFT
2019-03-21,112.2516632080078,120.22000122070312,120.81999969482422,117.08999633789062,117.13999938964844,29854400,MSFT
2019-03-22,109.29182434082033,117.0500030517578,119.58999633789062,117.04000091552734,119.5,33624500,MSFT
2019-03-25,109.86138916015624,117.66000366210938,118.01000213623048,116.31999969482422,116.55999755859376,27067100,MSFT
2019-03-26,110.09481048583984,117.91000366210938,118.70999908447266,116.8499984741211,118.62000274658205,26097700,MSFT
2019-03-27,109.03034973144533,116.7699966430664,118.20999908447266,115.5199966430664,117.87999725341795,22733400,MSFT
2019-03-28,109.17974090576172,116.93000030517578,117.58000183105467,116.12999725341795,117.44000244140624,18334800,MSFT
2019-03-29,110.1228256225586,117.94000244140624,118.31999969482422,116.95999908447266,118.06999969482422,25399800,MSFT
2019-04-01,111.13123321533205,119.0199966430664,119.11000061035156,118.0999984741211,118.9499969482422,22789100,MSFT
2019-04-02,111.28998565673828,119.19000244140624,119.4800033569336,118.5199966430664,119.05999755859376,18142300,MSFT
2019-04-03,112.01828002929688,119.97000122070312,120.43000030517578,119.1500015258789,119.86000061035156,22860700,MSFT
2019-04-04,111.44869232177734,119.36000061035156,120.2300033569336,118.37999725341795,120.0999984741211,20112800,MSFT
2019-04-05,111.9435806274414,119.88999938964844,120.2300033569336,119.37000274658205,119.38999938964844,15826200,MSFT
2019-04-08,111.98092651367188,119.93000030517578,120.0199966430664,118.63999938964844,119.80999755859376,15116200,MSFT
2019-04-09,111.37401580810548,119.27999877929688,119.54000091552734,118.58000183105467,118.62999725341795,17612000,MSFT
2019-04-10,112.22368621826172,120.19000244140624,120.3499984741211,119.54000091552734,119.76000213623048,16477200,MSFT
2019-04-11,112.35441589355467,120.33000183105467,120.8499984741211,119.91999816894533,120.54000091552734,14209100,MSFT
2019-04-12,112.93328857421876,120.9499969482422,120.9800033569336,120.37000274658205,120.63999938964844,19745100,MSFT
2019-04-15,113.02670288085938,121.0500030517578,121.58000183105467,120.56999969482422,120.94000244140624,15792600,MSFT
2019-04-16,112.7652587890625,120.7699966430664,121.6500015258789,120.0999984741211,121.63999938964844,14071800,MSFT
2019-04-17,113.69893646240234,121.7699966430664,121.8499984741211,120.54000091552734,121.23999786376952,19300900,MSFT
2019-04-18,115.19290924072266,123.37000274658205,123.5199966430664,121.3000030517578,122.19000244140624,27991000,MSFT
2019-04-22,115.55706024169922,123.76000213623048,124.0,122.56999969482422,122.62000274658205,15648700,MSFT
2019-04-23,117.12569427490234,125.44000244140624,125.58000183105467,123.83000183105467,124.0999984741211,24025500,MSFT
2019-04-24,116.7242202758789,125.01000213623048,125.8499984741211,124.5199966430664,125.79000091552734,31257000,MSFT
2019-04-25,120.58980560302734,129.14999389648438,131.3699951171875,128.8300018310547,130.05999755859375,38033900,MSFT
2019-04-26,121.28074645996094,129.88999938964844,130.52000427246094,129.02000427246094,129.6999969482422,23654900,MSFT
2019-04-29,121.16871643066406,129.77000427246094,130.17999267578125,129.35000610351562,129.89999389648438,16324200,MSFT
2019-04-30,121.94371032714844,130.60000610351562,130.6999969482422,129.38999938964844,129.80999755859375,24166500,MSFT
2019-05-01,119.40396881103516,127.87999725341795,130.64999389648438,127.6999969482422,130.52999877929688,26821700,MSFT
2019-05-02,117.84466552734376,126.20999908447266,128.0,125.5199966430664,127.9800033569336,27350200,MSFT
2019-05-03,120.35638427734376,128.89999389648438,129.42999267578125,127.25,127.36000061035156,24911100,MSFT
2019-05-06,119.65609741210938,128.14999389648438,128.55999755859375,126.11000061035156,126.38999938964844,24239800,MSFT
2019-05-07,117.2004165649414,125.5199966430664,127.18000030517578,124.22000122070312,126.45999908447266,36017700,MSFT
2019-05-08,117.19110870361328,125.51000213623048,126.37000274658205,124.75,125.44000244140624,28419000,MSFT
2019-05-09,117.18172454833984,125.5,125.79000091552734,123.56999969482422,124.29000091552734,27235800,MSFT
2019-05-10,118.70370483398438,127.12999725341795,127.93000030517578,123.81999969482422,124.91000366210938,30915100,MSFT
2019-05-13,115.17426300048828,123.3499984741211,125.5500030517578,123.04000091552734,124.11000061035156,33944900,MSFT
2019-05-14,116.46277618408205,124.7300033569336,125.87999725341795,123.6999969482422,123.87000274658205,25266300,MSFT
2019-05-15,118.1028289794922,126.0199966430664,126.70999908447266,123.6999969482422,124.26000213623048,24722700,MSFT
2019-05-16,120.83000946044922,128.92999267578125,129.3800048828125,126.45999908447266,126.75,30112200,MSFT
2019-05-17,120.02405548095705,128.07000732421875,130.4600067138672,127.91999816894533,128.30999755859375,25770500,MSFT
2019-05-20,118.2902603149414,126.22000122070312,127.58999633789062,125.76000213623048,126.5199966430664,23706900,MSFT
2019-05-21,118.92754364013672,126.9000015258789,127.52999877929688,126.58000183105467,127.43000030517578,15293300,MSFT
2019-05-22,119.64916229248048,127.66999816894533,128.24000549316406,126.5199966430664,126.62000274658205,15396500,MSFT
2019-05-23,118.2527847290039,126.18000030517578,126.29000091552734,124.73999786376952,126.1999969482422,23603800,MSFT
2019-05-24,118.30900573730467,126.23999786376952,127.41999816894533,125.97000122070312,126.91000366210938,14123400,MSFT
2019-05-28,118.23406219482422,126.16000366210938,128.0,126.0500030517578,126.9800033569336,23128400,MSFT
2019-05-29,117.09068298339844,124.94000244140624,125.38999938964844,124.04000091552734,125.37999725341795,22763100,MSFT
2019-05-30,117.83103942871094,125.7300033569336,125.76000213623048,124.77999877929688,125.26000213623048,16829600,MSFT
2019-05-31,115.90984344482422,123.68000030517578,124.62000274658205,123.31999969482422,124.2300033569336,26646800,MSFT
2019-06-03,112.31108856201172,119.83999633789062,124.37000274658205,119.01000213623048,123.8499984741211,37983600,MSFT
2019-06-04,115.42253875732422,123.16000366210938,123.27999877929688,120.6500015258789,121.27999877929688,29382600,MSFT
2019-06-05,117.92477416992188,125.83000183105467,125.87000274658205,124.20999908447266,124.9499969482422,24926100,MSFT
2019-06-06,119.7897491455078,127.81999969482422,127.97000122070312,125.5999984741211,126.44000244140624,21459000,MSFT
2019-06-07,123.14481353759766,131.39999389648438,132.25,128.25999450683594,129.19000244140625,33885600,MSFT
2019-06-10,124.26944732666016,132.60000610351562,134.0800018310547,132.0,132.39999389648438,26477100,MSFT
2019-06-11,123.8008804321289,132.10000610351562,134.24000549316406,131.27999877929688,133.8800048828125,23913700,MSFT
2019-06-12,123.22921752929688,131.49000549316406,131.97000122070312,130.7100067138672,131.39999389648438,17092500,MSFT
2019-06-13,124.00704956054688,132.32000732421875,133.0,131.55999755859375,131.97999572753906,17200800,MSFT
2019-06-14,124.12886810302734,132.4499969482422,133.7899932861328,131.63999938964844,132.25999450683594,17821700,MSFT
2019-06-17,124.50374603271484,132.85000610351562,133.72999572753906,132.52999877929688,132.6300048828125,14517800,MSFT
2019-06-18,126.66861724853516,135.16000366210938,135.24000549316406,133.57000732421875,134.19000244140625,25934500,MSFT
2019-06-19,127.1653289794922,135.69000244140625,135.92999267578125,133.80999755859375,135.0,23744400,MSFT
2019-06-20,128.34617614746094,136.9499969482422,137.66000366210938,135.72000122070312,137.4499969482422,33042600,MSFT
2019-06-21,128.3648681640625,136.97000122070312,137.72999572753906,136.4600067138672,136.5800018310547,36727900,MSFT
2019-06-24,129.12400817871094,137.77999877929688,138.39999389648438,137.0,137.0,20628800,MSFT
2019-06-25,125.04727172851562,133.42999267578125,137.58999633789062,132.72999572753906,137.25,33327400,MSFT
2019-06-26,125.51585388183594,133.92999267578125,135.74000549316406,133.60000610351562,134.35000610351562,23657700,MSFT
2019-06-27,125.7220687866211,134.14999389648438,134.7100067138672,133.50999450683594,134.13999938964844,16557500,MSFT
2019-06-28,125.54402160644533,133.9600067138672,134.60000610351562,133.16000366210938,134.57000732421875,30043000,MSFT
2019-07-01,127.15591430664062,135.67999267578125,136.6999969482422,134.97000122070312,136.6300048828125,22613500,MSFT
2019-07-02,127.99935913085938,136.5800018310547,136.58999633789062,135.33999633789062,136.1199951171875,15237800,MSFT
2019-07-03,128.82411193847656,137.4600067138672,137.74000549316406,136.2899932861328,136.8000030517578,13629300,MSFT
2019-07-05,128.44923400878906,137.05999755859375,137.3300018310547,135.72000122070312,135.94000244140625,18141100,MSFT
2019-07-08,128.3555145263672,136.9600067138672,137.10000610351562,135.3699951171875,136.39999389648438,16779700,MSFT
2019-07-09,127.88695526123048,136.4600067138672,136.97000122070312,135.8000030517578,136.0,19953100,MSFT
2019-07-10,129.1896209716797,137.85000610351562,138.5800018310547,137.02000427246094,137.1300048828125,24204400,MSFT
2019-07-11,129.70506286621094,138.39999389648438,139.22000122070312,137.8699951171875,138.1999969482422,22327900,MSFT
2019-07-12,130.1736297607422,138.89999389648438,139.1300048828125,138.00999450683594,138.85000610351562,18936800,MSFT
2019-07-15,130.1736297607422,138.89999389648438,139.5399932861328,138.4600067138672,139.44000244140625,16651500,MSFT
2019-07-16,128.46795654296875,137.0800018310547,139.0500030517578,136.52000427246094,138.9600067138672,22726100,MSFT
2019-07-17,127.70886993408205,136.27000427246094,137.92999267578125,136.22000122070312,137.6999969482422,20211000,MSFT
2019-07-18,127.84941864013672,136.4199981689453,136.6199951171875,134.6699981689453,135.5500030517578,30381800,MSFT
2019-07-19,128.03688049316406,136.6199951171875,140.6699981689453,136.4499969482422,140.22000122070312,48992400,MSFT
2019-07-22,129.733154296875,138.42999267578125,139.19000244140625,137.3300018310547,137.41000366210938,25074900,MSFT
2019-07-23,130.53915405273438,139.2899932861328,139.99000549316406,138.02999877929688,139.75999450683594,18034600,MSFT
2019-07-24,131.87928771972656,140.72000122070312,140.74000549316406,138.85000610351562,138.89999389648438,20738300,MSFT
2019-07-25,131.3826141357422,140.19000244140625,140.61000061035156,139.32000732421875,140.42999267578125,18356900,MSFT
2019-07-26,132.46035766601562,141.33999633789062,141.67999267578125,140.3000030517578,140.3699951171875,19037600,MSFT
2019-07-29,132.1698455810547,141.02999877929688,141.50999450683594,139.3699951171875,141.5,16605900,MSFT
2019-07-30,131.5325927734375,140.35000610351562,141.22000122070312,139.8000030517578,140.13999938964844,16846500,MSFT
2019-07-31,127.70886993408205,136.27000427246094,140.49000549316406,135.0800018310547,140.3300018310547,38598800,MSFT
2019-08-01,129.38641357421875,138.05999755859375,140.94000244140625,136.92999267578125,137.0,40557500,MSFT
2019-08-02,128.29928588867188,136.89999389648438,138.32000732421875,135.25999450683594,138.08999633789062,30791600,MSFT
2019-08-05,123.90393829345705,132.2100067138672,133.92999267578125,130.77999877929688,133.3000030517578,42749600,MSFT
2019-08-06,126.22816467285156,134.69000244140625,135.67999267578125,133.2100067138672,133.8000030517578,32696700,MSFT
2019-08-07,126.78106689453124,135.27999877929688,135.64999389648438,131.8300018310547,133.7899932861328,33414500,MSFT
2019-08-08,130.16427612304688,138.88999938964844,138.99000549316406,135.92999267578125,136.60000610351562,27496500,MSFT
2019-08-09,129.0583953857422,137.7100067138672,139.3800048828125,136.4600067138672,138.61000061035156,23466700,MSFT
2019-08-12,127.259033203125,135.7899932861328,137.86000061035156,135.24000549316406,137.07000732421875,20484300,MSFT
2019-08-13,129.8925323486328,138.60000610351562,138.8000030517578,135.0,136.0500030517578,25154600,MSFT
2019-08-14,125.98086547851562,133.97999572753906,136.9199981689453,133.6699981689453,136.36000061035156,32527300,MSFT
2019-08-15,125.69878387451172,133.67999267578125,134.5800018310547,132.25,134.38999938964844,28074400,MSFT
2019-08-16,128.0025177001953,136.1300048828125,136.4600067138672,134.72000122070312,134.8800048828125,24449100,MSFT
2019-08-19,130.1463623046875,138.41000366210938,138.5500030517578,136.88999938964844,137.85000610351562,24355700,MSFT
2019-08-20,129.06500244140625,137.25999450683594,138.7100067138672,137.24000549316406,138.2100067138672,21170800,MSFT
2019-08-21,130.50367736816406,138.7899932861328,139.49000549316406,138.0,138.5500030517578,14970300,MSFT
2019-08-22,129.55398559570312,137.77999877929688,139.1999969482422,136.2899932861328,138.66000366210938,18697000,MSFT
2019-08-23,125.42607879638672,133.38999938964844,138.35000610351562,132.8000030517578,137.19000244140625,38508600,MSFT
2019-08-26,127.36309051513672,135.4499969482422,135.55999755859375,133.89999389648438,134.99000549316406,20312600,MSFT
2019-08-27,127.63581085205078,135.74000549316406,136.72000122070312,134.66000366210938,136.38999938964844,23102100,MSFT
2019-08-28,127.4665298461914,135.55999755859375,135.75999450683594,133.5500030517578,134.8800048828125,17393300,MSFT
2019-08-29,129.8737030029297,138.1199951171875,138.44000244140625,136.91000366210938,137.25,20168700,MSFT
2019-08-30,129.62921142578125,137.86000061035156,139.17999267578125,136.27000427246094,139.14999389648438,23940100,MSFT
2019-09-03,127.91789245605467,136.0399932861328,137.1999969482422,135.6999969482422,136.61000061035156,18869300,MSFT
2019-09-04,129.4129180908203,137.6300048828125,137.69000244140625,136.47999572753906,137.3000030517578,17995900,MSFT
2019-09-05,131.6884765625,140.0500030517578,140.3800048828125,138.75999450683594,139.11000061035156,26101800,MSFT
2019-09-06,130.79519653320312,139.10000610351562,140.17999267578125,138.1999969482422,140.02999877929688,20824500,MSFT
2019-09-09,129.3094940185547,137.52000427246094,139.75,136.4600067138672,139.58999633789062,25773900,MSFT
2019-09-10,127.95545959472656,136.0800018310547,136.88999938964844,134.50999450683594,136.8000030517578,28903400,MSFT
2019-09-11,127.99309539794922,136.1199951171875,136.27000427246094,135.08999633789062,135.91000366210938,24726100,MSFT
2019-09-12,129.3094940185547,137.52000427246094,138.4199981689453,136.8699951171875,137.85000610351562,27010000,MSFT
2019-09-13,129.12147521972656,137.32000732421875,138.05999755859375,136.57000732421875,137.77999877929688,23363100,MSFT
2019-09-16,128.19058227539062,136.3300018310547,136.6999969482422,135.66000366210938,135.8300018310547,16731400,MSFT
2019-09-17,129.18728637695312,137.38999938964844,137.52000427246094,136.42999267578125,136.9600067138672,17814200,MSFT
2019-09-18,130.2498016357422,138.52000427246094,138.6699981689453,136.52999877929688,137.36000061035156,23982100,MSFT
2019-09-19,132.6475372314453,141.07000732421875,142.3699951171875,140.07000732421875,140.3000030517578,35772100,MSFT
2019-09-20,131.1149139404297,139.44000244140625,141.64999389648438,138.25,141.00999450683594,39167300,MSFT
2019-09-23,130.83277893066406,139.13999938964844,139.6300048828125,138.44000244140625,139.22999572753906,17139300,MSFT
2019-09-24,129.17788696289062,137.3800048828125,140.69000244140625,136.8800048828125,140.36000061035156,29773200,MSFT
2019-09-25,131.03964233398438,139.36000061035156,139.9600067138672,136.02999877929688,137.5,21382000,MSFT
2019-09-26,131.2089385986328,139.5399932861328,140.17999267578125,138.44000244140625,139.44000244140625,17456600,MSFT
2019-09-27,129.50697326660156,137.72999572753906,140.36000061035156,136.64999389648438,140.14999389648438,22477700,MSFT
2019-09-30,130.72938537597656,139.02999877929688,139.22000122070312,137.77999877929688,138.0500030517578,17280900,MSFT
2019-10-01,128.88641357421875,137.07000732421875,140.25,137.0,139.66000366210938,21466600,MSFT
2019-10-02,126.61080932617188,134.64999389648438,136.3699951171875,133.5800018310547,136.25,30521700,MSFT
2019-10-03,128.1435546875,136.27999877929688,136.75,133.22000122070312,134.9499969482422,24132900,MSFT
2019-10-04,129.8737030029297,138.1199951171875,138.25,136.4199981689453,136.75,22897700,MSFT
2019-10-07,128.9334259033203,137.1199951171875,138.17999267578125,137.02000427246094,137.13999938964844,15303700,MSFT
2019-10-08,127.56993865966795,135.6699981689453,137.75999450683594,135.6199951171875,137.0800018310547,25550500,MSFT
2019-10-09,129.9865264892578,138.24000549316406,138.6999969482422,136.97000122070312,137.4600067138672,19749900,MSFT
2019-10-10,130.79519653320312,139.10000610351562,139.6699981689453,138.25,138.49000549316406,17654600,MSFT
2019-10-11,131.34054565429688,139.67999267578125,141.02999877929688,139.5,140.1199951171875,25446000,MSFT
2019-10-14,131.2183074951172,139.5500030517578,140.2899932861328,139.52000427246094,139.69000244140625,13304300,MSFT
2019-10-15,133.1177215576172,141.57000732421875,141.7899932861328,139.80999755859375,140.05999755859375,19695700,MSFT
2019-10-16,132.0269317626953,140.41000366210938,140.99000549316406,139.52999877929688,140.7899932861328,20751600,MSFT
2019-10-17,131.34996032714844,139.69000244140625,141.4199981689453,139.02000427246094,140.9499969482422,21460600,MSFT
2019-10-18,129.2060546875,137.41000366210938,140.0,136.55999755859375,139.75999450683594,32273500,MSFT
2019-10-21,130.1652069091797,138.42999267578125,138.5,137.00999450683594,138.4499969482422,20078200,MSFT
2019-10-22,128.22813415527344,136.3699951171875,140.00999450683594,136.25999450683594,138.97000122070312,27431000,MSFT
2019-10-23,129.04623413085938,137.24000549316406,137.4499969482422,135.61000061035156,136.8800048828125,29844600,MSFT
2019-10-24,131.58502197265625,139.94000244140625,140.4199981689453,138.6699981689453,139.38999938964844,37029300,MSFT
2019-10-25,132.32781982421875,140.72999572753906,141.13999938964844,139.1999969482422,139.33999633789062,25959700,MSFT
2019-10-28,135.58128356933594,144.19000244140625,145.6699981689453,143.50999450683594,144.39999389648438,35280100,MSFT
2019-10-29,134.30247497558594,142.8300018310547,144.5,142.64999389648438,144.0800018310547,20589500,MSFT
2019-10-30,135.97621154785156,144.61000061035156,145.0,142.7899932861328,143.52000427246094,18496600,MSFT
2019-10-31,134.81024169921875,143.3699951171875,144.92999267578125,142.99000549316406,144.89999389648438,24605100,MSFT
2019-11-01,135.1393585205078,143.72000122070312,144.4199981689453,142.97000122070312,144.25999450683594,33128400,MSFT
2019-11-04,135.91978454589844,144.5500030517578,145.0,144.16000366210938,144.8300018310547,16912000,MSFT
2019-11-05,135.83518981933594,144.4600067138672,145.02000427246094,143.91000366210938,144.97000122070312,18250200,MSFT
2019-11-06,135.4590301513672,144.05999755859375,144.52000427246094,143.1999969482422,144.3699951171875,16575800,MSFT
2019-11-07,135.6471405029297,144.25999450683594,144.8800048828125,143.77000427246094,143.83999633789062,17786700,MSFT
2019-11-08,137.2456512451172,145.9600067138672,145.99000549316406,143.75999450683594,143.97999572753906,16732700,MSFT
2019-11-11,137.38662719726562,146.11000061035156,146.4199981689453,144.72999572753906,145.33999633789062,14362600,MSFT
2019-11-12,138.28933715820312,147.07000732421875,147.57000732421875,146.05999755859375,146.27999877929688,18641600,MSFT
2019-11-13,138.51498413085938,147.30999755859375,147.4600067138672,146.27999877929688,146.74000549316406,16919200,MSFT
2019-11-14,139.22021484375,148.05999755859375,148.41000366210938,147.0,147.02000427246094,19729800,MSFT
2019-11-15,141.0161590576172,149.97000122070312,149.99000549316406,148.27000427246094,148.92999267578125,23485700,MSFT
2019-11-18,141.36412048339844,150.33999633789062,150.5500030517578,148.97999572753906,150.07000732421875,21534000,MSFT
2019-11-19,141.41111755371094,150.38999938964844,151.3300018310547,150.1999969482422,150.8800048828125,23935700,MSFT
2019-11-20,141.165771484375,149.6199951171875,150.83999633789062,148.4600067138672,150.30999755859375,25696800,MSFT
2019-11-21,141.03367614746094,149.47999572753906,149.8000030517578,148.5,149.39999389648438,18576100,MSFT
2019-11-22,141.1374969482422,149.58999633789062,150.3000030517578,148.82000732421875,150.07000732421875,15901800,MSFT
2019-11-25,142.68482971191406,151.22999572753906,151.35000610351562,149.9199981689453,150.0,22420900,MSFT
2019-11-26,143.43963623046875,152.02999877929688,152.4199981689453,151.32000732421875,151.36000061035156,24620100,MSFT
2019-11-27,143.71328735351562,152.32000732421875,152.5,151.52000427246094,152.3300018310547,15184400,MSFT
2019-11-29,142.826416015625,151.3800048828125,152.3000030517578,151.27999877929688,152.10000610351562,11977300,MSFT
2019-12-02,141.09974670410156,149.5500030517578,151.8300018310547,148.32000732421875,151.80999755859375,27418400,MSFT
2019-12-03,140.87332153320312,149.30999755859375,149.42999267578125,146.64999389648438,147.49000549316406,24066000,MSFT
2019-12-04,141.38279724121094,149.85000610351562,150.17999267578125,149.1999969482422,150.13999938964844,17574700,MSFT
2019-12-05,141.45831298828125,149.92999267578125,150.32000732421875,149.47999572753906,150.0500030517578,17869100,MSFT
2019-12-06,143.17547607421875,151.75,151.8699951171875,150.27000427246094,150.99000549316406,16403500,MSFT
2019-12-09,142.8074951171875,151.36000061035156,152.2100067138672,150.91000366210938,151.07000732421875,16687400,MSFT
2019-12-10,142.5904998779297,151.1300048828125,151.88999938964844,150.75999450683594,151.2899932861328,16476100,MSFT
2019-12-11,143.12831115722656,151.6999969482422,151.8699951171875,150.3300018310547,151.5399932861328,18856600,MSFT
2019-12-12,144.58128356933594,153.24000549316406,153.44000244140625,151.02000427246094,151.64999389648438,24612100,MSFT
2019-12-13,145.79840087890625,154.52999877929688,154.88999938964844,152.8300018310547,153.0,23845400,MSFT
2019-12-16,146.74183654785156,155.52999877929688,155.89999389648438,154.82000732421875,155.11000061035156,24144200,MSFT
2019-12-17,145.94931030273438,154.69000244140625,155.7100067138672,154.4499969482422,155.4499969482422,25425600,MSFT
2019-12-18,145.64744567871094,154.3699951171875,155.47999572753906,154.17999267578125,154.3000030517578,24129200,MSFT
2019-12-19,146.91172790527344,155.7100067138672,155.77000427246094,153.75,154.0,24958900,MSFT
2019-12-20,148.51564025878906,157.41000366210938,158.49000549316406,156.2899932861328,157.35000610351562,53477500,MSFT
2019-12-23,148.51564025878906,157.41000366210938,158.1199951171875,157.27000427246094,158.1199951171875,17718200,MSFT
2019-12-24,148.48733520507812,157.3800048828125,157.7100067138672,157.1199951171875,157.47999572753906,8989200,MSFT
2019-12-26,149.70445251464844,158.6699981689453,158.72999572753906,157.39999389648438,157.55999755859375,14520600,MSFT
2019-12-27,149.97808837890625,158.9600067138672,159.5500030517578,158.22000122070312,159.4499969482422,18412800,MSFT
2019-12-30,148.6855010986328,157.58999633789062,159.02000427246094,156.72999572753906,158.99000549316406,16348400,MSFT
2019-12-31,148.7892608642578,157.6999969482422,157.77000427246094,156.4499969482422,156.77000427246094,18369400,MSFT
2020-01-02,151.5442657470703,160.6199951171875,160.72999572753906,158.3300018310547,158.77999877929688,22622100,MSFT
2020-01-03,149.65728759765625,158.6199951171875,159.9499969482422,158.05999755859375,158.32000732421875,21116200,MSFT
2020-01-06,150.0441436767578,159.02999877929688,159.10000610351562,156.50999450683594,157.0800018310547,20813700,MSFT
2020-01-07,148.67605590820312,157.5800018310547,159.6699981689453,157.32000732421875,159.32000732421875,21634100,MSFT
2020-01-08,151.0442352294922,160.08999633789062,160.8000030517578,157.9499969482422,158.92999267578125,27746500,MSFT
2020-01-09,152.9311981201172,162.08999633789062,162.22000122070312,161.02999877929688,161.83999633789062,21385000,MSFT
2020-01-10,152.22361755371094,161.33999633789062,163.22000122070312,161.17999267578125,162.82000732421875,20725900,MSFT
2020-01-13,154.05392456054688,163.27999877929688,163.30999755859375,161.25999450683594,161.75999450683594,21626500,MSFT
2020-01-14,152.9689483642578,162.1300048828125,163.60000610351562,161.72000122070312,163.38999938964844,23477400,MSFT
2020-01-15,153.9596405029297,163.17999267578125,163.94000244140625,162.57000732421875,162.6199951171875,21417900,MSFT
2020-01-16,156.78062438964844,166.1699981689453,166.24000549316406,164.02999877929688,164.35000610351562,23865400,MSFT
2020-01-17,157.6581268310547,167.10000610351562,167.47000122070312,165.42999267578125,167.4199981689453,34371700,MSFT
2020-01-21,157.09202575683594,166.5,168.19000244140625,166.42999267578125,166.67999267578125,29517200,MSFT
2020-01-22,156.33721923828125,165.6999969482422,167.49000549316406,165.67999267578125,167.39999389648438,24138800,MSFT
2020-01-23,157.29959106445312,166.72000122070312,166.8000030517578,165.27000427246094,166.19000244140625,19680800,MSFT
2020-01-24,155.71449279785156,165.0399932861328,167.52999877929688,164.4499969482422,167.50999450683594,24918100,MSFT
2020-01-27,153.11048889160156,162.27999877929688,163.3800048828125,160.1999969482422,161.14999389648438,32078100,MSFT
2020-01-28,156.1107635498047,165.4600067138672,165.75999450683594,163.07000732421875,163.77999877929688,24899900,MSFT
2020-01-29,158.54501342773438,168.0399932861328,168.75,165.69000244140625,167.83999633789062,34754500,MSFT
2020-01-30,163.01718139648438,172.77999877929688,174.0500030517578,170.7899932861328,174.0500030517578,51597500,MSFT
2020-01-31,160.61126708984375,170.22999572753906,172.39999389648438,169.5800018310547,172.2100067138672,36142700,MSFT
2020-02-03,164.52674865722656,174.3800048828125,174.5,170.39999389648438,170.42999267578125,30107000,MSFT
2020-02-04,169.94239807128906,180.1199951171875,180.63999938964844,176.30999755859375,177.13999938964844,36433300,MSFT
2020-02-05,169.73483276367188,179.89999389648438,184.1999969482422,178.41000366210938,184.02999877929688,39186300,MSFT
2020-02-06,173.25411987304688,183.6300048828125,183.82000732421875,180.05999755859375,180.97000122070312,27751400,MSFT
2020-02-07,173.4993896484375,183.88999938964844,185.6300048828125,182.47999572753903,182.8500061035156,33529100,MSFT
2020-02-10,178.03765869140625,188.6999969482422,188.83999633789065,183.25,183.5800018310547,35844300,MSFT
2020-02-11,174.018310546875,184.44000244140625,190.6999969482422,183.5,190.6499938964844,53159900,MSFT
2020-02-12,174.27304077148438,184.7100067138672,185.8500061035156,181.8500061035156,185.5800018310547,47062900,MSFT
2020-02-13,173.32955932617188,183.7100067138672,186.22999572753903,182.8699951171875,183.0800018310547,35295800,MSFT
2020-02-14,174.8768768310547,185.3500061035156,185.4100036621093,182.6499938964844,183.25,23149500,MSFT
2020-02-18,176.65066528320312,187.22999572753903,187.6999969482422,185.5,185.6100006103516,27792200,MSFT
2020-02-19,177.1804962158203,187.27999877929688,188.17999267578125,186.47000122070312,188.0599975585937,29997500,MSFT
2020-02-20,174.4746856689453,184.4199981689453,187.25,181.1000061035156,186.9499969482422,36862400,MSFT
2020-02-21,168.95913696289062,178.58999633789062,183.5,177.25,183.1699981689453,48572600,MSFT
2020-02-24,161.6743621826172,170.88999938964844,174.5500030517578,163.22999572753906,167.77000427246094,68311100,MSFT
2020-02-25,159.00645446777344,168.07000732421875,174.83999633789062,167.64999389648438,174.1999969482422,68073300,MSFT
2020-02-26,160.99317932128906,170.1699981689453,173.25999450683594,168.2100067138672,169.7100067138672,56206100,MSFT
2020-02-27,149.6497802734375,158.17999267578125,167.02999877929688,157.97999572753906,163.32000732421875,93174900,MSFT
2020-02-28,153.273193359375,162.00999450683594,163.7100067138672,152.0,152.41000366210938,97012700,MSFT
2020-03-02,163.47189331054688,172.7899932861328,172.9199981689453,162.30999755859375,165.30999755859375,71030800,MSFT
2020-03-03,155.6383819580078,164.50999450683594,175.0,162.25999450683594,173.8000030517578,71677000,MSFT
2020-03-04,161.35269165039062,170.5500030517578,170.6999969482422,165.6199951171875,168.49000549316406,49814400,MSFT
2020-03-05,157.30348205566406,166.27000427246094,170.8699951171875,165.69000244140625,166.0500030517578,47817300,MSFT
2020-03-06,152.85694885253906,161.57000732421875,163.11000061035156,156.0,162.61000061035156,72821100,MSFT
2020-03-09,142.49746704101562,150.6199951171875,157.75,150.0,151.0,70419300,MSFT
2020-03-10,152.24197387695312,160.9199981689453,161.02999877929688,152.5800018310547,158.16000366210938,65354400,MSFT
2020-03-11,145.3451385498047,153.6300048828125,157.6999969482422,151.14999389648438,157.1300048828125,56371600,MSFT
2020-03-12,131.5608367919922,139.05999755859375,153.47000122070312,138.5800018310547,145.3000030517578,93226400,MSFT
2020-03-13,150.26470947265625,158.8300018310547,161.91000366210938,140.72999572753906,147.5,92727400,MSFT
2020-03-16,128.1171417236328,135.4199981689453,149.35000610351562,135.0,140.0,87905900,MSFT
2020-03-17,138.6658477783203,146.57000732421875,147.5,135.0,140.0,81059800,MSFT
2020-03-18,132.82859802246094,140.39999389648438,146.0,135.02000427246094,138.0,81593200,MSFT
2020-03-19,135.01409912109375,142.7100067138672,150.14999389648438,139.0,142.77000427246094,85922700,MSFT
2020-03-20,129.9430694580078,137.35000610351562,147.10000610351562,135.86000061035156,146.0,84866200,MSFT
2020-03-23,128.64695739746094,135.97999572753906,140.57000732421875,132.52000427246094,137.00999450683594,78975200,MSFT
2020-03-24,140.34043884277344,148.33999633789062,149.60000610351562,141.27000427246094,143.75,82516700,MSFT
2020-03-25,138.9969940185547,146.9199981689453,154.3300018310547,144.44000244140625,148.91000366210938,75638200,MSFT
2020-03-26,147.69139099121094,156.11000061035156,156.66000366210938,148.3699951171875,148.39999389648438,64568100,MSFT
2020-03-27,141.62710571289062,149.6999969482422,154.88999938964844,149.1999969482422,151.75,57042300,MSFT
2020-03-30,151.58921813964844,160.22999572753906,160.60000610351562,150.00999450683594,152.44000244140625,63420300,MSFT
2020-03-31,149.2051544189453,157.7100067138672,164.77999877929688,156.55999755859375,159.39999389648438,77927200,MSFT
2020-04-01,143.9071502685547,152.11000061035156,157.75,150.82000732421875,153.0,57969900,MSFT
2020-04-02,146.88723754882812,155.25999450683594,155.47999572753906,150.36000061035156,151.86000061035156,49630700,MSFT
2020-04-03,145.5343780517578,153.8300018310547,157.3800048828125,152.19000244140625,155.10000610351562,41243300,MSFT
2020-04-06,156.357421875,165.27000427246094,166.5,157.5800018310547,160.32000732421875,67111700,MSFT
2020-04-07,154.67340087890625,163.49000549316406,170.0,163.25999450683594,169.58999633789062,62769000,MSFT
2020-04-08,156.22496032714844,165.1300048828125,166.6699981689453,163.5,165.6699981689453,48318200,MSFT
2020-04-09,156.2344512939453,165.13999938964844,167.3699951171875,163.3300018310547,166.36000061035156,51385100,MSFT
2020-04-13,156.58447265625,165.50999450683594,165.57000732421875,162.3000030517578,164.35000610351562,41905300,MSFT
2020-04-14,164.3328399658203,173.6999969482422,173.75,168.0,169.0,52874300,MSFT
2020-04-15,162.61097717285156,171.8800048828125,173.57000732421875,169.24000549316406,171.1999969482422,40940800,MSFT
2020-04-16,167.49270629882812,177.0399932861328,177.27999877929688,172.89999389648438,174.3000030517578,50479600,MSFT
2020-04-17,168.9685821533203,178.60000610351562,180.0,175.8699951171875,179.5,52765600,MSFT
2020-04-20,165.61949157714844,175.05999755859375,178.75,174.99000549316406,176.6300048828125,36669600,MSFT
2020-04-21,158.76992797851562,167.82000732421875,173.6699981689453,166.11000061035156,173.5,56203700,MSFT
2020-04-22,164.1625213623047,173.52000427246094,174.0,170.82000732421875,171.38999938964844,34620200,MSFT
2020-04-23,162.17578125,171.4199981689453,175.05999755859375,170.91000366210938,174.11000061035156,32790800,MSFT
2020-04-24,165.1370086669922,174.5500030517578,174.55999755859375,170.7100067138672,172.05999755859375,34277600,MSFT
2020-04-27,164.66395568847656,174.0500030517578,176.89999389648438,173.3000030517578,176.58999633789062,33194400,MSFT
2020-04-28,160.652587890625,169.80999755859375,175.6699981689453,169.38999938964844,175.58999633789062,34392700,MSFT
2020-04-29,167.86167907714844,177.42999267578125,177.67999267578125,171.8800048828125,173.22000122070312,51286600,MSFT
2020-04-30,169.545654296875,179.2100067138672,180.3999938964844,176.22999572753906,180.0,53875900,MSFT
2020-05-01,165.15591430664062,174.57000732421875,178.63999938964844,174.00999450683594,175.8000030517578,39370500,MSFT
2020-05-04,169.19558715820312,178.83999633789062,179.0,173.8000030517578,174.49000549316406,30372900,MSFT
2020-05-05,171.0120849609375,180.759994506836,183.6499938964844,179.89999389648438,180.6199951171875,36839200,MSFT
2020-05-06,172.6960906982422,182.5399932861328,184.1999969482422,181.6300048828125,182.0800018310547,32139300,MSFT
2020-05-07,173.69894409179688,183.6000061035156,184.5500030517578,182.5800018310547,184.1699981689453,28316000,MSFT
2020-05-08,174.720703125,184.67999267578125,185.0,183.3600006103516,184.97999572753903,30877800,MSFT
2020-05-11,176.66964721679688,186.7400054931641,187.509994506836,182.8500061035156,183.1499938964844,30892700,MSFT
2020-05-12,172.66770935058594,182.509994506836,187.0399932861328,182.3000030517578,186.8000030517578,32038200,MSFT
2020-05-13,170.0565643310547,179.75,184.0500030517578,176.5399932861328,182.5500030517578,44711500,MSFT
2020-05-14,170.79449462890625,180.52999877929688,180.69000244140625,175.67999267578125,177.5399932861328,41873900,MSFT
2020-05-15,173.28265380859375,183.1600036621093,187.0599975585937,177.0,179.05999755859375,46610400,MSFT
2020-05-18,174.9383087158203,184.9100036621093,186.1999969482422,183.9600067138672,185.75,35264500,MSFT
2020-05-19,173.72735595703125,183.6300048828125,186.6000061035156,183.4900054931641,185.02999877929688,26799100,MSFT
2020-05-20,176.13702392578125,185.6600036621093,185.8500061035156,183.94000244140625,184.8099975585937,31261300,MSFT
2020-05-21,174.02145385742188,183.42999267578125,186.6699981689453,183.2899932861328,185.3999938964844,29119500,MSFT
2020-05-22,174.09730529785156,183.509994506836,184.4600067138672,182.5399932861328,183.19000244140625,20826900,MSFT
2020-05-26,172.2567596435547,181.57000732421875,186.5,181.1000061035156,186.33999633789065,36073600,MSFT
2020-05-27,172.4845428466797,181.8099975585937,181.9900054931641,176.60000610351562,180.1999969482422,39517100,MSFT
2020-05-28,172.09555053710938,181.3999938964844,184.1499938964844,180.3800048828125,180.7400054931641,33810200,MSFT
2020-05-29,173.85064697265625,183.25,184.2700042724609,180.4100036621093,182.72999572753903,42130400,MSFT
2020-06-01,173.45216369628906,182.8300018310547,183.0,181.4600067138672,182.5399932861328,22622400,MSFT
2020-06-02,175.42552185058594,184.9100036621093,185.0,181.3500061035156,184.25,30794600,MSFT
2020-06-03,175.85243225097656,185.3600006103516,185.94000244140625,183.5800018310547,184.82000732421875,27311000,MSFT
2020-06-04,173.53756713867188,182.9199981689453,185.83999633789065,182.3000030517578,184.3000030517578,28761800,MSFT
2020-06-05,177.59805297851562,187.1999969482422,187.72999572753903,182.009994506836,182.6199951171875,39893600,MSFT
2020-06-08,178.69854736328125,188.3600006103516,188.5500030517578,184.44000244140625,185.94000244140625,33211600,MSFT
2020-06-09,180.06472778320312,189.8000030517578,190.6999969482422,187.259994506836,188.0,29783900,MSFT
2020-06-10,186.7435913085937,196.83999633789065,198.5200042724609,191.009994506836,191.1300048828125,43872300,MSFT
2020-06-11,176.71575927734375,186.2700042724609,195.759994506836,186.07000732421875,193.1300048828125,52854700,MSFT
2020-06-12,178.1103515625,187.7400054931641,191.72000122070312,185.17999267578125,190.5399932861328,43373600,MSFT
2020-06-15,179.24879455566406,188.94000244140625,190.82000732421875,184.009994506836,184.5800018310547,32770200,MSFT
2020-06-16,183.641342163086,193.57000732421875,195.5800018310547,191.4600067138672,192.88999938964844,42556700,MSFT
2020-06-17,184.2769775390625,194.2400054931641,196.32000732421875,193.69000244140625,195.02999877929688,25687800,MSFT
2020-06-18,186.25027465820312,196.32000732421875,196.4900054931641,194.0,194.0,23061600,MSFT
2020-06-19,185.1402740478516,195.1499938964844,199.2899932861328,194.3699951171875,198.58999633789065,44441100,MSFT
2020-06-22,190.2823028564453,200.57000732421875,200.759994506836,195.22999572753903,195.7899932861328,32818900,MSFT
2020-06-23,191.5535583496093,201.9100036621093,203.9499969482422,201.42999267578125,202.08999633789065,30917400,MSFT
2020-06-24,187.6923065185547,197.83999633789065,203.25,196.5599975585937,201.6000061035156,36740600,MSFT
2020-06-25,190.06407165527344,200.33999633789065,200.6100006103516,195.47000122070312,197.8000030517578,27803900,MSFT
2020-06-26,186.2597503662109,196.3300018310547,199.88999938964844,194.8800048828125,199.72999572753903,54675800,MSFT
2020-06-29,188.2615661621093,198.44000244140625,198.52999877929688,193.5500030517578,195.77999877929688,26701600,MSFT
2020-06-30,193.0714263916016,203.509994506836,204.3999938964844,197.7400054931641,197.8800048828125,34310300,MSFT
2020-07-01,194.200439453125,204.6999969482422,206.3500061035156,201.7700042724609,203.13999938964844,32061200,MSFT
2020-07-02,195.680419921875,206.259994506836,208.0200042724609,205.0,205.67999267578125,29315800,MSFT
2020-07-06,199.8927001953125,210.6999969482422,211.1300048828125,208.08999633789065,208.8300018310547,31897600,MSFT
2020-07-07,197.568359375,208.25,214.6699981689453,207.9900054931641,210.4499969482422,33600700,MSFT
2020-07-08,201.91343688964844,212.8300018310547,213.259994506836,208.69000244140625,210.07000732421875,33600000,MSFT
2020-07-09,203.32701110839844,214.32000732421875,216.3800048828125,211.47000122070312,216.3300018310547,33121700,MSFT
2020-07-10,202.7103271484375,213.6699981689453,214.0800018310547,211.0800018310547,213.6199951171875,26177600,MSFT
2020-07-13,196.4488677978516,207.07000732421875,215.8000030517578,206.5,214.47999572753903,38135600,MSFT
2020-07-14,197.6632232666016,208.3500061035156,208.8500061035156,202.02999877929688,206.1300048828125,37591800,MSFT
2020-07-15,197.369140625,208.0399932861328,211.3300018310547,205.02999877929688,209.5599975585937,32179400,MSFT
2020-07-16,193.4604034423828,203.9199981689453,205.6999969482422,202.3099975585937,205.3999938964844,29940700,MSFT
2020-07-17,192.47378540039065,202.8800048828125,205.0399932861328,201.38999938964844,204.47000122070312,31635300,MSFT
2020-07-20,200.7465057373047,211.6000061035156,212.3000030517578,203.009994506836,205.0,36884800,MSFT
2020-07-21,198.0426788330078,208.75,213.94000244140625,208.02999877929688,213.6600036621093,37990400,MSFT
2020-07-22,200.88885498046875,211.75,212.3000030517578,208.38999938964844,209.1999969482422,49605700,MSFT
2020-07-23,192.1512451171875,202.5399932861328,210.9199981689453,202.1499938964844,207.19000244140625,67457000,MSFT
2020-07-24,190.974838256836,201.3000030517578,202.8600006103516,197.509994506836,200.4199981689453,39827000,MSFT
2020-07-27,193.39404296875,203.8500061035156,203.97000122070312,200.8600006103516,201.47000122070312,30160900,MSFT
2020-07-28,191.6578826904297,202.0200042724609,204.6999969482422,201.7400054931641,203.6100006103516,23251400,MSFT
2020-07-29,193.5932464599609,204.0599975585937,204.6499938964844,202.009994506836,202.5,19632600,MSFT
2020-07-30,193.44146728515625,203.8999938964844,204.4600067138672,199.57000732421875,201.0,25079600,MSFT
2020-07-31,194.4945373535156,205.009994506836,205.1000061035156,199.009994506836,204.3999938964844,51044000,MSFT
2020-08-03,205.4331970214844,216.5399932861328,217.63999938964844,210.44000244140625,211.5200042724609,78983000,MSFT
2020-08-04,202.349838256836,213.2899932861328,214.7700042724609,210.3099975585937,214.1699981689453,49280100,MSFT
2020-08-05,202.017807006836,212.94000244140625,215.0,211.57000732421875,214.8999938964844,28806400,MSFT
2020-08-06,205.2528533935547,216.3500061035156,216.3699951171875,211.5500030517578,212.33999633789065,32656800,MSFT
2020-08-07,201.58140563964844,212.47999572753903,215.6999969482422,210.92999267578125,214.8500061035156,27820400,MSFT
2020-08-10,197.568359375,208.25,211.8800048828125,206.3500061035156,211.6699981689453,36716500,MSFT
2020-08-11,192.9481201171875,203.3800048828125,207.6499938964844,203.13999938964844,207.1600036621093,36446500,MSFT
2020-08-12,198.4601593017578,209.19000244140625,210.27999877929688,204.75,205.2899932861328,28013100,MSFT
2020-08-13,197.9952392578125,208.6999969482422,211.3500061035156,208.1499938964844,209.44000244140625,22588900,MSFT
2020-08-14,198.1849670410156,208.8999938964844,209.58999633789065,207.509994506836,208.759994506836,17958900,MSFT
2020-08-17,199.4942321777344,210.27999877929688,211.19000244140625,208.9199981689453,209.6000061035156,20184800,MSFT
2020-08-18,200.6421356201172,211.4900054931641,212.3600006103516,209.2100067138672,210.52999877929688,21336200,MSFT
2020-08-19,199.4248809814453,209.6999969482422,212.1000061035156,209.25,211.4900054931641,27627600,MSFT
2020-08-20,204.0657501220703,214.5800018310547,215.0,208.9100036621093,209.5399932861328,26981500,MSFT
2020-08-21,202.5822296142578,213.0200042724609,216.25,212.8500061035156,213.8600006103516,36249300,MSFT
2020-08-24,203.2193756103516,213.69000244140625,215.5200042724609,212.42999267578125,214.7899932861328,25460100,MSFT
2020-08-25,205.8631591796875,216.47000122070312,216.6100006103516,213.1000061035156,213.1000061035156,23043700,MSFT
2020-08-26,210.3138427734375,221.1499938964844,222.08999633789065,217.3600006103516,217.8800048828125,39600800,MSFT
2020-08-27,215.477783203125,226.5800018310547,231.1499938964844,219.3999938964844,222.88999938964844,57602200,MSFT
2020-08-28,217.693588256836,228.9100036621093,230.63999938964844,226.5800018310547,228.17999267578125,26292900,MSFT
2020-08-31,214.47921752929688,225.52999877929688,228.6999969482422,224.3099975585937,227.0,28774200,MSFT
2020-09-01,216.13397216796875,227.2700042724609,227.4499969482422,224.42999267578125,225.509994506836,25725500,MSFT
2020-09-02,220.2993621826172,231.6499938964844,232.8600006103516,227.3500061035156,227.97000122070312,34080800,MSFT
2020-09-03,206.6525115966797,217.3000030517578,229.3099975585937,214.9600067138672,229.2700042724609,58400300,MSFT
2020-09-04,203.7519378662109,214.25,218.3600006103516,205.19000244140625,215.1000061035156,59664100,MSFT
2020-09-08,192.72984313964844,202.6600036621093,210.02999877929688,202.1999969482422,206.5,52924300,MSFT
2020-09-09,200.9369354248047,211.2899932861328,214.83999633789065,206.6999969482422,207.6000061035156,45679000,MSFT
2020-09-10,195.30702209472656,205.3699951171875,214.7400054931641,204.1100006103516,213.3999938964844,35461500,MSFT
2020-09-11,194.03268432617188,204.02999877929688,208.6300048828125,201.2400054931641,207.1999969482422,33620100,MSFT
2020-09-14,195.34507751464844,205.4100036621093,209.1999969482422,204.02999877929688,204.2400054931641,30375800,MSFT
2020-09-15,198.5499420166016,208.77999877929688,209.77999877929688,206.92999267578125,208.4199981689453,21823900,MSFT
2020-09-16,195.00274658203125,205.0500030517578,210.6499938964844,204.63999938964844,210.6199951171875,26328100,MSFT
2020-09-17,192.9675750732422,202.9100036621093,204.3300018310547,199.9600067138672,200.0500030517578,34011300,MSFT
2020-09-18,190.5710601806641,200.38999938964844,203.6499938964844,196.25,202.8000030517578,55225300,MSFT
2020-09-21,192.61572265625,202.5399932861328,202.7100067138672,196.3800048828125,197.19000244140625,39839700,MSFT
2020-09-22,197.2566070556641,207.4199981689453,208.1000061035156,202.0800018310547,205.0599975585937,33517100,MSFT
2020-09-23,190.76124572753903,200.58999633789065,208.1000061035156,200.02999877929688,207.8999938964844,30803800,MSFT
2020-09-24,193.23385620117188,203.19000244140625,205.57000732421875,199.1999969482422,199.8500061035156,31202500,MSFT
2020-09-25,197.63702392578125,207.82000732421875,209.0399932861328,202.5399932861328,203.5500030517578,29437300,MSFT
2020-09-28,199.1776428222656,209.44000244140625,212.57000732421875,208.0599975585937,210.8800048828125,32004900,MSFT
2020-09-29,197.1044006347656,207.259994506836,210.07000732421875,206.8099975585937,209.3500061035156,24221900,MSFT
2020-09-30,200.02403259277344,210.3300018310547,211.97999572753903,206.5399932861328,207.72999572753903,33829100,MSFT
2020-10-01,202.0496368408203,212.4600067138672,213.9900054931641,211.32000732421875,213.4900054931641,27158400,MSFT
2020-10-02,196.0868530273437,206.19000244140625,210.9900054931641,205.5399932861328,208.0,33154800,MSFT
2020-10-05,200.0715484619141,210.3800048828125,210.4100036621093,206.97999572753903,207.22000122070312,21331600,MSFT
2020-10-06,195.82061767578125,205.9100036621093,210.17999267578125,204.82000732421875,208.82000732421875,28554300,MSFT
2020-10-07,199.54852294921875,209.8300018310547,210.1100006103516,206.72000122070312,207.0599975585937,25681100,MSFT
2020-10-08,200.26174926757807,210.5800018310547,211.19000244140625,208.32000732421875,210.509994506836,19925800,MSFT
2020-10-09,205.2354888916016,215.8099975585937,215.8600006103516,211.22999572753903,211.22999572753903,26458000,MSFT
2020-10-12,210.5515899658203,221.3999938964844,223.8600006103516,216.8099975585937,218.7899932861328,40461400,MSFT
2020-10-13,211.9400329589844,222.8600006103516,225.2100067138672,220.42999267578125,222.72000122070312,28950800,MSFT
2020-10-14,210.0380401611328,220.8600006103516,224.22000122070312,219.1300048828125,223.0,23421700,MSFT
2020-10-15,208.8968505859375,219.6600036621093,220.3600006103516,216.009994506836,217.1000061035156,22733100,MSFT
2020-10-16,208.8968505859375,219.6600036621093,222.2899932861328,219.32000732421875,220.1499938964844,26057900,MSFT
2020-10-19,203.72341918945312,214.22000122070312,222.3000030517578,213.72000122070312,220.4199981689453,27625800,MSFT
2020-10-20,204.13233947753903,214.6499938964844,217.3699951171875,213.08999633789065,215.8000030517578,22753500,MSFT
2020-10-21,204.2749786376953,214.8000030517578,216.9199981689453,213.1199951171875,213.1199951171875,22724900,MSFT
2020-10-22,204.360580444336,214.88999938964844,216.0599975585937,211.6999969482422,213.92999267578125,22351500,MSFT
2020-10-23,205.6349029541016,216.22999572753903,216.27999877929688,213.1600036621093,215.02999877929688,18879600,MSFT
2020-10-26,199.78623962402344,210.0800018310547,216.33999633789065,208.1000061035156,213.8500061035156,37111600,MSFT
2020-10-27,202.8009490966797,213.25,214.6699981689453,210.3300018310547,211.58999633789065,36700300,MSFT
2020-10-28,192.7488708496093,202.67999267578125,208.83999633789065,202.1000061035156,207.6699981689453,51195600,MSFT
2020-10-29,194.6889038085937,204.72000122070312,207.3600006103516,203.3699951171875,204.07000732421875,31432600,MSFT
2020-10-30,192.5491485595703,202.47000122070312,204.2899932861328,199.6199951171875,203.5,36953700,MSFT
2020-11-02,192.41603088378903,202.3300018310547,205.27999877929688,200.1199951171875,204.2899932861328,30842200,MSFT
2020-11-03,196.31509399414065,206.42999267578125,208.1199951171875,203.1199951171875,203.88999938964844,27512000,MSFT
2020-11-04,205.78707885742188,216.38999938964844,218.32000732421875,212.4199981689453,214.0200042724609,42311800,MSFT
2020-11-05,212.34898376464844,223.2899932861328,224.1199951171875,221.1499938964844,222.0399932861328,36080100,MSFT
2020-11-06,212.7579345703125,223.72000122070312,224.3600006103516,218.02999877929688,222.259994506836,25231900,MSFT
2020-11-09,207.6890869140625,218.38999938964844,228.1199951171875,217.8800048828125,224.44000244140625,44395000,MSFT
2020-11-10,200.67068481445312,211.009994506836,216.5,209.72000122070312,214.5,44045100,MSFT
2020-11-11,205.93923950195312,216.5500030517578,218.0399932861328,212.1999969482422,212.38999938964844,29440800,MSFT
2020-11-12,204.8836212158203,215.44000244140625,219.1100006103516,214.4600067138672,217.2100067138672,21593900,MSFT
2020-11-13,205.9011688232422,216.509994506836,217.4199981689453,214.1600036621093,216.3600006103516,18621100,MSFT
2020-11-16,206.5859375,217.22999572753903,217.7400054931641,214.5200042724609,214.8699951171875,24953300,MSFT
2020-11-17,203.95167541503903,214.4600067138672,217.67999267578125,214.0800018310547,216.1000061035156,24154100,MSFT
2020-11-18,201.2627868652344,211.0800018310547,215.1699981689453,210.92999267578125,213.6499938964844,28372800,MSFT
2020-11-19,202.5404663085937,212.4199981689453,213.02999877929688,209.92999267578125,211.3800048828125,24792700,MSFT
2020-11-20,200.6048889160156,210.38999938964844,213.2899932861328,210.0,212.1999969482422,22843100,MSFT
2020-11-23,200.33792114257807,210.1100006103516,212.2899932861328,208.1600036621093,210.9499969482422,25683500,MSFT
2020-11-24,203.9135284423828,213.8600006103516,214.25,208.8600006103516,209.58999633789065,33979700,MSFT
2020-11-25,203.92303466796875,213.8699951171875,215.2899932861328,212.4600067138672,215.1100006103516,21012900,MSFT
2020-11-27,205.2198181152344,215.22999572753903,216.2700042724609,214.0399932861328,214.8500061035156,14512200,MSFT
2020-11-30,204.1137237548828,214.07000732421875,214.759994506836,210.83999633789065,214.1000061035156,33064800,MSFT
2020-12-01,206.1542053222656,216.2100067138672,217.32000732421875,213.3500061035156,214.509994506836,30904500,MSFT
2020-12-02,205.3532867431641,215.3699951171875,215.47000122070312,212.8000030517578,214.8800048828125,23724500,MSFT
2020-12-03,204.27584838867188,214.2400054931641,216.3800048828125,213.6499938964844,214.6100006103516,25120900,MSFT
2020-12-04,204.3902740478516,214.3600006103516,215.3800048828125,213.17999267578125,214.22000122070312,24666000,MSFT
2020-12-07,204.32351684570312,214.2899932861328,215.5399932861328,212.9900054931641,214.3699951171875,24620000,MSFT
2020-12-08,205.9635009765625,216.009994506836,216.9499969482422,212.88999938964844,213.97000122070312,23284100,MSFT
2020-12-09,201.9493408203125,211.8000030517578,215.22999572753903,211.2100067138672,215.1600036621093,32440600,MSFT
2020-12-10,200.72886657714844,210.5200042724609,213.0800018310547,210.3600006103516,211.7700042724609,26733300,MSFT
2020-12-11,203.3413848876953,213.259994506836,213.32000732421875,209.1100006103516,210.0500030517578,30979400,MSFT
2020-12-14,204.2376708984375,214.1999969482422,216.2100067138672,212.8800048828125,213.1000061035156,28798400,MSFT
2020-12-15,204.1709899902344,214.1300048828125,215.4199981689453,212.2400054931641,215.1699981689453,27000600,MSFT
2020-12-16,209.0814514160156,219.27999877929688,220.1100006103516,214.72000122070312,214.75,35023300,MSFT
2020-12-17,209.21495056152344,219.4199981689453,220.88999938964844,217.9199981689453,219.8699951171875,32515800,MSFT
2020-12-18,208.4235382080078,218.58999633789065,219.69000244140625,216.0200042724609,218.58999633789065,63354900,MSFT
2020-12-21,212.23748779296875,222.58999633789065,224.0,217.27999877929688,217.5500030517578,37181900,MSFT
2020-12-22,213.5247039794922,223.94000244140625,225.6300048828125,221.8500061035156,222.69000244140625,22612200,MSFT
2020-12-23,210.7404937744141,221.0200042724609,223.5599975585937,220.8000030517578,223.1100006103516,18699600,MSFT
2020-12-24,212.3900451660156,222.75,223.6100006103516,221.1999969482422,221.4199981689453,10550600,MSFT
2020-12-28,214.49725341796875,224.9600067138672,226.02999877929688,223.0200042724609,224.4499969482422,17933500,MSFT
2020-12-29,213.72496032714844,224.1499938964844,227.17999267578125,223.5800018310547,226.3099975585937,17403200,MSFT
2020-12-30,211.3697967529297,221.67999267578125,225.6300048828125,221.47000122070312,225.22999572753903,20272300,MSFT
2020-12-31,212.07540893554688,222.4199981689453,223.0,219.67999267578125,221.6999969482422,20942100,MSFT
2021-01-04,207.5653839111328,217.69000244140625,223.0,214.8099975585937,222.52999877929688,37130100,MSFT
2021-01-05,207.7656097412109,217.8999938964844,218.5200042724609,215.6999969482422,217.259994506836,23823000,MSFT
2021-01-06,202.37838745117188,212.25,216.4900054931641,211.94000244140625,212.1699981689453,35930700,MSFT
2021-01-07,208.13748168945312,218.2899932861328,219.33999633789065,213.7100067138672,214.0399932861328,27694500,MSFT
2021-01-08,209.4055938720703,219.6199951171875,220.5800018310547,217.02999877929688,218.67999267578125,22956200,MSFT
2021-01-11,207.3746795654297,217.4900054931641,218.9100036621093,216.72999572753903,218.47000122070312,23031300,MSFT
2021-01-12,204.9337615966797,214.92999267578125,217.1000061035156,213.32000732421875,216.5,23249300,MSFT
2021-01-13,206.2781982421875,216.33999633789065,216.759994506836,213.92999267578125,214.0200042724609,20087100,MSFT
2021-01-14,203.11257934570312,213.0200042724609,217.4600067138672,212.7400054931641,215.9100036621093,29480800,MSFT
2021-01-15,202.75973510742188,212.6499938964844,214.509994506836,212.02999877929688,213.5200042724609,31746500,MSFT
2021-01-19,206.3735198974609,216.44000244140625,216.97999572753903,212.6300048828125,213.75,30480900,MSFT
2021-01-20,213.9060974121093,224.33999633789065,225.7899932861328,217.2899932861328,217.6999969482422,37777300,MSFT
2021-01-21,214.5068359375,224.97000122070312,226.3000030517578,222.4199981689453,224.6999969482422,30709400,MSFT
2021-01-22,215.44119262695312,225.9499969482422,230.07000732421875,225.8000030517578,227.0800018310547,30172700,MSFT
2021-01-25,218.854736328125,229.52999877929688,229.77999877929688,224.22000122070312,229.1199951171875,33152100,MSFT
2021-01-26,221.5244903564453,232.3300018310547,234.17999267578125,230.0800018310547,231.8600006103516,49169600,MSFT
2021-01-27,222.0679473876953,232.8999938964844,240.44000244140625,230.13999938964844,238.0,69870600,MSFT
2021-01-28,227.81753540039065,238.92999267578125,242.63999938964844,235.08999633789065,235.6100006103516,49111200,MSFT
2021-01-29,221.1716766357422,231.9600067138672,238.0200042724609,231.3500061035156,235.9900054931641,42503100,MSFT
2021-02-01,228.5040283203125,239.6499938964844,242.5,232.42999267578125,235.0599975585937,33314200,MSFT
2021-02-02,228.3705291748047,239.509994506836,242.3099975585937,238.69000244140625,241.3000030517578,25916300,MSFT
2021-02-03,231.69821166992188,243.0,245.08999633789065,239.259994506836,239.57000732421875,27158100,MSFT
2021-02-04,230.7542724609375,242.009994506836,243.2400054931641,240.3699951171875,242.6600036621093,25296100,MSFT
2021-02-05,230.9354553222656,242.1999969482422,243.27999877929688,240.4199981689453,242.22999572753903,18054800,MSFT
2021-02-08,231.19287109375,242.47000122070312,243.67999267578125,240.8099975585937,243.1499938964844,22211900,MSFT
2021-02-09,232.4324493408203,243.7700042724609,244.759994506836,241.3800048828125,241.8699951171875,23565000,MSFT
2021-02-10,231.526611328125,242.82000732421875,245.9199981689453,240.88999938964844,245.0,22186700,MSFT
2021-02-11,233.11892700195312,244.4900054931641,245.1499938964844,242.1499938964844,244.77999877929688,15751100,MSFT
2021-02-12,233.595703125,244.9900054931641,245.3000030517578,242.72999572753903,243.92999267578125,16561100,MSFT
2021-02-16,232.3656768798828,243.6999969482422,246.1300048828125,242.9199981689453,245.02999877929688,26728500,MSFT
2021-02-17,233.37872314453125,244.1999969482422,244.3099975585937,240.94000244140625,241.32000732421875,21653500,MSFT
2021-02-18,232.9868621826172,243.7899932861328,243.92999267578125,240.8600006103516,241.8000030517578,16925600,MSFT
2021-02-19,230.29185485839844,240.97000122070312,243.8600006103516,240.17999267578125,243.75,25262600,MSFT
2021-02-22,224.11805725097656,234.509994506836,237.92999267578125,232.3999938964844,237.4199981689453,36446900,MSFT
2021-02-23,222.9330444335937,233.2700042724609,234.8300018310547,228.72999572753903,230.3300018310547,30228700,MSFT
2021-02-24,224.1563415527344,234.5500030517578,235.1999969482422,229.0,230.009994506836,26339700,MSFT
2021-02-25,218.8426971435547,228.9900054931641,234.58999633789065,227.8800048828125,232.0800018310547,39542200,MSFT
2021-02-26,222.08248901367188,232.3800048828125,235.3699951171875,229.5399932861328,231.52999877929688,37819200,MSFT
2021-03-01,226.44039916992188,236.94000244140625,237.47000122070312,233.1499938964844,235.8999938964844,25324000,MSFT
2021-03-02,223.5064392089844,233.8699951171875,237.3000030517578,233.4499969482422,237.009994506836,22812500,MSFT
2021-03-03,217.4760589599609,227.5599975585937,233.5800018310547,227.259994506836,232.1600036621093,34029500,MSFT
2021-03-04,216.6828155517578,226.72999572753903,232.4900054931641,224.259994506836,226.7400054931641,44727800,MSFT
2021-03-05,221.3370513916016,231.6000061035156,233.2700042724609,226.4600067138672,229.5200042724609,41872800,MSFT
2021-03-08,217.3135681152344,227.38999938964844,233.3699951171875,227.1300048828125,231.3699951171875,35267400,MSFT
2021-03-09,223.42044067382807,233.77999877929688,235.3800048828125,231.6699981689453,232.8800048828125,33080500,MSFT
2021-03-10,222.12071228027344,232.4199981689453,237.0,232.0399932861328,237.0,29746800,MSFT
2021-03-11,226.62196350097656,237.1300048828125,239.1699981689453,234.3099975585937,234.9600067138672,29907600,MSFT
2021-03-12,225.3031463623047,235.75,235.82000732421875,233.22999572753903,234.009994506836,22653700,MSFT
2021-03-15,224.40481567382807,234.8099975585937,235.19000244140625,231.8099975585937,234.9600067138672,26034900,MSFT
2021-03-16,227.17626953125,237.7100067138672,240.0599975585937,235.94000244140625,236.27999877929688,28092200,MSFT
2021-03-17,226.5359649658203,237.0399932861328,238.5500030517578,233.22999572753903,236.1499938964844,29562100,MSFT
2021-03-18,220.4960327148437,230.72000122070312,234.19000244140625,230.3300018310547,232.5599975585937,34833000,MSFT
2021-03-19,220.1424255371093,230.3500061035156,232.47000122070312,229.3500061035156,231.0200042724609,46430700,MSFT
2021-03-22,225.53253173828125,235.9900054931641,236.8999938964844,230.13999938964844,230.2700042724609,30127000,MSFT
2021-03-23,227.0520477294922,237.5800018310547,241.0500030517578,237.07000732421875,237.4900054931641,31638400,MSFT
2021-03-24,225.0260162353516,235.4600067138672,238.0,235.32000732421875,237.8500061035156,25620100,MSFT
2021-03-25,222.0442047119141,232.33999633789065,236.94000244140625,231.57000732421875,235.3000030517578,34061900,MSFT
2021-03-26,226.0008239746093,236.47999572753903,236.7100067138672,231.5500030517578,231.5500030517578,25479900,MSFT
2021-03-29,224.8157653808593,235.2400054931641,236.8000030517578,231.8800048828125,236.58999633789065,25227500,MSFT
2021-03-30,221.5760040283203,231.8500061035156,233.8500061035156,231.1000061035156,233.52999877929688,24792000,MSFT
2021-03-31,225.3222503662109,235.7700042724609,239.1000061035156,232.38999938964844,232.9100036621093,43623500,MSFT
2021-04-01,231.6106872558593,242.3500061035156,242.83999633789065,238.0500030517578,238.47000122070312,30338000,MSFT
2021-04-05,238.0328826904297,249.07000732421875,249.9600067138672,242.6999969482422,242.759994506836,36910600,MSFT
2021-04-06,236.8765106201172,247.8600006103516,249.3999938964844,246.8800048828125,247.6100006103516,22931900,MSFT
2021-04-07,238.8260955810547,249.8999938964844,250.92999267578125,247.19000244140625,247.8099975585937,22719800,MSFT
2021-04-08,242.0276794433593,253.25,254.13999938964844,252.0,252.7700042724609,23625200,MSFT
2021-04-09,244.512451171875,255.8500061035156,255.9900054931641,252.44000244140625,252.8699951171875,24326800,MSFT
2021-04-12,244.5697784423828,255.9100036621093,257.6700134277344,254.6199951171875,254.7100067138672,27148700,MSFT
2021-04-13,247.03546142578125,258.489990234375,259.19000244140625,256.8299865722656,257.260009765625,23837500,MSFT
2021-04-14,244.26394653320312,255.58999633789065,258.8299865722656,255.1600036621093,257.4800109863281,23070900,MSFT
2021-04-15,248.00070190429688,259.5,259.92999267578125,257.7300109863281,257.92999267578125,25627500,MSFT
2021-04-16,249.185791015625,260.739990234375,261.0,257.6000061035156,259.4700012207031,24878600,MSFT
2021-04-19,247.27438354492188,258.739990234375,261.4800109863281,257.82000732421875,260.19000244140625,23209300,MSFT
2021-04-20,246.815658569336,258.260009765625,260.20001220703125,256.8399963378906,257.82000732421875,19722900,MSFT
2021-04-21,249.0328063964844,260.5799865722656,260.67999267578125,257.25,258.94000244140625,24030400,MSFT
2021-04-22,245.77398681640625,257.1700134277344,261.7799987792969,255.63999938964844,260.2099914550781,25606200,MSFT
2021-04-23,249.5775604248047,261.1499938964844,261.510009765625,257.2699890136719,257.8800048828125,21462600,MSFT
2021-04-26,249.9598693847656,261.54998779296875,262.44000244140625,260.1700134277344,261.6600036621094,19763300,MSFT
2021-04-27,250.36129760742188,261.9700012207031,263.19000244140625,260.1199951171875,261.5799865722656,31014200,MSFT
2021-04-28,243.2796325683593,254.5599975585937,256.5400085449219,252.9499969482422,256.0799865722656,46903100,MSFT
2021-04-29,241.3204345703125,252.509994506836,256.1000061035156,249.0,255.4600067138672,40589000,MSFT
2021-04-30,241.0050811767578,252.17999267578125,253.0800018310547,249.6000061035156,249.7400054931641,30945100,MSFT
2021-05-03,240.69927978515625,251.8600006103516,254.3500061035156,251.1199951171875,253.3999938964844,19626600,MSFT
2021-05-04,236.80958557128903,247.7899932861328,251.2100067138672,245.759994506836,250.97000122070312,32756100,MSFT
2021-05-05,235.54812622070312,246.47000122070312,249.5,245.82000732421875,249.0599975585937,21901300,MSFT
2021-05-06,238.6636505126953,249.72999572753903,249.8600006103516,244.69000244140625,246.4499969482422,26491100,MSFT
2021-05-07,241.2726593017578,252.4600067138672,254.3000030517578,251.1699981689453,252.1499938964844,27032900,MSFT
2021-05-10,236.2266387939453,247.17999267578125,251.72999572753903,247.1199951171875,250.8699951171875,29299900,MSFT
2021-05-11,235.3187255859375,246.22999572753903,246.6000061035156,242.57000732421875,244.5500030517578,33641600,MSFT
2021-05-12,228.4091033935547,239.0,244.3800048828125,238.07000732421875,242.1699981689453,36684400,MSFT
2021-05-13,232.2605743408203,243.02999877929688,245.6000061035156,241.4199981689453,241.8000030517578,29624300,MSFT
2021-05-14,237.15367126464844,248.1499938964844,249.17999267578125,245.4900054931641,245.5800018310547,23901100,MSFT
2021-05-17,234.3152770996093,245.17999267578125,246.58999633789065,243.5200042724609,246.5500030517578,24970200,MSFT
2021-05-18,232.30828857421875,243.0800018310547,246.4100036621093,242.8999938964844,246.2700042724609,20168000,MSFT
2021-05-19,232.883056640625,243.1199951171875,243.22999572753903,238.6000061035156,239.3099975585937,25739800,MSFT
2021-05-20,236.1015625,246.47999572753903,247.9499969482422,243.8600006103516,243.9600067138672,21800700,MSFT
2021-05-21,234.8467559814453,245.1699981689453,248.3300018310547,244.7400054931641,247.57000732421875,21863100,MSFT
2021-05-24,240.2205352783203,250.77999877929688,251.1600036621093,247.509994506836,247.7899932861328,21411500,MSFT
2021-05-25,241.1209411621093,251.72000122070312,252.75,250.82000732421875,251.7700042724609,17704300,MSFT
2021-05-26,240.90060424804688,251.4900054931641,252.94000244140625,250.75,251.42999267578125,17771600,MSFT
2021-05-27,238.8124237060547,249.3099975585937,251.47999572753903,249.25,251.1699981689453,24426200,MSFT
2021-05-28,239.1668395996093,249.67999267578125,252.0800018310547,249.5599975585937,251.0,18270200,MSFT
2021-06-01,236.9828338623047,247.3999938964844,251.2899932861328,246.9600067138672,251.22999572753903,23213300,MSFT
2021-06-02,236.8870544433593,247.3000030517578,249.2700042724609,245.83999633789065,248.1300048828125,19406700,MSFT
2021-06-03,235.3640289306641,245.7100067138672,246.33999633789065,243.0,245.22000122070312,25307700,MSFT
2021-06-04,240.2301025390625,250.7899932861328,251.6499938964844,247.509994506836,247.759994506836,25281100,MSFT
2021-06-07,243.1229553222656,253.8099975585937,254.08999633789065,249.8099975585937,249.97999572753903,23079200,MSFT
2021-06-08,241.9351501464844,252.57000732421875,256.010009765625,252.509994506836,255.1600036621093,22455000,MSFT
2021-06-09,242.91221618652344,253.58999633789065,255.52999877929688,253.2100067138672,253.8099975585937,17937600,MSFT
2021-06-10,246.40850830078125,257.239990234375,257.4599914550781,253.6699981689453,254.2899932861328,24563600,MSFT
2021-06-11,247.0311737060547,257.8900146484375,258.489990234375,256.6099853515625,257.989990234375,18999700,MSFT
2021-06-14,248.9469451904297,259.8900146484375,259.95001220703125,256.79998779296875,257.8999938964844,19150500,MSFT
2021-06-15,247.4813232421875,258.3599853515625,259.989990234375,257.67999267578125,259.7699890136719,18038900,MSFT
2021-06-16,246.54263305664065,257.3800048828125,260.5799865722656,254.4199981689453,259.3999938964844,27220000,MSFT
2021-06-17,249.9144287109375,260.8999938964844,261.75,256.010009765625,256.07000732421875,27565500,MSFT
2021-06-18,248.5062866210937,259.42999267578125,262.29998779296875,258.75,259.6300048828125,37202200,MSFT
2021-06-21,251.5715484619141,262.6300048828125,263.5199890136719,257.9200134277344,259.82000732421875,26696100,MSFT
2021-06-22,254.33023071289065,265.510009765625,265.7900085449219,262.3999938964844,262.7200012207031,24694100,MSFT
2021-06-23,254.1004333496093,265.2699890136719,266.8299865722656,264.42999267578125,265.989990234375,19518700,MSFT
2021-06-24,255.460693359375,266.69000244140625,267.8500061035156,265.4700012207031,266.1600036621094,21446900,MSFT
2021-06-25,253.86083984375,265.0199890136719,267.25,264.760009765625,266.2300109863281,25611100,MSFT
2021-06-28,257.4051818847656,268.7200012207031,268.8999938964844,265.9100036621094,266.19000244140625,19590000,MSFT
2021-06-29,259.9722595214844,271.3999938964844,271.6499938964844,267.9800109863281,268.8699951171875,19937800,MSFT
2021-06-30,259.49334716796875,270.8999938964844,271.3599853515625,269.6000061035156,270.69000244140625,21656500,MSFT
2021-07-01,260.16387939453125,271.6000061035156,271.8399963378906,269.6000061035156,269.6099853515625,16725300,MSFT
2021-07-02,265.9591064453125,277.6499938964844,278.0,272.5,272.82000732421875,26458000,MSFT
2021-07-06,265.9686889648437,277.6600036621094,279.3699951171875,274.29998779296875,278.0299987792969,31565600,MSFT
2021-07-07,268.1431579589844,279.92999267578125,280.69000244140625,277.1499938964844,279.3999938964844,23260000,MSFT
2021-07-08,265.73883056640625,277.4200134277344,278.7300109863281,274.8699951171875,276.8999938964844,24618600,MSFT
2021-07-09,266.2369079589844,277.94000244140625,278.04998779296875,275.32000732421875,275.7200012207031,23916700,MSFT
2021-07-12,265.6429748535156,277.32000732421875,279.7699890136719,276.5799865722656,279.1600036621094,18931700,MSFT
2021-07-13,269.1488647460937,280.9800109863281,282.8500061035156,277.3900146484375,277.5199890136719,26120100,MSFT
2021-07-14,270.614501953125,282.510009765625,283.6600036621094,280.54998779296875,282.3500061035156,23113700,MSFT
2021-07-15,269.19683837890625,281.0299987792969,282.510009765625,279.8299865722656,282.0,22604200,MSFT
2021-07-16,268.9285888671875,280.75,284.1000061035156,279.4599914550781,282.07000732421875,26186800,MSFT
2021-07-19,265.3460693359375,277.010009765625,280.3699951171875,274.45001220703125,278.92999267578125,32935600,MSFT
2021-07-20,267.558837890625,279.32000732421875,280.9700012207031,276.260009765625,278.0299987792969,26259700,MSFT
2021-07-21,269.5511779785156,281.3999938964844,281.5199890136719,277.2900085449219,278.8999938964844,24364300,MSFT
2021-07-22,274.0917663574219,286.1400146484375,286.4200134277344,283.4200134277344,283.8399963378906,23384100,MSFT
2021-07-23,277.4729919433594,289.6700134277344,289.989990234375,286.5,287.3699951171875,22768100,MSFT
2021-07-26,276.8790588378906,289.04998779296875,289.69000244140625,286.6400146484375,289.0,23176100,MSFT
2021-07-27,274.47479248046875,286.5400085449219,289.5799865722656,282.95001220703125,289.42999267578125,33604100,MSFT
2021-07-28,274.168212890625,286.2200012207031,290.1499938964844,283.8299865722656,288.989990234375,33566900,MSFT
2021-07-29,274.4364318847656,286.5,288.6199951171875,286.0799865722656,286.239990234375,18168300,MSFT
2021-07-30,272.9134216308594,284.9100036621094,286.6600036621094,283.9100036621094,285.1700134277344,20944800,MSFT
2021-08-02,272.8271789550781,284.82000732421875,286.7699890136719,283.739990234375,286.3599853515625,16267400,MSFT
2021-08-03,275.0302734375,287.1199951171875,287.2300109863281,284.0,285.4200134277344,17879000,MSFT
2021-08-04,274.446044921875,286.510009765625,287.5899963378906,284.6499938964844,286.2200012207031,16191300,MSFT
2021-08-05,277.3292541503906,289.5199890136719,289.6300048828125,286.1000061035156,286.8800048828125,13900200,MSFT
2021-08-06,277.2718811035156,289.4599914550781,289.5,287.6199951171875,288.510009765625,16589300,MSFT
2021-08-09,276.1893920898437,288.3299865722656,291.54998779296875,287.8099975585937,289.75,16117600,MSFT
2021-08-10,274.37908935546875,286.44000244140625,289.25,285.20001220703125,288.79998779296875,18616600,MSFT
2021-08-11,274.8674621582031,286.95001220703125,288.6600036621094,285.8599853515625,287.2099914550781,13955900,MSFT
2021-08-12,277.60711669921875,289.8099975585937,289.9700012207031,286.3399963378906,286.6300048828125,14561300,MSFT
2021-08-13,280.5190734863281,292.8500061035156,292.8999938964844,289.29998779296875,289.4800109863281,18249000,MSFT
2021-08-16,282.19549560546875,294.6000061035156,294.82000732421875,290.0199890136719,293.19000244140625,22507600,MSFT
2021-08-17,280.7393798828125,293.0799865722656,293.42999267578125,291.0799865722656,292.3900146484375,20075300,MSFT
2021-08-18,279.0215148925781,290.7300109863281,294.82000732421875,290.2699890136719,292.0400085449219,21813000,MSFT
2021-08-19,284.8183288574219,296.7699890136719,297.4700012207031,288.6400146484375,288.69000244140625,29850500,MSFT
2021-08-20,292.1025695800781,304.3599853515625,305.8399963378906,298.0599975585937,299.7200012207031,40817600,MSFT
2021-08-23,292.38092041015625,304.6499938964844,305.3999938964844,301.8500061035156,303.25,22830200,MSFT
2021-08-24,290.4326477050781,302.6199951171875,305.6499938964844,302.0,305.0199890136719,18175800,MSFT
2021-08-25,289.8472900390625,302.010009765625,304.5899963378906,300.4200134277344,304.29998779296875,20006100,MSFT
2021-08-26,287.0448608398437,299.0899963378906,302.42999267578125,298.95001220703125,300.989990234375,17666100,MSFT
2021-08-27,287.64947509765625,299.7200012207031,300.8699951171875,296.8299865722656,298.989990234375,22605700,MSFT
2021-08-30,291.3636474609375,303.5899963378906,304.2200012207031,301.0599975585937,301.1199951171875,16348100,MSFT
2021-08-31,289.7225036621094,301.8800048828125,304.5,301.5,304.4200134277344,26285300,MSFT
2021-09-01,289.67449951171875,301.8299865722656,305.19000244140625,301.489990234375,302.8699951171875,18983800,MSFT
2021-09-02,289.0219421386719,301.1499938964844,303.3599853515625,300.17999267578125,302.20001220703125,16285600,MSFT
2021-09-03,289.0122985839844,301.1400146484375,302.6000061035156,300.260009765625,300.989990234375,14747900,MSFT
2021-09-07,288.0909423828125,300.17999267578125,301.0899963378906,298.20001220703125,301.010009765625,17180400,MSFT
2021-09-08,288.1197814941406,300.2099914550781,300.6099853515625,297.4700012207031,299.7799987792969,15046800,MSFT
2021-09-09,285.2789611816406,297.25,302.1400146484375,297.0,300.82000732421875,19927000,MSFT
2021-09-10,283.8009338378906,295.7099914550781,299.9200134277344,295.3800048828125,298.4200134277344,19633400,MSFT
2021-09-13,285.0292358398437,296.989990234375,298.5400085449219,294.0799865722656,297.54998779296875,23652900,MSFT
2021-09-14,287.7166442871094,299.7900085449219,301.3900146484375,298.1000061035156,299.5599975585937,21853400,MSFT
2021-09-15,292.5440368652344,304.82000732421875,305.32000732421875,301.82000732421875,303.260009765625,28356300,MSFT
2021-09-16,292.9279479980469,305.2200012207031,305.3099975585937,300.760009765625,303.760009765625,19550800,MSFT
2021-09-17,287.7933654785156,299.8699951171875,304.5,299.5299987792969,304.1700134277344,41372500,MSFT
2021-09-20,282.4476318359375,294.29998779296875,298.7200012207031,289.5199890136719,296.3299865722656,38278700,MSFT
2021-09-21,282.9276733398437,294.79998779296875,297.5400085449219,294.07000732421875,295.69000244140625,22364100,MSFT
2021-09-22,286.55535888671875,298.5799865722656,300.2200012207031,294.510009765625,296.7300109863281,26626300,MSFT
2021-09-23,287.49591064453125,299.5599975585937,300.8999938964844,297.5299987792969,298.8500061035156,18604600,MSFT
2021-09-24,287.29443359375,299.3500061035156,299.79998779296875,296.92999267578125,298.2300109863281,14999000,MSFT
2021-09-27,282.322998046875,294.1700134277344,296.4700012207031,292.94000244140625,296.1400146484375,23571700,MSFT
2021-09-28,272.101806640625,283.5199890136719,290.7799987792969,282.75,289.79998779296875,43186200,MSFT
2021-09-29,272.5625305175781,284.0,286.7699890136719,283.010009765625,285.1000061035156,26353700,MSFT
2021-09-30,270.5662841796875,281.9200134277344,287.8299865722656,281.6199951171875,285.7099914550781,32343600,MSFT
2021-10-01,277.4571838378906,289.1000061035156,289.9800109863281,281.2900085449219,282.1199951171875,30086300,MSFT
2021-10-04,271.7083435058594,283.1099853515625,287.75,280.25,287.3999938964844,31350700,MSFT
2021-10-05,277.13092041015625,288.760009765625,290.3999938964844,284.04998779296875,284.04998779296875,24993000,MSFT
2021-10-06,281.3056030273437,293.1099853515625,293.6300048828125,285.510009765625,285.7799987792969,28002600,MSFT
2021-10-07,282.9755859375,294.8500061035156,296.6400146484375,293.9200134277344,295.17999267578125,20430500,MSFT
2021-10-08,282.9755859375,294.8500061035156,296.6400146484375,293.760009765625,296.2200012207031,17685700,MSFT
2021-10-11,282.38055419921875,294.2300109863281,297.9700012207031,292.75,292.9200134277344,19298600,MSFT
2021-10-12,281.0849304199219,292.8800048828125,295.44000244140625,292.3500061035156,295.3399963378906,17974100,MSFT
2021-10-13,284.3768005371094,296.3099975585937,297.2799987792969,293.489990234375,294.9100036621094,23416300,MSFT
2021-10-14,290.55743408203125,302.75,303.2699890136719,297.8299865722656,299.2099914550781,27262900,MSFT
2021-10-15,291.9586486816406,304.2099914550781,304.45001220703125,300.5199890136719,302.3399963378906,25384800,MSFT
2021-10-18,294.91461181640625,307.2900085449219,308.2099914550781,302.69000244140625,303.57000732421875,22729300,MSFT
2021-10-19,295.81671142578125,308.2300109863281,309.29998779296875,307.2200012207031,308.3500061035156,17682100,MSFT
2021-10-20,295.0296936035156,307.4100036621094,309.70001220703125,306.1099853515625,309.2099914550781,16537100,MSFT
2021-10-21,298.2448425292969,310.760009765625,311.0199890136719,306.3599853515625,307.1700134277344,16918100,MSFT
2021-10-22,296.70928955078125,309.1600036621094,311.0899963378906,307.79998779296875,310.3999938964844,17449300,MSFT
2021-10-25,295.7207946777344,308.1300048828125,309.3999938964844,306.4599914550781,309.3599853515625,17554500,MSFT
2021-10-26,297.6210327148437,310.1099853515625,312.3999938964844,308.6000061035156,311.0,28107300,MSFT
2021-10-27,310.1551208496094,323.1700134277344,326.1000061035156,316.0,316.0,52588700,MSFT
2021-10-28,311.2875671386719,324.3500061035156,324.8699951171875,321.3599853515625,324.3299865722656,26297900,MSFT
2021-10-29,318.26470947265625,331.6199951171875,332.0,323.8999938964844,324.1300048828125,34766000,MSFT
2021-11-01,316.1053771972656,329.3699951171875,331.489990234375,326.3699951171875,331.3599853515625,27073200,MSFT
2021-11-02,319.7139892578125,333.1300048828125,333.45001220703125,330.0,330.3099975585937,26487100,MSFT
2021-11-03,320.5489196777344,334.0,334.8999938964844,330.6499938964844,333.8999938964844,21500100,MSFT
2021-11-04,322.8906555175781,336.44000244140625,336.5400085449219,329.510009765625,332.8900146484375,23992200,MSFT
2021-11-05,322.52593994140625,336.0599975585937,338.7900085449219,334.4200134277344,338.510009765625,22570100,MSFT
2021-11-08,323.41851806640625,336.989990234375,337.6499938964844,334.44000244140625,337.29998779296875,20897000,MSFT
2021-11-09,322.4203491210937,335.95001220703125,338.7200012207031,334.5299987792969,337.1099853515625,21307400,MSFT
2021-11-10,317.4777526855469,330.79998779296875,334.6300048828125,329.9200134277344,334.57000732421875,25500900,MSFT
2021-11-11,319.0421447753906,332.42999267578125,333.7699890136719,330.510009765625,331.25,16849800,MSFT
2021-11-12,323.15936279296875,336.7200012207031,337.2300109863281,333.7900085449219,333.9200134277344,23831000,MSFT
2021-11-15,322.5355224609375,336.07000732421875,337.8800048828125,334.0299987792969,337.5400085449219,16723000,MSFT
2021-11-16,325.8370361328125,339.510009765625,340.6700134277344,335.510009765625,335.67999267578125,20886800,MSFT
2021-11-17,326.05816650390625,339.1199951171875,342.19000244140625,338.0,338.94000244140625,19053400,MSFT
2021-11-18,328.12530517578125,341.2699890136719,342.45001220703125,337.1199951171875,338.17999267578125,22463500,MSFT
2021-11-19,329.8943786621094,343.1099853515625,345.1000061035156,342.20001220703125,342.6400146484375,21963400,MSFT
2021-11-22,326.74078369140625,339.8299865722656,349.6700134277344,339.54998779296875,344.6199951171875,31031100,MSFT
2021-11-23,324.67364501953125,337.67999267578125,339.45001220703125,333.5599975585937,337.04998779296875,30427600,MSFT
2021-11-24,324.89483642578125,337.9100036621094,338.1600036621094,333.9100036621094,336.2799987792969,21661300,MSFT
2021-11-26,316.98175048828125,329.67999267578125,337.92999267578125,328.1199951171875,334.3500061035156,24217200,MSFT
2021-11-29,323.6640625,336.6300048828125,339.0299987792969,334.739990234375,334.94000244140625,28563500,MSFT
2021-11-30,317.8567810058594,330.5899963378906,337.7799987792969,328.989990234375,335.32000732421875,42885600,MSFT
2021-12-01,317.3663330078125,330.0799865722656,339.2799987792969,329.3900146484375,335.1300048828125,33337600,MSFT
2021-12-02,316.799072265625,329.489990234375,333.489990234375,327.79998779296875,330.29998779296875,30766000,MSFT
2021-12-03,310.5687255859375,323.010009765625,332.70001220703125,318.0299987792969,331.989990234375,41779300,MSFT
2021-12-06,313.6261901855469,326.19000244140625,327.45001220703125,319.2300109863281,323.95001220703125,30032600,MSFT
2021-12-07,322.0199584960937,334.9200134277344,335.79998779296875,330.1000061035156,331.6400146484375,31021900,MSFT
2021-12-08,322.0679626464844,334.9700012207031,335.5,330.79998779296875,335.3099975585937,24761000,MSFT
2021-12-09,320.2699890136719,333.1000061035156,336.489990234375,332.1199951171875,334.4100036621094,22214200,MSFT
2021-12-10,329.3464050292969,342.5400085449219,343.0,334.7900085449219,334.9800109863281,38095700,MSFT
2021-12-13,326.32733154296875,339.3999938964844,343.7900085449219,339.0799865722656,340.67999267578125,28899400,MSFT
2021-12-14,315.693359375,328.3399963378906,334.6400146484375,324.1099853515625,333.2200012207031,44438700,MSFT
2021-12-15,321.7602844238281,334.6499938964844,335.19000244140625,324.5,328.6099853515625,35381100,MSFT
2021-12-16,312.38580322265625,324.8999938964844,336.760009765625,323.0199890136719,335.7099914550781,35034800,MSFT
2021-12-17,311.3282165527344,323.79998779296875,324.9200134277344,317.25,320.8800048828125,47750300,MSFT
2021-12-20,307.5880126953125,319.9100036621094,322.79998779296875,317.57000732421875,320.04998779296875,28326500,MSFT
2021-12-21,314.6838684082031,327.2900085449219,327.7300109863281,319.79998779296875,323.2900085449219,24740600,MSFT
2021-12-22,320.3661804199219,333.20001220703125,333.6099853515625,325.75,328.29998779296875,24831500,MSFT
2021-12-23,321.798828125,334.69000244140625,336.3900146484375,332.7300109863281,332.75,19617800,MSFT
2021-12-27,329.25994873046875,342.45001220703125,342.4800109863281,335.42999267578125,335.4599914550781,19947000,MSFT
2021-12-28,328.1061096191406,341.25,343.8099975585937,340.32000732421875,343.1499938964844,15661500,MSFT
2021-12-29,328.7791748046875,341.95001220703125,344.29998779296875,339.67999267578125,341.29998779296875,15042000,MSFT
2021-12-30,326.2504272460937,339.32000732421875,343.1300048828125,338.82000732421875,341.9100036621094,15994500,MSFT
2021-12-31,323.3659973144531,336.32000732421875,339.3599853515625,335.8500061035156,338.510009765625,18000800,MSFT
2022-01-03,321.8564453125,334.75,338.0,329.7799987792969,335.3500061035156,28865100,MSFT
2022-01-04,316.33758544921875,329.010009765625,335.20001220703125,326.1199951171875,334.8299865722656,32674300,MSFT
2022-01-05,304.1939697265625,316.3800048828125,326.07000732421875,315.9800109863281,325.8599853515625,40054300,MSFT
2022-01-06,301.7903137207031,313.8800048828125,318.70001220703125,311.489990234375,313.1499938964844,39646100,MSFT
2022-01-07,301.94415283203125,314.0400085449219,316.5,310.0899963378906,314.1499938964844,32720000,MSFT
2022-01-10,302.1653137207031,314.2699890136719,314.7200012207031,304.69000244140625,309.489990234375,44289500,MSFT
2022-01-11,302.847900390625,314.9800109863281,316.6099853515625,309.8900146484375,313.3800048828125,29386800,MSFT
2022-01-12,306.0111694335937,318.2699890136719,323.4100036621094,317.0799865722656,319.6700134277344,34372200,MSFT
2022-01-13,293.06011962890625,304.79998779296875,320.8800048828125,304.0,320.4700012207031,45366000,MSFT
2022-01-14,298.2521057128906,310.20001220703125,310.82000732421875,303.75,304.25,39846400,MSFT
2022-01-18,290.99285888671875,302.6499938964844,309.79998779296875,301.739990234375,304.07000732421875,42333200,MSFT
2022-01-19,291.6466369628906,303.3299865722656,313.9100036621094,302.70001220703125,306.2900085449219,45933900,MSFT
2022-01-20,289.9832763671875,301.6000061035156,311.6499938964844,301.1400146484375,309.07000732421875,35380700,MSFT
2022-01-21,284.6278991699219,296.0299987792969,304.1099853515625,295.6099853515625,302.69000244140625,57984400,MSFT
2022-01-24,284.9547119140625,296.3699951171875,297.1099853515625,276.04998779296875,292.20001220703125,85731500,MSFT
2022-01-25,277.3782653808594,288.489990234375,294.989990234375,285.1700134277344,291.5199890136719,72848600,MSFT
2022-01-26,285.2816772460937,296.7099914550781,308.5,293.0299987792969,307.989990234375,90428900,MSFT
2022-01-27,288.291015625,299.8399963378906,307.29998779296875,297.92999267578125,302.6600036621094,53481300,MSFT
2022-01-28,296.3868713378906,308.260009765625,308.4800109863281,294.45001220703125,300.2300109863281,49743700,MSFT
2022-01-31,299.0020751953125,310.9800109863281,312.3800048828125,306.3699951171875,308.95001220703125,46444500,MSFT
2022-02-01,296.8675231933594,308.760009765625,310.6300048828125,305.1300048828125,310.4100036621094,40950400,MSFT
2022-02-02,301.386474609375,313.4599914550781,315.1199951171875,308.8800048828125,309.6300048828125,36636000,MSFT
2022-02-03,289.6467590332031,301.25,311.2300109863281,299.9599914550781,309.489990234375,43730000,MSFT
2022-02-04,294.1560974121094,305.94000244140625,308.79998779296875,299.9700012207031,300.2099914550781,35096500,MSFT
2022-02-07,289.3583984375,300.95001220703125,307.8399963378906,299.8999938964844,306.1700134277344,28533300,MSFT
2022-02-08,292.8292541503906,304.5599975585937,305.5599975585937,299.95001220703125,301.25,32421200,MSFT
2022-02-09,299.22314453125,311.2099914550781,311.92999267578125,307.3900146484375,309.8699951171875,31284700,MSFT
2022-02-10,290.7332458496094,302.3800048828125,309.1199951171875,300.70001220703125,304.0400085449219,45386200,MSFT
2022-02-11,283.67596435546875,295.0400085449219,304.2900085449219,294.2200012207031,303.19000244140625,39175600,MSFT
2022-02-14,283.6375427246094,295.0,296.760009765625,291.3500061035156,293.7699890136719,36359500,MSFT
2022-02-15,288.8968505859375,300.4700012207031,300.79998779296875,297.0199890136719,300.010009765625,27058300,MSFT
2022-02-16,288.55963134765625,299.5,300.8699951171875,293.67999267578125,298.3699951171875,29982100,MSFT
2022-02-17,280.1099853515625,290.7300109863281,296.79998779296875,290.0,296.3599853515625,32461600,MSFT
2022-02-18,277.4122619628906,287.92999267578125,293.8599853515625,286.3099975585937,293.04998779296875,34264000,MSFT
2022-02-22,277.2099304199219,287.7200012207031,291.5400085449219,284.5,285.0,41736100,MSFT
2022-02-23,270.0321044921875,280.2699890136719,291.70001220703125,280.1000061035156,290.17999267578125,37811200,MSFT
2022-02-24,283.82891845703125,294.5899963378906,295.1600036621094,271.5199890136719,272.510009765625,56989700,MSFT
2022-02-25,286.4496154785156,297.3099975585937,297.6300048828125,291.6499938964844,295.1400146484375,32546700,MSFT
2022-02-28,287.8756103515625,298.7900085449219,299.1400146484375,293.0,294.3099975585937,34627500,MSFT
2022-03-01,284.1758728027344,294.95001220703125,299.9700012207031,292.1499938964844,296.3999938964844,31217800,MSFT
2022-03-02,289.224365234375,300.19000244140625,301.4700012207031,293.70001220703125,295.3599853515625,31873000,MSFT
2022-03-03,285.1103515625,295.9200134277344,303.1300048828125,294.04998779296875,302.8900146484375,27314500,MSFT
2022-03-04,279.27178955078125,289.8599853515625,295.6600036621094,287.1700134277344,294.2900085449219,32356500,MSFT
2022-03-07,268.7217712402344,278.9100036621094,289.69000244140625,278.5299987792969,288.5299987792969,43157200,MSFT
2022-03-08,265.7735290527344,275.8500061035156,283.9599914550781,270.0,277.79998779296875,48159500,MSFT
2022-03-09,277.96142578125,288.5,289.6000061035156,280.7799987792969,283.44000244140625,35204500,MSFT
2022-03-10,275.15777587890625,285.5899963378906,286.6000061035156,280.5799865722656,283.0199890136719,30628000,MSFT
2022-03-11,269.83935546875,280.07000732421875,289.510009765625,279.42999267578125,287.9599914550781,27209300,MSFT
2022-03-14,266.3420104980469,276.44000244140625,285.3999938964844,275.82000732421875,280.3399963378906,30660700,MSFT
2022-03-15,276.6607666015625,287.1499938964844,287.82000732421875,278.7300109863281,280.3500061035156,34245100,MSFT
2022-03-16,283.6362609863281,294.3900146484375,294.57000732421875,283.20001220703125,289.1099853515625,37826300,MSFT
2022-03-17,284.4359741210937,295.2200012207031,295.6099853515625,289.3699951171875,293.2900085449219,30816600,MSFT
2022-03-18,289.4556579589844,300.42999267578125,301.0,292.7300109863281,295.3699951171875,43390600,MSFT
2022-03-21,288.2320251464844,299.1600036621094,300.1400146484375,294.8999938964844,298.8900146484375,28351200,MSFT
2022-03-22,292.9530639648437,304.0599975585937,305.0,298.7699890136719,299.79998779296875,27599700,MSFT
2022-03-23,288.54998779296875,299.489990234375,303.2300109863281,297.7200012207031,300.510009765625,25715400,MSFT
2022-03-24,292.9915771484375,304.1000061035156,304.20001220703125,298.32000732421875,299.1400146484375,24484500,MSFT
2022-03-25,292.5868530273437,303.67999267578125,305.5,299.2900085449219,305.2300109863281,22566500,MSFT
2022-03-28,299.3504943847656,310.70001220703125,310.79998779296875,304.3299865722656,304.3299865722656,29578200,MSFT
2022-03-29,303.8884582519531,315.4100036621094,315.82000732421875,309.04998779296875,313.9100036621094,30393400,MSFT
2022-03-30,302.39508056640625,313.8599853515625,315.95001220703125,311.5799865722656,313.760009765625,28163600,MSFT
2022-03-31,297.0477905273437,308.3099975585937,315.1400146484375,307.8900146484375,313.8999938964844,33422100,MSFT
2022-04-01,298.1172790527344,309.4200134277344,310.1300048828125,305.5400085449219,309.3699951171875,27110500,MSFT
2022-04-04,303.4645080566406,314.9700012207031,315.1099853515625,309.7099914550781,310.0899963378906,24289600,MSFT
2022-04-05,299.52392578125,310.8800048828125,314.8699951171875,309.8699951171875,313.2699890136719,23156700,MSFT
2022-04-06,288.55963134765625,299.5,307.0,296.7099914550781,305.19000244140625,40110400,MSFT
2022-04-07,290.3612976074219,301.3699951171875,303.6499938964844,296.3500061035156,296.6600036621094,31411200,MSFT
2022-04-08,286.1220703125,296.9700012207031,301.1199951171875,296.2799987792969,300.44000244140625,24361900,MSFT
2022-04-11,274.8398132324219,285.260009765625,292.6099853515625,285.0,291.7900085449219,34569300,MSFT
2022-04-12,271.7567138671875,282.0599975585937,290.739990234375,280.489990234375,289.239990234375,30966700,MSFT
2022-04-13,277.1136474609375,287.6199951171875,288.5799865722656,281.29998779296875,282.7300109863281,21907200,MSFT
2022-04-14,269.60821533203125,279.8299865722656,288.3099975585937,279.32000732421875,288.0899963378906,28221600,MSFT
2022-04-18,270.2728881835937,280.5199890136719,282.4599914550781,278.3399963378906,278.9100036621094,20778000,MSFT
2022-04-19,274.8782958984375,285.29998779296875,286.1700134277344,278.4100036621094,279.3800048828125,22297700,MSFT
2022-04-20,275.89959716796875,286.3599853515625,289.70001220703125,285.3699951171875,289.3999938964844,22906700,MSFT
2022-04-21,270.5522766113281,280.8099975585937,293.29998779296875,280.0599975585937,288.5799865722656,29454600,MSFT
2022-04-22,264.0199890136719,274.0299987792969,283.20001220703125,273.3800048828125,281.67999267578125,29405800,MSFT
2022-04-25,270.465576171875,280.7200012207031,281.1099853515625,270.7699890136719,273.2900085449219,35678900,MSFT
2022-04-26,260.3492126464844,270.2200012207031,278.3599853515625,270.0,277.5,46518400,MSFT
2022-04-27,272.8742980957031,283.2200012207031,290.9700012207031,279.1600036621094,282.1000061035156,63477700,MSFT
2022-04-28,279.0501403808594,289.6300048828125,290.9800109863281,281.4599914550781,285.19000244140625,33646600,MSFT
2022-04-29,267.3825378417969,277.5199890136719,289.8800048828125,276.5,288.6099853515625,37073900,MSFT
2022-05-02,274.07867431640625,284.4700012207031,284.94000244140625,276.2200012207031,277.7099914550781,35151100,MSFT
2022-05-03,271.4869079589844,281.7799987792969,284.1300048828125,280.1499938964844,283.9599914550781,25978600,MSFT
2022-05-04,279.3874206542969,289.9800109863281,290.8800048828125,276.7300109863281,282.5899963378906,33599300,MSFT
2022-05-05,267.2186889648437,277.3500061035156,286.3500061035156,274.3399963378906,285.5400085449219,43260400,MSFT
2022-05-06,264.6944580078125,274.7300109863281,279.25,271.2699890136719,274.8099975585937,37780300,MSFT
2022-05-09,254.9152069091797,264.5799865722656,272.3599853515625,263.32000732421875,270.0599975585937,47726000,MSFT
2022-05-10,259.655517578125,269.5,273.75,265.07000732421875,271.69000244140625,39336400,MSFT
2022-05-11,251.03240966796875,260.54998779296875,271.3599853515625,259.29998779296875,265.67999267578125,48975900,MSFT
2022-05-12,246.02232360839844,255.3500061035156,259.8800048828125,250.0200042724609,257.69000244140625,51033800,MSFT
2022-05-13,251.58157348632807,261.1199951171875,263.0400085449219,255.3500061035156,257.3500061035156,34925100,MSFT
2022-05-16,251.9476776123047,261.5,265.82000732421875,255.77999877929688,259.9599914550781,32550900,MSFT
2022-05-17,257.07342529296875,266.82000732421875,268.3299865722656,262.4599914550781,266.1099853515625,28828800,MSFT
2022-05-18,245.3689117431641,254.0800018310547,263.6000061035156,252.7700042724609,263.0,31356000,MSFT
2022-05-19,244.46112060546875,253.13999938964844,257.6700134277344,251.8800048828125,253.8999938964844,32692300,MSFT
2022-05-20,243.9010009765625,252.5599975585937,258.5400085449219,246.44000244140625,257.239990234375,39199300,MSFT
2022-05-23,251.71368408203125,260.6499938964844,261.5,253.42999267578125,255.4900054931641,33175400,MSFT
2022-05-24,250.718978881836,259.6199951171875,261.3299865722656,253.5,257.8900146484375,29043900,MSFT
2022-05-25,253.51959228515625,262.5199890136719,264.5799865722656,257.1300048828125,258.1400146484375,28547900,MSFT
2022-05-26,256.7836303710937,265.8999938964844,267.1099853515625,261.42999267578125,262.2699890136719,25002100,MSFT
2022-05-27,263.8720092773437,273.239990234375,273.3399963378906,267.5599975585937,268.4800109863281,26910800,MSFT
2022-05-31,262.54901123046875,271.8699951171875,274.7699890136719,268.92999267578125,272.5299987792969,37827700,MSFT
2022-06-01,263.0801086425781,272.4200134277344,277.69000244140625,270.0400085449219,275.20001220703125,25292200,MSFT
2022-06-02,265.1660461425781,274.5799865722656,274.6499938964844,261.6000061035156,264.45001220703125,44008200,MSFT
2022-06-03,260.7624206542969,270.0199890136719,273.45001220703125,268.4100036621094,270.3099975585937,28059000,MSFT
2022-06-06,259.5359802246094,268.75,274.17999267578125,267.2200012207031,272.0599975585937,22400300,MSFT
2022-06-07,263.1573486328125,272.5,273.1300048828125,265.94000244140625,266.6400146484375,22860700,MSFT
2022-06-08,261.1390991210937,270.4100036621094,273.0,269.6099853515625,271.7099914550781,17372300,MSFT
2022-06-09,255.71173095703125,264.7900085449219,272.7099914550781,264.6300048828125,267.7799987792969,26439700,MSFT
2022-06-10,244.3162841796875,252.9900054931641,260.5799865722656,252.52999877929688,260.5799865722656,31422800,MSFT
2022-06-13,233.9541473388672,242.259994506836,249.0200042724609,241.52999877929688,245.1100006103516,46135800,MSFT
2022-06-14,236.10772705078125,244.4900054931641,245.7400054931641,241.509994506836,243.8600006103516,28651500,MSFT
2022-06-15,243.1284637451172,251.759994506836,255.3000030517578,246.4199981689453,248.3099975585937,33111700,MSFT
2022-06-16,236.5712432861328,244.97000122070312,247.4199981689453,243.0200042724609,245.97999572753903,33169200,MSFT
2022-06-17,239.15936279296875,247.6499938964844,250.5,244.02999877929688,244.6999969482422,43084800,MSFT
2022-06-21,245.0406036376953,253.7400054931641,254.75,249.509994506836,250.259994506836,29928300,MSFT
2022-06-22,244.4514923095703,253.1300048828125,257.1700134277344,250.3699951171875,251.88999938964844,25939900,MSFT
2022-06-23,249.98497009277344,258.8599853515625,259.3699951171875,253.6300048828125,255.57000732421875,25861400,MSFT
2022-06-24,258.5219421386719,267.70001220703125,267.9800109863281,261.7200012207031,261.8099975585937,33923200,MSFT
2022-06-27,255.80831909179688,264.8900146484375,268.29998779296875,263.2799987792969,268.2099914550781,24615100,MSFT
2022-06-28,247.6866149902344,256.4800109863281,266.9100036621094,256.32000732421875,263.9800109863281,27295500,MSFT
2022-06-29,251.3370819091797,260.260009765625,261.9700012207031,255.759994506836,257.5899963378906,20069800,MSFT
2022-06-30,248.0246124267578,256.8299865722656,259.5299987792969,252.8999938964844,257.04998779296875,31730900,MSFT
2022-07-01,250.6803131103516,259.5799865722656,259.7699890136719,254.6100006103516,256.3900146484375,22837700,MSFT
2022-07-05,253.8382873535156,262.8500061035156,262.9800109863281,254.7400054931641,256.1600036621094,22941000,MSFT
2022-07-06,257.0829772949219,266.2099914550781,267.989990234375,262.3999938964844,263.75,23824400,MSFT
2022-07-07,259.1979675292969,268.3999938964844,269.0599975585937,265.0199890136719,265.1199951171875,20859900,MSFT
2022-07-08,258.4833068847656,267.6600036621094,268.1000061035156,263.2900085449219,264.7900085449219,19658800,MSFT
2022-07-11,255.4413146972656,264.510009765625,266.5299987792969,262.17999267578125,265.6499938964844,19455200,MSFT
2022-07-12,244.9729766845703,253.6699981689453,265.94000244140625,252.0399932861328,265.8800048828125,35868500,MSFT
2022-07-13,244.05552673339844,252.72000122070312,253.5500030517578,248.1100006103516,250.19000244140625,29497400,MSFT
2022-07-14,245.3689117431641,254.0800018310547,255.13999938964844,245.94000244140625,250.57000732421875,25102800,MSFT
2022-07-15,247.9184112548828,256.7200012207031,260.3699951171875,254.7700042724609,255.72000122070312,29774100,MSFT
2022-07-18,245.53306579589844,254.25,260.8399963378906,253.3000030517578,259.75,20975000,MSFT
2022-07-19,250.632064819336,259.5299987792969,259.7200012207031,253.67999267578125,257.5799865722656,25012600,MSFT
2022-07-20,253.27804565429688,262.2699890136719,264.8699951171875,258.9100036621094,259.8999938964844,22788300,MSFT
2022-07-21,255.760009765625,264.8399963378906,264.8900146484375,257.0299987792969,259.7900085449219,22404700,MSFT
2022-07-22,251.4335479736328,260.3599853515625,265.3299865722656,259.07000732421875,265.239990234375,21881300,MSFT
2022-07-25,249.9560546875,258.8299865722656,261.5,256.8099975585937,261.0,21056000,MSFT
2022-07-26,243.2636260986328,251.8999938964844,259.8800048828125,249.57000732421875,259.8599853515625,39348000,MSFT
2022-07-27,259.5262756347656,268.739990234375,270.04998779296875,258.8500061035156,261.1600036621094,45994000,MSFT
2022-07-28,266.9333190917969,276.4100036621094,277.8399963378906,267.8699951171875,269.75,33459300,MSFT
2022-07-29,271.1148681640625,280.739990234375,282.0,276.6300048828125,277.70001220703125,32152800,MSFT
2022-08-01,268.4784851074219,278.010009765625,281.2799987792969,275.8399963378906,277.82000732421875,21539600,MSFT
2022-08-02,265.3978881835937,274.82000732421875,277.8900146484375,272.3800048828125,276.0,22754200,MSFT
2022-08-03,272.78564453125,282.4700012207031,283.5,276.6099853515625,276.760009765625,23518900,MSFT
2022-08-04,273.9251708984375,283.6499938964844,283.79998779296875,280.1700134277344,281.79998779296875,18098700,MSFT
2022-08-05,273.2104797363281,282.9100036621094,283.6499938964844,278.67999267578125,279.1499938964844,16774600,MSFT
2022-08-08,270.70928955078125,280.32000732421875,285.9200134277344,279.32000732421875,284.04998779296875,18739200,MSFT
2022-08-09,272.6214294433594,282.29998779296875,283.0799865722656,277.6099853515625,279.6400146484375,23405200,MSFT
2022-08-10,279.24615478515625,289.1600036621094,289.8099975585937,286.94000244140625,288.1700134277344,24687800,MSFT
2022-08-11,277.1795654296875,287.0199890136719,291.2099914550781,286.510009765625,290.8500061035156,20065900,MSFT
2022-08-12,281.90191650390625,291.9100036621094,291.9100036621094,286.94000244140625,288.4800109863281,22619700,MSFT
2022-08-15,283.408447265625,293.4700012207031,294.17999267578125,290.1099853515625,291.0,18085700,MSFT
2022-08-16,282.6744384765625,292.7099914550781,294.0400085449219,290.4200134277344,291.989990234375,18102900,MSFT
2022-08-17,281.9292907714844,291.32000732421875,293.3500061035156,289.4700012207031,289.739990234375,18253400,MSFT
2022-08-18,280.81640625,290.1700134277344,291.9100036621094,289.0799865722656,290.19000244140625,17186200,MSFT
2022-08-19,276.9259338378906,286.1499938964844,289.25,285.5599975585937,288.8999938964844,20570000,MSFT
2022-08-22,268.7967529296875,277.75,282.4599914550781,277.2200012207031,282.0799865722656,25061100,MSFT
2022-08-23,267.5289611816406,276.44000244140625,278.8599853515625,275.3999938964844,276.44000244140625,17527400,MSFT
2022-08-24,266.8999328613281,275.7900085449219,277.2300109863281,275.1099853515625,275.4100036621094,18137000,MSFT
2022-08-25,269.8612670898437,278.8500061035156,279.0199890136719,274.5199890136719,277.3299865722656,16583400,MSFT
2022-08-26,259.4481811523437,268.0899963378906,280.3399963378906,267.9800109863281,279.0799865722656,27549300,MSFT
2022-08-29,256.68035888671875,265.2300109863281,267.3999938964844,263.8500061035156,265.8500061035156,20338500,MSFT
2022-08-30,254.4931488037109,262.9700012207031,267.04998779296875,260.6600036621094,266.6700134277344,22767100,MSFT
2022-08-31,253.0414886474609,261.4700012207031,267.1099853515625,261.3299865722656,265.3900146484375,24791800,MSFT
2022-09-01,252.0059967041016,260.3999938964844,260.8900146484375,255.4100036621093,258.8699951171875,23263400,MSFT
2022-09-02,247.8059234619141,256.0599975585937,264.739990234375,254.47000122070312,261.70001220703125,22855400,MSFT
2022-09-06,245.08648681640625,253.25,257.8299865722656,251.94000244140625,256.20001220703125,21328200,MSFT
2022-09-07,249.7704620361328,258.0899963378906,258.8299865722656,253.22000122070312,254.6999969482422,24126700,MSFT
2022-09-08,250.1865997314453,258.5199890136719,260.42999267578125,254.7899932861328,257.510009765625,20319900,MSFT
2022-09-09,255.9351348876953,264.4599914550781,265.2300109863281,260.2900085449219,260.5,22084700,MSFT
2022-09-12,258.0545959472656,266.6499938964844,267.45001220703125,265.1600036621094,265.7799987792969,18747700,MSFT
2022-09-13,243.8671112060547,251.9900054931641,260.3999938964844,251.58999633789065,258.8399963378906,33353300,MSFT
2022-09-14,244.08970642089844,252.22000122070312,254.22999572753903,249.8600006103516,253.52999877929688,23913000,MSFT
2022-09-15,237.4701690673828,245.3800048828125,251.3999938964844,244.0200042724609,249.7700042724609,31530900,MSFT
2022-09-16,236.85079956054688,244.7400054931641,245.3000030517578,242.0599975585937,244.259994506836,39791800,MSFT
2022-09-19,236.6378936767578,244.5200042724609,245.13999938964844,240.8500061035156,242.47000122070312,26826900,MSFT
2022-09-20,234.63462829589844,242.4499969482422,243.509994506836,239.63999938964844,242.07000732421875,26660300,MSFT
2022-09-21,231.24745178222656,238.9499969482422,247.6600036621093,238.8999938964844,244.2700042724609,28625600,MSFT
2022-09-22,233.2120056152344,240.97999572753903,243.8600006103516,237.57000732421875,237.8699951171875,31061200,MSFT
2022-09-23,230.2506561279297,237.9199981689453,241.1300048828125,235.1999969482422,239.5399932861328,34176000,MSFT
2022-09-26,229.7958374023437,237.4499969482422,241.4499969482422,236.8999938964844,237.0500030517578,27694200,MSFT
2022-09-27,228.7893524169922,236.4100036621093,241.8000030517578,234.5,239.97999572753903,27018700,MSFT
2022-09-28,233.2991638183593,241.07000732421875,242.3300018310547,234.72999572753903,236.8099975585937,29029700,MSFT
2022-09-29,229.84420776367188,237.5,239.9499969482422,234.4100036621093,238.88999938964844,27484200,MSFT
2022-09-30,225.3924865722656,232.8999938964844,240.5399932861328,232.72999572753903,238.2899932861328,35694800,MSFT
2022-10-03,232.97976684570312,240.7400054931641,241.6100006103516,234.6600036621093,235.4100036621093,28880400,MSFT
2022-10-04,240.85739135742188,248.8800048828125,250.3600006103516,244.97999572753903,245.08999633789065,34888400,MSFT
2022-10-05,241.16705322265625,249.1999969482422,250.5800018310547,244.1000061035156,245.9900054931641,20347100,MSFT
2022-10-06,238.834716796875,246.7899932861328,250.33999633789065,246.0800018310547,247.92999267578125,20239900,MSFT
2022-10-07,226.6893005371093,234.2400054931641,241.32000732421875,233.1699981689453,240.8999938964844,37769600,MSFT
2022-10-10,221.86016845703125,229.25,234.5599975585937,226.72999572753903,233.0500030517578,29743600,MSFT
2022-10-11,218.14390563964844,225.4100036621093,229.0599975585937,224.1100006103516,227.6199951171875,30474000,MSFT
2022-10-12,218.4729461669922,225.75,227.8600006103516,223.9600067138672,225.3999938964844,21903900,MSFT
2022-10-13,226.6893005371093,234.2400054931641,236.1000061035156,219.1300048828125,219.8500061035156,42551800,MSFT
2022-10-14,221.1923675537109,228.5599975585937,237.2400054931641,228.33999633789065,235.5399932861328,30198600,MSFT
2022-10-17,229.87322998046875,237.52999877929688,238.9600067138672,235.13999938964844,235.82000732421875,28142300,MSFT
2022-10-18,230.81198120117188,238.5,243.92999267578125,235.3699951171875,243.2400054931641,26329600,MSFT
2022-10-19,228.8570709228516,236.47999572753903,239.6100006103516,234.2899932861328,237.0399932861328,19985700,MSFT
2022-10-20,228.5377197265625,236.1499938964844,241.3099975585937,234.8699951171875,235.7700042724609,21811000,MSFT
2022-10-21,234.31529235839844,242.1199951171875,243.0,234.5,234.7400054931641,26299700,MSFT
2022-10-24,239.2799072265625,247.25,247.83999633789065,241.3000030517578,243.759994506836,24911200,MSFT
2022-10-25,242.57997131347656,250.6600036621093,251.0399932861328,245.8300018310547,247.259994506836,34775500,MSFT
2022-10-26,223.86338806152344,231.32000732421875,238.3000030517578,230.0599975585937,231.1699981689453,82543200,MSFT
2022-10-27,219.4406890869141,226.75,233.69000244140625,225.77999877929688,231.0399932861328,40424600,MSFT
2022-10-28,228.2667236328125,235.8699951171875,236.6000061035156,226.0500030517578,226.2400054931641,40647700,MSFT
2022-10-31,224.6472930908203,232.1300048828125,234.9199981689453,231.1499938964844,233.759994506836,28357300,MSFT
2022-11-01,220.8148803710937,228.1699981689453,235.7400054931641,227.3300018310547,234.6000061035156,30592300,MSFT
2022-11-02,213.005111694336,220.1000061035156,231.3000030517578,220.0399932861328,229.4600067138672,38407000,MSFT
2022-11-03,207.3436584472656,214.25,220.4100036621093,213.97999572753903,220.08999633789065,36633900,MSFT
2022-11-04,214.25347900390625,221.38999938964844,221.58999633789065,213.42999267578125,217.5500030517578,36789100,MSFT
2022-11-07,220.52462768554688,227.8699951171875,228.4100036621093,221.27999877929688,221.9900054931641,33498000,MSFT
2022-11-08,221.4923553466797,228.8699951171875,231.6499938964844,225.83999633789065,228.6999969482422,28192500,MSFT
2022-11-09,217.2729034423828,224.509994506836,228.6300048828125,224.3300018310547,227.3699951171875,27852900,MSFT
2022-11-10,235.14756774902344,242.97999572753903,243.3300018310547,235.0,235.42999267578125,46268000,MSFT
2022-11-11,239.1444091796875,247.1100006103516,247.9900054931641,241.92999267578125,242.9900054931641,34620200,MSFT
2022-11-14,233.763671875,241.5500030517578,243.9100036621093,239.2100067138672,241.9900054931641,31123300,MSFT
2022-11-15,234.170150756836,241.97000122070312,247.0,240.02999877929688,245.6600036621093,31390100,MSFT
2022-11-16,234.5971221923828,241.72999572753903,243.8000030517578,240.4199981689453,242.7899932861328,24093300,MSFT
2022-11-17,234.548583984375,241.67999267578125,243.25,237.6300048828125,237.77999877929688,23123500,MSFT
2022-11-18,234.10215759277344,241.22000122070312,243.7400054931641,239.02999877929688,243.509994506836,27613500,MSFT
2022-11-21,234.90768432617188,242.0500030517578,244.6699981689453,241.19000244140625,241.42999267578125,26394700,MSFT
2022-11-22,237.79969787597656,245.02999877929688,245.3099975585937,240.7100067138672,243.58999633789065,19665700,MSFT
2022-11-23,240.27447509765625,247.5800018310547,248.27999877929688,244.2700042724609,245.1100006103516,19508500,MSFT
2022-11-25,240.18716430664065,247.4900054931641,248.6999969482422,246.72999572753903,247.3099975585937,9200800,MSFT
2022-11-28,234.626205444336,241.759994506836,246.6499938964844,240.8000030517578,246.0800018310547,24778200,MSFT
2022-11-29,233.2384185791016,240.3300018310547,242.7899932861328,238.2100067138672,241.3999938964844,17956300,MSFT
2022-11-30,247.6114501953125,255.13999938964844,255.3300018310547,239.8600006103516,240.57000732421875,47594200,MSFT
2022-12-01,247.1747283935547,254.69000244140625,256.1199951171875,250.9199981689453,253.8699951171875,26041500,MSFT
2022-12-02,247.4949645996093,255.0200042724609,256.0599975585937,249.69000244140625,249.82000732421875,21528500,MSFT
2022-12-05,242.81719970703125,250.1999969482422,253.82000732421875,248.0599975585937,252.009994506836,23435300,MSFT
2022-12-06,237.88706970214844,245.1199951171875,251.8600006103516,243.77999877929688,250.82000732421875,22463700,MSFT
2022-12-07,237.15919494628903,244.3699951171875,246.1600036621093,242.2100067138672,244.8300018310547,20481500,MSFT
2022-12-08,240.099838256836,247.3999938964844,248.7400054931641,243.0599975585937,244.83999633789065,22611800,MSFT
2022-12-09,238.17823791503903,245.4199981689453,248.3099975585937,244.1600036621093,244.6999969482422,20609700,MSFT
2022-12-12,245.0590209960937,252.509994506836,252.5399932861328,247.1699981689453,247.4499969482422,30665100,MSFT
2022-12-13,249.33889770507807,256.9200134277344,263.9200134277344,253.07000732421875,261.69000244140625,42196900,MSFT
2022-12-14,249.6300506591797,257.2200012207031,262.5899963378906,254.3099975585937,257.1300048828125,35410900,MSFT
2022-12-15,241.6623077392578,249.009994506836,254.1999969482422,247.33999633789065,253.72000122070312,35560400,MSFT
2022-12-16,237.4698028564453,244.69000244140625,249.83999633789065,243.509994506836,248.5500030517578,86102000,MSFT
2022-12-19,233.3548889160156,240.4499969482422,245.2100067138672,238.7100067138672,244.8600006103516,29696400,MSFT
2022-12-20,234.66505432128903,241.8000030517578,242.9100036621093,238.4199981689453,239.3999938964844,25150800,MSFT
2022-12-21,237.2174530029297,244.42999267578125,245.6199951171875,240.1100006103516,241.69000244140625,23690600,MSFT
2022-12-22,231.1615753173828,238.19000244140625,241.9900054931641,233.8699951171875,241.259994506836,28651700,MSFT
2022-12-23,231.68560791015625,238.72999572753903,238.8699951171875,233.94000244140625,236.1100006103516,21207000,MSFT
2022-12-27,229.9678955078125,236.9600067138672,238.92999267578125,235.8300018310547,238.6999969482422,16688600,MSFT
2022-12-28,227.6095733642578,234.52999877929688,239.72000122070312,234.1699981689453,236.88999938964844,17457100,MSFT
2022-12-29,233.89833068847656,241.009994506836,241.9199981689453,235.6499938964844,235.6499938964844,19770700,MSFT
2022-12-30,232.74346923828125,239.82000732421875,239.9600067138672,236.6600036621093,238.2100067138672,21938500,MSFT
2023-01-03,232.51055908203125,239.5800018310547,245.75,237.3999938964844,243.0800018310547,25740000,MSFT
2023-01-04,222.3397979736328,229.1000061035156,232.8699951171875,225.9600067138672,232.27999877929688,50623400,MSFT
2023-01-05,215.7501678466797,222.3099975585937,227.5500030517578,221.759994506836,227.1999969482422,39585600,MSFT
2023-01-06,218.2928771972656,224.92999267578125,225.759994506836,219.3500061035156,223.0,43613600,MSFT
2023-01-09,220.4182281494141,227.1199951171875,231.2400054931641,226.4100036621093,226.4499969482422,27369800,MSFT
2023-01-10,222.09719848632807,228.8500061035156,231.3099975585937,227.3300018310547,227.759994506836,27033900,MSFT
2023-01-11,228.81295776367188,235.7700042724609,235.9499969482422,231.1100006103516,231.2899932861328,28669300,MSFT
2023-01-12,231.4721221923828,238.509994506836,239.8999938964844,233.5599975585937,235.259994506836,27269500,MSFT
2023-01-13,232.1708831787109,239.22999572753903,239.3699951171875,234.9199981689453,237.0,21333300,MSFT
2023-01-17,233.25782775878903,240.3500061035156,240.9100036621093,237.08999633789065,237.97000122070312,29831300,MSFT
2023-01-18,228.851806640625,235.8099975585937,242.3800048828125,235.5200042724609,241.57000732421875,30028700,MSFT
2023-01-19,225.0862731933593,231.92999267578125,235.5200042724609,230.67999267578125,233.77999877929688,28623000,MSFT
2023-01-20,233.1316680908203,240.22000122070312,240.7400054931641,234.509994506836,234.8600006103516,35389800,MSFT
2023-01-23,235.4220428466797,242.5800018310547,245.1699981689453,239.6499938964844,241.1000061035156,31934000,MSFT
2023-01-24,234.89794921875,242.0399932861328,243.9499969482422,240.44000244140625,242.5,40234400,MSFT
2023-01-25,233.5101623535156,240.6100006103516,243.3000030517578,230.8999938964844,234.47999572753903,66526600,MSFT
2023-01-26,240.6821136474609,248.0,248.3099975585937,242.0,243.6499938964844,33454500,MSFT
2023-01-27,240.8373870849609,248.1600036621093,249.8300018310547,246.8300018310547,248.9900054931641,26498900,MSFT
2023-01-30,235.5481719970703,242.7100067138672,245.6000061035156,242.1999969482422,244.509994506836,25867400,MSFT
2023-01-31,240.49771118164065,247.8099975585937,247.9499969482422,242.9499969482422,243.4499969482422,26541100,MSFT
2023-02-01,245.2919311523437,252.75,255.17999267578125,245.47000122070312,248.0,31259900,MSFT
2023-02-02,256.7923278808594,264.6000061035156,264.69000244140625,257.25,258.82000732421875,39940400,MSFT
2023-02-03,250.7266998291016,258.3500061035156,264.20001220703125,257.1000061035156,259.5400085449219,29077300,MSFT
2023-02-06,249.1932830810547,256.7699890136719,258.29998779296875,254.77999877929688,257.44000244140625,22518000,MSFT
2023-02-07,259.6649169921875,267.5599975585937,268.7699890136719,260.0799865722656,260.5299987792969,50841400,MSFT
2023-02-08,258.85943603515625,266.7300109863281,276.760009765625,266.2099914550781,273.20001220703125,54686000,MSFT
2023-02-09,255.84120178222656,263.6199951171875,273.9800109863281,262.79998779296875,273.79998779296875,42375100,MSFT
2023-02-10,255.3365478515625,263.1000061035156,264.0899963378906,260.6600036621094,261.5299987792969,25818500,MSFT
2023-02-13,263.31402587890625,271.32000732421875,274.6000061035156,267.1499938964844,267.6400146484375,44630900,MSFT
2023-02-14,264.13897705078125,272.1700134277344,274.9700012207031,269.2799987792969,272.6700134277344,37047900,MSFT
2023-02-15,262.0277099609375,269.32000732421875,270.7300109863281,266.17999267578125,268.32000732421875,28922400,MSFT
2023-02-16,255.0518035888672,262.1499938964844,266.739990234375,261.8999938964844,264.0199890136719,29603600,MSFT
2023-02-17,251.0725250244141,258.0599975585937,260.0899963378906,256.0,259.3900146484375,30000100,MSFT
2023-02-21,245.82847595214844,252.6699981689453,255.4900054931641,251.58999633789065,254.47999572753903,28397400,MSFT
2023-02-22,244.69989013671875,251.509994506836,254.33999633789065,250.33999633789065,254.08999633789065,22491100,MSFT
2023-02-23,247.87164306640625,254.7700042724609,256.8399963378906,250.47999572753903,255.5599975585937,29219100,MSFT
2023-02-24,242.471908569336,249.22000122070312,251.0,248.1000061035156,249.9600067138672,24990900,MSFT
2023-02-27,243.38650512695312,250.1600036621093,252.82000732421875,249.38999938964844,252.4600067138672,21190000,MSFT
2023-02-28,242.66647338867188,249.4199981689453,251.4900054931641,248.72999572753903,249.07000732421875,22491000,MSFT
2023-03-01,239.601791381836,246.2700042724609,250.92999267578125,245.7899932861328,250.759994506836,27565300,MSFT
2023-03-02,244.3107452392578,251.1100006103516,251.3999938964844,245.6100006103516,246.5500030517578,24808200,MSFT
2023-03-03,248.3775329589844,255.2899932861328,255.6199951171875,251.38999938964844,252.19000244140625,30760100,MSFT
2023-03-06,249.914794921875,256.8699951171875,260.1199951171875,255.97999572753903,256.42999267578125,24109800,MSFT
2023-03-07,247.2684020996093,254.1499938964844,257.69000244140625,253.38999938964844,256.29998779296875,21473200,MSFT
2023-03-08,246.8306121826172,253.6999969482422,254.5399932861328,250.8099975585937,254.0399932861328,17340200,MSFT
2023-03-09,245.48797607421875,252.32000732421875,259.5599975585937,251.5800018310547,255.82000732421875,26653400,MSFT
2023-03-10,241.85894775390625,248.58999633789065,252.7899932861328,247.6000061035156,251.0800018310547,28333900,MSFT
2023-03-13,247.0446319580078,253.9199981689453,257.9100036621094,245.72999572753903,247.3999938964844,33339700,MSFT
2023-03-14,253.7286376953125,260.7900085449219,261.07000732421875,255.8600006103516,256.75,33620300,MSFT
2023-03-15,258.252685546875,265.44000244140625,266.4800109863281,259.2099914550781,259.9800109863281,46028000,MSFT
2023-03-16,268.7213134765625,276.20001220703125,276.5599975585937,263.2799987792969,265.2099914550781,54768800,MSFT
2023-03-17,271.86395263671875,279.42999267578125,283.3299865722656,276.32000732421875,278.260009765625,69527400,MSFT
2023-03-20,264.85888671875,272.2300109863281,277.4800109863281,269.8500061035156,276.9800109863281,43466600,MSFT
2023-03-21,266.3669128417969,273.7799987792969,275.0,269.5199890136719,274.8800048828125,34558700,MSFT
2023-03-22,264.9172058105469,272.2900085449219,281.0400085449219,272.17999267578125,273.3999938964844,34873300,MSFT
2023-03-23,270.1418762207031,277.6600036621094,281.0599975585937,275.20001220703125,277.94000244140625,36610900,MSFT
2023-03-24,272.9730834960937,280.57000732421875,280.6300048828125,275.2799987792969,277.239990234375,28172000,MSFT
2023-03-27,268.8965148925781,276.3800048828125,281.4599914550781,275.5199890136719,280.5,26840200,MSFT
2023-03-28,267.7776794433594,275.2300109863281,276.1400146484375,272.04998779296875,275.7900085449219,21878600,MSFT
2023-03-29,272.9146728515625,280.510009765625,281.1400146484375,278.4100036621094,278.9599914550781,25087000,MSFT
2023-03-30,276.3587951660156,284.04998779296875,284.4599914550781,281.4800109863281,284.2300109863281,25053400,MSFT
2023-03-31,280.4937438964844,288.29998779296875,289.2699890136719,283.0,283.7300109863281,32766000,MSFT
2023-04-03,279.4527282714844,287.2300109863281,288.2699890136719,283.95001220703125,286.5199890136719,24883300,MSFT
2023-04-04,279.4040222167969,287.17999267578125,290.45001220703125,285.6700134277344,287.2300109863281,25824300,MSFT
2023-04-05,276.64093017578125,284.3399963378906,287.1499938964844,282.9200134277344,285.8500061035156,22064800,MSFT
2023-04-06,283.70440673828125,291.6000061035156,292.0799865722656,282.0299987792969,283.2099914550781,29770300,MSFT
2023-04-10,281.55419921875,289.3900146484375,289.6000061035156,284.7099914550781,289.2099914550781,23103000,MSFT
2023-04-11,275.1719055175781,282.8299865722656,285.9800109863281,281.6400146484375,285.75,27276600,MSFT
2023-04-12,275.8139343261719,283.489990234375,287.010009765625,281.9599914550781,284.7900085449219,27403400,MSFT
2023-04-13,281.9920349121094,289.8399963378906,289.8999938964844,283.1700134277344,283.5899963378906,24222700,MSFT
2023-04-14,278.3923034667969,286.1400146484375,288.4800109863281,283.69000244140625,287.0,20987900,MSFT
2023-04-17,280.9801940917969,288.79998779296875,291.6000061035156,286.1600036621094,289.92999267578125,23836200,MSFT
2023-04-18,280.56182861328125,288.3699951171875,291.760009765625,287.010009765625,291.57000732421875,20161800,MSFT
2023-04-19,280.63970947265625,288.45001220703125,289.04998779296875,284.5400085449219,285.989990234375,17150300,MSFT
2023-04-20,278.36309814453125,286.1099853515625,289.0299987792969,285.0799865722656,285.25,23244400,MSFT
2023-04-21,278.02252197265625,285.760009765625,286.2699890136719,283.0599975585937,285.010009765625,21676400,MSFT
2023-04-24,274.1405334472656,281.7699890136719,284.95001220703125,278.7200012207031,282.0899963378906,26611000,MSFT
2023-04-25,267.96246337890625,275.4200134277344,281.6000061035156,275.3699951171875,279.510009765625,45772200,MSFT
2023-04-26,287.372314453125,295.3699951171875,299.57000732421875,292.7300109863281,296.70001220703125,64599200,MSFT
2023-04-27,296.5761413574219,304.8299865722656,305.20001220703125,295.25,295.9700012207031,46462600,MSFT
2023-04-28,298.9404296875,307.260009765625,308.92999267578125,303.3099975585937,304.010009765625,36469600,MSFT
2023-05-01,297.2863464355469,305.5599975585937,308.6000061035156,305.1499938964844,306.9700012207031,21294100,MSFT
2023-05-02,297.1404724121094,305.4100036621094,309.17999267578125,303.9100036621094,307.760009765625,26404400,MSFT
2023-05-03,296.1578369140625,304.3999938964844,308.6099853515625,304.0899963378906,306.6199951171875,22360800,MSFT
2023-05-04,297.1404724121094,305.4100036621094,307.760009765625,303.3999938964844,306.239990234375,22519900,MSFT
2023-05-05,302.23858642578125,310.6499938964844,311.9700012207031,304.2699890136719,305.7200012207031,28197100,MSFT
2023-05-08,300.2926940917969,308.6499938964844,310.20001220703125,306.0899963378906,310.1300048828125,21318600,MSFT
2023-05-09,298.6874389648437,307.0,310.0400085449219,306.3099975585937,308.0,21340800,MSFT
2023-05-10,303.8536376953125,312.3099975585937,313.0,307.6700134277344,308.6199951171875,30078000,MSFT
2023-05-11,301.7131652832031,310.1099853515625,311.1199951171875,306.260009765625,310.1000061035156,31680200,MSFT
2023-05-12,300.60406494140625,308.9700012207031,310.6499938964844,306.6000061035156,310.54998779296875,19774700,MSFT
2023-05-15,301.0808410644531,309.4599914550781,309.8999938964844,307.5899963378906,309.1000061035156,16336500,MSFT
2023-05-16,303.299072265625,311.739990234375,313.7099914550781,309.8299865722656,309.8299865722656,26730300,MSFT
2023-05-17,306.1657409667969,314.0,314.42999267578125,310.739990234375,312.2900085449219,24315000,MSFT
2023-05-18,310.5729064941406,318.5199890136719,319.0400085449219,313.7200012207031,314.5299987792969,27276000,MSFT
2023-05-19,310.3974304199219,318.3399963378906,318.75,316.3699951171875,316.739990234375,27546700,MSFT
2023-05-22,313.16656494140625,321.17999267578125,322.5899963378906,318.010009765625,318.6000061035156,24115700,MSFT
2023-05-23,307.3942565917969,315.260009765625,322.7200012207031,315.25,320.0299987792969,30797200,MSFT
2023-05-24,306.0194396972656,313.8500061035156,316.5,312.6099853515625,314.7300109863281,23384900,MSFT
2023-05-25,317.788330078125,325.9200134277344,326.8999938964844,320.0,323.239990234375,43301700,MSFT
2023-05-26,324.5843811035156,332.8900146484375,333.3999938964844,323.8800048828125,324.0199890136719,36630600,MSFT
2023-05-30,322.9462890625,331.2099914550781,335.739990234375,330.5199890136719,335.2300109863281,29503100,MSFT
2023-05-31,320.1967163085937,328.3900146484375,335.94000244140625,327.3299865722656,332.2900085449219,45950600,MSFT
2023-06-01,324.2820739746094,332.5799865722656,333.5299987792969,324.7200012207031,325.92999267578125,26773900,MSFT
2023-06-02,327.0317687988281,335.3999938964844,337.5,332.54998779296875,334.25,25873800,MSFT
2023-06-05,327.5583190917969,335.94000244140625,338.5599975585937,334.6600036621094,335.2200012207031,21307100,MSFT
2023-06-06,325.3547058105469,333.67999267578125,335.3699951171875,332.1700134277344,335.3299865722656,20396200,MSFT
2023-06-07,315.31170654296875,323.3800048828125,334.489990234375,322.5,331.6499938964844,40717100,MSFT
2023-06-08,317.144775390625,325.260009765625,326.6400146484375,323.3500061035156,323.94000244140625,23277700,MSFT
2023-06-09,318.6365966796875,326.7900085449219,329.989990234375,324.4100036621094,324.989990234375,22529000,MSFT
2023-06-12,323.5703430175781,331.8500061035156,332.1000061035156,325.1600036621094,328.5799865722656,24260300,MSFT
2023-06-13,325.9494934082031,334.2900085449219,336.9800109863281,330.3900146484375,334.4700012207031,22951300,MSFT
2023-06-14,328.92340087890625,337.3399963378906,339.0400085449219,332.8099975585937,334.3399963378906,26003800,MSFT
2023-06-15,339.4149169921875,348.1000061035156,349.8399963378906,337.20001220703125,337.4800109863281,38899100,MSFT
2023-06-16,333.7888488769531,342.3299865722656,351.4700012207031,341.95001220703125,351.32000732421875,46552000,MSFT
2023-06-20,329.6156311035156,338.04998779296875,342.0799865722656,335.8599853515625,339.3099975585937,26375400,MSFT
2023-06-21,325.2377014160156,333.5599975585937,337.7300109863281,332.07000732421875,336.3699951171875,25117800,MSFT
2023-06-22,331.2342224121094,339.7099914550781,340.1199951171875,333.3399963378906,334.1199951171875,23556800,MSFT
2023-06-23,326.6612243652344,335.0199890136719,337.9599914550781,333.45001220703125,334.3599853515625,23146900,MSFT
2023-06-26,320.4013977050781,328.6000061035156,336.1099853515625,328.489990234375,333.7200012207031,21520600,MSFT
2023-06-27,326.2225341796875,334.57000732421875,336.1499938964844,329.29998779296875,331.8599853515625,24354100,MSFT
2023-06-28,327.4705505371094,335.8500061035156,337.9800109863281,333.8099975585937,334.6600036621094,20259500,MSFT
2023-06-29,326.69049072265625,335.04998779296875,336.1099853515625,332.6199951171875,334.7099914550781,16997000,MSFT
2023-06-30,332.0435485839844,340.5400085449219,342.7300109863281,337.20001220703125,337.75,26832800,MSFT
2023-07-03,329.5571594238281,337.989990234375,340.8999938964844,336.57000732421875,339.19000244140625,12508700,MSFT
2023-07-05,329.713134765625,338.1499938964844,341.6499938964844,334.7300109863281,335.0899963378906,18172400,MSFT
2023-07-06,332.75537109375,341.2699890136719,342.989990234375,335.5,337.29998779296875,28161200,MSFT
2023-07-07,328.806396484375,337.2200012207031,341.7900085449219,337.0,339.32000732421875,21214800,MSFT
2023-07-10,323.5508117675781,331.8299865722656,335.2300109863281,327.5899963378906,334.6000061035156,32791400,MSFT
2023-07-11,324.17486572265625,332.4700012207031,332.8599853515625,327.0,331.0599975585937,26698200,MSFT
2023-07-12,328.7868347167969,337.20001220703125,341.6499938964844,335.6700134277344,336.6000061035156,29995300,MSFT
2023-07-13,334.11065673828125,342.6600036621094,343.739990234375,339.0199890136719,339.5599975585937,20567200,MSFT
2023-07-14,336.62628173828125,345.239990234375,351.42999267578125,344.3099975585937,347.5899963378906,28352700,MSFT
2023-07-17,337.1040344238281,345.7300109863281,346.989990234375,342.20001220703125,345.67999267578125,20363900,MSFT
2023-07-18,350.5207214355469,359.489990234375,366.7799987792969,342.1700134277344,345.8299865722656,64738600,MSFT
2023-07-19,346.22076416015625,355.0799865722656,362.4599914550781,352.44000244140625,361.75,39732900,MSFT
2023-07-20,338.2156066894531,346.8699951171875,357.9700012207031,345.3699951171875,353.57000732421875,33778400,MSFT
2023-07-21,335.19293212890625,343.7699890136719,350.29998779296875,339.8299865722656,349.1499938964844,69405400,MSFT
2023-07-24,336.4994812011719,345.1099853515625,346.9200134277344,342.3099975585937,345.8500061035156,26678100,MSFT
2023-07-25,342.2230529785156,350.9800109863281,351.8900146484375,345.07000732421875,347.1099853515625,41637700,MSFT
2023-07-26,329.3426513671875,337.7699890136719,344.6700134277344,333.1099853515625,341.44000244140625,58383700,MSFT
2023-07-27,322.4685363769531,330.7200012207031,341.3299865722656,329.04998779296875,340.4800109863281,39635300,MSFT
2023-07-28,329.9276733398437,338.3699951171875,340.010009765625,333.1700134277344,333.6700134277344,28484900,MSFT
2023-07-31,327.5387878417969,335.9200134277344,337.70001220703125,333.3599853515625,336.9200134277344,25446000,MSFT
2023-08-01,327.9483337402344,336.3399963378906,338.5400085449219,333.70001220703125,335.19000244140625,18311900,MSFT
2023-08-02,319.32891845703125,327.5,333.6300048828125,326.3599853515625,333.6300048828125,27761300,MSFT
2023-08-03,318.5097961425781,326.6600036621094,329.8800048828125,325.95001220703125,326.0,18253700,MSFT
2023-08-04,319.6019287109375,327.7799987792969,335.1400146484375,327.239990234375,331.8800048828125,23741500,MSFT
2023-08-07,321.873779296875,330.1099853515625,331.1099853515625,327.5199890136719,328.3699951171875,17741500,MSFT
2023-08-08,317.9150390625,326.04998779296875,328.75,323.0,326.9599914550781,22327600,MSFT
2023-08-09,314.1903381347656,322.2300109863281,327.1099853515625,321.04998779296875,326.4700012207031,22373300,MSFT
2023-08-10,314.8728942871094,322.92999267578125,328.260009765625,321.17999267578125,326.0199890136719,20113700,MSFT
2023-08-11,313.0008239746094,321.010009765625,322.4100036621094,319.2099914550781,320.260009765625,24355500,MSFT
2023-08-14,315.9552001953125,324.0400085449219,324.0599975585937,320.0799865722656,321.3900146484375,18836100,MSFT
2023-08-15,313.8296203613281,321.8599853515625,325.0899963378906,320.8999938964844,323.0,16966300,MSFT
2023-08-16,313.0674133300781,320.3999938964844,324.4200134277344,319.79998779296875,320.79998779296875,20698900,MSFT
2023-08-17,309.6279602050781,316.8800048828125,321.8699951171875,316.2099914550781,320.5400085449219,21257200,MSFT
2023-08-18,309.2371520996094,316.4800109863281,318.3800048828125,311.54998779296875,314.489990234375,24755000,MSFT
2023-08-21,314.5135803222656,321.8800048828125,322.7699890136719,317.0400085449219,317.92999267578125,24040000,MSFT
2023-08-22,315.080322265625,322.4599914550781,326.0799865722656,321.4599914550781,325.5,16084600,MSFT
2023-08-23,319.5164489746094,327.0,329.20001220703125,323.4599914550781,323.82000732421875,21166400,MSFT
2023-08-24,312.64727783203125,319.9700012207031,332.9800109863281,319.9599914550781,332.8500061035156,23281400,MSFT
2023-08-25,315.5884704589844,322.9800109863281,325.3599853515625,318.79998779296875,321.4700012207031,21684100,MSFT
2023-08-28,316.2919616699219,323.70001220703125,326.1499938964844,321.7200012207031,325.6600036621094,14808500,MSFT
2023-08-29,320.8941650390625,328.4100036621094,328.9800109863281,321.8800048828125,321.8800048828125,19284600,MSFT
2023-08-30,321.2654724121094,328.7900085449219,329.8099975585937,326.45001220703125,328.6700134277344,15222100,MSFT
2023-08-31,320.259033203125,327.760009765625,330.9100036621094,326.7799987792969,329.20001220703125,26411000,MSFT
2023-09-01,321.13836669921875,328.6600036621094,331.989990234375,326.7799987792969,331.3099975585937,14942000,MSFT
2023-09-05,325.9165344238281,333.54998779296875,334.8500061035156,328.6600036621094,329.0,18553900,MSFT
2023-09-06,325.2618713378906,332.8800048828125,334.4599914550781,330.17999267578125,333.3800048828125,17535800,MSFT
2023-09-07,322.35986328125,329.9100036621094,333.0799865722656,329.0299987792969,331.2900085449219,18381000,MSFT
2023-09-08,326.6199645996094,334.2699890136719,336.1600036621094,329.4599914550781,330.0899963378906,19530100,MSFT
2023-09-11,330.2060546875,337.94000244140625,338.4200134277344,335.42999267578125,337.239990234375,16583300,MSFT
2023-09-12,324.17724609375,331.7699890136719,336.7900085449219,331.4800109863281,335.82000732421875,17565500,MSFT
2023-09-13,328.3690795898437,336.0599975585937,336.8500061035156,331.1700134277344,331.3099975585937,16544400,MSFT
2023-09-14,330.9486694335937,338.70001220703125,340.8599853515625,336.57000732421875,339.1499938964844,20267000,MSFT
2023-09-15,322.6627502441406,330.2200012207031,337.3999938964844,329.6499938964844,336.9200134277344,37679800,MSFT
2023-09-18,321.5292663574219,329.0599975585937,330.3999938964844,326.3599853515625,327.79998779296875,16834200,MSFT
2023-09-19,321.128662109375,328.6499938964844,329.3900146484375,324.510009765625,326.1700134277344,16505900,MSFT
2023-09-20,313.42901611328125,320.7699890136719,329.5899963378906,320.510009765625,329.510009765625,21436500,MSFT
2023-09-21,312.2173767089844,319.5299987792969,325.3500061035156,315.0,319.260009765625,35560400,MSFT
2023-09-22,309.75506591796875,317.010009765625,321.45001220703125,316.1499938964844,321.32000732421875,21447900,MSFT
2023-09-25,310.2728576660156,317.5400085449219,317.6700134277344,315.0,316.5899963378906,17836000,MSFT
2023-09-26,304.9964904785156,312.1400146484375,315.8800048828125,310.0199890136719,315.1300048828125,26297600,MSFT
2023-09-27,305.6316223144531,312.7900085449219,314.29998779296875,309.69000244140625,312.29998779296875,19410100,MSFT
2023-09-28,306.4622497558594,313.6400146484375,315.4800109863281,309.45001220703125,310.989990234375,19683600,MSFT
2023-09-29,308.5238647460937,315.75,319.4700012207031,314.9800109863281,317.75,24147300,MSFT
2023-10-02,314.4354248046875,321.79998779296875,321.8900146484375,315.17999267578125,316.2799987792969,20570000,MSFT
2023-10-03,306.2178955078125,313.3900146484375,321.3900146484375,311.2099914550781,320.8299865722656,21033500,MSFT
2023-10-04,311.6603698730469,318.9599914550781,320.0400085449219,314.0,314.0299987792969,20720100,MSFT
2023-10-05,312.0512084960937,319.3599853515625,319.9800109863281,314.8999938964844,319.0899963378906,16965600,MSFT
2023-10-06,319.7705078125,327.260009765625,329.19000244140625,316.29998779296875,316.54998779296875,25673600,MSFT
2023-10-09,322.2718505859375,329.82000732421875,330.29998779296875,323.17999267578125,324.75,19891200,MSFT
2023-10-10,320.8746643066406,328.3900146484375,331.1000061035156,327.6700134277344,330.9599914550781,20557100,MSFT
2023-10-11,324.8124084472656,332.4200134277344,332.82000732421875,329.1400146484375,331.2099914550781,20063200,MSFT
2023-10-12,323.58123779296875,331.1600036621094,333.6300048828125,328.7200012207031,330.57000732421875,19313100,MSFT
2023-10-13,320.2297058105469,327.7300109863281,333.8299865722656,326.3599853515625,332.3800048828125,21072400,MSFT
2023-10-16,325.0273742675781,332.6400146484375,336.1400146484375,330.6000061035156,331.04998779296875,22158000,MSFT
2023-10-17,324.4606628417969,332.0599975585937,333.4599914550781,327.4100036621094,329.5899963378906,18338500,MSFT
2023-10-18,322.55517578125,330.1099853515625,335.5899963378906,328.29998779296875,332.489990234375,23153600,MSFT
2023-10-19,323.7375183105469,331.32000732421875,336.8800048828125,330.9100036621094,332.1499938964844,25052100,MSFT
2023-10-20,319.1940002441406,326.6700134277344,331.9200134277344,325.45001220703125,331.7200012207031,25027700,MSFT
2023-10-23,321.7833251953125,329.32000732421875,332.7300109863281,324.3900146484375,325.4700012207031,24374700,MSFT
2023-10-24,322.9656677246094,330.5299987792969,331.8399963378906,327.6000061035156,331.29998779296875,31153600,MSFT
2023-10-25,332.8735656738281,340.6700134277344,346.20001220703125,337.6199951171875,345.0199890136719,55053800,MSFT
2023-10-26,320.3860168457031,327.8900146484375,341.6300048828125,326.94000244140625,340.5400085449219,37828500,MSFT
2023-10-27,322.2620849609375,329.8099975585937,336.7200012207031,328.3999938964844,330.42999267578125,29856500,MSFT
2023-10-30,329.5904846191406,337.3099975585937,339.45001220703125,331.8299865722656,333.4100036621094,22828100,MSFT
2023-10-31,330.3721618652344,338.1099853515625,339.0,334.69000244140625,338.8500061035156,20265300,MSFT
2023-11-01,338.1499938964844,346.07000732421875,347.4200134277344,339.6499938964844,339.7900085449219,28158800,MSFT
2023-11-02,340.3485107421875,348.32000732421875,348.8299865722656,344.7699890136719,347.239990234375,24348100,MSFT
2023-11-03,344.7259521484375,352.79998779296875,354.3900146484375,347.3299865722656,349.6300048828125,23637700,MSFT
2023-11-06,348.37060546875,356.5299987792969,357.5400085449219,353.3500061035156,353.45001220703125,23828300,MSFT
2023-11-07,352.279052734375,360.5299987792969,362.4599914550781,357.6300048828125,359.3999938964844,25833900,MSFT
2023-11-08,354.887939453125,363.2000122070313,363.8699951171875,360.5499877929688,361.6799926757813,26767800,MSFT
2023-11-09,352.4353942871094,360.6900024414063,364.7900085449219,360.3599853515625,362.2999877929688,24847300,MSFT
2023-11-10,361.2099304199219,369.6700134277344,370.1000061035156,361.0700073242188,361.489990234375,28042100,MSFT
2023-11-13,358.2883605957031,366.6799926757813,368.4700012207031,365.8999938964844,368.2200012207031,19986500,MSFT
2023-11-14,361.796142578125,370.2699890136719,371.9500122070313,367.3500061035156,371.010009765625,27683900,MSFT
2023-11-15,361.9430541992188,369.6700134277344,373.1300048828125,367.1099853515625,371.2799987792969,26860100,MSFT
2023-11-16,368.3071899414063,376.1700134277344,376.3500061035156,370.1799926757813,370.9599914550781,27182300,MSFT
2023-11-17,362.1192626953125,369.8500061035156,374.3699951171875,367.0,373.6099853515625,40157000,MSFT
2023-11-20,369.5505676269531,377.4400024414063,378.8699951171875,371.0,371.2200012207031,52465100,MSFT
2023-11-21,365.2719421386719,373.0700073242188,376.2200012207031,371.1199951171875,375.6700134277344,28423100,MSFT
2023-11-22,369.9519958496094,377.8500061035156,379.7900085449219,374.9700012207031,378.0,23345300,MSFT
2023-11-24,369.5408630371094,377.4299926757813,377.9700012207031,375.1400146484375,377.3299865722656,10176600,MSFT
2023-11-27,370.6961364746094,378.6099853515625,380.6400146484375,376.2000122070313,376.7799987792969,22179200,MSFT
2023-11-28,374.7007141113281,382.7000122070313,383.0,378.1600036621094,378.3500061035156,20453100,MSFT
2023-11-29,370.93109130859375,378.8500061035156,384.2999877929688,377.4400024414063,383.760009765625,28963400,MSFT
2023-11-30,370.9898986816406,378.9100036621094,380.0899963378906,375.4700012207031,378.489990234375,30554400,MSFT
2023-12-01,366.6818237304688,374.510009765625,378.1600036621094,371.30999755859375,376.760009765625,33040500,MSFT
2023-12-04,361.424072265625,369.1400146484375,369.5199890136719,362.8999938964844,369.1000061035156,32063300,MSFT
2023-12-05,364.7334289550781,372.5199890136719,373.0799865722656,365.6199951171875,366.4500122070313,23065000,MSFT
2023-12-06,361.0912170410156,368.7999877929688,374.1799926757813,368.0299987792969,373.5400085449219,21182100,MSFT
2023-12-07,363.1962890625,370.9500122070313,371.4500122070313,366.3200073242188,368.2300109863281,23118900,MSFT
2023-12-08,366.4076843261719,374.2300109863281,374.4599914550781,368.2300109863281,369.2000122070313,20154400,MSFT
2023-12-11,363.5389404296875,371.2999877929688,371.6000061035156,366.1000061035156,368.4800109863281,27708800,MSFT
2023-12-12,366.5545654296875,374.3800048828125,374.4200134277344,370.4599914550781,370.8500061035156,24838300,MSFT
2023-12-13,366.5447692871094,374.3699951171875,377.6400146484375,370.7699890136719,376.0199890136719,30955500,MSFT
2023-12-14,358.2812194824219,365.9299926757813,373.760009765625,364.1300048828125,373.30999755859375,43277500,MSFT
2023-12-15,362.98089599609375,370.7300109863281,372.3999938964844,366.2799987792969,366.8500061035156,78502300,MSFT
2023-12-18,364.8607482910156,372.6499938964844,373.0,368.6799926757813,369.4500122070313,21802900,MSFT
2023-12-19,365.4580078125,373.260009765625,373.260009765625,369.8399963378906,371.489990234375,20603700,MSFT
2023-12-20,362.8731384277344,370.6199951171875,376.0299987792969,370.5299987792969,375.0,26316700,MSFT
2023-12-21,365.7320861816406,373.5400085449219,374.4100036621094,370.0400085449219,372.55999755859375,17708000,MSFT
2023-12-22,366.7503356933594,374.5799865722656,375.1799926757813,372.7099914550781,373.6799926757813,17107500,MSFT
2023-12-26,366.8287658691406,374.6600036621094,376.9400024414063,373.5,375.0,12673100,MSFT
2023-12-27,366.2510681152344,374.0700073242188,375.05999755859375,372.80999755859375,373.6900024414063,14905400,MSFT
2023-12-28,367.4358215332031,375.2799987792969,376.4599914550781,374.1600036621094,375.3699951171875,14327000,MSFT
2023-12-29,368.179931640625,376.0400085449219,377.1600036621094,373.4800109863281,376.0,18730800,MSFT
2024-01-02,363.1178894042969,370.8699951171875,375.8999938964844,366.7699890136719,373.8599853515625,25258600,MSFT
2024-01-03,362.8536071777344,370.6000061035156,373.260009765625,368.510009765625,369.010009765625,23083500,MSFT
2024-01-04,360.24920654296875,367.9400024414063,373.1000061035156,367.1700134277344,370.6700134277344,20901500,MSFT
2024-01-05,360.0631408691406,367.75,372.05999755859375,366.5,368.9700012207031,21004600,MSFT
2024-01-08,366.8581237792969,374.6900024414063,375.2000122070313,369.010009765625,369.2999877929688,23134000,MSFT
2024-01-09,367.9350891113281,375.7900085449219,375.989990234375,371.1900024414063,372.010009765625,20830000,MSFT
2024-01-10,374.7691955566406,382.7699890136719,384.1700134277344,376.3200073242188,376.3699951171875,25514200,MSFT
2024-01-11,376.5903625488281,384.6300048828125,390.6799926757813,380.3800048828125,386.0,27850800,MSFT
2024-01-12,380.3500061035156,388.4700012207031,388.6799926757813,384.6499938964844,385.489990234375,21661200,MSFT
2024-01-16,382.11236572265625,390.2699890136719,394.0299987792969,387.6199951171875,393.6600036621094,27202300,MSFT
2024-01-17,381.32916259765625,389.4700012207031,390.1099853515625,384.80999755859375,387.9800109863281,22234100,MSFT
2024-01-18,385.63720703125,393.8699951171875,393.989990234375,390.1199951171875,391.7200012207031,23392100,MSFT
2024-01-19,390.33685302734375,398.6700134277344,398.6700134277344,393.5,395.760009765625,29331100,MSFT
2024-01-22,388.2220153808594,396.510009765625,400.6199951171875,393.5899963378906,400.0199890136719,27016900,MSFT
2024-01-23,390.56201171875,398.8999938964844,399.3800048828125,393.9299926757813,395.75,20525900,MSFT
2024-01-24,394.1455078125,402.55999755859375,405.6300048828125,400.4500122070313,401.5400085449219,24867000,MSFT
2024-01-25,396.4072265625,404.8699951171875,407.010009765625,402.5299987792969,404.3200073242188,21021200,MSFT
2024-01-26,395.4869079589844,403.9299926757813,406.1700134277344,402.4299926757813,404.3699951171875,17803300,MSFT
2024-01-29,401.1558227539063,409.7200012207031,409.9800109863281,404.3299865722656,406.05999755859375,24510200,MSFT
2024-01-30,400.0495300292969,408.5899963378906,413.0499877929688,406.4500122070313,412.260009765625,33477600,MSFT
2024-01-31,389.2696228027344,397.5799865722656,415.3200073242188,397.2099914550781,406.9599914550781,47871100,MSFT
2024-02-01,395.3400573730469,403.7799987792969,408.0,401.7999877929688,401.8299865722656,30657700,MSFT
2024-02-02,402.6245422363281,411.2200012207031,412.6499938964844,403.55999755859375,403.80999755859375,28256700,MSFT
2024-02-05,397.1709289550781,405.6499938964844,411.1600036621094,403.989990234375,409.8999938964844,25352300,MSFT
2024-02-06,397.0142517089844,405.489990234375,407.9700012207031,402.9100036621094,405.8800048828125,18382600,MSFT
2024-02-07,405.3953857421875,414.0499877929688,414.2999877929688,407.3999938964844,407.4400024414063,22340500,MSFT
2024-02-08,405.4540710449219,414.1099853515625,415.55999755859375,412.5299987792969,414.0499877929688,21225300,MSFT
2024-02-09,411.7594909667969,420.5499877929688,420.8200073242188,415.0899963378906,415.25,22032800,MSFT
2024-02-12,406.5801086425781,415.260009765625,420.739990234375,414.75,420.55999755859375,21202900,MSFT
2024-02-13,397.8269348144531,406.3200073242188,410.0700073242188,403.3900146484375,404.9400024414063,27824900,MSFT
2024-02-14,401.6720581054688,409.489990234375,409.8399963378906,404.5700073242188,408.0700073242188,20401200,MSFT
2024-02-15,398.7980346679688,406.55999755859375,409.1300048828125,404.2900085449219,408.1400146484375,21825500,MSFT
2024-02-16,396.3457946777344,404.05999755859375,408.2900085449219,403.4400024414063,407.9599914550781,22296500,MSFT
2024-02-20,395.10003662109375,402.7900085449219,404.489990234375,398.010009765625,403.239990234375,24307900,MSFT
2024-02-21,394.5016784667969,402.1799926757813,402.2900085449219,397.2200012207031,400.1700134277344,18518900,MSFT
2024-02-22,403.7908935546875,411.6499938964844,412.8299865722656,408.5700073242188,410.1900024414063,27009900,MSFT
2024-02-23,402.505859375,410.3399963378906,415.8599853515625,408.9700012207031,415.6700134277344,16295900,MSFT
2024-02-26,399.7593688964844,407.5400085449219,412.1600036621094,407.3599853515625,411.4599914550781,16193500,MSFT
2024-02-27,399.7004699707031,407.4800109863281,408.3200073242188,403.8500061035156,407.989990234375,14835800,MSFT
2024-02-28,399.9358825683594,407.7200012207031,409.2999877929688,405.3200073242188,408.1799926757813,13183100,MSFT
2024-02-29,405.742919921875,413.6400146484375,414.2000122070313,405.9200134277344,408.6400146484375,31947300,MSFT
2024-03-01,407.5673828125,415.5,415.8699951171875,410.8800048828125,411.2699890136719,17823400,MSFT
2024-03-04,406.9984130859375,414.9200134277344,417.3500061035156,412.3200073242188,413.4400024414063,17596000,MSFT
2024-03-05,394.9627075195313,402.6499938964844,414.25,400.6400146484375,413.9599914550781,26919200,MSFT
2024-03-06,394.4133911132813,402.0899963378906,405.1600036621094,398.3900146484375,402.9700012207031,22344100,MSFT
2024-03-07,401.3287963867188,409.1400146484375,409.7799987792969,402.239990234375,406.1199951171875,18718500,MSFT
2024-03-08,398.4645385742188,406.2200012207031,410.4200134277344,404.3299865722656,407.9599914550781,18002200,MSFT
2024-03-11,396.7970275878906,404.5199890136719,405.6799926757813,401.260009765625,403.760009765625,16120800,MSFT
2024-03-12,407.35150146484375,415.2799987792969,415.5700073242188,406.7900085449219,407.6199951171875,22457000,MSFT
2024-03-13,407.1750183105469,415.1000061035156,418.1799926757813,411.4500122070313,418.1000061035156,17115900,MSFT
2024-03-14,417.1017761230469,425.2200012207031,427.8200073242188,417.989990234375,420.239990234375,34157300,MSFT
2024-03-15,408.46978759765625,416.4200134277344,422.6000061035156,412.7900085449219,419.2900085449219,45079900,MSFT
2024-03-18,409.3526306152344,417.3200073242188,420.7300109863281,413.7799987792969,414.25,20106000,MSFT
2024-03-19,413.364501953125,421.4100036621094,421.6700134277344,415.5499877929688,417.8299865722656,19837900,MSFT
2024-03-20,417.1116027832031,425.2300109863281,425.9599914550781,420.6600036621094,422.0,17860100,MSFT
2024-03-21,421.1725463867188,429.3699951171875,430.8200073242188,427.1600036621094,429.8299865722656,21296200,MSFT
2024-03-22,420.55462646484375,428.739990234375,429.8599853515625,426.0700073242188,429.7000122070313,17648500,MSFT
2024-03-25,414.7868347167969,422.8599853515625,427.4100036621094,421.6099853515625,425.239990234375,18060500,MSFT
2024-03-26,413.5999145507813,421.6499938964844,425.989990234375,421.3500061035156,425.6099853515625,16725600,MSFT
2024-03-27,413.3841552734375,421.4299926757813,424.4500122070313,419.010009765625,424.4400024414063,16705000,MSFT
2024-03-28,412.6876525878906,420.7200012207031,421.8699951171875,419.1199951171875,420.9599914550781,21871200,MSFT
2024-04-01,416.4642028808594,424.5700073242188,427.8900146484375,422.2200012207031,423.9500122070313,16316000,MSFT
2024-04-02,413.39398193359375,421.4400024414063,422.3800048828125,417.8399963378906,420.1099853515625,17912000,MSFT
2024-04-03,412.4228820800781,420.4500122070313,423.260009765625,419.0899963378906,419.7300109863281,16502300,MSFT
2024-04-04,409.9019775390625,417.8800048828125,428.6700134277344,417.5700073242188,424.989990234375,19370900,MSFT
2024-04-05,417.3961181640625,425.5199890136719,426.510009765625,418.3200073242188,420.010009765625,16554800,MSFT
2024-04-08,416.4838562011719,424.5899963378906,427.2799987792969,423.2999877929688,425.1700134277344,14272400,MSFT
2024-04-09,418.1415100097656,426.2799987792969,427.739990234375,421.6199951171875,426.4400024414063,12496900,MSFT
2024-04-10,415.1792297363281,423.260009765625,424.0299987792969,419.7000122070313,422.1900024414063,16216600,MSFT
2024-04-11,419.760009765625,427.9299926757813,429.3699951171875,422.3599853515625,425.8200073242188,17966400,MSFT
2024-04-12,413.84515380859375,421.8999938964844,425.1799926757813,419.7699890136719,424.0499877929688,19253800,MSFT
2024-04-15,405.742919921875,413.6400146484375,426.8200073242188,413.4299926757813,426.6000061035156,20273500,MSFT
2024-04-16,406.6648864746094,414.5799865722656,418.3999938964844,413.7300109863281,414.5700073242188,16765600,MSFT
2024-04-17,403.9772338867188,411.8399963378906,418.8800048828125,410.3299865722656,417.25,15855500,MSFT
2024-04-18,396.5517272949219,404.2699890136719,411.8900146484375,403.9500122070313,410.6300048828125,21029900,MSFT
2024-04-19,391.5000915527344,399.1199951171875,405.4800109863281,397.7699890136719,404.0299987792969,30565800,MSFT
2024-04-22,393.304931640625,400.9599914550781,402.8500061035156,395.75,400.0799865722656,20286900,MSFT
2024-04-23,399.7887878417969,407.5700073242188,408.2000122070313,403.05999755859375,404.239990234375,15734500,MSFT
2024-04-24,401.2503662109375,409.05999755859375,412.4700012207031,406.7799987792969,409.55999755859375,15065300,MSFT
2024-04-25,391.4216613769531,399.0400085449219,399.8900146484375,388.0299987792969,394.0299987792969,40586500,MSFT
2024-04-26,398.5626220703125,406.3200073242188,413.0,405.760009765625,412.1700134277344,29694700,MSFT
2024-04-29,394.5703125,402.25,406.3200073242188,399.1900024414063,405.25,19582100,MSFT
2024-04-30,381.8970031738281,389.3299865722656,402.1600036621094,389.1700134277344,401.489990234375,28781400,MSFT
2024-05-01,387.39990234375,394.9400024414063,401.7200012207031,390.30999755859375,392.6099853515625,23562500,MSFT
2024-05-02,390.2445373535156,397.8399963378906,399.9299926757813,394.6499938964844,397.6600036621094,17709400,MSFT
2024-05-03,398.8961181640625,406.6600036621094,407.1499938964844,401.8599853515625,402.2799987792969,17446700,MSFT
2024-05-06,405.644775390625,413.5400085449219,413.9299926757813,406.3699951171875,408.760009765625,16996600,MSFT
2024-05-07,401.5249633789063,409.3399963378906,414.6700134277344,409.0899963378906,414.6600036621094,20018200,MSFT
2024-05-08,402.7020568847656,410.5400085449219,412.2300109863281,406.7099914550781,408.1700134277344,11792300,MSFT
2024-05-09,404.4480895996094,412.3200073242188,412.7200012207031,409.1000061035156,410.5700073242188,14689700,MSFT
2024-05-10,406.8218994140625,414.739990234375,415.3800048828125,411.7999877929688,412.9400024414063,13402300,MSFT
2024-05-13,405.8213195800781,413.7200012207031,418.3500061035156,410.8200073242188,418.010009765625,15440200,MSFT
2024-05-14,408.6071166992188,416.55999755859375,417.489990234375,411.5499877929688,412.0199890136719,15109300,MSFT
2024-05-15,415.7511596679688,423.0799865722656,423.80999755859375,417.2699890136719,417.8999938964844,22239500,MSFT
2024-05-16,413.6973876953125,420.989990234375,425.4200134277344,420.3500061035156,421.7999877929688,17530100,MSFT
2024-05-17,412.9309387207031,420.2099914550781,422.9200134277344,418.0299987792969,422.5400085449219,15352200,MSFT
2024-05-20,417.9720458984375,425.3399963378906,426.7699890136719,419.989990234375,420.2099914550781,16272100,MSFT
2024-05-21,421.6079711914063,429.0400085449219,432.9700012207031,424.8500061035156,426.8299865722656,21453300,MSFT
2024-05-22,423.0622863769531,430.5199890136719,432.4100036621094,427.1300048828125,430.0899963378906,18073700,MSFT
2024-05-23,419.6032409667969,427.0,433.6000061035156,425.4200134277344,432.9700012207031,17211700,MSFT
2024-05-24,422.7085571289063,430.1600036621094,431.05999755859375,424.4100036621094,427.1900024414063,11855300,MSFT
2024-05-28,422.8657836914063,430.3200073242188,430.8200073242188,426.6000061035156,429.6300048828125,15718000,MSFT
2024-05-29,421.7357482910156,429.1700134277344,430.9400024414063,425.6900024414063,425.6900024414063,15517100,MSFT
2024-05-30,407.4869079589844,414.6700134277344,424.2999877929688,414.239990234375,424.2999877929688,28394500,MSFT
2024-05-31,407.93890380859375,415.1300048828125,416.75,404.510009765625,416.75,47995300,MSFT
2024-06-03,406.3567504882813,413.5199890136719,416.4299926757813,408.9200134277344,415.5299987792969,17484700,MSFT
2024-06-04,408.8626098632813,416.0700073242188,416.4400024414063,409.6799926757813,412.4299926757813,14348900,MSFT
2024-06-05,416.6650695800781,424.010009765625,424.0799865722656,416.2999877929688,417.80999755859375,16988000,MSFT
2024-06-06,417.166259765625,424.5199890136719,425.30999755859375,420.5799865722656,424.010009765625,14861300,MSFT
2024-06-07,416.5078430175781,423.8500061035156,426.2799987792969,423.0,426.2000122070313,13621700,MSFT
2024-06-10,420.458251953125,427.8699951171875,428.0799865722656,423.8900146484375,424.7000122070313,13982900,MSFT
2024-06-11,425.1848449707031,432.6799926757813,432.8200073242188,425.25,425.4800109863281,14551100,MSFT
2024-06-12,433.4197387695313,441.05999755859375,443.3999938964844,433.25,435.3200073242188,22366200,MSFT
2024-06-13,433.93072509765625,441.5799865722656,443.3900146484375,439.3699951171875,440.8500061035156,15960600,MSFT
2024-06-14,434.9035949707031,442.5700073242188,443.1400146484375,436.7200012207031,438.2799987792969,13582000,MSFT
2024-06-17,440.6030883789063,448.3699951171875,450.9400024414063,440.7200012207031,442.5899963378906,20790000,MSFT
2024-06-18,438.6082458496094,446.3399963378906,450.1400146484375,444.8900146484375,449.7099914550781,17112500,MSFT
2024-06-20,437.9793701171875,445.7000122070313,446.5299987792969,441.2699890136719,446.2999877929688,19877400,MSFT
2024-06-21,441.9887390136719,449.7799987792969,450.5799865722656,446.510009765625,447.3800048828125,34187100,MSFT
2024-06-24,439.9152526855469,447.6700134277344,452.75,446.4100036621094,449.7999877929688,15913700,MSFT
2024-06-25,443.138427734375,450.9500122070313,451.4200134277344,446.75,448.25,16413400,MSFT
2024-06-26,444.3274230957031,452.1600036621094,453.6000061035156,448.1900024414063,449.0,16507000,MSFT
2024-06-27,445.0054931640625,452.8500061035156,456.1700134277344,451.7699890136719,452.1799926757813,14806300,MSFT
2024-06-28,439.2077026367188,446.9500122070313,455.3800048828125,446.4100036621094,453.0700073242188,28362300,MSFT
2024-07-01,448.8182678222656,456.7300109863281,457.3699951171875,445.6600036621094,448.6600036621094,17662800,MSFT
2024-07-02,451.3241271972656,459.2799987792969,459.5899963378906,453.1099853515625,453.2000122070313,13979800,MSFT
2024-07-03,452.7882995605469,460.7699890136719,461.0199890136719,457.8800048828125,458.1900024414063,9932800,MSFT
2024-07-05,459.460693359375,467.55999755859375,468.3500061035156,458.9700012207031,459.6099853515625,16000300,MSFT
2024-07-08,458.16351318359375,466.239990234375,467.7000122070313,464.4599914550781,466.5499877929688,12962300,MSFT
2024-07-09,451.5796203613281,459.5400085449219,467.3299865722656,458.0,467.0,17207200,MSFT
2024-07-10,458.1734008789063,466.25,466.4599914550781,458.8599853515625,461.2200012207031,18196100,MSFT
2024-07-11,446.823486328125,454.7000122070313,464.7799987792969,451.5499877929688,462.9800109863281,23111200,MSFT
2024-07-12,445.693359375,453.5499877929688,456.3599853515625,450.6499938964844,454.3299865722656,16324300,MSFT
2024-07-15,446.0962829589844,453.9599914550781,457.260009765625,451.4299926757813,453.2999877929688,14429400,MSFT
2024-07-16,441.733154296875,449.5199890136719,454.2999877929688,446.6600036621094,454.2200012207031,17175700,MSFT
2024-07-17,435.8371276855469,443.5199890136719,444.8500061035156,439.1799926757813,442.5899963378906,21778000,MSFT
2024-07-18,432.74169921875,440.3699951171875,444.6499938964844,434.3999938964844,444.3399963378906,20794800,MSFT
2024-07-19,429.5381774902344,437.1099853515625,441.1400146484375,432.0,433.1000061035156,20940400,MSFT
2024-07-22,435.2671813964844,442.9400024414063,444.6000061035156,438.9100036621094,441.7900085449219,15808800,MSFT
2024-07-23,437.1441040039063,444.8500061035156,448.3900146484375,443.1000061035156,443.8999938964844,13107100,MSFT
2024-07-24,421.4703674316406,428.8999938964844,441.4800109863281,427.5899963378906,440.4500122070313,26805800,MSFT
2024-07-25,411.1522521972656,418.3999938964844,429.7999877929688,417.510009765625,428.7999877929688,29943800,MSFT
2024-07-26,417.9031982421875,425.2699890136719,428.9200134277344,417.2699890136719,418.2000122070313,23583800,MSFT
2024-07-29,419.3380126953125,426.7300109863281,432.1499938964844,424.7000122070313,431.5799865722656,15125800,MSFT
2024-07-30,415.5939636230469,422.9200134277344,429.0499877929688,417.3599853515625,427.7200012207031,32687600,MSFT
2024-07-31,411.1031799316406,418.3500061035156,421.7799987792969,412.2099914550781,420.5,42891400,MSFT
2024-08-01,409.8845825195313,417.1099853515625,427.4599914550781,413.0899963378906,420.7900085449219,30296400,MSFT
2024-08-02,401.4139709472656,408.489990234375,415.0,404.3399963378906,412.489990234375,29437900,MSFT
2024-08-05,388.3050231933594,395.1499938964844,401.0400085449219,385.5799865722656,389.1700134277344,40709200,MSFT
2024-08-06,392.687744140625,399.6099853515625,405.6700134277344,398.5,400.0,24946500,MSFT
2024-08-07,391.5281677246094,398.4299926757813,410.0799865722656,397.4700012207031,408.6400146484375,20650900,MSFT
2024-08-08,395.7144165039063,402.6900024414063,405.8599853515625,399.9400024414063,402.4400024414063,20203000,MSFT
2024-08-09,398.9866943359375,406.0199890136719,408.0499877929688,402.260009765625,404.0299987792969,19276700,MSFT
2024-08-12,399.7630004882813,406.80999755859375,408.760009765625,404.239990234375,407.05999755859375,16762900,MSFT
2024-08-13,406.8383483886719,414.010009765625,414.9500122070313,409.5700073242188,409.5899963378906,19414300,MSFT
2024-08-14,409.6389465332031,416.8599853515625,417.7200012207031,412.4500122070313,414.7999877929688,18267000,MSFT
2024-08-15,414.4823913574219,421.0299987792969,421.1099853515625,417.6600036621094,419.7999877929688,20752100,MSFT
2024-08-16,411.9621887207031,418.4700012207031,421.3399963378906,417.2999877929688,420.6000061035156,22775600,MSFT
2024-08-19,414.97467041015625,421.5299987792969,421.75,416.4599914550781,418.9599914550781,15234000,MSFT
2024-08-20,418.19378662109375,424.7999877929688,425.8599853515625,421.6400146484375,421.7000122070313,16387600,MSFT
2024-08-21,417.5440673828125,424.1400146484375,426.3999938964844,421.7200012207031,424.0799865722656,16067300,MSFT
2024-08-22,409.087646484375,415.5499877929688,426.7900085449219,414.6099853515625,424.3599853515625,19361900,MSFT
2024-08-23,410.3084106445313,416.7900085449219,419.260009765625,412.0899963378906,416.9800109863281,18493800,MSFT
2024-08-26,407.0596618652344,413.489990234375,417.2799987792969,411.3399963378906,416.3699951171875,13152800,MSFT
2024-08-27,407.4042053222656,413.8399963378906,414.3599853515625,410.25,412.8599853515625,13492900,MSFT
2024-08-28,404.2146606445313,410.6000061035156,415.0,407.30999755859375,414.8800048828125,14882700,MSFT
2024-08-29,406.6954040527344,413.1199951171875,422.0499877929688,410.6000061035156,414.9400024414063,17045200,MSFT
2024-08-30,410.6529235839844,417.1400146484375,417.489990234375,412.1300048828125,415.6000061035156,24308300,MSFT
2024-09-03,403.0726623535156,409.4400024414063,419.8800048828125,407.0299987792969,417.9100036621094,20313600,MSFT
2024-09-04,402.5410461425781,408.8999938964844,411.239990234375,404.3699951171875,405.9100036621094,15135800,MSFT
2024-09-05,402.03900146484375,408.3900146484375,413.1000061035156,406.1300048828125,407.6199951171875,14195500,MSFT
2024-09-06,395.45306396484375,401.7000122070313,410.6499938964844,400.7999877929688,409.05999755859375,19609500,MSFT
2024-09-09,399.4105224609375,405.7200012207031,408.6499938964844,402.1499938964844,407.239990234375,15295100,MSFT
2024-09-10,407.7586669921875,414.2000122070313,416.3299865722656,407.7000122070313,408.2000122070313,19594300,MSFT
2024-09-11,416.4611511230469,423.0400085449219,423.989990234375,409.5799865722656,415.5,19266900,MSFT
2024-09-12,420.3595275878906,427.0,427.3699951171875,419.75,423.30999755859375,17395700,MSFT
2024-09-13,423.8937683105469,430.5899963378906,431.8299865722656,425.4599914550781,425.8299865722656,15874600,MSFT
2024-09-16,424.6321105957031,431.3399963378906,433.5299987792969,428.2200012207031,430.6000061035156,13834700,MSFT
2024-09-17,428.3828125,435.1499938964844,441.8500061035156,432.2699890136719,440.2300109863281,18874200,MSFT
2024-09-18,424.1103515625,430.80999755859375,436.0299987792969,430.4100036621094,435.0,18898000,MSFT
2024-09-19,431.8678283691406,438.6900024414063,441.5,436.8999938964844,441.2300109863281,21706600,MSFT
2024-09-20,428.5010070800781,435.2699890136719,439.239990234375,434.2200012207031,437.2200012207031,55167100,MSFT
2024-09-23,426.7684020996094,433.510009765625,436.4599914550781,430.3900146484375,434.2799987792969,15128900,MSFT
2024-09-24,422.4958801269531,429.1700134277344,433.3500061035156,426.1000061035156,433.0,17015800,MSFT
2024-09-25,425.39013671875,432.1099853515625,433.1199951171875,428.5700073242188,429.8299865722656,13396400,MSFT
2024-09-26,424.6025390625,431.30999755859375,435.2999877929688,429.1300048828125,435.0899963378906,14492000,MSFT
2024-09-27,421.36370849609375,428.0199890136719,431.8500061035156,427.4700012207031,431.5199890136719,14896100,MSFT
2024-09-30,423.6082763671875,430.2999877929688,430.4200134277344,425.3699951171875,428.2099914550781,16807300,MSFT
2024-10-01,414.1476745605469,420.6900024414063,428.4800109863281,418.80999755859375,428.4500122070313,19092900,MSFT
2024-10-02,410.64306640625,417.1300048828125,422.8200073242188,416.7099914550781,422.5799865722656,16582300,MSFT
2024-10-03,410.0622253417969,416.5400085449219,419.5499877929688,414.2900085449219,417.6300048828125,13686400,MSFT
2024-10-04,409.5897216796875,416.05999755859375,419.75,414.9700012207031,418.239990234375,19169700,MSFT
2024-10-07,403.1710815429688,409.5400085449219,417.1099853515625,409.0,416.0,20919800,MSFT
2024-10-08,408.2607116699219,414.7099914550781,415.6600036621094,408.1700134277344,410.8999938964844,19229300,MSFT
2024-10-09,410.9679260253906,417.4599914550781,420.3800048828125,414.2999877929688,415.8599853515625,14974300,MSFT
2024-10-10,409.3731689453125,415.8399963378906,417.3500061035156,413.1499938964844,415.2300109863281,13848400,MSFT
2024-10-11,409.84576416015625,416.3200073242188,417.1300048828125,413.25,416.1400146484375,14144900,MSFT
2024-10-14,412.6218872070313,419.1400146484375,424.0400085449219,417.5199890136719,417.7699890136719,16653100,MSFT
2024-10-15,412.2280578613281,418.739990234375,422.4800109863281,415.260009765625,422.1799926757813,18900200,MSFT
2024-10-16,409.6488037109375,416.1199951171875,416.3599853515625,410.4800109863281,415.1700134277344,15508900,MSFT
2024-10-17,410.2394409179688,416.7200012207031,422.5,415.5899963378906,422.3599853515625,14820000,MSFT
2024-10-18,411.6570739746094,418.1600036621094,419.6499938964844,416.260009765625,417.1400146484375,17145300,MSFT
2024-10-21,412.2674255371094,418.7799987792969,418.9599914550781,413.75,416.1199951171875,14206100,MSFT
2024-10-22,420.8616638183594,427.510009765625,430.5799865722656,418.0400085449219,418.489990234375,25482200,MSFT
2024-10-23,417.9969177246094,424.6000061035156,431.0799865722656,422.5299987792969,430.8599853515625,19654400,MSFT
2024-10-24,418.1249084472656,424.7300109863281,425.9800109863281,422.3999938964844,425.3299865722656,13581600,MSFT
2024-10-25,421.4917297363281,428.1499938964844,432.5199890136719,426.5700073242188,426.760009765625,16899100,MSFT
2024-10-28,419.9559631347656,426.5899963378906,431.9400024414063,426.2999877929688,431.6600036621094,14882400,MSFT
2024-10-29,425.2326049804688,431.9500122070313,433.1700134277344,425.7999877929688,428.0,17644100,MSFT
2024-10-30,425.8035888671875,432.5299987792969,438.5,432.1000061035156,437.4400024414063,29749100,MSFT
2024-10-31,400.0307312011719,406.3500061035156,416.1600036621094,406.2999877929688,415.3599853515625,53971000,MSFT
2024-11-01,403.98822021484375,410.3699951171875,415.5,407.5,409.010009765625,24230400,MSFT
2024-11-04,402.10791015625,408.4599914550781,410.4200134277344,405.5700073242188,409.7999877929688,19672300,MSFT
2024-11-05,405.0612487792969,411.4599914550781,414.8999938964844,408.0799865722656,408.3699951171875,17626000,MSFT
2024-11-06,413.6456604003906,420.1799926757813,420.4500122070313,410.5199890136719,412.4200134277344,26681800,MSFT
2024-11-07,418.8139953613281,425.4299926757813,426.8500061035156,419.8800048828125,421.2799987792969,19901800,MSFT
2024-11-08,415.9689636230469,422.5400085449219,426.5,421.7799987792969,425.3200073242188,16891400,MSFT
2024-11-11,411.5093688964844,418.010009765625,424.80999755859375,416.0,422.5199890136719,24503300,MSFT
2024-11-12,416.4513244628906,423.0299987792969,424.4400024414063,417.2000122070313,418.25,19401200,MSFT
2024-11-13,418.5875854492188,425.2000122070313,429.3299865722656,418.2099914550781,421.6400146484375,21502200,MSFT
2024-11-14,420.2513122558594,426.8900146484375,428.1700134277344,420.0,425.0,30246900,MSFT
2024-11-15,408.5462341308594,415.0,422.7999877929688,413.6400146484375,419.8200073242188,28247600,MSFT
2024-11-18,409.2944030761719,415.760009765625,418.3999938964844,412.1000061035156,414.8699951171875,24727000,MSFT
2024-11-19,411.2928466796875,417.7900085449219,417.9400024414063,411.5499877929688,413.1099853515625,18133500,MSFT
2024-11-20,409.0285949707031,415.489990234375,417.2900085449219,410.5799865722656,416.8699951171875,19191700,MSFT
2024-11-21,407.2629089355469,412.8699951171875,419.7799987792969,410.2900085449219,419.5,20780200,MSFT
2024-11-22,411.3368225097656,417.0,417.3999938964844,411.05999755859375,411.3699951171875,24814600,MSFT
2024-11-25,413.10247802734375,418.7900085449219,421.0799865722656,414.8500061035156,418.3800048828125,27691100,MSFT
2024-11-26,422.1775207519531,427.989990234375,429.0400085449219,418.8500061035156,419.5899963378906,23458900,MSFT
2024-11-27,417.2454528808594,422.989990234375,427.2300109863281,422.0199890136719,425.1099853515625,18332400,MSFT
2024-11-29,417.70904541015625,423.4599914550781,424.8800048828125,417.7999877929688,420.0899963378906,16271900,MSFT
2024-12-02,425.1269836425781,430.9800109863281,433.0,421.30999755859375,421.5700073242188,20207200,MSFT
2024-12-03,425.3439636230469,431.2000122070313,432.4700012207031,427.739990234375,429.8399963378906,18302000,MSFT
2024-12-04,431.4795227050781,437.4200134277344,439.6700134277344,432.6300048828125,433.0299987792969,26009400,MSFT
2024-12-05,436.60882568359375,442.6199951171875,444.6600036621094,436.1700134277344,437.9200134277344,21697800,MSFT
2024-12-06,437.54595947265625,443.5700073242188,446.1000061035156,441.7699890136719,442.2999877929688,18821000,MSFT
2024-12-09,439.9626770019531,446.0199890136719,448.3299865722656,440.5,442.6000061035156,19144400,MSFT
2024-12-10,437.3092041015625,443.3299865722656,449.6199951171875,441.6000061035156,444.3900146484375,18469500,MSFT
2024-12-11,442.8923645019531,448.989990234375,450.3500061035156,444.0499877929688,444.0499877929688,19200200,MSFT
2024-12-12,443.4545593261719,449.55999755859375,456.1600036621094,449.1099853515625,449.1099853515625,20834800,MSFT
2024-12-13,441.1957092285156,447.2699890136719,451.4299926757813,445.5799865722656,448.4400024414063,20177800,MSFT
2024-12-16,445.45703125,451.5899963378906,452.1799926757813,445.2799987792969,447.2699890136719,23598800,MSFT
2024-12-17,448.2880554199219,454.4599914550781,455.2900085449219,449.5700073242188,451.010009765625,22733500,MSFT
2024-12-18,431.4498901367188,437.3900146484375,452.6499938964844,437.0199890136719,451.3200073242188,24444500,MSFT
2024-12-19,431.0947570800781,437.0299987792969,443.1799926757813,436.3200073242188,441.6199951171875,22963700,MSFT
2024-12-20,430.670654296875,436.6000061035156,443.739990234375,428.6300048828125,433.1099853515625,64263700,MSFT
2024-12-23,429.33892822265625,435.25,437.6499938964844,432.8299865722656,436.739990234375,19152500,MSFT
2024-12-24,433.3635559082031,439.3299865722656,439.6000061035156,434.1900024414063,434.6499938964844,7164500,MSFT
2024-12-26,432.16015625,438.1099853515625,440.9400024414063,436.6300048828125,439.0799865722656,8194200,MSFT
2024-12-27,424.68304443359375,430.5299987792969,435.2200012207031,426.3500061035156,434.6000061035156,18117700,MSFT
2024-12-30,419.0604553222656,424.8299865722656,427.5499877929688,421.8999938964844,426.05999755859375,13158700,MSFT
2024-12-31,415.7756958007813,421.5,426.7300109863281,420.6600036621094,426.1000061035156,13246500,MSFT
2025-01-02,412.8953247070313,418.5799865722656,426.0700073242188,414.8500061035156,425.5299987792969,16896500,MSFT
2025-01-03,417.6005554199219,423.3500061035156,424.0299987792969,419.5400085449219,421.0799865722656,16662900,MSFT
2025-01-06,422.0394592285156,427.8500061035156,434.3200073242188,425.4800109863281,428.0,20573600,MSFT
2025-01-07,416.6338806152344,422.3699951171875,430.6499938964844,420.7999877929688,429.0,18139100,MSFT
2025-01-08,418.7941284179688,424.55999755859375,426.9700012207031,421.5400085449219,423.4599914550781,15054600,MSFT
2025-01-10,413.2602844238281,418.9500122070313,424.7099914550781,415.0199890136719,424.6300048828125,20201100,MSFT
2025-01-13,411.5242004394531,417.1900024414063,418.5,412.2900085449219,415.239990234375,17604800,MSFT
2025-01-14,410.02490234375,415.6700134277344,419.739990234375,410.7200012207031,417.80999755859375,16935900,MSFT
2025-01-15,420.5203552246094,426.30999755859375,428.1499938964844,418.2699890136719,419.1300048828125,19637800,MSFT
2025-01-16,418.8138427734375,424.5799865722656,429.489990234375,424.3900146484375,428.7000122070313,15300000,MSFT
2025-01-17,423.2034301757813,429.0299987792969,434.4800109863281,428.1700134277344,434.0899963378906,26197500,MSFT
2025-01-21,422.6806335449219,428.5,430.8999938964844,425.6000061035156,430.2000122070313,26085700,MSFT
2025-01-22,440.1402587890625,446.2000122070313,447.2699890136719,436.0,437.55999755859375,27803800,MSFT
2025-01-23,440.643310546875,446.7099914550781,446.75,441.5,442.0,18389300,MSFT
2025-01-24,438.0292663574219,444.05999755859375,446.6499938964844,441.3999938964844,445.1600036621094,15549500,MSFT
2025-01-27,428.6582946777344,434.55999755859375,435.2000122070313,423.5,424.010009765625,35647800,MSFT
2025-01-28,441.1266479492188,447.2000122070313,448.3800048828125,431.3800048828125,434.6000061035156,23491700,MSFT
2025-01-29,436.3227844238281,442.3299865722656,446.8800048828125,440.3999938964844,446.6900024414063,23581400,MSFT
2025-01-30,409.3540649414063,414.989990234375,422.8599853515625,413.1600036621094,418.7699890136719,54586300,MSFT
2025-01-31,409.4232177734375,415.05999755859375,420.6900024414063,414.9100036621094,418.9800109863281,34161900,MSFT
2025-02-03,405.3393859863281,410.9200134277344,415.4100036621094,408.6600036621094,411.6000061035156,25679100,MSFT
2025-02-04,406.7697143554688,412.3699951171875,413.9200134277344,409.739990234375,412.6900024414063,20532100,MSFT
2025-02-05,407.67718505859375,413.2900085449219,413.8299865722656,410.3999938964844,412.3500061035156,16316700,MSFT
2025-02-06,410.1728210449219,415.8200073242188,418.2000122070313,414.0,414.0,16309800,MSFT
2025-02-07,404.1852416992188,409.75,418.6499938964844,408.1000061035156,416.4800109863281,22886800,MSFT
2025-02-10,406.6217346191406,412.2200012207031,415.4599914550781,410.9200134277344,413.7099914550781,20817900,MSFT
2025-02-11,405.852294921875,411.4400024414063,412.489990234375,409.2999877929688,409.6400146484375,18140600,MSFT
2025-02-12,403.4848937988281,409.0400085449219,410.75,404.3699951171875,407.2099914550781,19121700,MSFT
2025-02-13,404.9645385742188,410.5400085449219,411.0,406.3599853515625,407.0,23891700,MSFT
2025-02-14,402.8832092285156,408.4299926757813,408.9100036621094,405.8800048828125,407.7900085449219,22758500,MSFT
2025-02-18,404.0767822265625,409.6400146484375,410.6000061035156,406.5,408.0,21423100,MSFT
2025-02-19,409.1370849609375,414.7699890136719,415.489990234375,407.6499938964844,407.8800048828125,24114200,MSFT
2025-02-20,411.3016662597656,416.1300048828125,419.30999755859375,412.5400085449219,415.2900085449219,23508700,MSFT
2025-02-21,403.4736022949219,408.2099914550781,418.0499877929688,407.8900146484375,417.3399963378906,27524800,MSFT
2025-02-24,399.3124084472656,404.0,409.3699951171875,399.3200073242188,408.510009765625,26443700,MSFT
2025-02-25,393.283203125,397.8999938964844,401.9200134277344,396.7000122070313,401.1000061035156,29387400,MSFT
2025-02-26,395.0920104980469,399.7300109863281,403.6000061035156,394.25,398.010009765625,19619000,MSFT
2025-02-27,387.97552490234375,392.5299987792969,405.739990234375,392.1700134277344,401.2699890136719,21127400,MSFT
2025-02-28,392.3837585449219,396.989990234375,397.6300048828125,386.5700073242188,392.6600036621094,32845700,MSFT
2025-03-03,383.98236083984375,388.489990234375,398.8200073242188,386.1600036621094,398.8200073242188,23007700,MSFT
2025-03-04,384.1009826660156,388.6099853515625,392.5799865722656,381.0,383.3999938964844,29342900,MSFT
2025-03-05,396.366943359375,401.0199890136719,401.6700134277344,388.80999755859375,389.3399963378906,23433100,MSFT
2025-03-06,392.2849731445313,396.8900146484375,402.1499938964844,392.6799926757813,394.2799987792969,23304600,MSFT
2025-03-07,388.7464599609375,393.30999755859375,394.7999877929688,385.5400085449219,392.3200073242188,22034100,MSFT
2025-03-10,375.7490234375,380.1600036621094,386.3999938964844,377.2200012207031,385.8399963378906,32840100,MSFT
2025-03-11,376.0356750488281,380.4500122070313,386.0,376.9100036621094,379.0,30380200,MSFT
2025-03-12,378.8229064941406,383.2699890136719,385.2200012207031,378.9500122070313,382.9500122070313,24253600,MSFT
2025-03-13,374.3751525878906,378.7699890136719,385.3200073242188,377.4500122070313,383.1600036621094,20473000,MSFT
2025-03-14,384.0515747070313,388.55999755859375,390.2300109863281,379.510009765625,379.7799987792969,19952800,MSFT
2025-03-17,384.1899719238281,388.7000122070313,392.7099914550781,385.5700073242188,386.7000122070313,22474300,MSFT
2025-03-18,379.0700073242188,383.5199890136719,387.3699951171875,381.1000061035156,387.0700073242188,19486900,MSFT
2025-03-19,383.3201599121094,387.8200073242188,389.6799926757813,384.0,385.5299987792969,19185500,MSFT
2025-03-20,382.3515319824219,386.8399963378906,391.7900085449219,383.2799987792969,385.739990234375,18470500,MSFT
2025-03-21,386.7202758789063,391.260009765625,391.739990234375,382.7999877929688,383.2200012207031,39675900,MSFT
2025-03-24,388.5191040039063,393.0799865722656,395.3999938964844,389.80999755859375,395.3999938964844,21004500,MSFT
2025-03-25,390.5749816894531,395.1600036621094,396.3599853515625,392.6400146484375,393.9200134277344,15775000,MSFT
2025-03-26,385.4452209472656,389.9700012207031,395.30999755859375,388.5700073242188,395.0,16108400,MSFT
2025-03-27,386.048095703125,390.5799865722656,392.239990234375,387.3999938964844,390.1300048828125,13766800,MSFT
2025-03-28,374.4048156738281,378.7999877929688,389.1300048828125,376.9299926757813,388.0799865722656,21632000,MSFT
2025-03-31,371.034423828125,375.3900146484375,377.0700073242188,367.239990234375,372.5400085449219,35184700,MSFT
2025-04-01,377.7554931640625,382.1900024414063,382.8500061035156,373.2300109863281,374.6499938964844,19689500,MSFT
2025-04-02,377.7060852050781,382.1400146484375,385.0799865722656,376.6199951171875,377.9700012207031,16092600,MSFT
2025-04-03,368.7808532714844,373.1099853515625,377.4800109863281,369.3500061035156,374.7900085449219,30198000,MSFT
2025-04-04,355.664794921875,359.8399963378906,374.5899963378906,359.4800109863281,364.1300048828125,49209900,MSFT
2025-04-07,353.7077941894531,357.8599853515625,371.0,344.7900085449219,350.8800048828125,50425000,MSFT
2025-04-08,350.4460144042969,354.5599975585937,373.6499938964844,350.25,368.260009765625,35868900,MSFT
2025-04-09,385.9591674804688,390.489990234375,393.2300109863281,353.1000061035156,353.5400085449219,50199700,MSFT
2025-04-10,376.92523193359375,381.3500061035156,383.8999938964844,367.7999877929688,382.05999755859375,38024400,MSFT
2025-04-11,383.9428405761719,388.4500122070313,390.0499877929688,378.8900146484375,380.6400146484375,23839200,MSFT
2025-04-14,383.3102722167969,387.80999755859375,394.6499938964844,384.2099914550781,393.2200012207031,19251200,MSFT
2025-04-15,381.2544250488281,385.7300109863281,391.8900146484375,384.1600036621094,388.510009765625,17199900,MSFT
2025-04-16,367.2982482910156,371.6099853515625,381.6099853515625,368.0,380.6700134277344,21967800,MSFT
2025-04-17,363.5126953125,367.7799987792969,374.3200073242188,366.8900146484375,373.75,21120200,MSFT
2025-04-21,354.953125,359.1199951171875,364.4800109863281,355.6700134277344,362.8200073242188,20807300,MSFT
2025-04-22,362.5637817382813,366.8200073242188,367.7699890136719,359.8599853515625,363.3800048828125,19485000,MSFT
2025-04-23,370.0459899902344,374.3900146484375,380.3900146484375,373.0199890136719,376.05999755859375,20545500,MSFT
2025-04-24,382.80615234375,387.2999877929688,388.4500122070313,375.1900024414063,375.7000122070313,22232300,MSFT
2025-04-25,387.3034057617188,391.8500061035156,392.1600036621094,384.6000061035156,387.0,18973200,MSFT
2025-04-28,386.6213989257813,391.1600036621094,392.739990234375,386.6400146484375,391.9599914550781,16579400,MSFT
2025-04-29,389.4679870605469,394.0400085449219,395.1000061035156,390.3800048828125,391.2999877929688,14974000,MSFT
2025-04-30,390.673828125,395.260009765625,396.6600036621094,384.4400024414063,390.2999877929688,36461100,MSFT
2025-05-01,420.4641418457031,425.3999938964844,436.989990234375,424.8999938964844,431.1099853515625,58938100,MSFT
2025-05-02,430.2294921875,435.2799987792969,439.4400024414063,429.989990234375,431.739990234375,30757400,MSFT
2025-05-05,431.1091918945313,436.1700134277344,439.5,432.1099853515625,432.8699951171875,20136100,MSFT
2025-05-06,428.2823486328125,433.30999755859375,437.7300109863281,431.1700134277344,432.2000122070313,15104200,MSFT
2025-05-07,428.3218688964844,433.3500061035156,438.1199951171875,431.1099853515625,433.8399963378906,23295300,MSFT
2025-05-08,433.0859680175781,438.1700134277344,443.6700134277344,435.6600036621094,437.9299926757813,23491300,MSFT
2025-05-09,433.6394653320313,438.7300109863281,440.739990234375,435.8800048828125,440.0,15324200,MSFT
2025-05-12,444.0472717285156,449.260009765625,449.3699951171875,439.7799987792969,445.9400024414063,22821900,MSFT
2025-05-13,443.9287109375,449.1400146484375,450.6700134277344,445.3599853515625,447.7799987792969,23618800,MSFT
2025-05-14,447.6845703125,452.9400024414063,453.8999938964844,448.1400146484375,448.1400146484375,19902800,MSFT
2025-05-15,448.6946105957031,453.1300048828125,456.1900024414063,450.4299926757813,450.7699890136719,21992300,MSFT
2025-05-16,449.8234252929688,454.2699890136719,454.3599853515625,448.7300109863281,452.0499877929688,23849800,MSFT
2025-05-19,454.3784484863281,458.8699951171875,459.5899963378906,450.7999877929688,450.8800048828125,21336500,MSFT
2025-05-20,453.685302734375,458.1700134277344,458.3399963378906,454.3200073242188,455.5899963378906,15441800,MSFT
2025-05-21,448.1401062011719,452.5700073242188,457.7799987792969,451.80999755859375,454.5700073242188,19216900,MSFT
2025-05-22,450.40765380859375,454.8599853515625,460.25,453.8999938964844,454.9500122070313,18025600,MSFT
2025-05-23,445.7734680175781,450.1799926757813,453.6900024414063,448.9100036621094,449.9800109863281,16883500,MSFT
2025-05-27,456.18060302734375,460.6900024414063,460.9500122070313,456.1199951171875,456.4800109863281,20974300,MSFT
2025-05-28,452.8831481933594,457.3599853515625,462.5199890136719,456.9299926757813,461.2200012207031,17086300,MSFT
2025-05-29,454.1902770996094,458.6799926757813,461.7200012207031,455.30999755859375,461.5499877929688,13974800,MSFT
2025-05-30,455.8537902832031,460.3599853515625,461.6799926757813,455.5400085449219,459.7200012207031,34770500,MSFT
2025-06-02,457.4480590820313,461.9700012207031,462.1099853515625,456.8900146484375,457.1400146484375,16626500,MSFT
2025-06-03,458.4382934570313,462.9700012207031,464.1400146484375,460.8599853515625,461.4700012207031,15743800,MSFT
2025-06-04,459.3294677734375,463.8699951171875,465.6900024414063,463.0199890136719,464.0,14162700,MSFT
2025-06-05,463.1021728515625,467.6799926757813,469.6499938964844,464.0299987792969,464.9599914550781,20131700,MSFT
2025-06-06,465.7757568359375,470.3800048828125,473.3399963378906,468.7799987792969,470.0899963378906,15285600,MSFT
2025-06-09,468.1225891113281,472.75,473.4299926757813,468.6199951171875,469.7000122070313,16469900,MSFT
2025-06-10,466.3104553222656,470.9200134277344,472.7999877929688,466.9599914550781,471.1900024414063,15375900,MSFT
2025-06-11,467.9938659667969,472.6199951171875,475.4700012207031,469.6600036621094,470.0199890136719,16399200,MSFT
2025-06-12,474.1826477050781,478.8699951171875,480.4200134277344,473.5199890136719,475.0199890136719,18950600,MSFT
2025-06-13,470.3109130859375,474.9599914550781,479.1799926757813,472.760009765625,476.4100036621094,16814500,MSFT
2025-06-16,474.4499816894531,479.1400146484375,480.6900024414063,475.0,475.2099914550781,15626100,MSFT
2025-06-17,473.36077880859375,478.0400085449219,478.739990234375,474.0799865722656,475.3999938964844,15414100,MSFT
2025-06-18,475.5392150878906,480.239990234375,481.0,474.4599914550781,478.0,17526500,MSFT
2025-06-20,472.7270202636719,477.3999938964844,483.4599914550781,476.8699951171875,482.2300109863281,37576200,MSFT
2025-06-23,481.2428283691406,486.0,487.75,472.510009765625,478.2099914550781,24864000,MSFT
2025-06-24,485.3126220703125,490.1099853515625,491.8500061035156,486.7999877929688,488.9500122070313,22305600,MSFT
2025-06-25,487.4514770507813,492.2699890136719,494.55999755859375,489.3900146484375,492.0400085449219,17495100,MSFT
2025-06-26,492.580810546875,497.4500122070313,498.0400085449219,492.80999755859375,492.9800109863281,21578900,MSFT
2025-06-27,491.0855407714844,495.9400024414063,499.2999877929688,493.0299987792969,497.5499877929688,34539200,MSFT
2025-06-30,492.5411682128906,497.4100036621094,500.760009765625,495.3299865722656,497.0400085449219,28369000,MSFT
2025-07-01,487.2336120605469,492.0499877929688,498.0499877929688,490.9800109863281,496.4700012207031,19945400,MSFT
2025-07-02,486.2830200195313,491.0899963378906,493.5,488.7000122070313,489.989990234375,16319600,MSFT
2025-07-03,493.9571533203125,498.8399963378906,500.1300048828125,493.4400024414063,493.80999755859375,13984800,MSFT
2025-07-07,492.8481750488281,497.7200012207031,498.75,495.2300109863281,497.3800048828125,13981600,MSFT
2025-07-08,491.7589416503906,496.6199951171875,498.2000122070313,494.1099853515625,497.239990234375,11846600,MSFT
2025-07-09,498.58148193359375,503.510009765625,506.7799987792969,499.739990234375,500.2999877929688,18659500,MSFT
2025-07-10,496.5713195800781,501.4800109863281,504.4400024414063,497.75,503.0499877929688,16492100,MSFT
2025-07-11,498.3933410644531,503.3200073242188,505.0299987792969,497.7999877929688,498.4700012207031,16459500,MSFT
2025-07-14,498.0962524414063,503.0199890136719,503.9700012207031,501.0299987792969,501.5199890136719,12058800,MSFT
2025-07-15,500.8688354492188,505.8200073242188,508.2999877929688,502.7900085449219,503.0199890136719,14927200,MSFT
2025-07-16,500.67083740234375,505.6199951171875,506.7200012207031,501.8900146484375,505.1799926757813,15154400,MSFT
2025-07-17,506.6912841796875,511.7000122070313,513.3699951171875,505.6199951171875,505.6799926757813,17503100,MSFT
2025-07-18,505.0574645996094,510.0499877929688,514.6400146484375,507.4299926757813,514.47998046875,21209700,MSFT
2025-07-21,505.06732177734375,510.05999755859375,512.0900268554688,505.5499877929688,506.7099914550781,14066800,MSFT
2025-07-22,500.3241882324219,505.2699890136719,511.2000122070313,505.2699890136719,510.9700012207031,13868600,MSFT
2025-07-23,500.9183349609375,505.8699951171875,506.7900085449219,500.7000122070313,506.75,16396600,MSFT
2025-07-24,505.87933349609375,510.8800048828125,513.6699829101562,507.2999877929688,508.7699890136719,16107000,MSFT
2025-07-25,508.681640625,513.7100219726562,518.2899780273438,510.3599853515625,512.469970703125,19125700,MSFT
2025-07-28,507.4834899902344,512.5,515.0,510.1199951171875,514.0800170898438,14308000,MSFT
2025-07-29,507.5527648925781,512.5700073242188,517.6199951171875,511.55999755859375,515.530029296875,16469200,MSFT
2025-07-30,508.21624755859375,513.239990234375,515.9500122070312,509.4400024414063,515.1699829101562,26380400,MSFT
2025-07-31,528.2780151367188,533.5,555.4500122070312,531.9000244140625,555.22998046875,51617300,MSFT
2025-08-01,518.9798583984375,524.1099853515625,535.7999877929688,520.8599853515625,535.0,28977600,MSFT
2025-08-04,530.39697265625,535.6400146484375,538.25,528.1300048828125,528.27001953125,25349000,MSFT
2025-08-05,522.5841674804688,527.75,537.2999877929688,527.239990234375,537.1799926757812,19171600,MSFT
2025-08-06,519.8016357421875,524.9400024414062,531.7000122070312,524.030029296875,530.9000244140625,21355700,MSFT
2025-08-07,515.7418212890625,520.8400268554688,528.0900268554688,517.5499877929688,526.7999877929688,16079100,MSFT
2025-08-08,516.9300537109375,522.0399780273438,524.6599731445312,519.4099731445312,522.5999755859375,15531000,MSFT
2025-08-11,516.6627197265625,521.77001953125,527.5900268554688,519.719970703125,522.2999877929688,20194400,MSFT
2025-08-12,524.0595703125,529.239990234375,530.97998046875,522.7000122070312,523.75,18667000,MSFT
2025-08-13,515.4844360351562,520.5800170898438,532.7000122070312,519.3699951171875,532.1099853515625,19619200,MSFT
2025-08-14,517.3657836914062,522.47998046875,525.9500122070312,520.1400146484375,522.5599975585938,20269100,MSFT
2025-08-15,515.078369140625,520.1699829101562,526.0999755859375,519.0800170898438,522.77001953125,25213300,MSFT
2025-08-18,512.0384521484375,517.0999755859375,522.8200073242188,514.02001953125,521.5900268554688,23760600,MSFT
2025-08-19,504.7801818847656,509.7699890136719,515.1599731445312,508.5499877929688,515.0,21481000,MSFT
2025-08-20,500.7698364257813,505.7200012207031,511.0,504.4400024414063,509.8699951171875,27723000,MSFT
2025-08-21,500.1250915527344,504.239990234375,507.6300048828125,502.7200012207031,503.6900024414063,18443300,MSFT
2025-08-22,503.09075927734375,507.2300109863281,510.7300109863281,502.4100036621094,504.25,24324200,MSFT
2025-08-25,500.1449890136719,504.260009765625,508.1900024414063,504.1199951171875,506.6300048828125,21638600,MSFT
2025-08-26,497.9430847167969,502.0400085449219,504.9800109863281,498.510009765625,504.3599853515625,30835700,MSFT
2025-08-27,502.604736328125,506.739990234375,507.2900085449219,499.8999938964844,502.0,17277900,MSFT
2025-08-28,505.4810791015625,509.6400146484375,511.0899963378906,505.5,507.0899963378906,18015600,MSFT
2025-08-29,502.5551452636719,506.6900024414063,509.6000061035156,504.489990234375,508.6600036621094,20961600,MSFT
2025-09-02,500.9979248046875,505.1199951171875,506.0,496.80999755859375,500.4700012207031,18128000,MSFT
2025-09-03,501.22607421875,505.3500061035156,507.7900085449219,502.3200073242188,503.7900085449219,16345100,MSFT
2025-09-04,503.82470703125,507.9700012207031,508.1499938964844,503.1499938964844,504.2999877929688,15509500,MSFT
2025-09-05,490.9605407714844,495.0,511.9700012207031,492.3699951171875,509.0700073242188,31994800,MSFT
2025-09-08,494.1344299316406,498.2000122070313,501.2000122070313,495.0299987792969,498.1099853515625,16771000,MSFT
2025-09-09,494.3427429199219,498.4100036621094,502.25,497.7000122070313,501.4299926757813,14410500,MSFT
2025-09-10,496.2867126464844,500.3699951171875,503.2300109863281,496.7200012207031,502.9800109863281,21611800,MSFT
2025-09-11,496.9215087890625,501.010009765625,503.1700134277344,497.8800048828125,502.25,18881600,MSFT
2025-09-12,505.7389526367188,509.8999938964844,512.5499877929688,503.8500061035156,506.6499938964844,23624900,MSFT
2025-09-15,511.1544189453125,515.3599853515625,515.469970703125,507.0,508.7900085449219,17143800,MSFT
2025-09-16,504.885986328125,509.0400085449219,517.22998046875,508.6000061035156,516.8800048828125,19711900,MSFT
2025-09-17,505.8579406738281,510.0199890136719,511.2900085449219,505.9299926757813,510.6199951171875,15816600,MSFT
2025-09-18,504.3008117675781,508.4500122070313,513.0700073242188,507.6600036621094,511.489990234375,18913700,MSFT
2025-09-19,513.7034301757812,517.9299926757812,519.2999877929688,510.30999755859375,510.55999755859375,52474100,MSFT
2025-09-22,510.25189208984375,514.4500122070312,517.739990234375,512.5399780273438,515.5900268554688,20009300,MSFT
2025-09-23,505.0744323730469,509.2300109863281,514.5900268554688,507.30999755859375,513.7999877929688,19799600,MSFT
2025-09-24,505.9868774414063,510.1499938964844,512.47998046875,506.9200134277344,510.3800048828125,13533700,MSFT
2025-09-25,502.8923645019531,507.0299987792969,510.010009765625,505.0400085449219,508.2999877929688,15786500,MSFT
2025-09-26,507.28619384765625,511.4599914550781,513.9400024414062,506.6199951171875,510.05999755859375,16213100,MSFT
2025-09-29,510.4005737304688,514.5999755859375,516.8499755859375,508.8800048828125,511.5,17617800,MSFT
2025-09-30,513.7232666015625,517.9500122070312,518.1599731445312,509.6600036621094,513.239990234375,19728200,MSFT
2025-10-01,515.4688720703125,519.7100219726562,520.510009765625,511.6900024414063,514.7999877929688,22632300,MSFT
2025-10-02,511.53125,515.739990234375,521.5999755859375,510.6799926757813,517.6400146484375,21222900,MSFT
2025-10-03,513.1281127929688,517.3499755859375,520.489990234375,515.0,517.0999755859375,15112300,MSFT
2025-10-06,524.256591796875,528.5700073242188,531.030029296875,518.2000122070312,518.6099853515625,21388600,MSFT
2025-10-07,519.7040405273438,523.97998046875,529.7999877929688,521.4400024414062,528.2899780273438,14615200,MSFT
2025-10-08,520.56689453125,524.8499755859375,526.9500122070312,523.0900268554688,523.280029296875,13363400,MSFT
2025-10-09,518.1369018554688,522.4000244140625,524.3300170898438,517.4000244140625,522.3400268554688,18343600,MSFT
2025-10-10,506.7903137207031,510.9599914550781,523.5800170898438,509.6300048828125,519.6400146484375,24133800,MSFT
2025-10-13,509.8551025390625,514.0499877929688,516.4099731445312,511.6799926757813,516.4099731445312,14284200,MSFT
2025-10-14,509.3789367675781,513.5700073242188,515.280029296875,506.0,510.2300109863281,14684300,MSFT
2025-10-15,509.2401428222656,513.4299926757812,517.1900024414062,510.0,514.9600219726562,14694700,MSFT
2025-10-16,507.4349670410156,511.6099853515625,516.8499755859375,508.1300048828125,512.5800170898438,15559600,MSFT
2025-10-17,509.3889465332031,513.5800170898438,515.47998046875,507.30999755859375,509.0400085449219,19867800,MSFT
2025-10-20,512.5726928710938,516.7899780273438,518.7000122070312,513.4299926757812,514.6099853515625,14665600,MSFT
2025-10-21,513.4356079101562,517.6599731445312,518.6900024414062,513.0399780273438,517.5,15586200,MSFT
2025-10-22,516.2921142578125,520.5399780273438,525.22998046875,517.7100219726562,521.1500244140625,18962700,MSFT
2025-10-23,516.3119506835938,520.5599975585938,523.9500122070312,518.6099853515625,522.4600219726562,14023500,MSFT
2025-10-24,519.3370361328125,523.6099853515625,525.3499755859375,520.7100219726562,522.7899780273438,15532400,MSFT
2025-10-27,527.1824951171875,531.52001953125,534.5800170898438,529.010009765625,531.780029296875,18734700,MSFT
2025-10-28,537.6464233398438,542.0700073242188,553.719970703125,540.77001953125,550.0,29986700,MSFT
2025-10-29,537.1305541992188,541.5499877929688,546.27001953125,536.72998046875,544.9400024414062,36023000,MSFT
2025-10-30,521.4695434570312,525.760009765625,534.969970703125,522.1199951171875,530.47998046875,41023100,MSFT
2025-10-31,513.5843505859375,517.8099975585938,529.3200073242188,515.0999755859375,528.8800048828125,34006400,MSFT
2025-11-03,512.8107299804688,517.030029296875,524.9600219726562,514.5900268554688,519.8099975585938,22374700,MSFT
2025-11-04,510.1327819824219,514.3300170898438,515.5499877929688,507.8399963378906,511.760009765625,20958700,MSFT
2025-11-05,503.0213012695313,507.1600036621094,514.8300170898438,506.5799865722656,513.2999877929688,23024300,MSFT
2025-11-06,493.04339599609375,497.1000061035156,505.7000122070313,495.80999755859375,505.6600036621094,27406500,MSFT
2025-11-07,492.7657165527344,496.8200073242188,499.3800048828125,493.25,496.9500122070313,24019800,MSFT
2025-11-10,501.8707580566406,506.0,506.8500061035156,498.7999877929688,500.0400085449219,26101500,MSFT
2025-11-11,504.5289306640625,508.6799926757813,509.6000061035156,502.3500061035156,504.7999877929688,17980000,MSFT
2025-11-12,506.9688720703125,511.1400146484375,511.6700134277344,499.1199951171875,509.3599853515625,26574900,MSFT
2025-11-13,499.1828918457031,503.2900085449219,513.5,501.2900085449219,510.30999755859375,25273100,MSFT
2025-11-14,506.01666259765625,510.1799926757813,511.6000061035156,497.4400024414063,498.2300109863281,28505700,MSFT
2025-11-17,503.3486022949219,507.489990234375,512.1199951171875,504.9100036621094,508.4500122070313,19092800,MSFT
2025-11-18,489.7604064941406,493.7900085449219,502.9800109863281,486.7799987792969,495.3699951171875,33815100,MSFT
2025-11-19,483.1448364257813,487.1199951171875,495.1900024414063,482.8299865722656,490.1000061035156,23245300,MSFT
2025-11-20,475.4138793945313,478.4299926757813,493.5700073242188,475.5,492.7099914550781,26802500,MSFT
2025-11-21,469.1436767578125,472.1199951171875,478.9200134277344,468.2699890136719,478.5,31769200,MSFT
2025-11-24,471.0118103027344,474.0,476.8999938964844,468.0199890136719,475.0,34421000,MSFT
2025-11-25,473.9829406738281,476.989990234375,479.1499938964844,464.8900146484375,474.0700073242188,28019800,MSFT
2025-11-26,482.4393005371094,485.5,488.30999755859375,481.2000122070313,486.30999755859375,25709100,MSFT
2025-11-28,488.9082946777344,492.010009765625,492.6300048828125,486.6499938964844,487.6000061035156,14386700,MSFT
2025-12-01,483.6715087890625,486.739990234375,489.8599853515625,484.6499938964844,488.4400024414063,23964000,MSFT
2025-12-02,486.9109497070313,490.0,493.5,486.3200073242188,486.7200012207031,19562700,MSFT
2025-12-03,474.7182922363281,477.7300109863281,484.239990234375,475.2000122070313,476.3200073242188,34615100,MSFT
2025-12-04,477.8086853027344,480.8399963378906,481.3200073242188,476.489990234375,479.760009765625,22318200,MSFT
2025-12-05,480.1140441894531,483.1600036621094,483.3999938964844,478.8800048828125,482.5199890136719,22608700,MSFT
2025-12-08,487.9245300292969,491.0199890136719,492.2999877929688,484.3800048828125,484.8900146484375,21965900,MSFT
2025-12-09,488.918212890625,492.0199890136719,492.1199951171875,488.5,489.1000061035156,14696100,MSFT
2025-12-10,475.5430603027344,478.55999755859375,484.25,475.0799865722656,484.0299987792969,35756200,MSFT
2025-12-11,480.422119140625,483.4700012207031,486.0299987792969,475.8599853515625,476.6300048828125,24669200,MSFT
2025-12-12,475.5132751464844,478.5299987792969,482.4500122070313,476.3399963378906,479.8200073242188,21248100,MSFT
2025-12-15,471.82666015625,474.8200073242188,480.7200012207031,472.5199890136719,480.1000061035156,23727700,MSFT
2025-12-16,473.3867492675781,476.3900146484375,477.8900146484375,470.8800048828125,471.9100036621094,20705600,MSFT
2025-12-17,473.1184387207031,476.1199951171875,480.0,475.0,476.9100036621094,24527200,MSFT
2025-12-18,480.9289245605469,483.9800109863281,489.6000061035156,477.8900146484375,478.1900024414063,28573500,MSFT
2025-12-19,482.856689453125,485.9200134277344,487.8500061035156,482.489990234375,487.3599853515625,70836100,MSFT
2025-12-22,481.8629760742188,484.9200134277344,488.7300109863281,482.6900024414063,486.1199951171875,16963000,MSFT
2025-12-23,483.7808227539063,486.8500061035156,487.8299865722656,484.739990234375,484.9800109863281,14683600,MSFT
2025-12-24,484.94342041015625,488.0199890136719,489.1600036621094,484.8299865722656,485.6799926757813,5855900,MSFT
2025-12-26,484.6354064941406,487.7099914550781,488.1199951171875,485.9599914550781,486.7099914550781,8842200,MSFT
2025-12-29,484.02923583984375,487.1000061035156,488.3500061035156,484.1799926757813,484.8599853515625,10893400,MSFT
2025-12-30,484.4068603515625,487.4800109863281,489.6799926757813,485.5,485.9299926757813,13944500,MSFT
2025-12-31,480.5711669921875,483.6199951171875,488.1400146484375,483.2999877929688,487.8399963378906,15601600,MSFT
2026-01-02,469.95849609375,472.9400024414063,484.6600036621094,470.1600036621094,484.3900146484375,25571600,MSFT
2026-01-05,469.86907958984375,472.8500061035156,476.0700073242188,469.5,474.05999755859375,25250300,MSFT
2026-01-06,475.4933776855469,478.510009765625,478.739990234375,469.75,473.7999877929688,23037700,MSFT
2026-01-07,480.422119140625,483.4700012207031,489.7000122070313,477.9500122070313,479.760009765625,25564200,MSFT
2026-01-08,475.0959167480469,478.1099853515625,482.6600036621094,475.8599853515625,481.239990234375,18162600,MSFT
2026-01-09,476.258544921875,479.2799987792969,479.8200073242188,472.2000122070313,474.05999755859375,18491000,MSFT
2026-01-12,474.1717529296875,477.1799926757813,480.989990234375,475.6799926757813,476.6700134277344,23519900,MSFT
2026-01-13,467.7028198242188,470.6700134277344,475.7799987792969,465.9500122070313,474.6799926757813,28545800,MSFT
2026-01-14,456.4840087890625,459.3800048828125,468.2000122070313,457.1700134277344,466.4599914550781,28184300,MSFT
2026-01-15,453.7811279296875,456.6600036621094,464.25,455.8999938964844,464.1199951171875,23225800,MSFT
2026-01-16,456.9609680175781,459.8599853515625,463.1900024414063,456.4800109863281,457.8299865722656,34246700,MSFT
2026-01-20,451.6546020507813,454.5199890136719,456.7999877929688,449.2799987792969,451.2200012207031,26130000,MSFT
2026-01-21,441.3102111816406,444.1099853515625,452.6900024414063,438.6799926757813,452.6000061035156,37980500,MSFT
2026-01-22,448.2959289550781,451.1400146484375,452.8399963378906,444.7000122070313,447.6199951171875,25349400,MSFT
2026-01-23,463.0125732421875,465.9500122070313,471.1000061035156,450.5299987792969,451.8699951171875,38000200,MSFT
2026-01-26,467.3152770996094,470.2799987792969,474.25,462.0,465.30999755859375,29291200,MSFT
2026-01-27,477.5503234863281,480.5799865722656,482.8699951171875,473.1600036621094,473.7000122070313,29213900,MSFT
2026-01-28,478.59368896484375,481.6300048828125,483.739990234375,478.0,483.2099914550781,36875400,MSFT
2026-01-29,430.7671508789063,433.5,442.5,421.0199890136719,439.989990234375,128855300,MSFT
2026-01-30,427.5773620605469,430.2900085449219,439.6000061035156,426.4500122070313,439.1700134277344,58566800,MSFT
2026-02-02,420.7009887695313,423.3699951171875,430.739990234375,422.25,430.239990234375,42219900,MSFT
2026-02-03,408.6176452636719,411.2099914550781,422.0499877929688,408.55999755859375,422.010009765625,61424100,MSFT
2026-02-04,411.5788879394531,414.1900024414063,419.7999877929688,409.239990234375,411.0,45012400,MSFT
2026-02-05,391.1882629394531,393.6700134277344,408.2999877929688,392.3200073242188,407.4400024414063,66289200,MSFT
2026-02-06,398.6111450195313,401.1400146484375,401.7900085449219,392.9200134277344,399.1700134277344,53515300,MSFT
2026-02-09,410.99261474609375,413.6000061035156,414.8900146484375,400.8699951171875,404.8500061035156,45480500,MSFT
2026-02-10,410.6646423339844,413.2699890136719,423.6799926757813,412.7000122070313,419.6199951171875,44857900,MSFT
2026-02-11,401.8207702636719,404.3699951171875,416.4599914550781,401.010009765625,416.1799926757813,42491000,MSFT
2026-02-12,399.3067321777344,401.8399963378906,406.2000122070313,398.010009765625,405.0,40802400,MSFT
2026-02-13,398.7900085449219,401.3200073242188,405.5400085449219,398.0499877929688,404.4500122070313,34091600,MSFT
2026-02-17,394.3581237792969,396.8599853515625,400.5199890136719,394.5299987792969,399.2200012207031,32078800,MSFT
2026-02-18,397.0808410644531,399.6000061035156,402.55999755859375,396.3200073242188,398.1300048828125,23223400,MSFT
2026-02-19,396.8517761230469,398.4599914550781,404.4299926757813,396.6700134277344,400.6900024414063,28234000,MSFT
2026-02-20,395.6267395019531,397.2300109863281,400.1199951171875,395.1600036621094,396.1099853515625,34015200,MSFT
2026-02-23,382.9182434082031,384.4700012207031,395.3599853515625,383.1000061035156,395.0,43238300,MSFT
2026-02-24,387.429931640625,389.0,389.3599853515625,381.7099914550781,384.1400146484375,33884700,MSFT
2026-02-25,398.9831237792969,400.6000061035156,401.4700012207031,390.1600036621094,390.5299987792969,43625500,MSFT
2026-02-26,400.0986022949219,401.7200012207031,407.489990234375,398.739990234375,404.7099914550781,34405900,MSFT
2026-02-27,391.1548461914063,392.739990234375,396.8200073242188,389.8800048828125,390.8800048828125,51367200,MSFT
2026-03-02,396.9413757324219,398.5499877929688,401.1900024414063,390.6300048828125,392.8599853515625,35474900,MSFT
2026-03-03,402.2996826171875,403.9299926757813,406.7000122070313,392.6700134277344,393.1400146484375,38199200,MSFT
2026-03-04,403.5645751953125,405.2000122070313,411.0299987792969,400.30999755859375,401.2699890136719,35808000,MSFT
2026-03-05,409.0224304199219,410.6799926757813,411.6099853515625,404.3999938964844,404.4200134277344,39001300,MSFT
2026-03-06,407.3093872070313,408.9599914550781,413.0499877929688,408.510009765625,409.2000122070313,31123900,MSFT
2026-03-09,407.757568359375,409.4100036621094,410.2099914550781,403.5,404.9200134277344,30131900,MSFT
2026-03-10,404.122314453125,405.760009765625,410.2000122070313,402.9299926757813,410.0299987792969,31706400,MSFT
2026-03-11,403.245849609375,404.8800048828125,409.010009765625,401.5899963378906,405.5700073242188,25512100,MSFT
2026-03-12,400.2380065917969,401.8599853515625,406.1199951171875,401.7099914550781,404.6300048828125,27263900,MSFT
2026-03-13,393.9534912109375,395.5499877929688,404.7999877929688,394.25,401.0,26848000,MSFT
2026-03-16,398.3357543945313,399.9500122070313,400.6300048828125,394.7900085449219,398.0700073242188,27733700,MSFT
2026-03-17,397.7979431152344,399.4100036621094,404.3999938964844,397.75,400.2699890136719,26228300,MSFT
2026-03-18,390.2086791992188,391.7900085449219,398.0,391.0,397.1300048828125,25908500,MSFT
2026-03-19,387.4498596191406,389.0199890136719,392.489990234375,387.05999755859375,390.1000061035156,25138800,MSFT
2026-03-20,380.3287048339844,381.8699951171875,387.0,380.1199951171875,386.7900085449219,50853200,MSFT
2026-03-23,381.4541931152344,383.0,387.2099914550781,381.6799926757813,383.8999938964844,29680100,MSFT
2026-03-24,371.2355651855469,372.739990234375,382.4700012207031,371.8500061035156,382.3599853515625,42733600,MSFT
2026-03-25,369.5424499511719,371.0400085449219,377.05999755859375,369.6300048828125,376.9200134277344,31181200,MSFT
2026-03-26,364.4928894042969,365.9700012207031,374.7200012207031,365.1900024414063,370.8200073242188,36836600,MSFT
2026-03-27,355.3300476074219,356.7699890136719,362.4500122070313,356.510009765625,361.8999938964844,37883400,MSFT
2026-03-30,357.5111999511719,358.9599914550781,365.3599853515625,356.2799987792969,361.8999938964844,44797000,MSFT
2026-03-31,368.6759643554688,370.1700134277344,372.8999938964844,363.0700073242188,364.5499877929688,45244400,MSFT
2026-04-01,367.8791809082031,369.3699951171875,373.989990234375,368.2000122070313,373.489990234375,29417200,MSFT
2026-04-02,371.9526672363281,373.4599914550781,373.6400146484375,364.1499938964844,367.2099914550781,24099100,MSFT
2026-04-06,371.3750305175781,372.8800048828125,373.7300109863281,369.5,373.489990234375,16146600,MSFT
2026-04-07,370.7874145507813,372.2900085449219,372.4500122070313,366.55999755859375,370.3399963378906,21443300,MSFT
2026-04-08,372.8191223144531,374.3299865722656,385.0,371.4100036621094,384.9800109863281,33064800,MSFT
2026-04-09,371.5642395019531,373.0700073242188,373.5,367.0499877929688,372.5,30435300,MSFT
2026-04-10,369.37310791015625,370.8699951171875,375.6400146484375,370.0299987792969,372.9800109863281,28111100,MSFT
2026-04-13,382.8186340332031,384.3699951171875,384.5400085449219,371.0199890136719,373.6099853515625,35745800,MSFT
2026-04-14,391.5233459472656,393.1099853515625,394.6900024414063,386.5199890136719,387.9200134277344,37504500,MSFT
2026-04-15,409.5602722167969,411.2200012207031,414.3699951171875,396.7300109863281,398.0,45063400,MSFT
2026-04-16,418.5637817382813,420.260009765625,420.8200073242188,412.1400146484375,419.8599853515625,41642400,MSFT
2026-04-17,421.0835876464844,422.7900085449219,431.5799865722656,420.6900024414063,424.8200073242188,48568200,MSFT
2026-04-20,416.3826293945313,418.0700073242188,423.3299865722656,416.2999877929688,421.1499938964844,27582200,MSFT
2026-04-21,422.4480285644531,424.1600036621094,427.1799926757813,417.2000122070313,420.239990234375,32048500,MSFT
2026-04-22,431.1726989746094,432.9200134277344,433.7000122070313,423.6700134277344,426.1900024414063,29378200,MSFT
2026-04-23,414.0719909667969,415.75,423.6600036621094,411.4100036621094,419.8900146484375,38308000,MSFT
2026-04-24,422.90618896484375,424.6199951171875,424.9500122070313,415.7999877929688,416.9700012207031,27457400,MSFT
2026-04-27,423.1053771972656,424.8200073242188,427.1099853515625,417.0700073242188,422.3800048828125,30867300,MSFT
2026-04-28,427.5174865722656,429.25,429.9200134277344,421.8999938964844,424.5700073242188,30438100,MSFT
2026-04-29,422.746826171875,424.4599914550781,426.8200073242188,420.2900085449219,424.5799865722656,38288300,MSFT
2026-04-30,406.1341552734375,407.7799987792969,414.4200134277344,398.010009765625,410.80999755859375,70909400,MSFT
2026-05-01,412.7672729492188,414.4400024414063,417.1099853515625,410.4400024414063,412.7999877929688,31372400,MSFT
2026-05-04,411.9505615234375,413.6199951171875,420.7799987792969,410.7999877929688,411.5400085449219,28066500,MSFT
2026-05-05,409.7196044921875,411.3800048828125,416.7799987792969,408.7999877929688,415.3200073242188,25700900,MSFT
2026-05-06,412.2891845703125,413.9599914550781,418.4200134277344,405.1099853515625,408.0,30285900,MSFT
2026-05-07,419.07171630859375,420.7699890136719,427.9800109863281,418.760009765625,420.1099853515625,34942400,MSFT
2026-05-08,413.4445190429688,415.1199951171875,418.6300048828125,414.0,417.3900146484375,33383800,MSFT
2026-05-11,410.9944458007813,412.6600036621094,412.6900024414063,405.5,407.8699951171875,35657900,MSFT
2026-05-12,406.1241760253906,407.7699890136719,415.5,406.6400146484375,414.4800109863281,38594200,MSFT
2026-05-13,403.5745239257813,405.2099914550781,406.30999755859375,401.0299987792969,403.2000122070313,29667100,MSFT
2026-05-14,407.7774658203125,409.4299926757813,411.8399963378906,400.8800048828125,404.4800109863281,27077500,MSFT
2026-05-15,420.2170715332031,421.9200134277344,428.1700134277344,412.9100036621094,414.2699890136719,50771200,MSFT
2026-05-18,421.83056640625,423.5400085449219,425.1199951171875,415.6099853515625,416.6199951171875,32564100,MSFT
2026-05-19,415.7352600097656,417.4200134277344,432.7000122070313,416.489990234375,429.8999938964844,33018700,MSFT
2026-05-20,419.3605346679688,421.05999755859375,422.1000061035156,411.2999877929688,414.1700134277344,27864000,MSFT
2026-05-21,418.3025207519531,419.0899963378906,426.3399963378906,415.7099914550781,424.75,31393500,MSFT
2026-05-22,417.7835388183594,418.5700073242188,424.3999938964844,416.3299865722656,419.5400085449219,22390300,MSFT
2026-05-26,415.248291015625,416.0299987792969,419.7699890136719,413.0199890136719,416.4299926757813,30398000,MSFT
2026-05-27,411.8946228027344,412.6700134277344,415.9400024414063,409.5799865722656,411.010009765625,28901500,MSFT
2026-05-28,426.1876831054688,426.989990234375,429.489990234375,412.6700134277344,412.9800109863281,47250500,MSFT
2026-05-29,449.3940124511719,450.239990234375,450.3299865722656,432.3599853515625,432.5499877929688,79654400,MSFT
2026-06-01,459.6546936035156,460.5199890136719,466.3200073242188,458.2699890136719,464.8399963378906,53628900,MSFT
2026-06-02,440.4807739257813,441.30999755859375,453.5,440.4299926757813,446.8800048828125,37036800,MSFT
2026-06-03,426.53704833984375,427.3399963378906,440.3900146484375,424.25,438.4500122070313,39037000,MSFT
2026-06-04,427.2456970214844,428.0499877929688,436.1499938964844,426.4100036621094,435.80999755859375,26899500,MSFT
2026-06-05,415.8870849609375,416.6700134277344,429.4700012207031,414.3999938964844,428.3399963378906,34782200,MSFT
2026-06-08,410.9663391113281,411.739990234375,417.1600036621094,408.55999755859375,414.1400146484375,32086700,MSFT
2026-06-09,402.6520080566406,403.4100036621094,411.9800109863281,398.4800109863281,409.0299987792969,35317300,MSFT
2026-06-10,396.61334228515625,397.3599853515625,405.0400085449219,397.1600036621094,398.5499877929688,32576000,MSFT
2026-06-11,389.6065673828125,390.3399963378906,396.8500061035156,384.0,395.2099914550781,47224100,MSFT
2026-06-12,390.00579833984375,390.739990234375,391.739990234375,382.2699890136719,391.4299926757813,34865800,MSFT
2026-06-15,399.0088806152344,399.760009765625,401.75,392.8500061035156,396.7999877929688,32266400,MSFT
2026-06-16,393.0899963378906,393.8299865722656,396.8399963378906,390.6900024414063,395.7900085449219,31506800,MSFT
2026-06-17,378.1980285644531,378.9100036621094,390.3699951171875,377.3200073242188,390.25,41987800,MSFT
2026-06-18,378.6871032714844,379.3999938964844,381.3699951171875,373.2799987792969,377.8200073242188,59714200,MSFT
2026-06-22,366.6497802734375,367.3399963378906,381.6300048828125,367.0700073242188,375.739990234375,45171100,MSFT
2026-06-23,373.23736572265625,373.9400024414063,377.2200012207031,370.6700134277344,372.3800048828125,40647600,MSFT
2026-06-24,364.7733154296875,365.4599914550781,378.8800048828125,364.7799987792969,371.5700073242188,44509900,MSFT
2026-06-25,352.1670227050781,352.8299865722656,364.2300109863281,349.20001220703125,362.7699890136719,66179000,MSFT
2026-06-26,372.2691955566406,372.9700012207031,376.6099853515625,355.42999267578125,357.1499938964844,186201600,MSFT
2026-06-29,367.8774719238281,368.5700073242188,380.5,359.8999938964844,377.5,51229900,MSFT
2026-06-30,372.319091796875,373.0199890136719,374.1499938964844,367.4500122070313,371.0299987792969,44945700,MSFT
2026-07-01,383.5579528808594,384.2799987792969,388.8299865722656,374.8900146484375,380.8299865722656,48065800,MSFT
2026-07-02,389.7562561035156,390.489990234375,392.2000122070313,383.7000122070313,384.4800109863281,42128900,MSFT
2026-07-06,386.0133056640625,386.739990234375,389.1499938964844,381.2200012207031,387.0400085449219,34224500,MSFT
2026-07-07,388.109375,388.8399963378906,395.5700073242188,388.2200012207031,392.489990234375,29297500,MSFT
2026-07-08,382.6197204589844,383.3399963378906,385.30999755859375,381.3299865722656,384.0299987792969,25908300,MSFT
2026-07-09,383.6377868652344,384.3599853515625,384.6499938964844,373.3500061035156,374.4500122070313,31083200,MSFT
2026-07-10,384.37640380859375,385.1000061035156,391.9100036621094,381.5,387.7999877929688,24644600,MSFT
2026-07-13,390.2553405761719,390.989990234375,393.6499938964844,384.1499938964844,387.75,28914900,MSFT
2026-07-14,384.2067260742188,384.9299926757813,388.1900024414063,378.6499938964844,382.8200073242188,27863900,MSFT
2026-07-15,394.8866271972656,395.6300048828125,398.9599914550781,386.3999938964844,387.7999877929688,36253700,MSFT
2026-07-16,400.3463439941406,401.1000061035156,405.989990234375,392.0499877929688,398.30999755859375,37047400,MSFT
2026-07-17,393.08001708984375,393.8200073242188,398.3900146484375,389.3900146484375,394.8599853515625,33049800,MSFT
2026-07-20,401.53411865234375,402.2900085449219,403.1799926757813,389.6499938964844,391.4100036621094,27915800,MSFT
2026-07-21,397.0026245117188,397.75,401.4700012207031,396.3200073242188,398.80999755859375,24126600,MSFT
2026-07-22,389.6065673828125,390.3399963378906,401.0,386.9599914550781,399.5799865722656,28142500,MSFT
2026-07-23,380.8630065917969,381.5799865722656,391.7799987792969,377.3900146484375,389.9700012207031,30351800,MSFT
2026-07-24,380.9828186035156,381.7000122070313,389.0299987792969,380.6499938964844,387.0499877929688,27659400,MSFT
2026-07-27,388.368896484375,389.1000061035156,394.2000122070313,387.989990234375,390.0799865722656,27856200,MSFT
2026-07-28,392.6109008789063,393.3500061035156,400.3200073242188,391.2999877929688,393.1600036621094,32367500,MSFT
2026-07-29,389.8061828613281,390.5400085449219,401.25,388.739990234375,393.3999938964844,47209000,MSFT
2026-07-30,450.2524108886719,451.1000061035156,458.6900024414063,432.4400024414063,437.8999938964844,110160700,MSFT
2026-07-31,463.8468017578125,464.7200012207031,466.8399963378906,449.3299865722656,450.0,60846000,MSFT
2026-08-03,486.7337036132813,487.6499938964844,491.6499938964844,475.0,476.1300048828125,66762100,MSFT
2026-08-04,491.884033203125,492.80999755859375,499.4400024414063,479.1700134277344,480.8999938964844,50455500,MSFT
2026-08-05,486.5440673828125,487.4599914550781,498.239990234375,485.6799926757813,496.3599853515625,33388900,MSFT
2026-08-06,498.9207458496094,499.8599853515625,501.55999755859375,488.5199890136719,488.5499877929688,36441500,MSFT
2026-08-07,499.0505065917969,499.989990234375,505.1799926757813,498.7300109863281,499.2099914550781,28846200,MSFT
2026-08-10,505.109130859375,506.05999755859375,513.72998046875,502.2699890136719,503.4400024414063,31206100,MSFT
2026-08-11,502.86334228515625,503.80999755859375,505.3299865722656,499.5499877929688,504.3299865722656,23049800,MSFT
2026-08-12,491.5047302246094,492.4299926757813,501.5,491.5199890136719,499.989990234375,29001500,MSFT
2026-08-13,495.9463806152344,496.8800048828125,501.3399963378906,493.010009765625,493.2699890136719,23039000,MSFT
2026-08-14,494.4691467285156,495.3999938964844,500.010009765625,493.9200134277344,496.3599853515625,16217600,MSFT
2026-08-17,479.4474487304688,480.3500061035156,492.6600036621094,478.4100036621094,490.1400146484375,29635800,MSFT
2026-08-18,480.72503662109375,481.6300048828125,484.2699890136719,477.1499938964844,481.5400085449219,24087600,MSFT
2026-08-19,483.3999938964844,484.30999755859375,489.2999877929688,479.3599853515625,480.0700073242188,19961900,MSFT
2026-08-20,481.1499938964844,481.1499938964844,484.1600036621094,479.5,483.2999877929688,20020800,MSFT
2026-08-21,483.239990234375,483.239990234375,486.3599853515625,478.5299987792969,479.8800048828125,22510800,MSFT
2026-08-24,487.30999755859375,487.30999755859375,490.6099853515625,481.8599853515625,483.2099914550781,17230800,MSFT
2026-08-25,491.7099914550781,491.7099914550781,492.4400024414063,484.2999877929688,485.4400024414063,19519000,MSFT
2026-08-26,496.3699951171875,496.3699951171875,497.3999938964844,487.30999755859375,487.8500061035156,20758900,MSFT
2026-08-27,505.05999755859375,505.05999755859375,506.4800109863281,490.0799865722656,494.8800048828125,28688800,MSFT
2026-08-28,513.530029296875,513.530029296875,517.780029296875,504.8699951171875,505.3299865722656,29207300,MSFT
2026-08-31,507.2900085449219,507.2900085449219,512.1900024414062,506.3900146484375,510.3800048828125,27208900,MSFT
2026-09-01,501.0199890136719,501.0199890136719,505.9700012207031,496.7799987792969,497.5199890136719,21046900,MSFT
2026-09-02,496.8200073242188,496.8200073242188,500.2699890136719,493.80999755859375,499.8500061035156,15336100,MSFT
2026-09-03,510.1199951171875,510.1199951171875,515.6500244140625,500.7999877929688,501.6600036621094,24125900,MSFT
2026-09-04,499.7000122070313,499.7000122070313,511.0,499.3599853515625,510.0,18101800,MSFT
2026-09-08,493.9500122070313,493.9500122070313,495.1900024414063,490.1499938964844,493.010009765625,18882300,MSFT
2026-09-09,491.6499938964844,491.6499938964844,494.3900146484375,489.7999877929688,493.0700073242188,12889600,MSFT
2026-09-10,492.4400024414063,492.4400024414063,494.5199890136719,486.0,488.3200073242188,16038800,MSFT
2026-09-11,495.6300048828125,495.6300048828125,498.9700012207031,492.5799865722656,495.6499938964844,14510500,MSFT
2026-09-14,505.4100036621094,505.4100036621094,509.9500122070313,495.3399963378906,497.05999755859375,23091900,MSFT
2026-09-15,497.1199951171875,497.1199951171875,505.8999938964844,495.5400085449219,500.05999755859375,17794600,MSFT
2026-09-16,490.2999877929688,490.2999877929688,495.9700012207031,487.2300109863281,493.0299987792969,16670300,MSFT
2026-09-17,497.75,497.75,501.4700012207031,493.1700134277344,497.7999877929688,17841600,MSFT
2026-09-18,493.7799987792969,493.7799987792969,498.6499938964844,491.1000061035156,497.4700012207031,39622288,MSFT
