Date,Close,High,Low,Open,Volume,Company
2015-01-02,0.4824230074882507,0.4860178389236067,0.4747540718514293,0.4824230074882507,113680000,NVDA
2015-01-05,0.4742748141288757,0.4838609845564102,0.4721179436382781,0.482423051850041,197952000,NVDA
2015-01-06,0.4598955810070038,0.4754730608384445,0.4594162796490581,0.4749937594804989,197764000,NVDA
2015-01-07,0.4586972594261169,0.4673247971311359,0.4572593269522965,0.463250664644962,321808000,NVDA
2015-01-08,0.4759523272514343,0.4788281923258689,0.463729986391946,0.4639696513377999,283780000,NVDA
2015-01-09,0.4778696298599243,0.4814644617201365,0.4711593246691231,0.4776299934485482,209540000,NVDA
2015-01-12,0.4718782901763916,0.4793075617256201,0.4675645205209994,0.4790678967457262,190732000,NVDA
2015-01-13,0.4711592495441437,0.4850591591011549,0.4678041117681886,0.4754730185196233,236720000,NVDA
2015-01-14,0.4730765521526336,0.4745144848764987,0.4649283429012827,0.4661266106481847,155260000,NVDA
2015-01-15,0.4697212874889374,0.479307426884565,0.4694816225764671,0.4764315907796665,188932000,NVDA
2015-01-16,0.4783489108085632,0.4788282121511629,0.4675644734708229,0.4690024060675761,181512000,NVDA
2015-01-20,0.4797869324684143,0.4843403103528342,0.4737955645823983,0.4817041381947049,140308000,NVDA
2015-01-21,0.4864971339702606,0.4876954302162278,0.4737954908801395,0.4771506575171468,144780000,NVDA
2015-01-22,0.4948850870132446,0.4963230198006562,0.482423079039565,0.4874557866575899,159712000,NVDA
2015-01-23,0.4963229596614837,0.4972815623576329,0.4912901955153603,0.4953642998274258,120416000,NVDA
2015-01-26,0.4941661655902862,0.496562701408093,0.4910506633133453,0.4941661655902862,133240000,NVDA
2015-01-27,0.4704403281211853,0.4869764383374354,0.4694816968885159,0.486497108436624,357948000,NVDA
2015-01-28,0.4627713561058044,0.4781091975005222,0.4625316911742654,0.4761919637550636,272728000,NVDA
2015-01-29,0.4740350842475891,0.4766712555974909,0.4608541132222773,0.4630110118565068,235340000,NVDA
2015-01-30,0.4601351618766784,0.476191969697434,0.4594162242109922,0.4706799333238128,298200000,NVDA
2015-02-02,0.4702007174491882,0.4721179515668926,0.4539042703021361,0.4630111109345143,259604000,NVDA
2015-02-03,0.4819437265396118,0.4824230564923182,0.4711593168449347,0.4735558523326407,183468000,NVDA
2015-02-04,0.4831420481204986,0.4886540857442905,0.4790679147231581,0.4805058760875255,181516000,NVDA
2015-02-05,0.4910504221916199,0.491290058514355,0.4831418521624306,0.4836211248079009,140448000,NVDA
2015-02-06,0.4888935387134552,0.4963228363226869,0.4867366403296884,0.4905711072993089,210524000,NVDA
2015-02-09,0.4884142875671386,0.4898521627484241,0.48290225176887,0.4860177527477999,273944000,NVDA
2015-02-10,0.502074658870697,0.5023142952726163,0.4867367863896275,0.4888936854206363,226204000,NVDA
2015-02-11,0.4987195432186126,0.5032729207503074,0.4953643477506346,0.5032729207503074,320832000,NVDA
2015-02-12,0.5344281196594238,0.5392211923537559,0.5241230076528166,0.5272385106179258,676904000,NVDA
2015-02-13,0.5346675515174866,0.535386517860257,0.5250814097977616,0.5332296188319455,310084000,NVDA
2015-02-17,0.5363451838493347,0.5389814131296558,0.5303538731369798,0.5337090117069321,203340000,NVDA
2015-02-18,0.5301142334938049,0.5365849319999673,0.5291556305388667,0.5356262719071048,170948000,NVDA
2015-02-19,0.5315518379211426,0.5377828389834894,0.5291553034462314,0.5368242366211027,169432000,NVDA
2015-02-20,0.535386323928833,0.5356259602436498,0.52723811784615,0.5310725845726747,157752000,NVDA
2015-02-23,0.5310728549957275,0.5351469601116091,0.5284366256388064,0.5351469601116091,125008000,NVDA
2015-02-24,0.5367262363433838,0.5367262363433838,0.5283060943336221,0.5331176204414618,149356000,NVDA
2015-02-25,0.5326364636421204,0.536966871706403,0.5302307005034914,0.5345610512098564,123820000,NVDA
2015-02-26,0.534079909324646,0.5372074070020341,0.5297495014523017,0.5331176155834301,152864000,NVDA
2015-02-27,0.530711829662323,0.533839327204825,0.5287871849049842,0.5326364170617491,157492000,NVDA
2015-03-02,0.543703019618988,0.546589958509401,0.5285467051601628,0.529268439882766,301512000,NVDA
2015-03-03,0.5335986018180847,0.5422593580630846,0.5319145738479321,0.5396130365896877,160344000,NVDA
2015-03-04,0.5396131873130798,0.5408160401886377,0.5295089593119757,0.5316741633174802,226840000,NVDA
2015-03-05,0.5499579906463623,0.5509202844467882,0.5381697338568686,0.5396132032364668,323056000,NVDA
2015-03-06,0.5425001382827759,0.5494768113065542,0.5420189627068968,0.5468304890340148,257392000,NVDA
2015-03-09,0.5439437031745911,0.548033553324255,0.5415379393348716,0.5427408499336985,222388000,NVDA
2015-03-10,0.5533261299133301,0.5569348038989805,0.5453871045028262,0.5463493984463573,527212000,NVDA
2015-03-11,0.5504391193389893,0.5605432894196636,0.5489956500823462,0.5533260004943618,262120000,NVDA
2015-03-12,0.5453869104385376,0.5492361422009221,0.5350421251712135,0.5451463513777345,406972000,NVDA
2015-03-13,0.5461087226867676,0.5475521919727969,0.5352827603994625,0.5427406659246424,359288000,NVDA
2015-03-16,0.5526042580604553,0.5559723720643522,0.5468304384733523,0.5504391115639873,236956000,NVDA
2015-03-17,0.5593403577804565,0.5595809168366893,0.5475521036564667,0.551401335345719,299900000,NVDA
2015-03-18,0.5501983761787415,0.562227188283976,0.5451462923019131,0.55934030779346,413844000,NVDA
2015-03-19,0.5586186647415161,0.5605432520501253,0.5480333198283457,0.5521231108775726,310756000,NVDA
2015-03-20,0.564633309841156,0.5680014252592386,0.5578971937208649,0.5631898973567628,462084000,NVDA
2015-03-23,0.5463491678237915,0.555009924375584,0.5461086087789343,0.5477926368087407,426012000,NVDA
2015-03-24,0.5388913750648499,0.5485144261156297,0.5364856123021549,0.544665194223736,330480000,NVDA
2015-03-25,0.5061730742454529,0.5386509056249488,0.5044889884092246,0.5386509056249488,542552000,NVDA
2015-03-26,0.5044890642166138,0.5066542685960476,0.4922196874490092,0.4958283614147322,311920000,NVDA
2015-03-27,0.514352560043335,0.5162771472658046,0.4991962492531869,0.5073758309855443,318288000,NVDA
2015-03-30,0.5165177583694458,0.5191640801125744,0.5100221475051918,0.5167583174303011,253252000,NVDA
2015-03-31,0.5035267472267151,0.5155555642985624,0.5030456289585957,0.5150744460304431,357276000,NVDA
2015-04-01,0.5054515600204468,0.5071355892332695,0.4967907973845419,0.5054515600204468,330768000,NVDA
2015-04-02,0.5066542029380798,0.5097817008504344,0.5023238520983148,0.5083382314512062,192204000,NVDA
2015-04-06,0.5213294625282288,0.5230134912475809,0.4991964153174408,0.5044890606188543,515864000,NVDA
2015-04-07,0.5259004235267639,0.5316742443973619,0.518442516600896,0.5213294557151579,413964000,NVDA
2015-04-08,0.5297494530677795,0.5316740977323395,0.5213293119037977,0.5263813966021867,366432000,NVDA
2015-04-09,0.5420189499855042,0.5437029784246789,0.5254191673391749,0.5256597264425094,379432000,NVDA
2015-04-10,0.5475522875785828,0.547792846715619,0.5405755563832069,0.5425002015532717,258728000,NVDA
2015-04-13,0.5425001382827759,0.5494768113065542,0.5400943177612987,0.5463493134581356,236724000,NVDA
2015-04-14,0.5379291772842407,0.5425001445552283,0.5326364753200488,0.5403349404756155,220276000,NVDA
2015-04-15,0.5444247722625732,0.5485145642533356,0.5367263065400072,0.539372686395971,243560000,NVDA
2015-04-16,0.5410566329956055,0.5458681590033155,0.5372074007178546,0.5412971920886167,155284000,NVDA
2015-04-17,0.534079909324646,0.5393726109382062,0.5295089423564765,0.5297495014523017,293636000,NVDA
2015-04-20,0.5314335227012634,0.5398536636124158,0.5304711717189248,0.5364856072479548,231624000,NVDA
2015-04-21,0.530711829662323,0.5379291184470401,0.5280654502907213,0.5379291184470401,230456000,NVDA
2015-04-22,0.5367262363433838,0.5374479709953512,0.5256597148237694,0.5338393550934293,207420000,NVDA
2015-04-23,0.5345609188079834,0.5396130602983148,0.5208480780500334,0.5268625130858888,259380000,NVDA
2015-04-24,0.5299899578094482,0.5345608660389466,0.5239755233673062,0.5343203070157883,240960000,NVDA
2015-04-27,0.534079909324646,0.5434624023568101,0.5271031793244791,0.5316741462926486,248456000,NVDA
2015-04-28,0.5367262363433838,0.538650881201269,0.5280654778776892,0.5331176204414618,234484000,NVDA
2015-04-29,0.5326364636421204,0.5381697245967587,0.530471259609979,0.5328770227486079,195156000,NVDA
2015-04-30,0.534079909324646,0.5367262314524686,0.5287872077110858,0.529990117906042,218844000,NVDA
2015-05-01,0.5473117828369141,0.5489958116793874,0.5360046419035595,0.5384104055867971,256968000,NVDA
2015-05-04,0.5439437031745911,0.5504393171639744,0.5422596742225809,0.5468306427254281,200720000,NVDA
2015-05-05,0.5299899578094482,0.5427405037632075,0.527584195504171,0.5420187693358345,292928000,NVDA
2015-05-06,0.5316745042800903,0.5379295038464871,0.5246977695823437,0.5328773579270377,316484000,NVDA
2015-05-07,0.5410566329956055,0.5427406613625125,0.5278249077954454,0.5295089361623526,534564000,NVDA
2015-05-08,0.5011208057403564,0.5254190477417172,0.4929412245096782,0.505451212762177,1146552000,NVDA
2015-05-11,0.4963093101978302,0.5013614520243587,0.4902949321196488,0.4941441065578894,544144000,NVDA
2015-05-12,0.5011208057403564,0.5052105963556955,0.4924600490546191,0.4927006654611006,388800000,NVDA
2015-05-13,0.5040079951286316,0.5085789634787979,0.4991964676099089,0.5047297299922332,308524000,NVDA
2015-05-14,0.5121874213218689,0.5148338007855904,0.5042483976465335,0.5054513078314824,293052000,NVDA
2015-05-15,0.5124282240867615,0.5167585761396325,0.5093007252982686,0.5143528122529407,215824000,NVDA
2015-05-18,0.511706531047821,0.5148340300921754,0.5088195912044353,0.5112253552879433,324972000,NVDA
2015-05-19,0.5085161924362183,0.5140750673825207,0.5075493864793921,0.5123831857697914,253808000,NVDA
2015-05-20,0.5085161924362183,0.5148001430384239,0.5080327894578052,0.5087578651137084,196824000,NVDA
2015-05-21,0.5048907995223999,0.5109330772719796,0.5044073965579983,0.5087578503673191,239692000,NVDA
2015-05-22,0.5041657090187073,0.5080327597495798,0.5029572880784887,0.5060992631958583,212592000,NVDA
2015-05-26,0.5010237097740173,0.5051324329703879,0.4971566592293666,0.5017487853526035,259732000,NVDA
2015-05-27,0.527851402759552,0.530268302465016,0.5027155997239794,0.5044074237554607,432332000,NVDA
2015-05-28,0.5351020097732544,0.536793833513536,0.5268845637137649,0.5278513119048652,327656000,NVDA
2015-05-29,0.5348600745201111,0.5384853928625966,0.5341349993269348,0.5351017470433711,335168000,NVDA
2015-06-01,0.540902316570282,0.5462195156974785,0.5348600998389849,0.5382437458183831,372660000,NVDA
2015-06-02,0.530268132686615,0.5404191312488452,0.5297847298509218,0.5375188294815177,224304000,NVDA
2015-06-03,0.5244673490524292,0.5358267631199383,0.5235005438192623,0.5317180425608429,250788000,NVDA
2015-06-04,0.5338934063911438,0.5355852295529565,0.5213255113337869,0.5213255113337869,323712000,NVDA
2015-06-05,0.5380021333694458,0.5404190318565713,0.5266426586188916,0.5322015309016206,313320000,NVDA
2015-06-08,0.5256761312484741,0.53993585559091,0.5196339113078978,0.5363105351512499,342812000,NVDA
2015-06-09,0.5283346772193909,0.532201669708643,0.5251927026043082,0.5261594507266213,256888000,NVDA
2015-06-10,0.5189086198806763,0.5254342400567958,0.5160083186364429,0.5220505936874605,529460000,NVDA
2015-06-11,0.5244673490524292,0.5280926669949412,0.5189084782669731,0.5189084782669731,283052000,NVDA
2015-06-12,0.5102078914642334,0.5242258829236999,0.5089994131259005,0.5210839083921366,323728000,NVDA
2015-06-15,0.5092411637306213,0.511658062880513,0.5036822899235284,0.5075492824646182,306548000,NVDA
2015-06-16,0.5155249834060669,0.5162500588120881,0.5031988167505322,0.5082742869692677,256892000,NVDA
2015-06-17,0.5215672850608826,0.5244675868285038,0.5140749156590821,0.5152833363133138,233544000,NVDA
2015-06-18,0.530268132686615,0.5336517796662198,0.524467586775376,0.5259177376590397,299404000,NVDA
2015-06-19,0.5285764336585999,0.5346186535987151,0.523742634657136,0.5302682575467693,355656000,NVDA
2015-06-22,0.5264010429382324,0.5324433186206555,0.5184252713065445,0.5295430170733466,514236000,NVDA
2015-06-23,0.5128664374351501,0.5314765534502266,0.5087577150128669,0.5273678310279435,414064000,NVDA
2015-06-24,0.5077910423278809,0.514800067558325,0.5053741430370475,0.5121414380020112,253368000,NVDA
2015-06-25,0.5116580128669739,0.5147999872170536,0.5077909630804593,0.5077909630804593,350460000,NVDA
2015-06-26,0.501265287399292,0.5080326389753791,0.4990901186993138,0.507549236140153,421296000,NVDA
2015-06-29,0.4862804114818573,0.5005401284305435,0.4855553362451953,0.4954646017739097,391724000,NVDA
2015-06-30,0.4860389232635498,0.4913561251047607,0.4826552755570648,0.4891808983119796,315916000,NVDA
2015-07-01,0.4930478036403656,0.5051322973328429,0.4886974089604382,0.4981233313275939,302892000,NVDA
2015-07-02,0.4935311079025268,0.496673081397608,0.4903891344074456,0.4928060326634004,145764000,NVDA
2015-07-06,0.4874889254570007,0.4961897723452694,0.4838636062005449,0.489422479000733,214776000,NVDA
2015-07-07,0.4783046841621399,0.4865221567193922,0.4630782171637849,0.4845886608816426,594252000,NVDA
2015-07-08,0.4749210476875305,0.4785463956776088,0.4710539983067651,0.4756461230478871,332492000,NVDA
2015-07-09,0.469120591878891,0.484588793301394,0.4662203185180276,0.4824135666719625,357588000,NVDA
2015-07-10,0.4773379564285278,0.4816883798708397,0.4739542809459717,0.4751627303015192,216708000,NVDA
2015-07-13,0.480479896068573,0.483138467173155,0.4773379222070639,0.4821717192827076,212472000,NVDA
2015-07-14,0.4807216227054596,0.4816883995163504,0.4744377030873483,0.4812050255167582,249216000,NVDA
2015-07-15,0.4773379564285278,0.4826551278305955,0.4729875329862159,0.4795131537438311,265732000,NVDA
2015-07-16,0.4879723191261291,0.4879723191261291,0.4785463970381051,0.4802382203426105,282848000,NVDA
2015-07-17,0.4850720763206482,0.4867638998296915,0.4787881275022493,0.4862805546119171,220372000,NVDA
2015-07-20,0.4761295616626739,0.4870056359212811,0.4749211121685741,0.485072082156671,188412000,NVDA
2015-07-21,0.4783046841621399,0.4850720060293759,0.4751627102082406,0.4751627102082406,149720000,NVDA
2015-07-22,0.469120591878891,0.4749211674123296,0.4633200451571643,0.4749211674123296,356472000,NVDA
2015-07-23,0.4749210476875305,0.481930042277,0.4691204736163824,0.4700872503674261,169916000,NVDA
2015-07-24,0.4693622887134552,0.4787881842464677,0.4674287635546622,0.4783048101596974,188844000,NVDA
2015-07-27,0.4667036831378937,0.4720208556601841,0.4613865106156032,0.4652535320810365,192420000,NVDA
2015-07-28,0.4768545031547546,0.4799964479073545,0.4630781597429529,0.4679119563613533,198308000,NVDA
2015-07-29,0.4826551079750061,0.4865221572783564,0.47395426144832,0.4758877860999951,232680000,NVDA
2015-07-30,0.4838636815547943,0.488697479731798,0.4814467536545826,0.4814467536545826,190180000,NVDA
2015-07-31,0.4821718335151672,0.4860388548048053,0.4792715603450111,0.4857971821807899,218340000,NVDA
2015-08-03,0.4903891980648041,0.4908725432046981,0.4797548270711367,0.486038746065314,397132000,NVDA
2015-08-04,0.4923228323459625,0.4937729834203406,0.4867639583097953,0.4886975122834406,260100000,NVDA
2015-08-05,0.4973983466625213,0.5048907168313422,0.4964315408920617,0.5044073139461124,234628000,NVDA
2015-08-06,0.4942564368247986,0.4998153114289948,0.4860389324380981,0.4961899333725932,655676000,NVDA
2015-08-07,0.5554038286209106,0.5648296924368384,0.5288178874909847,0.542835933368466,1405248000,NVDA
2015-08-10,0.5747392177581787,0.5788479408847117,0.5481532673243821,0.551536972508079,662304000,NVDA
2015-08-11,0.5718384981155396,0.5773973683172479,0.5662796279138311,0.5662796279138311,435008000,NVDA
2015-08-12,0.5732890963554382,0.5773978196950424,0.5626547502044962,0.5626547502044962,384048000,NVDA
2015-08-13,0.5684549808502197,0.5752223301765231,0.567004830450055,0.5740138523019203,276884000,NVDA
2015-08-14,0.5689384341239929,0.5723220802763751,0.5645879825365857,0.5679716286889679,214652000,NVDA
2015-08-17,0.5653131604194641,0.5679717317898748,0.5583041366719316,0.5679717317898748,273880000,NVDA
2015-08-18,0.5601679682731628,0.5674491738116473,0.5557992102305455,0.5635658526179467,287084000,NVDA
2015-08-19,0.5579835772514343,0.5657502194718002,0.5519158771669217,0.5594398299009875,249248000,NVDA
2015-08-20,0.5378387570381165,0.5543427949376699,0.5351689419510598,0.551673037716474,426932000,NVDA
2015-08-21,0.5210919380187988,0.5429355468083379,0.5206065013437996,0.5339554023147798,382664000,NVDA
2015-08-24,0.5026461482048035,0.5298293254865629,0.4854139296307194,0.4919670056446374,682284000,NVDA
2015-08-25,0.4922099113464355,0.5266743017242402,0.4922099113464355,0.5247326125128061,622684000,NVDA
2015-08-26,0.5293440222740173,0.5298294590093965,0.5043452166522072,0.5082285369376479,614976000,NVDA
2015-08-27,0.5492459535598755,0.5494886429729771,0.5317710427676635,0.5349262366014201,463764000,NVDA
2015-08-28,0.5516729950904846,0.5550708781759832,0.5453626077226407,0.549245927477149,320944000,NVDA
2015-08-31,0.5456053614616394,0.5528866230261043,0.5434210408581631,0.5490033028136774,219352000,NVDA
2015-09-01,0.5232762098312378,0.5388094875994295,0.5193929482550416,0.5298293439392352,353408000,NVDA
2015-09-02,0.5390523672103882,0.5392950566780814,0.5286159678432408,0.5375961146724845,344044000,NVDA
2015-09-03,0.540508508682251,0.5497314009498998,0.5395376931450933,0.5470615858903908,262556000,NVDA
2015-09-04,0.5278880000114441,0.5397806554858858,0.5276453104709115,0.531285885042459,287972000,NVDA
2015-09-08,0.5504595637321472,0.552643942465264,0.5385669700944302,0.540751290961677,238448000,NVDA
2015-09-09,0.5395378470420837,0.5567700158059578,0.5383242838750865,0.5521586262226474,289392000,NVDA
2015-09-10,0.5480325222015381,0.5548283481910091,0.5339555491458537,0.5363826174565491,357076000,NVDA
2015-09-11,0.5497315526008606,0.5533721263359691,0.5397805314687533,0.541964910429344,301584000,NVDA
2015-09-14,0.5507022142410278,0.5541000975401518,0.5477897097755731,0.5524011558905898,192460000,NVDA
2015-09-15,0.5567697286605835,0.5596822324665969,0.5492458376495115,0.5509447789144036,327976000,NVDA
2015-09-16,0.5606532096862793,0.5638084037653399,0.5516730641789004,0.5557990738517035,173508000,NVDA
2015-09-17,0.565750002861023,0.575458272986501,0.564536440162411,0.570361390664527,268712000,NVDA
2015-09-18,0.5652647614479065,0.570118898187239,0.5545856721945498,0.5579835563389076,326412000,NVDA
2015-09-21,0.5710894465446472,0.572303009094157,0.563080118888594,0.5659926227147396,281840000,NVDA
2015-09-22,0.5555564165115356,0.5625949312380105,0.5526439116962034,0.5587116107728566,228356000,NVDA
2015-09-23,0.5582262277603149,0.5616241117947685,0.5538575279825708,0.5560418489385066,161632000,NVDA
2015-09-24,0.5689054131507874,0.574730365871795,0.5460909233725365,0.5548283813869861,382440000,NVDA
2015-09-25,0.5730313658714294,0.5841958912143342,0.567449103199977,0.5759438130048803,369692000,NVDA
2015-09-28,0.5655073523521423,0.5766718764797061,0.5618667793651644,0.5730313034927281,395584000,NVDA
2015-09-29,0.5754584074020386,0.5764292230681786,0.563565756360687,0.5715750868716107,380736000,NVDA
2015-09-30,0.5982728004455566,0.5990009266184148,0.5774000044659308,0.580797888028692,556380000,NVDA
2015-10-01,0.586622953414917,0.5999717995046772,0.569633418247435,0.5982728575611029,489296000,NVDA
2015-10-02,0.6019135117530823,0.6019135117530823,0.5774000816330481,0.5834677812625,386144000,NVDA
2015-10-05,0.6169611811637878,0.6244850733084079,0.6026414650698949,0.6057966587131546,482024000,NVDA
2015-10-06,0.624970555305481,0.6276403124796467,0.6079810809986939,0.6104081487568064,453216000,NVDA
2015-10-07,0.631523847579956,0.6378342374737104,0.6162333097088896,0.6264270209115604,310152000,NVDA
2015-10-08,0.6351643800735474,0.6368633220306932,0.6181748447703482,0.6288539911665083,460068000,NVDA
2015-10-09,0.6327372789382935,0.6378341045444739,0.6208446279913385,0.6317664054139918,423248000,NVDA
2015-10-12,0.6395329833030701,0.6431736139952696,0.6288538963823879,0.6334652847713582,227588000,NVDA
2015-10-13,0.6407466530799866,0.6446299159785344,0.6322518852912028,0.6344362640710394,298444000,NVDA
2015-10-14,0.6640464067459106,0.6744828042071588,0.6407465439920976,0.6414746122622172,612148000,NVDA
2015-10-15,0.6657451391220093,0.6793367262771773,0.6584639379173668,0.6652597025620292,526048000,NVDA
2015-10-16,0.6761815547943115,0.6824919409454123,0.6662305389922505,0.667929538073262,448396000,NVDA
2015-10-19,0.674968421459198,0.6815215589976593,0.6672018363752693,0.6783663639159164,294712000,NVDA
2015-10-20,0.6739973425865173,0.6771525364372128,0.6669588287760534,0.6720557115395628,264824000,NVDA
2015-10-21,0.665259838104248,0.6822493689090933,0.6640463332558192,0.6781233019732118,386280000,NVDA
2015-10-22,0.6892880797386169,0.6914724587141988,0.6720559110180305,0.6730267268296636,306884000,NVDA
2015-10-23,0.6938995122909546,0.6985109596296345,0.684919364960703,0.6953557649101035,381776000,NVDA
2015-10-26,0.6907442212104797,0.6960837941138474,0.6844338326517364,0.694384852250473,247436000,NVDA
2015-10-27,0.6902586221694946,0.6946273201582974,0.6868606816605939,0.6873461182663936,208268000,NVDA
2015-10-28,0.6958411335945129,0.6958411335945129,0.6844338611055473,0.6946275705754417,217036000,NVDA
2015-10-29,0.6718129515647888,0.6917149298163737,0.6705994466498374,0.6846764740047672,327168000,NVDA
2015-10-30,0.688559889793396,0.6934140841348077,0.673997480366775,0.6790943641722021,301160000,NVDA
2015-11-02,0.6965689659118652,0.697297091903385,0.6866180071375129,0.6907440158455578,190088000,NVDA
2015-11-03,0.6917150020599365,0.6963264485232653,0.6839484193418643,0.6924431282312971,376768000,NVDA
2015-11-04,0.6803075671195984,0.6948699700766169,0.6771523740256599,0.6897731464014141,442264000,NVDA
2015-11-05,0.6725412011146545,0.6856474153702845,0.6705995697479747,0.6837057261377357,478800000,NVDA
2015-11-06,0.7657406330108643,0.7752062150228625,0.723752353254087,0.7390428865558295,1172272000,NVDA
2015-11-09,0.762342631816864,0.764527009912782,0.751663488591834,0.7582166228795879,492568000,NVDA
2015-11-10,0.747780442237854,0.7565178992716859,0.7317617806534739,0.7523918312804256,552260000,NVDA
2015-11-11,0.7404990196228027,0.7536051723810742,0.7378292049010416,0.7482656008034048,619896000,NVDA
2015-11-12,0.7378293871879578,0.7455960281532262,0.7346741929124341,0.7388002028421495,291080000,NVDA
2015-11-13,0.7232670187950134,0.7417127487087067,0.7196263875580283,0.7385575542586098,292940000,NVDA
2015-11-16,0.7378293871879578,0.7383148239479872,0.7269075519471656,0.7327325616040506,344280000,NVDA
2015-11-17,0.7378293871879578,0.744139775739005,0.7346741929124341,0.7397710763622085,257048000,NVDA
2015-11-18,0.755979597568512,0.7569541575977096,0.7328348714584844,0.7408746141430295,350216000,NVDA
2015-11-19,0.7581722140312195,0.7657246761385993,0.7525687556658778,0.7586594940095218,254072000,NVDA
2015-11-20,0.7647504210472107,0.7691357680102958,0.7591469608736715,0.7637759188617266,239744000,NVDA
2015-11-23,0.7532997727394104,0.771084652684741,0.7506198776239318,0.771084652684741,242552000,NVDA
2015-11-24,0.7593905329704285,0.7659684944891026,0.7498890071831893,0.7532997934394504,195428000,NVDA
2015-11-25,0.7584159970283508,0.766943021026737,0.7557361017537033,0.7579287750251053,138300000,NVDA
2015-11-27,0.7647504210472107,0.7671867055537231,0.7559797852066448,0.7598778520341857,86996000,NVDA
2015-11-30,0.7727899551391602,0.7762007989872938,0.7647502126499678,0.7654811036113115,327244000,NVDA
2015-12-01,0.7978837490081787,0.7986146399753813,0.7788807000320885,0.7796115909992912,409496000,NVDA
2015-12-02,0.7917933464050293,0.8073855581241193,0.7900879527861925,0.7991022010938791,294240000,NVDA
2015-12-03,0.790087878704071,0.8064109801700814,0.7861898116183951,0.7981276239165251,246656000,NVDA
2015-12-04,0.8222467303276062,0.8237085125156984,0.790087754531972,0.790087754531972,458756000,NVDA
2015-12-07,0.8066544532775879,0.8220030487638313,0.804218169201765,0.8220030487638313,333588000,NVDA
2015-12-08,0.8176175951957703,0.8210283808368545,0.7915493648166456,0.796665543278272,314488000,NVDA
2015-12-09,0.7969094514846802,0.8222468584652228,0.7886260952420912,0.8173742891359813,372676000,NVDA
2015-12-10,0.803487241268158,0.8078725291689953,0.796665611317799,0.7993455062524446,236596000,NVDA
2015-12-11,0.7915495038032532,0.8010510295451303,0.7898441106832644,0.7954475701141974,227320000,NVDA
2015-12-14,0.7934985756874084,0.7978839224438652,0.7839970491340207,0.7922804625343494,275892000,NVDA
2015-12-15,0.8032435774803162,0.8088470364426673,0.7981273985481837,0.8025126864777842,307296000,NVDA
2015-12-16,0.80811607837677,0.8107960311921828,0.7978837213616605,0.8049489036571637,236356000,NVDA
2015-12-17,0.7959348559379578,0.8176178043371305,0.7954476339135098,0.8093344490655009,254160000,NVDA
2015-12-18,0.7830223441123962,0.7983709376119518,0.7820478422253233,0.7903311953938233,395896000,NVDA
2015-12-21,0.8015379309654236,0.8022688217367648,0.7844839485004668,0.7915491872330496,284216000,NVDA
2015-12-22,0.8022693395614624,0.8103090851498955,0.7973967699979035,0.8039747331001469,130012000,NVDA
2015-12-23,0.8054362535476685,0.8086034285421418,0.8020254675799563,0.8034872495905736,122524000,NVDA
2015-12-24,0.80811607837677,0.8100651402503054,0.8017817289375573,0.8029998998692153,52448000,NVDA
2015-12-28,0.807385265827179,0.807385265827179,0.7883822737500509,0.7995891918328463,142024000,NVDA
2015-12-29,0.8205412030220032,0.8229774869087548,0.8056798306529048,0.8078725035766583,203660000,NVDA
2015-12-30,0.8134760856628418,0.8268756781143984,0.8132324746629076,0.8198104363459195,180344000,NVDA
2015-12-31,0.8030000329017639,0.8159123448714614,0.8030000329017639,0.8122579476422396,148528000,NVDA
2016-01-04,0.7886258363723755,0.7937420150629897,0.780586093809645,0.7866768325146908,358076000,NVDA
2016-01-05,0.8012948036193848,0.8146943983993261,0.7917932759437324,0.8034874772565989,490272000,NVDA
2016-01-06,0.7681611180305481,0.79179306738837,0.7591468148137606,0.7881386122889165,449344000,NVDA
2016-01-07,0.7377076148986816,0.7540307138333016,0.7279624196529749,0.7489144761643257,645304000,NVDA
2016-01-08,0.7218717932701111,0.7479400313618109,0.7204100109669944,0.7472091402102525,398472000,NVDA
2016-01-11,0.723089873790741,0.7282061116204572,0.7101775608393636,0.7226026517687878,409372000,NVDA
2016-01-12,0.7352712154388428,0.7459909119511958,0.7301550362526706,0.7360021064776666,469356000,NVDA
2016-01-13,0.7128573656082153,0.745747226739234,0.7121264746421403,0.7408746009368711,481672000,NVDA
2016-01-14,0.6984834671020508,0.706523211872645,0.6777750195206766,0.6982397979887323,600236000,NVDA
2016-01-15,0.6604772806167603,0.6785058305059188,0.6490267504689422,0.6704660866854342,841452000,NVDA
2016-01-19,0.6658372282981873,0.6931236391494701,0.6631572745687317,0.6741205843505245,457140000,NVDA
2016-01-20,0.6694913506507874,0.6780183723147675,0.6443976236998741,0.6531682562987846,481180000,NVDA
2016-01-21,0.6772876977920532,0.6877637264533359,0.6629136024986836,0.6768004757665433,481456000,NVDA
2016-01-22,0.6931236386299133,0.6977525968085878,0.6887382914862407,0.690200073867465,257996000,NVDA
2016-01-25,0.6923924684524536,0.7009194901833833,0.6909306866602276,0.6928797484117234,270728000,NVDA
2016-01-26,0.6992141604423523,0.7021377245330391,0.6867891292281202,0.6938543703902178,227944000,NVDA
2016-01-27,0.6909307837486267,0.7004323086476504,0.6777748619411117,0.6982396356512007,231700000,NVDA
2016-01-28,0.6833784580230713,0.6989706669273312,0.6699788644697082,0.6965343824708655,276776000,NVDA
2016-01-29,0.7135881781578064,0.7150499600483087,0.6865454455258642,0.68922534026806,310504000,NVDA
2016-02-01,0.7138317823410034,0.7174861786496494,0.7067665425692173,0.71285728053107,289884000,NVDA
2016-02-02,0.6836220026016235,0.7101775180218428,0.6787494341622583,0.7065231207351178,341908000,NVDA
2016-02-03,0.6870326995849609,0.6931234383852335,0.6711968832583143,0.6889817615587078,326772000,NVDA
2016-02-04,0.6872764229774475,0.7028686295723326,0.680454792658339,0.6880072559291001,348140000,NVDA
2016-02-05,0.6439105272293091,0.6901999870202825,0.6419615230233227,0.6826475231150856,600428000,NVDA
2016-02-08,0.6144314408302307,0.637332499258142,0.6054171375780253,0.634165324188036,608852000,NVDA
2016-02-09,0.621009349822998,0.646833970174283,0.6041989738816843,0.6071225377273349,425372000,NVDA
2016-02-10,0.619547426700592,0.6429357578786521,0.6161366417150693,0.6249072731675388,335800000,NVDA
2016-02-11,0.6163803935050964,0.6227147431178187,0.6037116942796519,0.6037116942796519,340144000,NVDA
2016-02-12,0.6268564462661743,0.6280746172825449,0.6029808287327493,0.6261255552734702,340816000,NVDA
2016-02-16,0.6575535535812378,0.6585281135069849,0.6339216080507546,0.6358706117310812,485352000,NVDA
2016-02-17,0.6738768815994263,0.6802112323369578,0.6631571843117889,0.6658371376764978,771468000,NVDA
2016-02-18,0.7318603992462158,0.7547615153220816,0.7284496132622333,0.7291805042710285,1068660000,NVDA
2016-02-19,0.7416055202484131,0.7481835391945115,0.7223588596058381,0.7279623185028611,525628000,NVDA
2016-02-22,0.7679175734519958,0.7764445980092859,0.7508635824230185,0.7523253646997656,449668000,NVDA
2016-02-23,0.7698666453361511,0.7771754987243471,0.7581724450636755,0.7618269008005752,369380000,NVDA
2016-02-24,0.7752262949943542,0.7764444660464734,0.7455036067326418,0.7666993299718914,336852000,NVDA
2016-02-25,0.776931643486023,0.780829709309642,0.7630448311839213,0.7781498144683493,349616000,NVDA
2016-02-26,0.7718155384063721,0.782535176879918,0.7640194060152868,0.7805861728249441,361964000,NVDA
2016-02-29,0.766802966594696,0.7829410359245255,0.7663139695224097,0.7729158963760273,323344000,NVDA
2016-03-01,0.8007906675338745,0.8007906675338745,0.7675364223860981,0.7687590315049657,348700000,NVDA
2016-03-02,0.8054364323616028,0.8083706476154867,0.794922238764801,0.796389346391743,233812000,NVDA
2016-03-03,0.7983457446098328,0.8078818304009433,0.7875869910396519,0.8044586171273534,302004000,NVDA
2016-03-04,0.7959004640579224,0.8051920498719767,0.7897875341639555,0.8044584959528118,175304000,NVDA
2016-03-07,0.7907658815383911,0.7968788137121643,0.7804961811372386,0.7914994357311336,239968000,NVDA
2016-03-08,0.7763389348983765,0.787342182717294,0.7738937751938622,0.7826963617895549,274940000,NVDA
2016-03-09,0.7758500576019287,0.7844080887391058,0.7658248604591021,0.7831855378468869,222788000,NVDA
2016-03-10,0.7746275067329407,0.7848972031679569,0.7589784926916173,0.7804958797112845,286084000,NVDA
2016-03-11,0.7878312468528748,0.788075803652222,0.776828056392996,0.7861196407434983,277400000,NVDA
2016-03-14,0.7897874712944031,0.792966185258675,0.7804958279227726,0.7841635972266308,190312000,NVDA
2016-03-15,0.785875141620636,0.7907654614427663,0.7719377359572858,0.7856306431186927,226216000,NVDA
2016-03-16,0.8093488812446594,0.8120385985956738,0.7763391854324823,0.7800069553214907,363644000,NVDA
2016-03-17,0.8025023341178894,0.8103268115386842,0.7914990844080128,0.8064146019768947,353680000,NVDA
2016-03-18,0.8267094492912292,0.8374681423425968,0.8069036111746392,0.8120384883219416,545512000,NVDA
2016-03-21,0.8291544914245605,0.8293989899167465,0.810571265182632,0.8193738521706201,337780000,NVDA
2016-03-22,0.827687680721283,0.8335560547188559,0.8174179825026084,0.8264651295246854,242012000,NVDA
2016-03-23,0.8418694138526917,0.8479822847321273,0.8276874508093056,0.8313552199747375,429008000,NVDA
2016-03-24,0.8430920243263245,0.8445591320962392,0.8315997772906878,0.8342894360040533,244956000,NVDA
2016-03-28,0.8516502380371094,0.8553179496983424,0.8406469864589586,0.8416250390154725,265388000,NVDA
2016-03-29,0.8653430938720703,0.8672991988611143,0.8460263093420668,0.8479824143311108,261812000,NVDA
2016-03-30,0.8743899464607239,0.8863712466158196,0.8680325195091544,0.8685215747735853,376700000,NVDA
2016-03-31,0.8712113499641418,0.8802584363418345,0.8643649251260654,0.8783023316158739,379884000,NVDA
2016-04-01,0.883926272392273,0.8844153277593388,0.8592301131512067,0.8658320399718943,348292000,NVDA
2016-04-04,0.8753682971000671,0.8959076924526157,0.8719450839737178,0.8912618698970123,393940000,NVDA
2016-04-05,0.8741456270217896,0.8822146616057771,0.8641204292766187,0.8675437002343849,339568000,NVDA
2016-04-06,0.8753682971000671,0.8758573525312141,0.8467599243627922,0.863142494293658,453376000,NVDA
2016-04-07,0.866320788860321,0.8775685336487509,0.8626530789451189,0.8697440003270959,378104000,NVDA
2016-04-08,0.8719450235366821,0.8790360061620708,0.8633869330167686,0.873412131431207,255936000,NVDA
2016-04-11,0.8773244023323059,0.8917508661760932,0.8743901865345111,0.8770798454843415,387524000,NVDA
2016-04-12,0.8763460516929626,0.8814808692949798,0.859229876425167,0.8802582603627647,292764000,NVDA
2016-04-13,0.8983526825904846,0.898597181111062,0.8802584512318127,0.8802584512318127,350716000,NVDA
2016-04-14,0.9007977843284608,0.9047100518903122,0.8922396953933347,0.8959074644504491,416564000,NVDA
2016-04-15,0.9078887104988098,0.9159577436371656,0.8976190160598456,0.9005532311273233,436972000,NVDA
2016-04-18,0.9039766192436218,0.9061772809728568,0.8951740306239016,0.9061772809728568,307320000,NVDA
2016-04-19,0.8878384232521057,0.9091113087103576,0.8822145496106216,0.9073997025973682,309152000,NVDA
2016-04-20,0.8912616968154907,0.8966410723245356,0.8853933242674876,0.886371376642619,200172000,NVDA
2016-04-21,0.8902837634086609,0.89566313963655,0.8863714950881255,0.8915063144666404,178280000,NVDA
2016-04-22,0.8868604898452759,0.899330789610605,0.8839262742312131,0.893217918144266,223540000,NVDA
2016-04-25,0.8912616968154907,0.8961520169883624,0.8846597704118353,0.8871049304982712,191972000,NVDA
2016-04-26,0.8919955492019653,0.906911071529164,0.8880832800948766,0.8966413724102104,214536000,NVDA
2016-04-27,0.912290096282959,0.9127791516250636,0.8880829936444844,0.8897945998960272,352396000,NVDA
2016-04-28,0.8851487040519714,0.9120455213734948,0.8829481009398479,0.906666146249748,381224000,NVDA
2016-04-29,0.8687660694122314,0.8834370277137505,0.8592299290270822,0.8814809232590971,321904000,NVDA
2016-05-02,0.8802585601806641,0.8856379363796725,0.8729230789805011,0.8770798458308712,256076000,NVDA
2016-05-03,0.8697443008422852,0.8739010673877914,0.8621643216472112,0.8702333562053169,224024000,NVDA
2016-05-04,0.8499385714530945,0.8599637114693752,0.8411359824717941,0.8592301575294984,525764000,NVDA
2016-05-05,0.8550732731819153,0.8650984701171814,0.8487158454417987,0.8570294361850662,246884000,NVDA
2016-05-06,0.8638759255409241,0.8660765872225467,0.851894623003936,0.8536062293239032,183240000,NVDA
2016-05-09,0.8626531362533569,0.8697440581064018,0.8555621561031101,0.8660763479475443,333336000,NVDA
2016-05-10,0.8792804479598999,0.8807475557597318,0.8597191660880557,0.8680326992241457,269676000,NVDA
2016-05-11,0.8817254304885864,0.8915060694532925,0.877079609491189,0.8819699872707488,328176000,NVDA
2016-05-12,0.8697443008422852,0.8919952996589117,0.8540952870891055,0.8880830316463122,670540000,NVDA
2016-05-13,1.0020276308059692,1.0025166278740374,0.9536134232341086,0.958259186866849,2110256000,NVDA
2016-05-16,1.0316137075424194,1.046529279080742,0.9912685480420346,0.994447261111592,973032000,NVDA
2016-05-17,1.0338146686553955,1.0411500903200404,1.013764275143554,1.026968127415455,628392000,NVDA
2016-05-18,1.060222625732422,1.072203988310326,1.0269683720278864,1.0269683720278864,541072000,NVDA
2016-05-19,1.0648682117462158,1.0724482486364455,1.0545985746132032,1.056065565694125,398880000,NVDA
2016-05-20,1.083940505981445,1.08834182905236,1.0697585427047842,1.0714701489110685,391084000,NVDA
2016-05-23,1.085652470588684,1.0927433962706918,1.0790505421000651,1.0885866869379517,413636000,NVDA
2016-05-24,1.1120058298110962,1.1154380486744306,1.0860198147270892,1.088961649811544,415788000,NVDA
2016-05-25,1.1073482036590576,1.1200959625094404,1.0985226972658453,1.1154381927375585,458076000,NVDA
2016-05-26,1.1191153526306152,1.127205341159799,1.1061223442927504,1.1093093130132536,309964000,NVDA
2016-05-27,1.1252440214157104,1.1269600722977016,1.116663650108556,1.1203410021961362,277416000,NVDA
2016-05-31,1.1453465223312378,1.1477980907260714,1.129411678456464,1.1301471957338,412524000,NVDA
2016-06-01,1.1475528478622437,1.1585845538956248,1.1365210249316586,1.139953126839449,387132000,NVDA
2016-06-02,1.1556427478790283,1.165448785983371,1.14240449123069,1.1536814467404035,329208000,NVDA
2016-06-03,1.1394625902175903,1.1458365263048094,1.119360248340785,1.1443657258820863,461076000,NVDA
2016-06-06,1.1335790157318115,1.1512299063293878,1.1276953465668909,1.1424044025820066,322512000,NVDA
2016-06-07,1.13578462600708,1.146816440373592,1.135294359514337,1.1404425083794791,193400000,NVDA
2016-06-08,1.1321083307266235,1.1401983190397007,1.122792558269817,1.1360306997099052,234616000,NVDA
2016-06-09,1.161526441574097,1.1632424926057685,1.125734386459558,1.12818595473178,472168000,NVDA
2016-06-10,1.132598638534546,1.15809438853841,1.1311277208883834,1.147798081912487,400024000,NVDA
2016-06-13,1.1470623016357422,1.1693710777740385,1.133824162752811,1.133824162752811,475588000,NVDA
2016-06-14,1.1492688655853271,1.1546621517277371,1.131617972786203,1.1443658463020816,298344000,NVDA
2016-06-15,1.1610358953475952,1.1710870656716583,1.1460817065559026,1.1588295779511752,301036000,NVDA
2016-06-16,1.1656938791275024,1.1676550633011744,1.1411787847136243,1.1524557398337274,246456000,NVDA
2016-06-17,1.1453465223312378,1.1674101702958808,1.1406886358988255,1.1671650368358404,471000000,NVDA
2016-06-20,1.1659396886825562,1.1808938874126018,1.162997852267439,1.1637333698198475,293768000,NVDA
2016-06-21,1.1588298082351685,1.1740291334360928,1.1571136403781372,1.1708421649539564,212508000,NVDA
2016-06-22,1.1578490734100342,1.1688808955767176,1.1558878891552715,1.1612811750801677,202620000,NVDA
2016-06-23,1.1887383460998535,1.1899641303437931,1.1681456150111036,1.168881132316355,297880000,NVDA
2016-06-24,1.1210764646530151,1.1610361378022684,1.1105350253500157,1.1399531422990634,1017684000,NVDA
2016-06-27,1.1090643405914309,1.120341299478511,1.0926391107950857,1.1117609258945556,449088000,NVDA
2016-06-28,1.1252440214157104,1.1313727077672793,1.1097994465805918,1.130147040635285,381920000,NVDA
2016-06-29,1.1436302661895752,1.1524557705521272,1.132108177352794,1.135050012140311,318932000,NVDA
2016-06-30,1.1524559259414673,1.1595652635555471,1.1362759493257175,1.1455916048793235,430940000,NVDA
2016-07-01,1.1438754796981812,1.1610361058954652,1.139953110971649,1.1460819143919077,218488000,NVDA
2016-07-05,1.1607909202575684,1.1627521045326334,1.1284309705788034,1.1375014916874286,371084000,NVDA
2016-07-06,1.1681455373764038,1.1750098585479325,1.1468174072970847,1.1527010777591915,273104000,NVDA
2016-07-07,1.1985443830490112,1.202712002708363,1.170597180365864,1.1759904673686554,395400000,NVDA
2016-07-08,1.246593952178955,1.252477622555456,1.2066342774825092,1.2112921637143703,481932000,NVDA
2016-07-11,1.275276780128479,1.2845924365000545,1.2630191714171983,1.264490089138441,448776000,NVDA
2016-07-12,1.2943984270095823,1.3061656503677808,1.2733153146843863,1.289495407535566,436760000,NVDA
2016-07-13,1.2939082384109497,1.3042046626875696,1.2919470537049536,1.2968500739185551,324604000,NVDA
2016-07-14,1.307146430015564,1.318913772484558,1.2899859170769927,1.3007726087078284,316892000,NVDA
2016-07-15,1.291946530342102,1.2978301989738608,1.2708635402745343,1.2904756131841624,428616000,NVDA
2016-07-18,1.2985659837722778,1.309842940725551,1.2936629640924726,1.307881756233071,252992000,NVDA
2016-07-19,1.3120492696762085,1.3171974223899428,1.2953789105924776,1.2978304786831325,382652000,NVDA
2016-07-20,1.3292096853256226,1.336319138771218,1.3110685269388205,1.316461812703223,296460000,NVDA
2016-07-21,1.304694890975952,1.3304357755588532,1.3002821378453129,1.3262681558970462,361308000,NVDA
2016-07-22,1.3402416706085205,1.3402416706085205,1.2997917301995878,1.3093526358323544,315768000,NVDA
2016-07-25,1.3650014400482178,1.3681884075145316,1.3424475344246374,1.348331202638499,312528000,NVDA
2016-07-26,1.3882911205291748,1.395400456860547,1.375052981486102,1.3770141656226336,514508000,NVDA
2016-07-27,1.374317646026611,1.402755228905256,1.3659825246717543,1.4003036607376609,446676000,NVDA
2016-07-28,1.3772598505020142,1.387556159014484,1.37309223025807,1.3775049840050868,221916000,NVDA
2016-07-29,1.3998132944107056,1.4034905295036386,1.3576473068603403,1.382407535728456,409588000,NVDA
2016-08-01,1.3907426595687866,1.4108451197088443,1.381672138526333,1.4056969671879065,301120000,NVDA
2016-08-02,1.373827338218689,1.398097301248178,1.3605891978202769,1.3973617840609325,282748000,NVDA
2016-08-03,1.3775041103363037,1.3802008109542188,1.3645111077362495,1.372110825997635,299828000,NVDA
2016-08-04,1.4030004739761353,1.409374411442398,1.3814272101118996,1.3841237950341705,272712000,NVDA
2016-08-05,1.4267799854278564,1.4275153857017775,1.4123160612992858,1.4191802647780114,371588000,NVDA
2016-08-08,1.4400179386138916,1.449823975709822,1.4248184992871709,1.4463918744159647,305064000,NVDA
2016-08-09,1.443695306777954,1.4576689635353273,1.4400180717512956,1.4471274083891277,372344000,NVDA
2016-08-10,1.4343799352645874,1.4586499036177707,1.4297220483809792,1.4564435853664728,375740000,NVDA
2016-08-11,1.463552713394165,1.4696815171958386,1.43903761508468,1.4419794502612602,681064000,NVDA
2016-08-12,1.5454332828521729,1.5537684047812823,1.486351912088572,1.517486081819932,1425744000,NVDA
2016-08-15,1.543962478637695,1.556710354370537,1.523124613835721,1.5471494475709058,573304000,NVDA
2016-08-16,1.5346466302871704,1.5442074189939246,1.5299887442059688,1.5417559676811483,287652000,NVDA
2016-08-17,1.499099612236023,1.538078752383645,1.4870872551621477,1.5346466503625378,595212000,NVDA
2016-08-18,1.52238929271698,1.5248407444640213,1.4910098686948166,1.496893539923279,331684000,NVDA
2016-08-19,1.5263111591339111,1.537833247410456,1.5150342042615417,1.5216532737630206,291560000,NVDA
2016-08-22,1.532685399055481,1.5348918339248143,1.5128281866147475,1.5309693479888944,244748000,NVDA
2016-08-23,1.545088291168213,1.5551579859901157,1.5406674066930024,1.5482811326593162,339764000,NVDA
2016-08-24,1.521264672279358,1.5512282867079774,1.5141422342438244,1.5504915312336602,298448000,NVDA
2016-08-25,1.511194944381714,1.5224926811906572,1.4922835993910104,1.5217559257327893,406032000,NVDA
2016-08-26,1.5234752893447876,1.5320713560984458,1.5030901972002542,1.5151248077680015,300024000,NVDA
2016-08-29,1.5224930047988892,1.535755542760401,1.5200370356380282,1.5296155613019289,274652000,NVDA
2016-08-30,1.5136507749557495,1.5286325207535778,1.5094754767272098,1.520527626520314,285544000,NVDA
2016-08-31,1.5065284967422483,1.5207734898121148,1.502107729706434,1.5165983079324437,388544000,NVDA
2016-09-01,1.5509825944900513,1.5566314040744127,1.5065284047881855,1.5077564476065628,428492000,NVDA
2016-09-02,1.535754919052124,1.555894420132701,1.5183172054652458,1.5541752072845214,323148000,NVDA
2016-09-06,1.5502456426620483,1.5502456426620483,1.5332990976631369,1.541158407341111,306812000,NVDA
2016-09-07,1.5274049043655396,1.5529476368627049,1.5185632523310124,1.545333910726982,397988000,NVDA
2016-09-08,1.5384565591812134,1.5409126444089405,1.508493068923518,1.525930782167503,315808000,NVDA
2016-09-09,1.4618289470672607,1.5301065443793949,1.4490575810790018,1.5215104776998456,697760000,NVDA
2016-09-12,1.4920377731323242,1.494985028944098,1.407795982927583,1.4424260630470171,598260000,NVDA
2016-09-13,1.470425367355347,1.5055466322690358,1.4620748838424245,1.4883543776629111,471768000,NVDA
2016-09-14,1.4834418296813965,1.4883538840665953,1.461583228656677,1.4738633060633668,319048000,NVDA
2016-09-15,1.539684772491455,1.541403985496428,1.4824592217345849,1.4858977648571328,515212000,NVDA
2016-09-16,1.5433688163757324,1.5534385094917436,1.525685398583237,1.545088029417183,902444000,NVDA
2016-09-19,1.563753604888916,1.602804444198645,1.5524558711640055,1.559578307096252,417128000,NVDA
2016-09-20,1.5495092868804932,1.5816832892755488,1.5409132195998945,1.5816832892755488,331112000,NVDA
2016-09-21,1.592980980873108,1.595928237314501,1.5539301258062246,1.5541757109909025,336212000,NVDA
2016-09-22,1.5969103574752808,1.607225753595312,1.5878231213342549,1.6023136992423588,308732000,NVDA
2016-09-23,1.595191240310669,1.6035417215019845,1.5880688020596525,1.5988753691315658,276132000,NVDA
2016-09-26,1.580209732055664,1.5865954157833824,1.5603159252636054,1.577016890191805,230040000,NVDA
2016-09-27,1.634242296218872,1.6366983824058867,1.57333283440011,1.5740695899886332,402752000,NVDA
2016-09-28,1.640136480331421,1.6413645231785567,1.619260220380557,1.6366980540495295,319788000,NVDA
2016-09-29,1.6553635597229004,1.6605213154677805,1.622207227720635,1.637434558508232,336684000,NVDA
2016-09-30,1.6828711032867432,1.6993264757876954,1.654626709317872,1.6644508157994131,429932000,NVDA
2016-10-03,1.681152105331421,1.70718612147165,1.6782049664951288,1.6828714355621224,242596000,NVDA
2016-10-04,1.6774684190750122,1.7118528052137567,1.6649426374207623,1.6836085173065176,281624000,NVDA
2016-10-05,1.6757489442825315,1.7089053992941716,1.670591304732974,1.6917131503496974,305440000,NVDA
2016-10-06,1.6538903713226318,1.665924863809516,1.6273651834398768,1.6556095845350438,360212000,NVDA
2016-10-07,1.6418555974960327,1.6693631232557935,1.6371891286397888,1.6649422395320987,286260000,NVDA
2016-10-10,1.647995948791504,1.6592936864219123,1.6325229119250786,1.6504519176089198,287876000,NVDA
2016-10-11,1.6241726875305176,1.645048952788248,1.611646904953351,1.6425929835822664,388540000,NVDA
2016-10-12,1.631540298461914,1.640136363554607,1.6040327730526935,1.6175408920715828,419920000,NVDA
2016-10-13,1.6050150394439695,1.6160671895456271,1.5644905671462903,1.6123831785492742,390116000,NVDA
2016-10-14,1.6207339763641355,1.635715725521947,1.6111554522027596,1.624663573250157,330636000,NVDA
2016-10-17,1.6114012002944946,1.6357158909057912,1.609190816461698,1.6204885550420771,195328000,NVDA
2016-10-18,1.635961413383484,1.6452943529644235,1.627119761278602,1.6337510296354203,269372000,NVDA
2016-10-19,1.6325230598449707,1.6401367863828094,1.616558851191099,1.6249094504197656,199060000,NVDA
2016-10-20,1.663468599319458,1.668871940645985,1.6283474662600537,1.651679693256079,312084000,NVDA
2016-10-21,1.6588022708892822,1.6617494096120329,1.6430836511757856,1.6575742281057828,279508000,NVDA
2016-10-24,1.7366583347320557,1.73862313286707,1.669854261240744,1.6700999634811482,339836000,NVDA
2016-10-25,1.7651485204696655,1.7757095026679155,1.7253609118503892,1.7337113932724857,397460000,NVDA
2016-10-26,1.772270917892456,1.791673550126174,1.7486929867639351,1.7504121999294155,333792000,NVDA
2016-10-27,1.7359216213226318,1.789217463655676,1.7287991835132506,1.7857790373261395,388664000,NVDA
2016-10-28,1.7329745292663574,1.770797337026611,1.7297816880007937,1.7442722662743055,290856000,NVDA
2016-10-31,1.7477108240127563,1.7592541470449716,1.737641012032946,1.7386234698471743,252388000,NVDA
2016-11-01,1.6958887577056885,1.7636751909743955,1.6772228773363478,1.754096665592124,473224000,NVDA
2016-11-02,1.6887658834457395,1.731992032126004,1.6858186274041695,1.7089053883213938,295848000,NVDA
2016-11-03,1.669117450714111,1.698098602864072,1.6366978726633212,1.6966249750333453,309664000,NVDA
2016-11-04,1.6595391035079956,1.688029088425234,1.635224417403884,1.6580654755217514,328780000,NVDA
2016-11-07,1.7504123449325562,1.761464497404835,1.7069406076683244,1.7081686506347162,487580000,NVDA
2016-11-08,1.7477108240127563,1.7626925737258337,1.7315010313100498,1.7570436462411136,429884000,NVDA
2016-11-09,1.718238353729248,1.7413251165825494,1.68778368437937,1.700309347937536,456532000,NVDA
2016-11-10,1.6644511222839355,1.7560610550611635,1.6396452664172936,1.755815469920792,869280000,NVDA
2016-11-11,2.160569190979004,2.180217408756554,1.9279831846676527,1.9527891591575337,2175344000,NVDA
2016-11-14,2.0542237758636475,2.1659731332865038,2.0537326054168337,2.163517046827138,1348796000,NVDA
2016-11-15,2.116851806640625,2.1477976415817674,2.06134535024858,2.0701871177568543,626092000,NVDA
2016-11-16,2.250459909439087,2.2733008512805424,2.120781578803012,2.145096265797276,987984000,NVDA
2016-11-17,2.269125938415528,2.32807059551804,2.226390839502222,2.267161022822012,832988000,NVDA
2016-11-18,2.2929491996765137,2.316772481060508,2.2546351065869663,2.2691256840672995,576060000,NVDA
2016-11-21,2.283616304397583,2.317263929054057,2.269371194680849,2.310878246752644,436436000,NVDA
2016-11-22,2.300072193145752,2.3022825771966424,2.268880645654702,2.2914761250449063,330368000,NVDA
2016-11-23,2.311386585235596,2.3428706618902813,2.281870131422872,2.30523717741466,443236000,NVDA
2016-11-25,2.3160605430603027,2.339181758493386,2.2976125501771643,2.3224557878338774,195564000,NVDA
2016-11-28,2.3148305416107178,2.330326629638858,2.302285888332351,2.3089272029592465,278736000,NVDA
2016-11-29,2.2936770915985107,2.322947716472194,2.27596730913092,2.312124850086911,444568000,NVDA
2016-11-30,2.2678494453430176,2.3160597168553645,2.2653896825592708,2.302285186011915,440500000,NVDA
2016-12-01,2.155686855316162,2.2671115815003606,2.0850933488844428,2.265389794381926,1035524000,NVDA
2016-12-02,2.1756107807159424,2.184219717183366,2.09370249733858,2.121497164180231,478292000,NVDA
2016-12-05,2.259979009628296,2.2779348617376733,2.1891394128040225,2.2134905095513684,602284000,NVDA
2016-12-06,2.2971208095550537,2.3054839127742186,2.2523540929206822,2.2680962530781748,498796000,NVDA
2016-12-07,2.3384430408477783,2.344100307813604,2.265389772225389,2.2835916891393184,480804000,NVDA
2016-12-08,2.299334764480591,2.3765696219119388,2.288758201011573,2.3413958864185616,381544000,NVDA
2016-12-09,2.258502721786499,2.318765507532244,2.231199962519238,2.317043720355963,382312000,NVDA
2016-12-12,2.203650712966919,2.2125057172891416,2.1532267542104933,2.210045954770324,601332000,NVDA
2016-12-13,2.242514610290528,2.2700634410794005,2.214966014077576,2.215949825492061,387796000,NVDA
2016-12-14,2.372386932373047,2.388620990839144,2.2523530462728143,2.276212228348121,983980000,NVDA
2016-12-15,2.427976369857788,2.458230795617796,2.376076453599585,2.383455507456011,746548000,NVDA
2016-12-16,2.469791412353516,2.4769243961360994,2.4038711292175683,2.4555249756365605,1089528000,NVDA
2016-12-19,2.499800205230713,2.51996974784487,2.435109792196022,2.452327900396733,744656000,NVDA
2016-12-20,2.5868735313415527,2.6104866457356266,2.561046489549614,2.57236125836038,848056000,NVDA
2016-12-21,2.603107213973999,2.606058882167203,2.5509614668538565,2.598433758882749,576136000,NVDA
2016-12-22,2.6345925331115723,2.677883292326866,2.6203260922532867,2.6274593126824293,718612000,NVDA
2016-12-23,2.700265884399414,2.701741835999237,2.61393022223875,2.616635820737218,647692000,NVDA
2016-12-27,2.885728120803833,2.8867119322184536,2.7356858550059,2.7563475367443804,1194272000,NVDA
2016-12-28,2.68722939491272,2.949926009386018,2.67345509858082,2.9418089798224494,2295764000,NVDA
2016-12-29,2.740851640701294,2.7423275926274195,2.5285789304436115,2.580232790914804,2175368000,NVDA
2016-12-30,2.62549090385437,2.7529038603708096,2.6146682749661743,2.738883492639519,1212932000,NVDA
2017-01-03,2.509147882461548,2.616391106499178,2.444457449715946,2.5679347408536577,1501996000,NVDA
2017-01-04,2.567688226699829,2.594990990024072,2.497340542996506,2.5433371324843645,1199220000,NVDA
2017-01-05,2.5025055408477783,2.602861572203357,2.485533504587961,2.571131427124845,984296000,NVDA
2017-01-06,2.5359575748443604,2.5642441440784007,2.489223018689434,2.5298081676787656,822856000,NVDA
2017-01-09,2.63877272605896,2.6564827344989066,2.545796002764757,2.545796002764757,916248000,NVDA
2017-01-10,2.6188502311706543,2.685754106779769,2.5981885469935286,2.651810263209843,880920000,NVDA
2017-01-11,2.586627244949341,2.612208214477397,2.5617842511588704,2.607288923570556,525664000,NVDA
2017-01-12,2.544321298599243,2.575313711272881,2.499554584548868,2.5637531033922647,625616000,NVDA
2017-01-13,2.5440752506256104,2.582692552212353,2.5349741726247936,2.5482565670688437,457820000,NVDA
2017-01-17,2.487009286880493,2.5384170632676297,2.4737268960176726,2.533497772188312,580612000,NVDA
2017-01-18,2.532267570495605,2.5391547178811065,2.4378148948752294,2.46560955449923,654424000,NVDA
2017-01-19,2.586627244949341,2.618603456859412,2.533005777727749,2.5352194703646225,644872000,NVDA
2017-01-20,2.558340787887573,2.6269666700563827,2.536449461524009,2.6092566590430595,492024000,NVDA
2017-01-23,2.5849058628082275,2.604829568812421,2.5507159529062653,2.553175716032891,369904000,NVDA
2017-01-24,2.6400036811828613,2.646153089910302,2.5802327888926944,2.594991135262594,428052000,NVDA
2017-01-25,2.651317834854126,2.6884594104420483,2.6154061407251827,2.682310003147152,522760000,NVDA
2017-01-26,2.697068452835083,2.7044475073051357,2.624507085914485,2.6540235383706063,458800000,NVDA
2017-01-27,2.7492146492004395,2.7521663183762977,2.677391246598446,2.703956034605218,471996000,NVDA
2017-01-30,2.706169843673706,2.7305209394848573,2.6542701471433348,2.7283072461521995,496004000,NVDA
2017-01-31,2.6855080127716064,2.706907436249648,2.661402755980484,2.6798507451503157,362756000,NVDA
2017-02-01,2.802835464477539,2.8070167794378063,2.7022333783973207,2.719943153183032,590004000,NVDA
2017-02-02,2.838255882263184,2.8468650540611797,2.756347826282008,2.786848094522404,483240000,NVDA
2017-02-03,2.8134124279022217,2.8508000744601367,2.801605987864913,2.839731375654223,372744000,NVDA
2017-02-06,2.8854820728302,2.8859739785412897,2.804065695958869,2.804065695958869,506768000,NVDA
2017-02-07,2.930248737335205,2.974277464662656,2.899994308037366,2.919671943672788,746224000,NVDA
2017-02-08,2.9174578189849854,2.934675688974074,2.8626062359719247,2.9122924579882588,449580000,NVDA
2017-02-09,2.862607002258301,2.9285273006464063,2.84342150460666,2.9236077738606894,842568000,NVDA
2017-02-10,2.794718742370605,2.9688657794264377,2.7696296769747337,2.949926121251853,1651092000,NVDA
2017-02-13,2.665830373764038,2.80357382685647,2.6614027531545723,2.7890615525981803,1180724000,NVDA
2017-02-14,2.6756696701049805,2.7093676808251748,2.614422823096524,2.656237866046372,850632000,NVDA
2017-02-15,2.681080818176269,2.7007584574799663,2.650580547628329,2.6786212891952803,373020000,NVDA
2017-02-16,2.638034582138061,2.691902105742769,2.598925162070515,2.690672224685368,647176000,NVDA
2017-02-17,2.6375434398651123,2.641971060261937,2.5775267228442647,2.6245071179613686,563740000,NVDA
2017-02-21,2.73199725151062,2.7359327329069387,2.661895389563736,2.662141459778002,551952000,NVDA
2017-02-22,2.7278096675872803,2.75342292595636,2.708845869637881,2.7440642173313523,433772000,NVDA
2017-02-23,2.4748785495758057,2.620184426073657,2.4549299359358927,2.5982654717006426,1592888000,NVDA
2017-02-24,2.4987680912017822,2.512067246564421,2.3569101208376817,2.390650653194142,1029904000,NVDA
2017-02-27,2.571420192718506,2.5864433033853595,2.501230137778538,2.5169921554096977,715400000,NVDA
2017-02-28,2.499260663986206,2.5908774085511657,2.4820210613213884,2.5810259386033034,625360000,NVDA
2017-03-01,2.5315232276916504,2.5704356354819806,2.4901479527934924,2.556151194154126,504804000,NVDA
2017-03-02,2.438183546066284,2.532755709213357,2.4354745320499367,2.5187176427365867,754332000,NVDA
2017-03-03,2.424144983291626,2.43251840357658,2.369716694515599,2.427592903680482,864692000,NVDA
2017-03-06,2.4054272174835205,2.416017357798636,2.343856951060101,2.387941237392589,883568000,NVDA
2017-03-07,2.431779146194458,2.4512354669057035,2.392620593864115,2.4054272205704743,603400000,NVDA
2017-03-08,2.427346706390381,2.4948277746307346,2.425130219526073,2.4800508040820524,638712000,NVDA
2017-03-09,2.426854133605957,2.4492656173997536,2.3987780075344536,2.4113384909794826,478060000,NVDA
2017-03-10,2.44113826751709,2.4650275650400766,2.4229136120978807,2.453206224061338,499740000,NVDA
2017-03-13,2.508373260498047,2.518224495706621,2.450743428835497,2.451482336065933,774136000,NVDA
2017-03-14,2.5066492557525635,2.530538318683901,2.474386302478087,2.521179845042907,522016000,NVDA
2017-03-15,2.5256118774414062,2.536448161478955,2.4706910805679185,2.5182235126372543,615036000,NVDA
2017-03-16,2.5566439628601074,2.5571367242259133,2.522164759571124,2.53620282156962,523100000,NVDA
2017-03-17,2.6123032569885254,2.613534690457664,2.5566435445942948,2.5741295240609903,1119688000,NVDA
2017-03-20,2.6955466270446777,2.699487308875962,2.613781354432952,2.629789757833636,748568000,NVDA
2017-03-21,2.6083638668060303,2.7081079133218533,2.600482970549627,2.67830781928776,913484000,NVDA
2017-03-22,2.6615593433380127,2.666238696434738,2.5933393873543498,2.5972798334168785,616764000,NVDA
2017-03-23,2.6374237537384038,2.673627146217386,2.6278189014795266,2.653678299770286,533940000,NVDA
2017-03-24,2.6467831134796143,2.691606316451681,2.6209237088064854,2.683725422133769,439500000,NVDA
2017-03-27,2.6659929752349854,2.6699334222721878,2.550979694707346,2.6002358698522943,506644000,NVDA
2017-03-28,2.6522014141082764,2.681755120542884,2.6418576520869608,2.667224530597137,432444000,NVDA
2017-03-29,2.643580913543701,2.6719031786970144,2.641364427249672,2.659589078886729,349992000,NVDA
2017-03-30,2.694314956665039,2.7090919250544463,2.645058786820256,2.6507231935062188,525532000,NVDA
2017-03-31,2.6827392578125,2.706382402786623,2.6696864868239447,2.6847095981843103,440808000,NVDA
2017-04-03,2.669194459915161,2.7004721218620387,2.645551310516874,2.683232521152408,445232000,NVDA
2017-04-04,2.4820210933685303,2.571667498127012,2.471184805106726,2.546546766153947,1271280000,NVDA
2017-04-05,2.463549852371216,2.521179679221296,2.4504968435020804,2.463303471690987,747048000,NVDA
2017-04-06,2.481528759002685,2.493596481958368,2.4236525421897746,2.46872212875976,635120000,NVDA
2017-04-07,2.470938205718994,2.505417643314233,2.455915090979284,2.487931661273729,429068000,NVDA
2017-04-10,2.40789008140564,2.478326293237492,2.403703254440884,2.4716768341216384,756332000,NVDA
2017-04-11,2.416510820388794,2.435720767865637,2.3729190435996514,2.3778445446882683,618148000,NVDA
2017-04-12,2.396561622619629,2.430794684082773,2.3913897415242173,2.416510474610491,414092000,NVDA
2017-04-13,2.351738214492798,2.3940985475602243,2.351738214492798,2.372425971953983,506892000,NVDA
2017-04-17,2.4438469409942627,2.4440930867579578,2.3593724394083093,2.364544318908848,497292000,NVDA
2017-04-18,2.445324659347534,2.4514818268689726,2.403703240339081,2.429562639313347,370116000,NVDA
2017-04-19,2.454930305480957,2.4869466443917414,2.4482806100187,2.4628111998558007,380828000,NVDA
2017-04-20,2.493841648101806,2.498521000522043,2.44827955715444,2.469459833345378,404016000,NVDA
2017-04-21,2.504186153411865,2.506895166458712,2.471677057361909,2.4834983973706537,341896000,NVDA
2017-04-24,2.535463333129883,2.548516104276336,2.5147758158991715,2.535709478884399,371820000,NVDA
2017-04-25,2.5795483589172363,2.594078948268915,2.52856822327361,2.549994653690903,388440000,NVDA
2017-04-26,2.5618159770965576,2.595556271876876,2.559845636326985,2.5930936395048456,327004000,NVDA
2017-04-27,2.601713180541992,2.6100865995157867,2.5512255814348435,2.5692040877535467,319700000,NVDA
2017-04-28,2.568710803985596,2.601712413469344,2.563046164585066,2.5948165758045474,348248000,NVDA
2017-05-01,2.6263415813446045,2.631513696847482,2.5724060534462483,2.579548274976923,307732000,NVDA
2017-05-02,2.5485169887542725,2.6007287960762104,2.525859123264369,2.5994973622605437,629972000,NVDA
2017-05-03,2.567480564117432,2.577085418222555,2.5268441912265933,2.541620925984009,336904000,NVDA
2017-05-04,2.557629108428955,2.584719943059125,2.5497479803499616,2.57363727551225,209788000,NVDA
2017-05-05,2.557874917984009,2.5650171379884874,2.530537706278221,2.5460535797273933,228428000,NVDA
2017-05-08,2.5310306549072266,2.5711742606446,2.519701607341787,2.5696966813301154,365240000,NVDA
2017-05-09,2.535217761993408,2.5842277930597977,2.528321920714676,2.536695576479981,847672000,NVDA
2017-05-10,2.987143278121948,3.000196286790456,2.8080971017814176,2.814746561581942,2129096000,NVDA
2017-05-11,3.115456342697144,3.2122449796423225,2.9531572077873176,2.956605128732825,1939792000,NVDA
2017-05-12,3.149688720703125,3.1918029050630983,3.0977235371048293,3.1186574389481483,962620000,NVDA
2017-05-15,3.3078010082244877,3.310263875306544,3.186384432567912,3.1908176402899997,1087540000,NVDA
2017-05-16,3.369372606277466,3.384888487122567,3.284405772248885,3.358782461541165,1120700000,NVDA
2017-05-17,3.145501613616944,3.3213462194088623,3.141314786958869,3.3026288071999974,1271368000,NVDA
2017-05-18,3.277261972427368,3.2861281522352277,3.129000722051136,3.189339551127901,1156032000,NVDA
2017-05-19,3.352949857711792,3.4076816267711285,3.333719687726896,3.378343444243951,1018372000,NVDA
2017-05-22,3.4244472980499268,3.4387465497366225,3.385740309750181,3.396588244938052,836608000,NVDA
2017-05-23,3.378344774246216,3.4463899636458977,3.345801433016775,3.444171142220138,681248000,NVDA
2017-05-24,3.4163122177124023,3.477947350338304,3.4042315492650927,3.475235248383501,815996000,NVDA
2017-05-25,3.408668279647827,3.452305950139083,3.3637978787048115,3.4515662648441685,608228000,NVDA
2017-05-26,3.4969303607940674,3.5817402566336582,3.380316812794464,3.400533078697753,779140000,NVDA
2017-05-30,3.5716326236724854,3.606641191255746,3.5267622095865256,3.542787239914688,989652000,NVDA
2017-05-31,3.558812379837036,3.624145464777477,3.5021079400433868,3.616502675079076,887316000,NVDA
2017-06-01,3.559058666229248,3.575576975844541,3.513695209954883,3.574590650190337,503340000,NVDA
2017-06-02,3.541307210922241,3.582232782038283,3.535390198560589,3.5560995067070698,487456000,NVDA
2017-06-05,3.649045944213867,3.6618660618232335,3.5134488538862456,3.5250362407501723,817376000,NVDA
2017-06-06,3.6325275897979736,3.6904645196567034,3.619214427939358,3.644361380828226,758728000,NVDA
2017-06-07,3.676411867141724,3.6951489978313856,3.641403302313402,3.656935286118038,612612000,NVDA
2017-06-08,3.943170070648194,3.944649206886323,3.742239370005549,3.783411600959498,1161744000,NVDA
2017-06-09,3.688246011734009,4.154207656831671,3.5193656601801893,4.061508561185832,3692928000,NVDA
2017-06-12,3.697367668151856,3.740019255725093,3.503587015872353,3.596532744954067,1697532000,NVDA
2017-06-13,3.7326231002807617,3.815707219011461,3.590862130547796,3.8065850591265993,1672504000,NVDA
2017-06-14,3.740511894226074,3.798202413454383,3.66112597597804,3.735581207219522,1184640000,NVDA
2017-06-15,3.756537914276123,3.786862198017779,3.611818424245223,3.623159406352305,963824000,NVDA
2017-06-16,3.738046646118164,3.8139812523710903,3.704024174964848,3.766152339550402,924960000,NVDA
2017-06-19,3.878574848175049,3.883752175590543,3.7784793812368624,3.7821773378940327,778176000,NVDA
2017-06-20,3.872904300689697,3.987545661232185,3.868713298754314,3.9207332138848434,1095444000,NVDA
2017-06-21,3.9315810203552246,3.935279212289208,3.8386352928456047,3.9005170545393497,682652000,NVDA
2017-06-22,3.9044618606567374,3.9530304631565767,3.88054740213196,3.939717065528892,469132000,NVDA
2017-06-23,3.792532205581665,3.927882873207779,3.777493033517148,3.91210425088776,1088588000,NVDA
2017-06-26,3.7511143684387207,3.86082483393103,3.656935889312978,3.825322982865033,1063960000,NVDA
2017-06-27,3.613790988922119,3.742238578999616,3.608120615195396,3.733609698302566,999492000,NVDA
2017-06-28,3.7412514686584473,3.745935750491425,3.5933271009381897,3.681342130297252,994948000,NVDA
2017-06-29,3.616255283355713,3.715857457103512,3.5521547115541567,3.712899186207399,1064424000,NVDA
2017-06-30,3.5639889240264893,3.647073031626444,3.5378556487749755,3.633513231265619,731060000,NVDA
2017-07-03,3.4350481033325195,3.590861665171587,3.4165576160174305,3.5760693693672363,709072000,NVDA
2017-07-05,3.526761054992676,3.555606194187767,3.4794251947778934,3.4984087258181487,820188000,NVDA
2017-07-06,3.537362813949585,3.5842056383027625,3.445649816431922,3.497669968457925,746284000,NVDA
2017-07-07,3.618228912353516,3.636473000898504,3.5711396725105704,3.594068044528487,654972000,NVDA
2017-07-10,3.789327383041382,3.796723532064029,3.6655640901880857,3.6916973695128217,958492000,NVDA
2017-07-11,3.8430733680725098,3.8507161573913433,3.751113726295828,3.793025629895059,757956000,NVDA
2017-07-12,4.006527900695801,4.018608327616198,3.8598365321381984,3.902734509025709,1145208000,NVDA
2017-07-13,3.9601798057556152,4.099968123780776,3.913830261553631,4.018609781247791,1369132000,NVDA
2017-07-14,4.066684722900391,4.068163623191508,3.9695475422529727,3.976450644406742,941948000,NVDA
2017-07-17,4.049427509307861,4.129553359604619,3.9877923845376433,4.100707978259597,930792000,NVDA
2017-07-18,4.091586589813232,4.106132484092921,3.976698336345437,3.9885323639354753,776640000,NVDA
2017-07-19,4.0703840255737305,4.127088232092777,4.058303592808117,4.100708310032903,687044000,NVDA
2017-07-20,4.129554748535156,4.129801153688372,4.0410468639300285,4.090847978732417,699596000,NVDA
2017-07-21,4.144345760345459,4.173930827871632,4.0947910661383045,4.109090554629179,648332000,NVDA
2017-07-24,4.096269607543945,4.16110986765568,4.085668548539833,4.151494898996299,652524000,NVDA
2017-07-25,4.076546669006348,4.090846155580368,4.0329089941540825,4.073341522487603,496556000,NVDA
2017-07-26,4.123636245727539,4.189462606282366,4.088873851870943,4.1339909012936165,640404000,NVDA
2017-07-27,3.987545728683472,4.1601242552817865,3.884491752001227,4.148536634363002,782856000,NVDA
2017-07-28,4.052877426147461,4.077285155185849,3.926895596062904,3.951795899923904,513348000,NVDA
2017-07-31,4.006527900695801,4.102432101145826,3.9599319682885543,4.066437225355685,559672000,NVDA
2017-08-01,4.055343627929688,4.057069403518674,3.969301253496339,3.9971600679360977,431384000,NVDA
2017-08-02,4.052877426147461,4.090351672222544,3.9759572239913616,4.08640731173369,478444000,NVDA
2017-08-03,4.104405879974365,4.108103836510708,4.035374379784683,4.052385732233657,442420000,NVDA
2017-08-04,4.122403621673584,4.19291402744633,4.104406177526089,4.127087668943283,589096000,NVDA
2017-08-07,4.24912691116333,4.249619721450031,4.141881423714162,4.151496867170708,717412000,NVDA
2017-08-08,4.198585033416748,4.303610966622981,4.159384994714744,4.287092891726921,755336000,NVDA
2017-08-09,4.243209362030029,4.2456748238697175,4.133745301589454,4.152482435380072,530784000,NVDA
2017-08-10,4.061506748199463,4.256766698372136,4.051398501590518,4.244439396322756,1328088000,NVDA
2017-08-11,3.84504508972168,3.9199933679386967,3.769850406464079,3.8741368726237617,1497196000,NVDA
2017-08-14,4.151742458343506,4.155440415724051,3.924925157641649,3.936512545331466,1279020000,NVDA
2017-08-15,4.116732597351074,4.183051759260188,4.082463488395804,4.156918718738203,764532000,NVDA
2017-08-16,4.0716166496276855,4.155194061260784,4.03932018295067,4.131772880500717,596632000,NVDA
2017-08-17,3.980890035629273,4.080245845506289,3.978671449098093,4.063234957891748,525444000,NVDA
2017-08-18,3.9816298484802246,4.052140744034173,3.9357733374651183,4.035129385637141,601204000,NVDA
2017-08-21,3.923691749572754,4.017377160659298,3.8798076680545575,4.006036415141319,623672000,NVDA
2017-08-22,4.011044502258301,4.016966725959613,3.940965482663123,3.960212592029197,450456000,NVDA
2017-08-23,4.091239929199219,4.102344037148433,3.9690947417578593,3.977731688520714,579520000,NVDA
2017-08-24,4.076187610626221,4.127760317146988,4.049784937707616,4.123318297342257,469700000,NVDA
2017-08-25,4.042134761810303,4.110486695181089,4.035718825794448,4.100369547249984,357200000,NVDA
2017-08-28,4.070758819580078,4.073966787887158,4.00561484814236,4.0611353853114665,389496000,NVDA
2017-08-29,4.064096450805664,4.085811422734201,4.003887740004805,4.012030972141169,324096000,NVDA
2017-08-30,4.088279724121094,4.099383833892087,4.053486721331256,4.083837703690516,384400000,NVDA
2017-08-31,4.18105936050415,4.185007194555356,4.101110073135981,4.108512497308293,612684000,NVDA
2017-09-01,4.206229209899902,4.241762546696998,4.185007950756027,4.1936448982720345,445432000,NVDA
2017-09-05,4.0939555168151855,4.159839849358269,4.035967796990664,4.154904584072368,695364000,NVDA
2017-09-06,4.091485977172852,4.140591043770432,4.056693455625134,4.126772683932748,397672000,NVDA
2017-09-07,4.110487937927246,4.142812837775393,4.070266426648685,4.108266927715056,352868000,NVDA
2017-09-08,4.03917407989502,4.113694868928455,4.014991946187767,4.098889548180518,498856000,NVDA
2017-09-11,4.170201778411865,4.180812641145657,4.079395008213045,4.08482398588589,567444000,NVDA
2017-09-12,4.185256004333496,4.194879442097447,4.120112009234755,4.194879442097447,411488000,NVDA
2017-09-13,4.204007625579834,4.232877925067333,4.127759555472201,4.160084444846371,580960000,NVDA
2017-09-14,4.18007230758667,4.258047676168205,4.140591144050647,4.165019896311736,513712000,NVDA
2017-09-15,4.444350242614746,4.444350242614746,4.260269035104378,4.265450921166393,1364792000,NVDA
2017-09-18,4.627936840057373,4.718003744352037,4.561559292774213,4.568468472853462,1684460000,NVDA
2017-09-19,4.623003959655762,4.6846933619649,4.5556389553687335,4.577600555791013,874280000,NVDA
2017-09-20,4.585741996765137,4.674081146439339,4.545520491706357,4.626703838446828,724920000,NVDA
2017-09-21,4.460389614105225,4.508260639988848,4.382660852546056,4.482104117027129,1075600000,NVDA
2017-09-22,4.416959285736084,4.498636336916071,4.407089230185228,4.449038025244702,491232000,NVDA
2017-09-25,4.219554901123047,4.3873501383429785,4.198827353839992,4.386116086822176,874580000,NVDA
2017-09-26,4.243242263793945,4.409063541897769,4.2035144747692925,4.35403671827964,1125620000,NVDA
2017-09-27,4.336270332336426,4.349595450635252,4.262736501000881,4.333556078407726,713720000,NVDA
2017-09-28,4.335036277770996,4.347373965426331,4.287658502912653,4.343425660637264,435244000,NVDA
2017-09-29,4.411285400390625,4.4349738227825,4.373778143287581,4.4189349191590805,619092000,NVDA
2017-10-02,4.416959285736084,4.490493105732965,4.367608066676617,4.46137571234642,503480000,NVDA
2017-10-03,4.426089763641357,4.455947495502793,4.381919956113937,4.423128417326439,390332000,NVDA
2017-10-04,4.463104248046875,4.485312467525615,4.395739252874333,4.432259551065594,427848000,NVDA
2017-10-05,4.460636138916016,4.490987588596641,4.430778403891061,4.487532997964961,437364000,NVDA
2017-10-06,4.473714828491211,4.487039948991806,4.416960696650129,4.433000071527911,318800000,NVDA
2017-10-09,4.574638366699219,4.607704072279075,4.491727716060073,4.510481343624446,563492000,NVDA
2017-10-10,4.661989688873291,4.761186316278002,4.620781228656902,4.72367906821317,974876000,NVDA
2017-10-11,4.711587429046631,4.7130681019880605,4.6326251084078764,4.6785217337191884,529508000,NVDA
2017-10-12,4.713809490203857,4.764641389559843,4.686666009933324,4.715043070828581,528292000,NVDA
2017-10-13,4.801654815673828,4.81177196504256,4.729108416171767,4.775992009268941,628728000,NVDA
2017-10-16,4.884071350097656,4.887032696334766,4.768342108586349,4.831512160915083,576640000,NVDA
2017-10-17,4.879630088806152,4.908007148435938,4.845084185022525,4.863344095500636,478596000,NVDA
2017-10-18,4.875436305999756,4.889254670756122,4.770317896773758,4.888514804632245,567316000,NVDA
2017-10-19,4.880862712860107,4.88579750434866,4.748847509828158,4.797952097369897,570772000,NVDA
2017-10-20,4.858657360076904,4.925034933480398,4.8497737888702295,4.897891917053372,451620000,NVDA
2017-10-23,4.85174560546875,4.9067724166286295,4.831511311912816,4.880369280366201,428696000,NVDA
2017-10-24,4.902578830718994,4.904306125975059,4.83496722308686,4.860876651927827,407244000,NVDA
2017-10-25,4.778703212738037,4.9159007259584575,4.717260960432292,4.863094473618688,828160000,NVDA
2017-10-26,4.828797340393066,4.8403946900532375,4.782407000447268,4.806342506892528,322744000,NVDA
2017-10-27,4.981047630310059,4.981294252288455,4.854954142760017,4.880864040723219,572192000,NVDA
2017-10-30,5.029905796051025,5.085425865020742,4.965255065709937,4.981047815313874,504056000,NVDA
2017-10-31,5.103194236755371,5.129844010546993,5.056063535490528,5.061739137669027,411908000,NVDA
2017-11-01,5.112815856933594,5.181167798233534,5.04865884259544,5.165868763585285,502576000,NVDA
2017-11-02,5.081724643707275,5.12786837054264,5.025217145580886,5.083205316935321,342308000,NVDA
2017-11-03,5.149583339691162,5.149583339691162,5.066919783838081,5.112816422204503,353640000,NVDA
2017-11-06,5.172779560089111,5.181416038692662,5.100479761878591,5.112817453982868,389944000,NVDA
2017-11-07,5.232000827789307,5.253469181863212,5.18338993021029,5.195480999096128,427700000,NVDA
2017-11-08,5.161179542541504,5.23125876476397,5.113802245690101,5.227557082519886,522988000,NVDA
2017-11-09,5.0664238929748535,5.091346354161088,4.944279218037192,5.065190312804342,978564000,NVDA
2017-11-10,5.333416938781738,5.3958466532719935,5.222129248253797,5.257909200419188,1253256000,NVDA
2017-11-13,5.246805191040039,5.358832749540778,5.2315061572511885,5.33341703786811,582376000,NVDA
2017-11-14,5.285052299499512,5.300351333272847,5.212258813418393,5.255934905067065,529292000,NVDA
2017-11-15,5.18141508102417,5.231260496305435,5.12762230156524,5.230026444931423,501948000,NVDA
2017-11-16,5.22163724899292,5.285547657566101,5.212754148850714,5.255443295247785,441768000,NVDA
2017-11-17,5.215468406677246,5.313924727703556,5.200416460834727,5.278638478503995,515664000,NVDA
2017-11-20,5.282586097717285,5.294677165489488,5.194246469201468,5.231013387196668,396100000,NVDA
2017-11-21,5.331196308135986,5.342794130397142,5.290481560536533,5.322313210280413,399176000,NVDA
2017-11-22,5.307245254516602,5.358359740780388,5.274650632517011,5.358359740780388,356640000,NVDA
2017-11-24,5.357371330261231,5.358359445644125,5.299096071654788,5.32354227229785,180752000,NVDA
2017-11-27,5.287736892700195,5.367248145956048,5.284526695496104,5.366013708328125,422896000,NVDA
2017-11-28,5.203041076660156,5.302306646429887,5.142049673860766,5.292923317462311,512752000,NVDA
2017-11-29,4.850179672241211,5.188472152809102,4.722023267140362,5.185756012818744,1396788000,NVDA
2017-11-30,4.956111431121826,5.004756565350237,4.855858700600845,4.918825384343876,823768000,NVDA
2017-12-01,4.881290912628174,4.94178870660673,4.752640965049576,4.921540353859565,811548000,NVDA
2017-12-04,4.609175682067871,4.945986835177047,4.555839129019398,4.939813234896601,1240844000,NVDA
2017-12-05,4.635844230651856,4.758321063604663,4.459043197291908,4.503984071058407,981488000,NVDA
2017-12-06,4.673377990722656,4.695107578798248,4.564235050733378,4.585471052136598,467032000,NVDA
2017-12-07,4.740789413452148,4.780545277506629,4.694613625656372,4.740048562447449,542600000,NVDA
2017-12-08,4.728441715240479,4.809681443024563,4.720046034378989,4.790667528963127,466876000,NVDA
2017-12-11,4.806719779968262,4.809683184158977,4.726714931514254,4.742518183932446,372748000,NVDA
2017-12-12,4.712392807006836,4.786471787416403,4.688934722249296,4.763260496009455,455016000,NVDA
2017-12-13,4.597323417663574,4.754616951540734,4.589915379257983,4.753382513962944,554280000,NVDA
2017-12-14,4.604484558105469,4.675353337787176,4.558308770760704,4.590903388771166,438164000,NVDA
2017-12-15,4.73017168045044,4.750420038118922,4.583495896964614,4.648438340726052,670036000,NVDA
2017-12-18,4.88672399520874,4.889686927750271,4.741035881542919,4.770667090876548,477704000,NVDA
2017-12-19,4.842523574829102,4.8825262260960285,4.814126802558108,4.877340740837315,373100000,NVDA
2017-12-20,4.859562397003174,4.890922106148219,4.804003282361591,4.881786042859807,288820000,NVDA
2017-12-21,4.837090492248535,4.88795769218551,4.828694811516735,4.863017914232466,300904000,NVDA
2017-12-22,4.82178258895874,4.831165917139893,4.722517027508524,4.800299792777093,466276000,NVDA
2017-12-26,4.875366687774658,4.8830215216898765,4.736592503739777,4.766470988250175,355080000,NVDA
2017-12-27,4.868699073791504,4.937839366388846,4.847463540568781,4.862032355978169,329488000,NVDA
2017-12-28,4.8743767738342285,4.923268688184704,4.868203645094026,4.892402573504159,240248000,NVDA
2017-12-29,4.778077602386475,4.900554492790008,4.778077602386475,4.900554492790008,279964000,NVDA
2018-01-02,4.9225287437438965,4.926232998453694,4.802768516998509,4.834375017324645,355616000,NVDA
2018-01-03,5.246499538421631,5.276872071724263,5.031177549791746,5.039820025695842,914704000,NVDA
2018-01-04,5.27415657043457,5.384287169511591,5.251932921727809,5.327740403287896,583268000,NVDA
2018-01-05,5.318850040435791,5.356136083669661,5.212176454343494,5.288971564597203,580124000,NVDA
2018-01-08,5.481822490692139,5.555900982061129,5.39737255839111,5.442313899164735,881216000,NVDA
2018-01-09,5.480343818664551,5.526766415823869,5.398857244718977,5.487257802455095,497000000,NVDA
2018-01-10,5.523306369781494,5.526763359765202,5.333665036278787,5.387989231876989,582664000,NVDA
2018-01-11,5.533185005187988,5.58726241973231,5.511701738594264,5.555902238512881,406032000,NVDA
2018-01-12,5.506022930145264,5.55565571194234,5.465526683373918,5.521332595980945,359916000,NVDA
2018-01-16,5.435152530670166,5.617879880051857,5.35070307127935,5.532442776542369,702348000,NVDA
2018-01-17,5.548987865447998,5.558864779376796,5.355889511892631,5.4497223136245685,538408000,NVDA
2018-01-18,5.542075157165527,5.596399373698795,5.498615501351067,5.529728423194506,408632000,NVDA
2018-01-19,5.6820831298828125,5.706282066340805,5.605288478534328,5.632203554862957,609380000,NVDA
2018-01-22,5.770482540130615,5.772211035255632,5.632449252459123,5.689983649183062,550944000,NVDA
2018-01-23,5.899380683898926,5.92209791736987,5.805300610615454,5.8238200022750926,475228000,NVDA
2018-01-24,5.822585105895996,5.938394759156828,5.767025993334276,5.902589945397093,579972000,NVDA
2018-01-25,5.8361663818359375,5.9201222710314765,5.821350775207208,5.876909417809855,409884000,NVDA
2018-01-26,6.008522033691406,6.008768826993045,5.867031760221254,5.8798720766002095,516356000,NVDA
2018-01-29,6.0954413414001465,6.12655472618599,5.94135800327913,5.9939537105676886,455116000,NVDA
2018-01-30,5.993460178375244,6.0848241102499605,5.887033845900048,5.95370478502649,570832000,NVDA
2018-01-31,6.069514751434326,6.155199143875029,6.036179280189876,6.068773900387158,478576000,NVDA
2018-02-01,5.93864107131958,6.096675919910666,5.878390535502139,5.889749150422555,519224000,NVDA
2018-02-02,5.766283988952637,5.87616775447474,5.708256012755054,5.852215618983216,718464000,NVDA
2018-02-05,5.276873588562012,5.75912576655241,5.062045124814408,5.605289180259561,1165204000,NVDA
2018-02-06,5.570223808288574,5.57318674114251,5.037350860903087,5.047228245708797,1114800000,NVDA
2018-02-07,5.649734973907471,5.802090300947284,5.597880113087888,5.66899568719736,802932000,NVDA
2018-02-08,5.371199131011963,5.808263048004478,5.370951866705575,5.775174844993028,1144000000,NVDA
2018-02-09,5.730727195739746,5.8988857527203,5.371198794069494,5.883082503165837,1674604000,NVDA
2018-02-12,5.630721569061279,5.814683871700082,5.556643061315796,5.81172046764165,1093172000,NVDA
2018-02-13,5.744309902191162,5.790485696666716,5.562076071001941,5.594423900668512,625524000,NVDA
2018-02-14,5.96135950088501,5.990250334803967,5.692947725246007,5.704059548216401,744988000,NVDA
2018-02-15,6.086797714233398,6.132973489566674,5.963827313174246,6.044572986198943,698900000,NVDA
2018-02-16,6.021116733551025,6.173224800475023,6.011980198829314,6.059637690216526,637656000,NVDA
2018-02-20,6.150508403778076,6.219401436141514,6.039883740623566,6.043587996274106,686240000,NVDA
2018-02-21,5.963581085205078,6.22186913163197,5.959877301517261,6.2149551508922505,892292000,NVDA
2018-02-22,5.983100891113281,6.0690854684715605,5.917624200039191,5.997431811097101,534364000,NVDA
2018-02-23,6.076497077941895,6.076497077941895,5.992242084319867,6.042893953409047,415300000,NVDA
2018-02-26,6.092557430267334,6.127148811924828,6.030292472011616,6.122701415893468,469312000,NVDA
2018-02-27,6.079710960388184,6.150129420626533,6.056732190844464,6.065873932299561,455436000,NVDA
2018-02-28,5.97939395904541,6.130113894779751,5.967780868176108,6.090580750527572,523116000,NVDA
2018-03-01,5.73750114440918,6.031034996811385,5.636444334778007,5.9771709264830095,1040120000,NVDA
2018-03-02,5.844486713409424,5.850911096869661,5.481522714801597,5.630019190386273,913428000,NVDA
2018-03-05,5.822497844696045,5.862030997490262,5.671036093708031,5.7943303672938855,620776000,NVDA
2018-03-06,5.983348369598389,6.002621052844354,5.864748909510039,5.907741202010256,636808000,NVDA
2018-03-07,5.975441932678223,6.027576438597915,5.879326875382771,5.880562080264268,581208000,NVDA
2018-03-08,5.959134578704834,6.002868183974079,5.914906608712613,6.002868183974079,411912000,NVDA
2018-03-09,6.061673641204834,6.074521467925761,5.9905138731861145,6.006573892223446,505524000,NVDA
2018-03-12,6.171131134033203,6.251185699554829,6.094782654396949,6.102936608871604,605060000,NVDA
2018-03-13,6.120478630065918,6.28824780511237,6.07921591098693,6.213875849328938,619772000,NVDA
2018-03-14,6.145928859710693,6.190650721838629,6.083663883882365,6.163471502138722,505496000,NVDA
2018-03-15,6.160752773284912,6.24179558454963,6.1187487450164575,6.159517568603028,401952000,NVDA
2018-03-16,6.188920974731445,6.207946239466674,6.139504298744164,6.17706093479271,399456000,NVDA
2018-03-19,5.954687595367432,6.161001230709759,5.855854702051574,6.132092909851031,713772000,NVDA
2018-03-20,6.166683197021484,6.205475035880134,5.957651299969057,5.957651299969057,554696000,NVDA
2018-03-21,6.141481399536133,6.226477725635134,6.111089987723472,6.160259246634437,438688000,NVDA
2018-03-22,5.975690364837647,6.124681276526808,5.9383811358557965,6.078229832568783,551196000,NVDA
2018-03-23,5.756279945373535,5.991749297014705,5.745161216486944,5.989278416009644,735620000,NVDA
2018-03-26,6.040670871734619,6.041906076450035,5.828674208637452,5.880561289586409,611424000,NVDA
2018-03-27,5.572205066680908,6.177063071313373,5.432109415720184,6.121469409417051,1409000000,NVDA
2018-03-28,5.4691691398620605,5.667823135106281,5.361688424687533,5.537858018901448,945904000,NVDA
2018-03-29,5.722182273864746,5.818791220491202,5.453109325727342,5.537364338975265,916628000,NVDA
2018-04-02,5.461756229400635,5.797788437471191,5.374042092264422,5.651762840023259,922092000,NVDA
2018-04-03,5.568003177642822,5.691544407182308,5.469170288265712,5.6285385874770215,667432000,NVDA
2018-04-04,5.589993476867676,5.60037089451131,5.287564328501111,5.312519614444952,789168000,NVDA
2018-04-05,5.469911575317383,5.661400385994269,5.398504854297527,5.648305140137454,701240000,NVDA
2018-04-06,5.293740749359131,5.47534648193211,5.264585015766572,5.367371394706079,662988000,NVDA
2018-04-09,5.322402000427246,5.48448808667409,5.302388009589697,5.356746438504794,499524000,NVDA
2018-04-10,5.631257057189941,5.658188863560393,5.4953614064440215,5.552437683437246,761676000,NVDA
2018-04-11,5.589993476867676,5.657694109546889,5.557378601052719,5.61643138569557,460244000,NVDA
2018-04-12,5.7965521812438965,5.814342236322028,5.638666561697009,5.682894517112316,593920000,NVDA
2018-04-13,5.7199578285217285,5.868454318867843,5.671776832869516,5.8600534187104,503036000,NVDA
2018-04-16,5.7197113037109375,5.753067488839465,5.625572768210806,5.726629581698572,350792000,NVDA
2018-04-17,5.869194984436035,5.890444179180896,5.716251114149959,5.771844745813504,447224000,NVDA
2018-04-18,5.840288639068604,5.9114484230409,5.751339262557572,5.818792488690589,391364000,NVDA
2018-04-19,5.659176826477051,5.759492344992151,5.603830593515571,5.72613615440308,471996000,NVDA
2018-04-20,5.651022911071777,5.7347835656376525,5.619890657406888,5.650528546341313,386200000,NVDA
2018-04-23,5.531682014465332,5.719958626574713,5.505738470305602,5.668812849698727,427508000,NVDA
2018-04-24,5.465463161468506,5.653245379891856,5.400233419773239,5.557377754650719,414596000,NVDA
2018-04-25,5.353288650512695,5.474853363683221,5.196144285664577,5.435814101385799,588492000,NVDA
2018-04-26,5.564790725708008,5.572944680228743,5.4489090917317045,5.514880154243845,375824000,NVDA
2018-04-27,5.5922160148620605,5.690308044076227,5.549965039834614,5.670541470223973,400848000,NVDA
2018-04-30,5.556885242462158,5.658189027463611,5.537613026569521,5.608525393307064,327844000,NVDA
2018-05-01,5.612230777740479,5.614948605436822,5.49017170794247,5.548730597497608,253788000,NVDA
2018-05-02,5.59172248840332,5.653245676682889,5.565531528912585,5.6087712360513065,268248000,NVDA
2018-05-03,5.756772994995117,5.782963952791854,5.578379465520611,5.6235956858680325,443144000,NVDA
2018-05-04,5.906752586364746,5.909964778590052,5.710816400978454,5.728112095618816,400660000,NVDA
2018-05-07,6.144444942474365,6.201521197566063,6.0013841203822285,6.011267642290091,687616000,NVDA
2018-05-08,6.186943531036377,6.189661358266512,6.095769782220099,6.144692086179353,506616000,NVDA
2018-05-09,6.319873809814453,6.322097743834752,6.17977821961558,6.206957436148472,596760000,NVDA
2018-05-10,6.427354335784912,6.436496075066098,6.354958905165367,6.372748961672507,994080000,NVDA
2018-05-11,6.288988590240479,6.418954183886718,6.190403134889553,6.245749355437441,1214456000,NVDA
2018-05-14,6.309496402740479,6.386833602372193,6.28577679618445,6.3270395144221085,523140000,NVDA
2018-05-15,6.067356586456299,6.248715391426777,5.967041077748978,6.245997092376111,963528000,NVDA
2018-05-16,6.078474521636963,6.140492072807018,5.991995581112506,6.028810902853696,553828000,NVDA
2018-05-17,6.120478630065918,6.214122796023594,6.064143679711127,6.080204169037876,519784000,NVDA
2018-05-18,6.07674503326416,6.23561894338696,6.071803271734639,6.172366186643895,483716000,NVDA
2018-05-21,6.034740924835205,6.177801761741882,5.942085018079283,6.174095676278785,640624000,NVDA
2018-05-22,5.9966912269592285,6.073286655171677,5.9361558188208825,6.048084422250063,518264000,NVDA
2018-05-23,6.120059967041016,6.121296407096076,5.93982548661223,5.940567256332524,442956000,NVDA
2018-05-24,6.123769283294678,6.16604686288962,6.063196915090579,6.116352528081645,437372000,NVDA
2018-05-25,6.163080215454102,6.1793977382555845,6.100777203792342,6.136378857375659,292112000,NVDA
2018-05-29,6.146018981933594,6.214009031772578,6.099291737943132,6.145030112919082,352684000,NVDA
2018-05-30,6.254803657531738,6.263456852340025,6.154920796565376,6.179644412402086,390996000,NVDA
2018-05-31,6.235025405883789,6.309443359324026,6.212279997982969,6.222910932089949,493868000,NVDA
2018-06-01,6.369274139404297,6.375455397753894,6.271121906004706,6.2797751018175765,421968000,NVDA
2018-06-04,6.5480241775512695,6.57002781149854,6.371250978449719,6.4033913457574085,642024000,NVDA
2018-06-05,6.553464412689209,6.591044274303789,6.506489585670984,6.551239103160533,391712000,NVDA
2018-06-06,6.555441856384277,6.558656035037648,6.447152895468389,6.463470416586725,371356000,NVDA
2018-06-07,6.499815464019775,6.563602020220037,6.409574175641179,6.551734644284208,369448000,NVDA
2018-06-08,6.484485626220703,6.52700983207383,6.408337037496652,6.427126967372603,360456000,NVDA
2018-06-11,6.443443775177002,6.513411098293093,6.430587533609372,6.471875766257849,265372000,NVDA
2018-06-12,6.491903781890869,6.50401825768936,6.4197111260347945,6.469900140192411,319160000,NVDA
2018-06-13,6.487452983856201,6.568298828613451,6.478305117274815,6.493386671427395,338208000,NVDA
2018-06-14,6.598955631256104,6.655572522514355,6.517615122268855,6.532449575844525,430016000,NVDA
2018-06-15,6.55816125869751,6.613047508078306,6.510939335139675,6.54184373784278,432260000,NVDA
2018-06-18,6.553959369659424,6.571512860974775,6.4869586402088615,6.514154196775797,356268000,NVDA
2018-06-19,6.432318210601807,6.518108854690523,6.304992234231452,6.450860567557374,594932000,NVDA
2018-06-20,6.485229015350342,6.538137068572519,6.435039999489939,6.473361638616656,369780000,NVDA
2018-06-21,6.356664180755615,6.535415120342882,6.348999855790934,6.5171198631193095,359516000,NVDA
2018-06-22,6.204368591308594,6.390784374571806,6.189040409066197,6.377433459461924,434160000,NVDA
2018-06-25,5.911888599395752,6.1017651569803375,5.823378441826234,6.098056779670731,665816000,NVDA
2018-06-26,5.982845783233643,6.073334165648005,5.931420804969788,6.025123366416597,478884000,NVDA
2018-06-27,5.827828884124756,6.092617600471763,5.822389396022876,6.026358646530971,453892000,NVDA
2018-06-28,5.954909324645996,5.966776701601703,5.810276434289649,5.81794076225838,338012000,NVDA
2018-06-29,5.857001781463623,6.03253853996287,5.855765341438304,6.019929869712301,392300000,NVDA
2018-07-02,5.989026546478272,5.992734924092776,5.767009128743978,5.787529698463304,357572000,NVDA
2018-07-03,5.855517864227295,6.029571543654403,5.847111770226857,6.023637857981369,222732000,NVDA
2018-07-05,6.001140117645264,6.0060844631997705,5.871835932229681,5.9106517563239205,306216000,NVDA
2018-07-06,6.114868640899658,6.123274736456235,5.9554018109891125,5.976664149289937,296352000,NVDA
2018-07-09,6.162336349487305,6.198680232158335,6.083715841766344,6.189038170047105,303880000,NVDA
2018-07-10,6.261232376098633,6.283236013497181,6.134400582636994,6.174699951455548,360016000,NVDA
2018-07-11,6.119812965393066,6.203131201326417,6.109181561317353,6.168518424251351,367508000,NVDA
2018-07-12,6.21129035949707,6.259254053520863,6.155168140714099,6.165057776067518,345508000,NVDA
2018-07-13,6.164068698883057,6.229833456417124,6.122038689961179,6.229833456417124,246988000,NVDA
2018-07-16,6.136378288269043,6.1892868006375465,6.124016715484966,6.136378288269043,197036000,NVDA
2018-07-17,6.272109508514404,6.2871910590643925,6.061712399911512,6.087177783339705,362136000,NVDA
2018-07-18,6.222910404205322,6.278538422105761,6.171980104393504,6.264693310372985,277640000,NVDA
2018-07-19,6.231069087982178,6.2646934705515,6.18903955289805,6.204120633608103,235752000,NVDA
2018-07-20,6.202885150909424,6.267413469753372,6.192006645604569,6.228597638674499,222352000,NVDA
2018-07-23,6.166295051574707,6.178162427888446,6.014739611453261,6.176431788491187,301584000,NVDA
2018-07-24,6.148988246917725,6.300790776367516,6.131434283086601,6.214258340720101,354620000,NVDA
2018-07-25,6.227114200592041,6.239723345249112,6.100529498278359,6.158382832475902,319112000,NVDA
2018-07-26,6.300542831420898,6.337380924614669,6.190276122839303,6.207088315757086,325124000,NVDA
2018-07-27,6.230823040008545,6.344056836184781,6.176925650601559,6.337134278973228,295420000,NVDA
2018-07-30,6.035754680633545,6.250849573296613,6.00089432266595,6.244915885311409,340340000,NVDA
2018-07-31,6.053802967071533,6.128468031541822,5.986555130624442,6.025370966995068,283988000,NVDA
2018-08-01,6.093606472015381,6.140334197694458,6.029819926903251,6.085200847788866,283556000,NVDA
2018-08-02,6.196208953857422,6.200164430540458,5.963560623032491,6.0224023469844825,269668000,NVDA
2018-08-03,6.232799053192139,6.256533797954327,6.203872863522399,6.220684581425855,214288000,NVDA
2018-08-06,6.280516624450684,6.283977902639579,6.173711199442598,6.22019135556885,207508000,NVDA
2018-08-07,6.352709770202637,6.371252602861012,6.3025212324926825,6.329222590857342,258132000,NVDA
2018-08-08,6.389052867889404,6.43404995717187,6.319085532312254,6.353945886167342,262100000,NVDA
2018-08-09,6.340595722198486,6.409574196651297,6.3329313948633015,6.406854687899559,204280000,NVDA
2018-08-10,6.299306392669678,6.331694335781546,6.247634320592188,6.258759924707362,256396000,NVDA
2018-08-13,6.332188129425049,6.452839127921763,6.306228545338702,6.307959184277792,375208000,NVDA
2018-08-14,6.463471412658691,6.477564098084003,6.354440665130776,6.437511823143436,466220000,NVDA
2018-08-15,6.405370712280273,6.51810982494344,6.326749711256938,6.484238341164835,591136000,NVDA
2018-08-16,6.364823341369629,6.477562917977438,6.304745175685963,6.475090509203012,801260000,NVDA
2018-08-17,6.052813053131104,6.254309899799555,6.025864126058687,6.253568129968853,1143188000,NVDA
2018-08-20,6.127477645874023,6.259995547129348,5.9019989683404335,6.012266134159834,854388000,NVDA
2018-08-21,6.26296329498291,6.267413442545277,6.124017021882193,6.143795822264557,673988000,NVDA
2018-08-22,6.497835636138916,6.502780453475233,6.2268661536883085,6.230327431510983,749856000,NVDA
2018-08-23,6.597225666046143,6.662495759442093,6.445423137541601,6.459268251708762,720684000,NVDA
2018-08-24,6.730236530303955,6.744823410628786,6.601179916540684,6.605630063297397,531512000,NVDA
2018-08-27,6.821219444274902,6.89538981824328,6.728506241032562,6.759904840909922,505776000,NVDA
2018-08-28,6.783639907836914,6.838031958112946,6.663730675070671,6.815286080173353,475384000,NVDA
2018-08-29,6.889020442962647,6.914004818889428,6.755192928225578,6.775971957096754,420108000,NVDA
2018-08-30,6.872198581695557,6.968920613673174,6.835340342716159,6.857850955777092,346608000,NVDA
2018-08-31,6.943196296691895,6.956059575694881,6.84226888549251,6.852163933258736,306592000,NVDA
2018-09-04,7.017900466918945,7.055500412361464,6.901636043631954,6.930083591166378,391720000,NVDA
2018-09-05,6.887288570404053,7.03571095061915,6.80639850765602,7.000337059306588,393156000,NVDA
2018-09-06,6.746287822723389,6.873436239069993,6.713387691094614,6.870962477559457,322796000,NVDA
2018-09-07,6.7250142097473145,6.8504310381064135,6.609491955441947,6.654265952838491,295420000,NVDA
2018-09-10,6.796008586883545,6.825693249881618,6.703739604745101,6.747524187778689,220140000,NVDA
2018-09-11,6.748268127441406,6.837321196072162,6.728972973493155,6.749752007112938,243112000,NVDA
2018-09-12,6.634476184844971,6.727982290265793,6.479127459547784,6.708439905373068,419092000,NVDA
2018-09-13,6.712149143218994,6.802686524090944,6.6829594262210215,6.700275280063611,305536000,NVDA
2018-09-14,6.838061809539795,6.904109774042702,6.7655824430713984,6.802440684590151,386936000,NVDA
2018-09-17,6.776219367980957,6.8615624842390135,6.7569246897619335,6.812583141273332,205528000,NVDA
2018-09-18,6.7042341232299805,6.8828356280431455,6.697555486850269,6.780177131055425,299520000,NVDA
2018-09-19,6.727982044219971,6.745792842653954,6.635713058791179,6.685681810783271,224860000,NVDA
2018-09-20,6.58698034286499,6.648328013817437,6.53305348337467,6.606027784289586,430584000,NVDA
2018-09-21,6.516974449157715,6.6443705539703535,6.483827087597518,6.598854386601227,435128000,NVDA
2018-09-24,6.572633266448975,6.576096437906463,6.398979280763885,6.486053508190043,293912000,NVDA
2018-09-25,6.639670372009277,6.664654746773195,6.553090617254046,6.6386809618931375,280388000,NVDA
2018-09-26,6.602811813354492,6.684938982710271,6.5869803086173615,6.6446175735390725,268548000,NVDA
2018-09-27,6.614686012268066,6.659212770347407,6.583270235767039,6.637938801426124,214428000,NVDA
2018-09-28,6.951605796813965,6.973869180146489,6.718582919331581,6.746536001719056,709396000,NVDA
2018-10-01,7.157912254333496,7.224701923867471,6.990689666354365,7.029279494349549,622060000,NVDA
2018-10-02,7.086668968200684,7.24201720619808,7.064405589517653,7.130453550034417,383964000,NVDA
2018-10-03,7.092853546142578,7.16434350227602,6.988957930209659,7.15692221834448,320552000,NVDA
2018-10-04,6.908810615539551,7.080980264928115,6.831878189445557,7.056738062634952,391220000,NVDA
2018-10-05,6.675539493560791,6.946162752757861,6.618149457920154,6.88407290090465,426636000,NVDA
2018-10-08,6.57436466217041,6.707697231251956,6.43361080939942,6.592422694508517,408612000,NVDA
2018-10-09,6.568674564361572,6.648327495012315,6.500895025488024,6.553831998952195,273500000,NVDA
2018-10-10,6.077646255493164,6.508565836912431,6.075419728350444,6.462801951834877,684940000,NVDA
2018-10-11,5.816421508789063,6.12390298553769,5.794900306071613,5.990569950693902,725436000,NVDA
2018-10-12,6.098671436309815,6.1728828608288815,5.928233385328356,6.073192591043174,608236000,NVDA
2018-10-15,5.822607517242432,6.085315086045142,5.821618106846883,6.085315086045142,449760000,NVDA
2018-10-16,6.0811076164245605,6.092239305179087,5.885932447295425,5.93515901800818,408712000,NVDA
2018-10-17,6.012587070465088,6.181294020214765,5.96360772476133,6.143198659008442,329668000,NVDA
2018-10-18,5.925267219543457,6.1201952608911085,5.864908927013729,6.081853123373044,524020000,NVDA
2018-10-19,5.668989181518555,5.999970717753412,5.6326258798969935,5.980428804861731,613608000,NVDA
2018-10-22,5.719700813293457,5.8211226836767285,5.617042297973618,5.721185164674777,368844000,NVDA
2018-10-23,5.46837329864502,5.545800208571613,5.360766775632999,5.4527885509771945,626436000,NVDA
2018-10-24,4.932814598083496,5.47653488638788,4.918961911989338,5.430029305408423,884288000,NVDA
2018-10-25,5.141349792480469,5.18859756543892,4.791072990613356,4.835352532016852,951720000,NVDA
2018-10-26,4.905109405517578,5.067136769292304,4.777218817229926,4.905603874712344,664784000,NVDA
2018-10-29,4.591691017150879,5.049573744027559,4.353967871259537,5.046110572330848,758016000,NVDA
2018-10-30,5.021620750427246,5.031515796486237,4.5916910961498605,4.614696653597426,807192000,NVDA
2018-10-31,5.215312004089356,5.258849356854251,5.046605057013986,5.186122279178459,745772000,NVDA
2018-11-01,5.395398139953613,5.404798245307036,5.125269318126723,5.251675563438202,566528000,NVDA
2018-11-02,5.316487789154053,5.491626176770276,5.199976098731876,5.385998944865753,452960000,NVDA
2018-11-05,5.238565444946289,5.326629571616042,5.078021938042721,5.303376305189087,379332000,NVDA
2018-11-06,5.2210001945495605,5.3147535099894565,5.1838942548930085,5.23064753125875,299012000,NVDA
2018-11-07,5.288532733917236,5.378080715270347,5.223969126281624,5.287543323842536,483812000,NVDA
2018-11-08,5.095584392547607,5.2301536072223564,5.042151998909643,5.229411431666337,511352000,NVDA
2018-11-09,5.087667942047119,5.1779581003272765,4.973135585180833,5.006777887356519,413240000,NVDA
2018-11-12,4.688660621643066,5.018405546787777,4.666891707906829,4.996389398433703,617116000,NVDA
2018-11-13,4.93034029006958,5.051551751775536,4.780186342799276,4.7863709813956286,644712000,NVDA
2018-11-14,4.877898693084717,5.117600665630977,4.770045426671228,5.103253037449535,526580000,NVDA
2018-11-15,5.006531715393066,5.078516622728389,4.836093169949229,4.871962006307089,840708000,NVDA
2018-11-16,4.0675129890441895,4.221624597657671,3.9977541439452753,4.040054850732546,1963520000,NVDA
2018-11-19,3.5794506072998047,4.002948570717526,3.5777190216361867,4.002206866994581,1697820000,NVDA
2018-11-20,3.687798976898194,3.8159367939608377,3.297695827476737,3.316248565605062,1692032000,NVDA
2018-11-21,3.579697608947754,3.841662911722066,3.552486945159913,3.824841761239901,1025496000,NVDA
2018-11-23,3.586871862411499,3.700414819052545,3.532203057648499,3.5450663335822483,411968000,NVDA
2018-11-26,3.7860045433044434,3.796394056170175,3.625461091159465,3.7078354904420414,814832000,NVDA
2018-11-27,3.802826166152954,3.8839636950579135,3.724162398498288,3.760030992984124,738060000,NVDA
2018-11-28,3.959659576416016,3.964854334256061,3.78798438943622,3.920327568871796,804524000,NVDA
2018-11-29,3.896516799926758,3.999030540692202,3.866307468648602,3.961887935753284,549172000,NVDA
2018-11-30,4.046821594238281,4.057468988240912,3.85590787831367,3.9061743557532105,729564000,NVDA
2018-12-03,4.210494995117188,4.325389882579484,4.143638044077653,4.273885310426985,890804000,NVDA
2018-12-04,3.890325307846069,4.170876271750442,3.87522041047328,4.165923799927196,812112000,NVDA
2018-12-06,3.9195456504821777,3.9244978879528154,3.734327340600335,3.74992720743121,692308000,NVDA
2018-12-07,3.6550891399383545,3.933907102060007,3.605813306355245,3.9237546735982303,681676000,NVDA
2018-12-10,3.760327100753784,3.785088996429929,3.6065562434052487,3.610270598600752,629472000,NVDA
2018-12-11,3.6694507598876953,3.860116474095441,3.590460566960948,3.8519450829701536,671912000,NVDA
2018-12-12,3.687031745910645,3.7831074053135567,3.586003613639559,3.675145999944551,654136000,NVDA
2018-12-13,3.6867847442626953,3.797965325831158,3.650880253578719,3.7338323010654992,471384000,NVDA
2018-12-14,3.62636661529541,3.728880382937629,3.602842833388337,3.645185404674084,471820000,NVDA
2018-12-17,3.5552988052368164,3.6684601640487577,3.4973561485793327,3.5964034794123507,662868000,NVDA
2018-12-18,3.6384994983673096,3.7224419506190896,3.5718902331491518,3.5991281322229813,564372000,NVDA
2018-12-19,3.4297573566436768,3.6583088857672417,3.3782527600922303,3.604823252368832,745364000,NVDA
2018-12-20,3.3453190326690674,3.511223101443563,3.2856430548572284,3.4213377937059306,749588000,NVDA
2018-12-21,3.208385705947876,3.4047467940180467,3.1809000985336757,3.3718135142772416,863740000,NVDA
2018-12-24,3.146728992462158,3.2185381893953644,3.082843468010501,3.13211952945496,463840000,NVDA
2018-12-26,3.295795202255249,3.2967856023218456,3.081853202175488,3.1927860386286477,695100000,NVDA
2018-12-27,3.248004674911499,3.277966519732493,3.0996815231709918,3.243547638552544,637044000,NVDA
2018-12-28,3.309414386749268,3.4020236512278625,3.226710068592887,3.268557427757804,628728000,NVDA
2018-12-31,3.3057005405426025,3.385185710467524,3.274995771165083,3.3527478587170454,465140000,NVDA
2019-01-02,3.373051881790161,3.42901350076281,3.220271688741212,3.234881152570605,508752000,NVDA
2019-01-03,3.169262409210205,3.34680449917898,3.161833936081145,3.3128808158221736,705552000,NVDA
2019-01-04,3.372310161590576,3.410443173131628,3.211606013634261,3.24231055016883,585620000,NVDA
2019-01-07,3.550842523574829,3.587737650937453,3.3782526351098423,3.429509747750952,709160000,NVDA
2019-01-08,3.462442398071289,3.634537066324582,3.389890270266063,3.6323083116588215,786016000,NVDA
2019-01-09,3.530537843704224,3.5778328820402443,3.463185664388815,3.513699621765161,617260000,NVDA
2019-01-10,3.596155881881714,3.604822473438952,3.450804153386844,3.5112230484738736,523156000,NVDA
2019-01-11,3.685297966003418,3.708078818820223,3.546136612978684,3.573869701896425,874764000,NVDA
2019-01-14,3.7251639366149902,3.750421023218538,3.609526365174119,3.6330501338807006,730168000,NVDA
2019-01-15,3.711050510406494,3.7972214553578696,3.692726692433817,3.757850101176844,617012000,NVDA
2019-01-16,3.685545921325684,3.771221671354495,3.6800984845296334,3.73828862403452,470104000,NVDA
2019-01-17,3.756860256195069,3.796726816295886,3.625375064987964,3.652613195956674,493436000,NVDA
2019-01-18,3.885869026184082,3.911869037587816,3.7551267594139857,3.806631345995397,651336000,NVDA
2019-01-22,3.6838126182556152,3.867297583177716,3.653603289208936,3.855659555228687,661552000,NVDA
2019-01-23,3.696687936782837,3.827677887555101,3.665488214599317,3.739030720506424,591020000,NVDA
2019-01-24,3.908402681350708,3.9259833480829434,3.776422286838493,3.781127042148325,708972000,NVDA
2019-01-25,3.9656012058258057,3.983677304328912,3.746459505752663,3.848973224577727,1154572000,NVDA
2019-01-28,3.417375326156616,3.507260623513946,3.243795322037681,3.381223127206372,2511528000,NVDA
2019-01-29,3.258652687072754,3.419604521098029,3.2440432219899566,3.371318852816988,1153932000,NVDA
2019-01-30,3.4020233154296875,3.4163850611148643,3.255185759523989,3.3346711511975444,974228000,NVDA
2019-01-31,3.5595085620880127,3.595165565429852,3.3770139904824843,3.398804447009973,842852000,NVDA
2019-02-01,3.5837743282318115,3.6347837049413063,3.530536669667419,3.5780791741946603,625048000,NVDA
2019-02-04,3.693964958190918,3.731107559503088,3.577584445320874,3.599622382468844,528592000,NVDA
2019-02-05,3.713031768798828,3.7496791731204335,3.672174809486618,3.705850777117616,542424000,NVDA
2019-02-06,3.7885549068450928,3.852935634337346,3.740764679334383,3.746212115866648,702464000,NVDA
2019-02-07,3.650384187698364,3.744479048928533,3.6075464299573263,3.7422505305478992,637120000,NVDA
2019-02-08,3.668956279754639,3.679603673198839,3.5689185302913784,3.583280279029312,461604000,NVDA
2019-02-11,3.62636661529541,3.6791090997989206,3.578080932839104,3.624880778466024,495180000,NVDA
2019-02-12,3.743241310119629,3.758841412659197,3.650384557721107,3.664746541891063,591060000,NVDA
2019-02-13,3.785583972930908,3.858631301098717,3.759088760291424,3.7727078257234665,605372000,NVDA
2019-02-14,3.8264410495758057,3.8546695815008256,3.741507971816293,3.784593687951043,827264000,NVDA
2019-02-15,3.896020412445069,4.057714648169971,3.873239561868196,4.034934033739949,1516748000,NVDA
2019-02-19,3.878688335418701,3.9591643762656417,3.8663076240394174,3.885374127372815,551892000,NVDA
2019-02-20,3.925983190536499,3.993087644394517,3.89676449576761,3.907907088268035,540988000,NVDA
2019-02-21,3.8571457862854,3.963126173386879,3.842536319433599,3.938612231400136,448548000,NVDA
2019-02-22,3.941830635070801,3.960649654890205,3.895278521746518,3.9088975865337567,401740000,NVDA
2019-02-25,3.9294495582580566,4.092629657787869,3.9207827311990897,4.0252777306158025,656020000,NVDA
2019-02-26,3.890078544616699,3.980706770363881,3.856650060045319,3.924745147447787,488464000,NVDA
2019-02-27,3.848231315612793,3.902211903895296,3.791279054489746,3.875716927918622,500256000,NVDA
2019-02-28,3.8236920833587646,3.8643434168737514,3.801383692823704,3.8420347899483738,324944000,NVDA
2019-03-01,3.8779759407043457,3.920114163022685,3.8152639630606497,3.873514074150669,357188000,NVDA
2019-03-04,3.886155843734741,3.939200642067719,3.829640599606062,3.916396307522011,409992000,NVDA
2019-03-05,3.879711627960205,3.9178839362664943,3.8162559569637526,3.87054015646115,362924000,NVDA
2019-03-06,3.768911600112915,3.8792150871425233,3.766185074620006,3.8707875372597664,403524000,NVDA
2019-03-07,3.699755907058716,3.755031770300772,3.653651516372139,3.745364587194522,450104000,NVDA
2019-03-08,3.733961820602417,3.7446204227699456,3.589203729921153,3.610520934256211,422416000,NVDA
2019-03-11,3.994228839874268,4.017032939864419,3.7104139112950953,3.7575099518581614,859728000,NVDA
2019-03-12,4.028433799743652,4.074785664491453,3.945891776115563,4.021988857115139,579576000,NVDA
2019-03-13,4.179638385772705,4.208887435194801,4.058428293901747,4.065864661185233,768900000,NVDA
2019-03-14,4.103786945343018,4.200705511881616,4.096102845273496,4.188807519981684,519384000,NVDA
2019-03-15,4.209134578704834,4.251768511099473,4.143447866293532,4.146918075590544,661484000,NVDA
2019-03-18,4.187817096710205,4.294402629756358,4.160798635174207,4.240613916460844,486992000,NVDA
2019-03-19,4.355380535125732,4.399750057369177,4.265402805229695,4.282257909627242,854972000,NVDA
2019-03-20,4.3229079246521,4.4376730319595605,4.2882053617096085,4.38438026619338,719148000,NVDA
2019-03-21,4.559378147125244,4.585652922155928,4.341002262962438,4.3459598390483,824312000,NVDA
2019-03-22,4.399748802185059,4.580696104244209,4.385867965071541,4.532113174346897,747644000,NVDA
2019-03-25,4.307540893554688,4.423297453120556,4.241358694459646,4.359098568846415,525212000,NVDA
2019-03-26,4.384132385253906,4.5050942228643125,4.327864886303869,4.449074933679083,703508000,NVDA
2019-03-27,4.3749613761901855,4.456015819945909,4.305557190848552,4.409663941641556,474372000,NVDA
2019-03-28,4.393550872802734,4.459237094220211,4.340505854444656,4.400986763359927,480264000,NVDA
2019-03-29,4.45081090927124,4.47510284912212,4.409912078172584,4.460230117103884,456896000,NVDA
2019-04-01,4.518232822418213,4.548473288345791,4.470889045273274,4.542524289975378,483824000,NVDA
2019-04-02,4.536077976226807,4.580447477190688,4.499393048921042,4.542275182545903,440920000,NVDA
2019-04-03,4.675383567810059,4.734377597306607,4.580696025319537,4.585653602140534,783504000,NVDA
2019-04-04,4.666460990905762,4.708847191535176,4.603749006002984,4.660016045538845,457376000,NVDA
2019-04-05,4.733138561248779,4.750490082301822,4.673153576189871,4.709590777561988,481744000,NVDA
2019-04-08,4.753960132598877,4.778995283235704,4.678606470878102,4.70265020061554,424192000,NVDA
2019-04-09,4.691247940063477,4.73165129477477,4.649109480661156,4.720496982792374,439972000,NVDA
2019-04-10,4.761642932891846,4.7874217629055575,4.686042020097901,4.6905036497578685,444772000,NVDA
2019-04-11,4.747762680053711,4.795602400034655,4.698436065190567,4.764122306002446,374600000,NVDA
2019-04-12,4.709836959838867,4.7903959119740405,4.70116143856652,4.786429756772202,471708000,NVDA
2019-04-15,4.578217506408691,4.707111674658761,4.538557835067221,4.702154097545933,440092000,NVDA
2019-04-16,4.665221691131592,4.684060108921409,4.584663177793732,4.617382435474857,394964000,NVDA
2019-04-17,4.642416477203369,4.720992129672078,4.62010785478453,4.700170874822639,351004000,NVDA
2019-04-18,4.617875576019287,4.6830663213776,4.590113910265631,4.649107922772562,380988000,NVDA
2019-04-22,4.671666145324707,4.687282088559057,4.56285001675358,4.594329640256938,279936000,NVDA
2019-04-23,4.726197242736816,4.757429596465563,4.675135528567097,4.684802471796713,346856000,NVDA
2019-04-24,4.738592147827148,4.779243243282639,4.675880163403559,4.736608833155228,318204000,NVDA
2019-04-25,4.632997989654541,4.7207451253797705,4.553430904050099,4.698436499498399,499296000,NVDA
2019-04-26,4.41437292098999,4.483777573015792,4.295641659746213,4.479315470538155,868988000,NVDA
2019-04-29,4.44511079788208,4.4728724787623,4.350175021216706,4.422306222315708,391920000,NVDA
2019-04-30,4.486504077911377,4.51203469825504,4.393799384304464,4.412885533510473,362920000,NVDA
2019-05-01,4.473367691040039,4.580944659564607,4.473119481229608,4.538806198242796,354280000,NVDA
2019-05-02,4.54079008102417,4.582432605052308,4.439905771422172,4.483035663531513,394684000,NVDA
2019-05-03,4.536327362060547,4.559131460862227,4.474854539101852,4.549216779186023,336824000,NVDA
2019-05-06,4.457999706268311,4.470145440261222,4.3129936366991535,4.350174522584887,422176000,NVDA
2019-05-07,4.290934085845947,4.409665396696584,4.242846614260101,4.409665396696584,555220000,NVDA
2019-05-08,4.311009407043457,4.391072414475095,4.251519914220429,4.263417907341127,419168000,NVDA
2019-05-09,4.218551635742188,4.251766820650907,4.09982088303161,4.242099880421336,660248000,NVDA
2019-05-10,4.184593200683594,4.253254147641052,4.065118292795456,4.18781567165656,569500000,NVDA
2019-05-13,3.9275503158569336,4.075778597136489,3.911686401348833,4.052726290962937,656912000,NVDA
2019-05-14,4.016537666320801,4.05173571178523,3.928542552659729,3.967210571591715,524880000,NVDA
2019-05-15,3.955559968948364,3.991997164948317,3.90177149084388,3.961013019664122,502320000,NVDA
2019-05-16,3.9706802368164062,4.013314643034374,3.9077207575150528,3.9501069539339073,781088000,NVDA
2019-05-17,3.879958868026733,4.057931913926064,3.84054717033936,3.928790009448616,1022068000,NVDA
2019-05-20,3.761475563049317,3.836333274940559,3.7366881504321054,3.78130539858697,572064000,NVDA
2019-05-21,3.8435215950012207,3.8593855113872992,3.783536375395068,3.822204627262953,361848000,NVDA
2019-05-22,3.772629737854004,3.830879848078157,3.761723163231834,3.804853278528092,325868000,NVDA
2019-05-23,3.651667833328247,3.7104136568987673,3.5919303524941824,3.7104136568987673,591844000,NVDA
2019-05-24,3.597879409790039,3.705704114217534,3.5911867278095704,3.670506072343846,357584000,NVDA
2019-05-28,3.5527663230896,3.648197553821421,3.55078324499088,3.615478301729401,428356000,NVDA
2019-05-29,3.4786529541015625,3.540125313727305,3.4439506173403025,3.5051752399007268,559800000,NVDA
2019-05-30,3.452099323272705,3.517612513852125,3.413883216548016,3.4818780247487977,394300000,NVDA
2019-05-31,3.3615219593048096,3.4704625046801643,3.3597848744124943,3.4032122333804478,389720000,NVDA
2019-06-03,3.3198320865631104,3.41140155089737,3.2905496616915424,3.3726891685254583,478644000,NVDA
2019-06-04,3.5486326217651367,3.553843877651576,3.3617709959566517,3.383856828522054,641836000,NVDA
2019-06-05,3.5059497356414795,3.627794434381841,3.469718964759109,3.622334922105004,511616000,NVDA
2019-06-06,3.567988395690918,3.592555843398238,3.507686457076579,3.5101680748232,408140000,NVDA
2019-06-07,3.610671997070313,3.644917429969432,3.554836769162879,3.5739449458952746,348856000,NVDA
2019-06-10,3.6833810806274414,3.751872169648638,3.666754525432909,3.666754525432909,402780000,NVDA
2019-06-11,3.740953207015991,3.780906402094592,3.701496524831372,3.743186568398501,383872000,NVDA
2019-06-12,3.628042221069336,3.703729908708087,3.612904730873607,3.6975258640966544,358892000,NVDA
2019-06-13,3.679162979125977,3.6975263857824703,3.63250945637403,3.6501285669002215,308080000,NVDA
2019-06-14,3.589329719543457,3.6104229972255584,3.544661783074375,3.5861038057770656,394428000,NVDA
2019-06-17,3.599008321762085,3.6359836257979934,3.564762655565564,3.587593020809871,276040000,NVDA
2019-06-18,3.793811082839966,3.8491497958613903,3.649384264721412,3.660303053435829,581920000,NVDA
2019-06-19,3.799766778945923,3.840464274972169,3.773710261901939,3.8290492102307088,331644000,NVDA
2019-06-20,3.824085474014282,3.904239883182645,3.8096925167306535,3.8903432021280926,350168000,NVDA
2019-06-21,3.766016721725464,3.858330959221177,3.759564657724691,3.8091960649060783,434428000,NVDA
2019-06-24,3.788351058959961,3.817881743458873,3.7402087138632982,3.787358506481712,282948000,NVDA
2019-06-25,3.759068965911865,3.868257794693554,3.7563393280233672,3.793314632724528,311868000,NVDA
2019-06-26,3.952134132385254,4.013180844258709,3.873468785349139,3.886372914472934,584072000,NVDA
2019-06-27,4.050652503967285,4.069760442698096,4.001765621336326,4.037748373830597,445440000,NVDA
2019-06-28,4.075468063354492,4.103757940700078,4.028814780708891,4.09457600138995,397668000,NVDA
2019-07-01,4.123610019683838,4.316675433416628,4.086138206588349,4.282429770761454,709756000,NVDA
2019-07-02,4.025837421417236,4.12807792581039,4.012685269424141,4.106984405330587,400228000,NVDA
2019-07-03,4.038740158081055,4.05487043601337,3.9789347351642497,4.049162668133274,246636000,NVDA
2019-07-05,3.976205110549927,3.9848905356213633,3.912925044092125,3.9804238132017913,396552000,NVDA
2019-07-08,3.9012625217437744,3.9355081894863546,3.871235794174561,3.916648270246101,329788000,NVDA
2019-07-09,3.903743505477905,3.9317851233026713,3.846419460957885,3.859075332780713,342860000,NVDA
2019-07-10,3.971987009048462,4.029310823195761,3.933274620019533,3.9471713022370607,452076000,NVDA
2019-07-11,4.126339912414551,4.1670374051469015,4.0077211313339385,4.044944453629627,682560000,NVDA
2019-07-12,4.15934419631958,4.230317138074098,4.154132941084615,4.154132941084615,506392000,NVDA
2019-07-15,4.150906562805176,4.196567285208484,4.12261716355152,4.180437480835474,289840000,NVDA
2019-07-16,4.146191120147705,4.173239942694772,4.090603936765375,4.13601663173236,341444000,NVDA
2019-07-17,4.211457252502441,4.21840559286607,4.118646736708043,4.147929163474818,348204000,NVDA
2019-07-18,4.223120212554932,4.285903767102195,4.165299893357531,4.221879640377553,442192000,NVDA
2019-07-19,4.179941654205322,4.267788943467835,4.17398586566886,4.261337115323473,344896000,NVDA
2019-07-22,4.251410484313965,4.264314613440293,4.193838179494945,4.201283033217133,315940000,NVDA
2019-07-23,4.359111309051514,4.361096414536076,4.274986192648743,4.2906204366307605,428176000,NVDA
2019-07-24,4.433557510375977,4.439265279701187,4.326354252228074,4.402289972302886,366236000,NVDA
2019-07-25,4.302529335021973,4.404769788137761,4.279202700927219,4.392113682197384,392700000,NVDA
2019-07-26,4.34446907043457,4.391122351603324,4.329579836157786,4.329579836157786,274160000,NVDA
2019-07-29,4.338265419006348,4.354395699492456,4.2501701091487964,4.337272866461397,248160000,NVDA
2019-07-30,4.353899002075195,4.366058598546031,4.277466779509722,4.291859974102234,197772000,NVDA
2019-07-31,4.186889171600342,4.32337529483997,4.144702620536477,4.322382269179052,359416000,NVDA
2019-08-01,4.092590808868408,4.287641341858135,4.040477778383073,4.197312436118388,421212000,NVDA
2019-08-02,4.000028610229492,4.069264478587115,3.952631028904131,4.000028610229492,428348000,NVDA
2019-08-05,3.741945505142212,3.817881202144223,3.695043975623303,3.816640393392285,589156000,NVDA
2019-08-06,3.780658483505249,3.862053709637955,3.7330126475535,3.8166412352682992,361272000,NVDA
2019-08-07,3.8188743591308594,3.8307859357073792,3.7024891776964983,3.719860029653833,372560000,NVDA
2019-08-08,3.927319288253784,3.9285600974046897,3.819123238892397,3.8764472963674,309300000,NVDA
2019-08-09,3.826070547103882,3.889846652936848,3.775694845156045,3.886372482917003,341816000,NVDA
2019-08-12,3.75832462310791,3.826071186476056,3.7364868102909514,3.773958390809762,279200000,NVDA
2019-08-13,3.872476100921631,3.918385086800619,3.717875040369741,3.7568354485894377,351956000,NVDA
2019-08-14,3.724078893661499,3.795547882888534,3.6804035054272526,3.784380838530552,419880000,NVDA
2019-08-15,3.691817998886109,3.762790700872975,3.657572575032916,3.742938233229948,477200000,NVDA
2019-08-16,3.959578275680542,4.00871292879299,3.893072300336485,3.9543670210071,1007960000,NVDA
2019-08-19,4.238009929656982,4.253892189927733,4.056608058764237,4.072738338834775,815112000,NVDA
2019-08-20,4.165796756744385,4.233047039437114,4.144703241392675,4.23255052653228,463188000,NVDA
2019-08-21,4.2491774559021,4.30426815019991,4.210217043504893,4.23180660154158,427244000,NVDA
2019-08-22,4.255382061004639,4.301290818629002,4.216173152484569,4.2588562321403165,303488000,NVDA
2019-08-23,4.03104829788208,4.233295688950268,4.011195825179209,4.17894952717665,568056000,NVDA
2019-08-26,4.105743885040283,4.133785748312866,4.067528001157621,4.10971456933421,318208000,NVDA
2019-08-27,4.015164852142334,4.14668725202946,3.985882431490318,4.143957615073779,290968000,NVDA
2019-08-28,4.004732131958008,4.0573932656811085,3.9495869243870976,3.988834627878395,255612000,NVDA
2019-08-29,4.148309230804443,4.180601248407322,4.092667010059698,4.096144619244449,357976000,NVDA
2019-08-30,4.160977840423584,4.244192678295925,4.14284452290001,4.194512135644787,290616000,NVDA
2019-09-03,4.078012943267822,4.121234810167086,4.055160209090952,4.088197509629019,296140000,NVDA
2019-09-04,4.192026615142822,4.199478836106567,4.13862021604083,4.13862021604083,227728000,NVDA
2019-09-05,4.464773178100586,4.470983126943168,4.292382307110529,4.294121111738001,695676000,NVDA
2019-09-06,4.437696933746338,4.498306828145142,4.399691498658127,4.441422808154607,376976000,NVDA
2019-09-09,4.483652591705322,4.570096791380155,4.467258075630781,4.468748615398157,417524000,NVDA
2019-09-10,4.550223350524902,4.5768019505612365,4.441174715633058,4.4508622737446295,352812000,NVDA
2019-09-11,4.578790187835693,4.626980194188536,4.535816596162976,4.564879748688695,361512000,NVDA
2019-09-12,4.57729959487915,4.679889556180352,4.5693508402862735,4.625241335341929,327840000,NVDA
2019-09-13,4.519422054290772,4.5477399368594575,4.475703193108127,4.510728029877859,324592000,NVDA
2019-09-16,4.476447582244873,4.51097540777467,4.43397100364255,4.444403830885622,231832000,NVDA
2019-09-17,4.497810363769531,4.502033242595779,4.43670346411562,4.48315465741563,223048000,NVDA
2019-09-18,4.470734596252441,4.506504699218102,4.38429089143522,4.490855456841406,258152000,NVDA
2019-09-19,4.395220756530762,4.495078369144471,4.384539189107596,4.476696313128326,245476000,NVDA
2019-09-20,4.28964900970459,4.417824480877648,4.279464922170481,4.394226488423062,350244000,NVDA
2019-09-23,4.343054294586182,4.388511937109506,4.286170293578986,4.289896640532407,249712000,NVDA
2019-09-24,4.285674095153809,4.403913248882776,4.250152743369989,4.374353578897681,317268000,NVDA
2019-09-25,4.42726469039917,4.44688854752959,4.240466360368865,4.285178754321207,308432000,NVDA
2019-09-26,4.40515661239624,4.426271008300639,4.354234270706374,4.417576984630816,234564000,NVDA
2019-09-27,4.266548156738281,4.414098746594768,4.205937791199742,4.363424677428959,362056000,NVDA
2019-09-30,4.3239288330078125,4.334113394955263,4.261083130573894,4.292382086045168,186184000,NVDA
2019-10-01,4.322190761566162,4.49607219242804,4.317471351500781,4.347031033659114,366008000,NVDA
2019-10-02,4.298344135284424,4.312254572772239,4.226059134377036,4.300331205271614,293372000,NVDA
2019-10-03,4.503772258758545,4.509982207751677,4.272510290120743,4.302815239189767,450588000,NVDA
2019-10-04,4.520166873931885,4.549478288687561,4.440926653211985,4.506007697163168,265524000,NVDA
2019-10-07,4.578790187835693,4.678399071208503,4.576306113161044,4.585000137627918,480984000,NVDA
2019-10-08,4.402424335479736,4.487129238036931,4.38429101816831,4.487129238036931,444436000,NVDA
2019-10-09,4.488868236541748,4.538300515433616,4.450366264875093,4.479180677294504,292412000,NVDA
2019-10-10,4.546496868133545,4.597419205277108,4.481415829074276,4.486632242810454,309124000,NVDA
2019-10-11,4.620024681091309,4.703239045355618,4.611578922491844,4.630457509788729,446404000,NVDA
2019-10-14,4.633437156677246,4.654302809756783,4.580279015346232,4.61132922970183,200040000,NVDA
2019-10-15,4.877866268157959,4.950400027083253,4.709698226547822,4.723609141454484,664124000,NVDA
2019-10-16,4.824209690093994,4.948659289241143,4.81278332846536,4.843833543487717,428944000,NVDA
2019-10-17,4.826197624206543,4.913634858641434,4.771797203408737,4.868674204295252,263436000,NVDA
2019-10-18,4.731805801391602,4.859236045172796,4.6575337167856095,4.826695280734293,307440000,NVDA
2019-10-21,4.868923187255859,4.882337095465651,4.774281981387723,4.793160569496206,261868000,NVDA
2019-10-22,4.858987331390381,5.030881219658988,4.8512868422431765,4.925807185318741,328720000,NVDA
2019-10-23,4.846069812774658,4.860228515074197,4.745218670685841,4.777014158325373,279916000,NVDA
2019-10-24,4.890037536621094,4.923571359238547,4.853273895856996,4.887304722909807,232020000,NVDA
2019-10-25,5.080810546875,5.101676207157545,4.962819596834486,4.970520086765736,423092000,NVDA
2019-10-28,5.136700630187988,5.189113041993195,5.095217104547726,5.124528522221476,330792000,NVDA
2019-10-29,5.040568828582764,5.129248350416009,5.021193709756403,5.122789661614695,211236000,NVDA
2019-10-30,5.042555809020996,5.073109500042547,4.974493681436007,5.067396081111445,205960000,NVDA
2019-10-31,4.993371963500977,5.042555500236992,4.913635211403139,5.021689843522698,209732000,NVDA
2019-11-01,5.032371520996094,5.064663541790093,4.933010436546448,4.958098972971242,283640000,NVDA
2019-11-04,5.228857517242432,5.241277891080467,5.090249651247196,5.113350646387191,376716000,NVDA
2019-11-05,5.206749439239502,5.25469070257639,5.158807702113853,5.228608631295536,300868000,NVDA
2019-11-06,5.157566070556641,5.208239675335266,5.070128351893522,5.182654607627181,269012000,NVDA
2019-11-07,5.175200939178467,5.258664020496541,5.130488557265619,5.244008316371269,280340000,NVDA
2019-11-08,5.161291122436523,5.192838343074612,5.120801613860862,5.158310517720232,189100000,NVDA
2019-11-11,5.171228885650635,5.194329881672355,5.074351861171593,5.1605473163633455,243436000,NVDA
2019-11-12,5.206749439239502,5.26263993040473,5.1744569448823645,5.209481779022911,283504000,NVDA
2019-11-13,5.180914402008057,5.203021854120831,5.114591098092436,5.1754492499512885,300188000,NVDA
2019-11-14,5.211220264434815,5.213456073459919,5.129992976686992,5.189857604309165,518080000,NVDA
2019-11-15,5.072116851806641,5.260653550243783,4.983933846777625,5.208985926874161,1053628000,NVDA
2019-11-18,5.273072719573975,5.299651321277817,5.061682863543426,5.064663468615245,574588000,NVDA
2019-11-19,5.166508197784424,5.2656205425735925,5.108382371167746,5.242022545733795,414564000,NVDA
2019-11-20,5.245749473571777,5.329460857686397,5.130987862956122,5.143656503190668,472588000,NVDA
2019-11-21,5.2209086418151855,5.296919527552921,5.199297713003257,5.241277770166367,288388000,NVDA
2019-11-22,5.238544940948486,5.289963813904937,5.214946470298649,5.243512616116402,224100000,NVDA
2019-11-25,5.494895458221436,5.499863607178879,5.353554794766883,5.366471697782979,506476000,NVDA
2019-11-26,5.390318870544434,5.481978999429625,5.383860181618634,5.4772591154009564,385244000,NVDA
2019-11-27,5.425118923187256,5.470112747755643,5.398769163381116,5.435808370317738,215784000,NVDA
2019-11-29,5.3878326416015625,5.422634398950764,5.363968308483034,5.39429609604549,141556000,NVDA
2019-12-02,5.201642036437988,5.394295831529911,5.186478617538699,5.380872026274394,372036000,NVDA
2019-12-03,5.162116527557373,5.166093599459817,4.98089803166497,5.018185688510928,465232000,NVDA
2019-12-04,5.205868244171143,5.268014509863485,5.177281018849271,5.245641816283171,273424000,NVDA
2019-12-05,5.188964366912842,5.243404457640698,5.15838813326808,5.227743668078507,184884000,NVDA
2019-12-06,5.274229049682617,5.307042744570594,5.24812773184507,5.258071361957496,232236000,NVDA
2019-12-09,5.274229049682617,5.328918067024199,5.242659019766264,5.251359459045446,211880000,NVDA
2019-12-10,5.3192219734191895,5.370927698597635,5.251606539034468,5.304306532137383,256388000,NVDA
2019-12-11,5.40274715423584,5.408216340025426,5.327177562670897,5.329663470004647,233796000,NVDA
2019-12-12,5.57004451751709,5.588191212847948,5.364962157672717,5.373911044033196,404348000,NVDA
2019-12-13,5.568056106567383,5.692100172596282,5.5141129163060345,5.573027920940821,454704000,NVDA
2019-12-16,5.596891403198242,5.669229732850712,5.587445146174056,5.6155354687860095,320976000,NVDA
2019-12-17,5.674948692321777,5.697569835117651,5.606090521582747,5.615536780813981,321196000,NVDA
2019-12-18,5.705275058746338,5.7656812284331656,5.701297512416588,5.709749502030859,343548000,NVDA
2019-12-19,5.853184223175049,5.8666080300170345,5.734857765867444,5.739829581300655,445360000,NVDA
2019-12-20,5.950380802154541,5.975736300649015,5.900415150709161,5.919556117371874,603044000,NVDA
2019-12-23,5.936707019805908,6.011033882420966,5.9260180467716665,5.978966489179975,355060000,NVDA
2019-12-24,5.931736946105957,5.94888937699333,5.886991556684707,5.921296418459453,138864000,NVDA
2019-12-26,5.945904731750488,5.973994578636131,5.916322771770707,5.935215284751014,182852000,NVDA
2019-12-27,5.888235092163086,5.974494148694835,5.861884848842916,5.961070341427527,254644000,NVDA
2019-12-30,5.77512788772583,5.871579007150527,5.743806308417609,5.86635874393249,258056000,NVDA
2019-12-31,5.849205493927002,5.858651750920013,5.720686993613066,5.739827956058875,231004000,NVDA
2020-01-02,5.963803291320801,5.963803291320801,5.884505079799994,5.934967621143992,237536000,NVDA
2020-01-03,5.86834716796875,5.912098283248919,5.819375789570351,5.844234388573591,205384000,NVDA
2020-01-06,5.892957210540772,5.898177473983396,5.749026818972195,5.775128136185318,262636000,NVDA
2020-01-07,5.964301109313965,6.010040762284661,5.876301978898439,5.921295812236685,314856000,NVDA
2020-01-08,5.97548770904541,6.016752920110511,5.920053346777654,5.960075367023141,277108000,NVDA
2020-01-09,6.041113376617432,6.113451710976994,5.987419109058815,6.061745979509196,255112000,NVDA
2020-01-10,6.073430061340332,6.178581626426708,6.0592609099923775,6.148254313226695,316296000,NVDA
2020-01-13,6.2638468742370605,6.288953925752314,6.1338366982954335,6.156458316236707,319840000,NVDA
2020-01-14,6.147011280059815,6.246445205302498,6.133835923434662,6.221089234322224,359088000,NVDA
2020-01-15,6.104503154754639,6.182061762177155,6.0786502856138,6.15968906872303,263104000,NVDA
2020-01-16,6.188028335571289,6.193994419240896,6.134582505212435,6.157949468694057,284192000,NVDA
2020-01-17,6.196727752685547,6.2146260007402,6.149248013832999,6.207168278849511,253792000,NVDA
2020-01-21,6.163417816162109,6.196976854432715,6.129361406762414,6.160186089168899,217916000,NVDA
2020-01-22,6.21735954284668,6.303867019248585,6.189766591842113,6.208659105515355,239240000,NVDA
2020-01-23,6.2857208251953125,6.294172814743435,6.168637584590366,6.257382526569026,244516000,NVDA
2020-01-24,6.226557731628418,6.450781528296051,6.172366094269509,6.401064334103999,373512000,NVDA
2020-01-27,5.971013069152832,6.0219729859012325,5.772890562498944,5.92229013718489,470536000,NVDA
2020-01-28,6.164163589477539,6.196479436751818,5.9836904141412175,6.036887788328454,310976000,NVDA
2020-01-29,6.103756904602051,6.185789943729785,6.0639828644708,6.149745001380459,258848000,NVDA
2020-01-30,6.110468864440918,6.123892669348195,5.951126138120667,6.0060631260830695,290504000,NVDA
2020-01-31,5.877296447753906,6.076661675944388,5.835534340017212,6.064729509694369,370420000,NVDA
2020-02-03,5.974245548248291,5.993634964765349,5.852935811266366,5.859150343527555,255564000,NVDA
2020-02-04,6.143280982971191,6.1624224187891,6.065971316764821,6.115936955202383,271544000,NVDA
2020-02-05,6.233519077301025,6.274286917530958,6.150242834852348,6.26409483893888,208220000,NVDA
2020-02-06,6.3202738761901855,6.3202738761901855,6.186784032913833,6.267822801669854,218284000,NVDA
2020-02-07,6.254150390625,6.302375943450668,6.228794423639679,6.280251702987878,189752000,NVDA
2020-02-10,6.537040710449219,6.537786055878757,6.2718001514092725,6.276771965769414,529608000,NVDA
2020-02-11,6.659343719482422,6.7739415190338645,6.583276767151044,6.645174571161196,638556000,NVDA
2020-02-12,6.774937152862549,6.781400607181102,6.673265764706395,6.712045068202593,374644000,NVDA
2020-02-13,6.7311859130859375,6.798303991866709,6.689672254333135,6.717016762163457,528016000,NVDA
2020-02-14,7.203746795654297,7.332513775197744,7.109533125809277,7.1408547082051,1041924000,NVDA
2020-02-18,7.372285842895508,7.390681460600546,7.081192901778724,7.10058231335741,620164000,NVDA
2020-02-19,7.822970390319824,7.840620188422673,7.494589792085745,7.494589792085745,694332000,NVDA
2020-02-20,7.673819065093994,7.863240616578318,7.366816442111432,7.774993056447043,810052000,NVDA
2020-02-21,7.310139179229736,7.5868145075008995,7.2253717906862,7.561707463584029,768180000,NVDA
2020-02-24,6.793330669403076,7.0068654729747095,6.662077819566246,6.716517900503646,856916000,NVDA
2020-02-25,6.514171600341797,6.930302945472241,6.412500210276758,6.868405127821072,1055496000,NVDA
2020-02-26,6.653379440307617,6.847275971235997,6.512929213052933,6.514420378343546,747732000,NVDA
2020-02-27,6.283012866973877,6.64118950204724,6.190732598799759,6.34022149999743,906416000,NVDA
2020-02-28,6.717552185058594,6.776999629298204,6.014133380463005,6.030798400803811,1133252000,NVDA
2020-03-02,6.875746250152588,6.904599643014992,6.491950295924303,6.887436955320719,890744000,NVDA
2020-03-03,6.613581657409668,6.991159391430268,6.528265881212004,6.931463350129404,652792000,NVDA
2020-03-04,7.076722621917725,7.086174529178954,6.646164359026675,6.720784754418788,597408000,NVDA
2020-03-05,6.79764461517334,7.04413956219387,6.753121062405599,6.87748793454722,540328000,NVDA
2020-03-06,6.617312908172607,6.675765493007833,6.417330754575252,6.618307771090596,515412000,NVDA
2020-03-09,6.104920864105225,6.45215313065251,5.924340216709666,5.967122164255437,614160000,NVDA
2020-03-10,6.493940353393555,6.493940353393555,6.118601425283802,6.381015119188688,580648000,NVDA
2020-03-11,6.130538940429688,6.382506283374491,6.033532955638366,6.354150563740544,499964000,NVDA
2020-03-12,5.380360126495361,5.873101457756061,5.36767455663343,5.607951271671891,816540000,NVDA
2020-03-13,5.990503787994385,5.9949809083831616,5.462442216383406,5.733312981335359,634836000,NVDA
2020-03-16,4.885129928588867,5.623869353339023,4.825433894923929,5.283352557854332,726972000,NVDA
2020-03-17,5.404236793518066,5.493532478151604,4.750813652361393,4.997308549659035,833632000,NVDA
2020-03-18,5.044816970825195,5.221915344621923,4.494120840313374,4.977161561552436,874268000,NVDA
2020-03-19,5.297282695770264,5.3908064456390665,4.810261985939699,5.023426414589291,765512000,NVDA
2020-03-20,5.1176958084106445,5.728834186154782,5.102274251473931,5.447267659587445,804636000,NVDA
2020-03-23,5.290318012237549,5.384588507711456,4.937862326875791,5.11670186259857,643876000,NVDA
2020-03-24,6.197947025299072,6.284506733213007,5.672372901435857,5.696002435464178,1101644000,NVDA
2020-03-25,6.10939884185791,6.512347277962248,6.060646761736831,6.312862785818038,793432000,NVDA
2020-03-26,6.398426055908203,6.522295239784668,6.21834262205559,6.316343477852053,696108000,NVDA
2020-03-27,6.286248683929443,6.544682958276273,6.185511337307723,6.21834418702446,638828000,NVDA
2020-03-30,6.6061177253723145,6.615321034614254,6.307637123468622,6.351662995644652,602252000,NVDA
2020-03-31,6.556621074676514,6.850126943033816,6.411111600364291,6.646164892139033,949960000,NVDA
2020-04-01,6.045970916748047,6.505133575069819,6.001447838462549,6.358878296830433,656912000,NVDA
2020-04-02,6.354400157928467,6.367582918996632,6.027066607171821,6.075071934994346,675764000,NVDA
2020-04-03,6.066864967346191,6.358380662536107,5.929563928559885,6.316842172617156,663212000,NVDA
2020-04-06,6.676012992858887,6.712825761305832,6.291221713068466,6.348679425541923,727884000,NVDA
2020-04-07,6.442950248718262,6.921016732850142,6.399919226785023,6.897386723143072,784520000,NVDA
2020-04-08,6.639946460723877,6.664819927163349,6.482000494418423,6.551894702646605,542444000,NVDA
2020-04-09,6.540453433990479,6.7884408976976,6.477523735926655,6.76555762990454,525564000,NVDA
2020-04-13,6.7120795249938965,6.720785167160998,6.392456735653417,6.480757091589397,398408000,NVDA
2020-04-14,7.062795639038086,7.096871949799696,6.81256933291032,6.840178797054481,530948000,NVDA
2020-04-15,6.985437870025635,7.0682662463296895,6.849629373283734,6.894898714057057,366148000,NVDA
2020-04-16,7.33018159866333,7.437137160178758,7.127463984966919,7.140646745154944,745620000,NVDA
2020-04-17,7.270984172821045,7.433655858312724,7.137165405215727,7.41226464837836,539120000,NVDA
2020-04-20,7.139902114868164,7.300335493886379,7.095627633607135,7.144628306507121,449388000,NVDA
2020-04-21,6.703623294830322,7.0831907627234285,6.643927252246773,7.0220026630312224,735160000,NVDA
2020-04-22,7.117514610290527,7.160297025870888,6.850126173389824,6.895644105484593,483356000,NVDA
2020-04-23,7.064285755157471,7.291379655385693,7.039163692591461,7.159551094787759,424160000,NVDA
2020-04-24,7.203079700469971,7.205069426004072,6.979468044624654,7.054088445216467,352328000,NVDA
2020-04-27,7.389381408691406,7.54906850647414,7.312771282405198,7.337396152234377,479388000,NVDA
2020-04-28,7.247105121612549,7.566479296297554,7.241633139529117,7.53663104306545,442904000,NVDA
2020-04-29,7.423706531524658,7.47643805187387,7.306552786236492,7.381670378607925,379160000,NVDA
2020-04-30,7.269988059997559,7.423705479746709,7.256059034832178,7.36973003280902,375916000,NVDA
2020-05-01,7.033692359924316,7.1859172806554765,6.985437955761158,7.072743452911202,342096000,NVDA
2020-05-04,7.245365142822266,7.259045574623268,6.98643322473106,6.98643322473106,317556000,NVDA
2020-05-05,7.306305408477783,7.468728519073253,7.245365430153509,7.349336431311147,368896000,NVDA
2020-05-06,7.407041072845459,7.511758322789601,7.34784270723366,7.385650337882286,323464000,NVDA
2020-05-07,7.583144664764404,7.646322956404003,7.494844309602577,7.546083299397135,373732000,NVDA
2020-05-08,7.7729291915893555,7.779147440058237,7.620952864853898,7.654780572992808,339216000,NVDA
2020-05-11,8.02464771270752,8.071409584799568,7.739349814452519,7.767954135963444,469060000,NVDA
2020-05-12,7.762980461120605,8.131106313920263,7.753279954497471,8.08235470925487,493060000,NVDA
2020-05-13,7.740592956542969,8.037580580792781,7.556281003894796,7.877396301841328,625852000,NVDA
2020-05-14,7.989823341369629,7.995295322692752,7.648560336924135,7.8020291552258385,602312000,NVDA
2020-05-15,8.44774341583252,8.457443446163204,7.834117106027025,7.849787261647807,987660000,NVDA
2020-05-18,8.70592975616455,8.87133792590906,8.63653320763608,8.716127930897029,774460000,NVDA
2020-05-19,8.76089859008789,9.041469799498309,8.718364769756874,8.745725629128797,717320000,NVDA
2020-05-20,8.924566268920898,8.997196470671472,8.84372761897781,8.945459810615404,587536000,NVDA
2020-05-21,8.730802536010742,9.006647564701275,8.693243502257346,9.00565317637838,761068000,NVDA
2020-05-22,8.980531692504883,9.046944125761256,8.669117319003607,8.780549550249997,1038764000,NVDA
2020-05-26,8.673591613769531,9.13524201478955,8.628073685053018,9.110368077882535,770780000,NVDA
2020-05-27,8.482067108154297,8.589021710730815,7.956243588369722,8.581311407410789,1175892000,NVDA
2020-05-28,8.444013595581055,8.71612780265419,8.336808463910437,8.369641310493597,734896000,NVDA
2020-05-29,8.830545425415039,8.830545425415039,8.442023234926523,8.51117118789498,745256000,NVDA
2020-06-01,8.761645317077637,8.795970693494391,8.645486899720394,8.788508985175579,389876000,NVDA
2020-06-02,8.780549049377441,8.792488351879058,8.614146503329726,8.751696604772091,391320000,NVDA
2020-06-03,8.725079536437988,8.821339725699485,8.655931605904515,8.777562925778758,365440000,NVDA
2020-06-04,8.726078033447266,8.902012270046486,8.637487714854524,8.687754775208147,424280000,NVDA
2020-06-05,8.878870010375977,8.955514629700385,8.667847647401274,8.753948963501875,481748000,NVDA
2020-06-08,8.764400482177734,8.84875892563933,8.645700047300858,8.836316752947287,387736000,NVDA
2020-06-09,9.004287719726562,9.067744029316774,8.710897571535652,8.759422705552621,468488000,NVDA
2020-06-10,9.323562622070312,9.456198483589835,9.111295691367998,9.125480740920944,632180000,NVDA
2020-06-11,8.755691528320312,9.218546652685198,8.745488699129474,9.10780969358321,583652000,NVDA
2020-06-12,8.89130973815918,9.144885268344536,8.663116916824086,9.120249640232714,570908000,NVDA
2020-06-15,9.131450653076172,9.139911559125864,8.703433037578094,8.77460413262687,400004000,NVDA
2020-06-16,9.026683807373049,9.224020423826694,8.797993526540031,9.18246298281425,535716000,NVDA
2020-06-17,9.193410873413086,9.256120093438188,9.028424681181738,9.071724989420082,408304000,NVDA
2020-06-18,9.175494194030762,9.239696626119995,9.072471090667309,9.184452518393517,254408000,NVDA
2020-06-19,9.218546867370604,9.40144976678961,9.18470419227258,9.199884081125418,524160000,NVDA
2020-06-22,9.482817649841309,9.487297285700686,9.230486663122836,9.257113869279973,398468000,NVDA
2020-06-23,9.406426429748535,9.598038937764816,9.364122850339776,9.506960557763616,375108000,NVDA
2020-06-24,9.192915916442873,9.512435900600783,9.102334958406512,9.432555192603576,449372000,NVDA
2020-06-25,9.446237564086914,9.461168734791558,9.139906973762168,9.312606956212068,376072000,NVDA
2020-06-26,9.112786293029783,9.456195773769489,9.082924887962797,9.456195773769489,592084000,NVDA
2020-06-29,9.157577514648438,9.162057151917535,8.858960660515779,9.127467403493844,342248000,NVDA
2020-06-30,9.453956604003906,9.48232479694981,9.22377307669493,9.271053714697093,367892000,NVDA
2020-07-01,9.486056327819824,9.531595986934231,9.369596194012615,9.476849291492083,326648000,NVDA
2020-07-02,9.567927360534668,9.692599684605682,9.534083742752678,9.594553626527237,364056000,NVDA
2020-07-06,9.793880462646484,9.86305996516813,9.66771491923515,9.696830190680364,315892000,NVDA
2020-07-07,9.8262300491333,10.023565712221714,9.805326973795571,9.900386604188158,357800000,NVDA
2020-07-08,10.168892860412598,10.177852135345317,9.919548208152843,9.94766768707391,365480000,NVDA
2020-07-09,10.460542678833008,10.521261277875176,10.186312717025418,10.332386498774396,494548000,NVDA
2020-07-10,10.43093204498291,10.606120184171951,10.330895325824208,10.539927092116988,497676000,NVDA
2020-07-13,10.005897521972656,10.742485046509769,9.978772887106151,10.5461451797052,457076000,NVDA
2020-07-14,10.329153060913086,10.354784490993348,9.740380097949847,10.028545492174292,542676000,NVDA
2020-07-15,10.18009090423584,10.3848916779029,10.00938150824188,10.3662288960397,403984000,NVDA
2020-07-16,10.088018417358398,10.159685972931204,9.84987143136345,9.968820569091442,344964000,NVDA
2020-07-17,10.154458999633787,10.201242205886482,10.041234014835991,10.178348498417453,266284000,NVDA
2020-07-20,10.462284088134766,10.482689743606027,10.109916313278465,10.226874817153762,284852000,NVDA
2020-07-21,10.280871391296388,10.511304484811651,10.239313961028076,10.464520337675117,277036000,NVDA
2020-07-22,10.390617370605469,10.553612018427057,10.244046163134492,10.31969594109073,367292000,NVDA
2020-07-23,10.083041191101074,10.498366900172412,9.984995131598533,10.401814053155686,411660000,NVDA
2020-07-24,10.147493362426758,10.316958282802544,9.731918901066056,9.829466600023125,473292000,NVDA
2020-07-27,10.373446464538574,10.393602461072309,10.170635352239849,10.185069107587438,292132000,NVDA
2020-07-28,10.1683931350708,10.334125444616538,10.162172525266843,10.326411622662173,271636000,NVDA
2020-07-29,10.417240142822266,10.467755898263944,10.299286826874482,10.342834891910412,284508000,NVDA
2020-07-30,10.565057754516602,10.574016079653706,10.247777173412944,10.32715949631909,308880000,NVDA
2020-07-31,10.565805435180664,10.716856279883505,10.38489318588376,10.51454258205135,386080000,NVDA
2020-08-03,10.959482192993164,11.047574145206552,10.665842352281864,10.683012873856836,412720000,NVDA
2020-08-04,11.175978660583496,11.175978660583496,10.855712561468552,10.999048630506223,310336000,NVDA
2020-08-05,11.234707832336426,11.319315944315017,11.11476383237198,11.19215554040504,249924000,NVDA
2020-08-06,11.283230781555176,11.305627070056174,11.127203842921766,11.297414876107878,244316000,NVDA
2020-08-07,11.147857666015623,11.451700283827371,10.986604966220376,11.26033652411239,342516000,NVDA
2020-08-10,11.113518714904783,11.355646995207982,10.806440904133613,11.281988797793014,427796000,NVDA
2020-08-11,10.799969673156738,11.08539727357645,10.74596911283335,11.022687098568133,354512000,NVDA
2020-08-12,11.387497901916504,11.414124166853671,10.907720117790364,10.940070521825936,464412000,NVDA
2020-08-13,11.390233039855955,11.66769806509816,11.303385616468448,11.492757767340668,374460000,NVDA
2020-08-14,11.5106782913208,11.650779221877425,11.387747881419168,11.476834671108962,366436000,NVDA
2020-08-17,12.28011417388916,12.352528815873692,11.762761090180328,11.79660376231853,621300000,NVDA
2020-08-18,12.204215049743652,12.43838077420562,12.030520161674376,12.392592403457424,503448000,NVDA
2020-08-19,12.082528114318848,12.258213621054422,12.042214226825552,12.239799549527746,622624000,NVDA
2020-08-20,12.0850191116333,12.31794037096447,11.823978367840455,11.919785102320878,921388000,NVDA
2020-08-21,12.62501621246338,12.749688543498523,12.139016821784638,12.145487093065004,999868000,NVDA
2020-08-24,12.661596298217772,12.85296007261866,12.44982686827754,12.824342222900356,490564000,NVDA
2020-08-25,12.691208839416504,12.702406509210157,12.515771085101091,12.57250841350876,289076000,NVDA
2020-08-26,12.714101791381836,12.80916142080004,12.61929087248508,12.740230635286167,321244000,NVDA
2020-08-27,12.570019721984863,12.790747463917562,12.50855404867162,12.722562809357813,317604000,NVDA
2020-08-28,13.08712673187256,13.087375442447696,12.584206419909007,12.61655683094012,537160000,NVDA
2020-08-31,13.312828063964844,13.51240305938988,12.977630848012788,13.12196173347842,500840000,NVDA
2020-09-01,13.76138687133789,13.933391281331938,13.378544809007552,13.421857130089242,511316000,NVDA
2020-09-02,14.284622192382812,14.663232105009527,13.84004722644748,14.640330592742224,874012000,NVDA
2020-09-03,12.95936107635498,13.824612353112618,12.823200691803295,13.76910292266537,945128000,NVDA
2020-09-04,12.568058013916016,13.11817478517767,11.65426602615585,12.728611687105868,1463684000,NVDA
2020-09-08,11.861618041992188,12.495870675289437,11.653768631335238,11.683887757182136,795728000,NVDA
2020-09-09,12.66015625,12.75399944583385,12.178990048023763,12.346514414990567,736200000,NVDA
2020-09-10,12.258647918701172,13.008897940882886,12.11452165542531,12.933225527994797,698684000,NVDA
2020-09-11,12.112030982971191,12.597926004409656,11.844439994967424,12.431646509399576,636928000,NVDA
2020-09-14,12.816727638244627,13.25756789875659,12.576767920086503,13.024577957063135,1201744000,NVDA
2020-09-15,12.934965133666992,13.241387442148234,12.772419322351125,13.22271812799774,727556000,NVDA
2020-09-16,12.46052074432373,13.036276504289091,12.459774389516712,12.901361003410214,556384000,NVDA
2020-09-17,12.40974235534668,12.53544807871845,11.98284160527824,12.079920915572131,792512000,NVDA
2020-09-18,12.136674880981444,12.5780127428793,11.937040148177086,12.539430184632224,698460000,NVDA
2020-09-21,12.463261604309082,12.46848893761649,11.853154418113045,11.873566181378443,721044000,NVDA
2020-09-22,12.583240509033203,12.593446389874003,12.103071287394512,12.520761299174335,646452000,NVDA
2020-09-23,12.071457862854004,12.672106440614144,12.027150399322249,12.521259187948008,647012000,NVDA
2020-09-24,12.29473876953125,12.515283765429505,11.962179781141216,12.020178955986069,731240000,NVDA
2020-09-25,12.81822109222412,12.827929401956276,12.19293055034486,12.393810139922095,588016000,NVDA
2020-09-28,12.978776931762695,12.995455019452848,12.695006353439096,12.984004264530531,573808000,NVDA
2020-09-29,13.16870403289795,13.384768065727984,12.877466113660384,12.88169735695408,621460000,NVDA
2020-09-30,13.472139358520508,13.563742542883896,13.093529512118517,13.10074807359972,689184000,NVDA
2020-10-01,13.555777549743652,13.70338774088516,13.40269029134298,13.698658927613552,525004000,NVDA
2020-10-02,13.00590991973877,13.461187347792777,12.9947079495707,13.167958188027503,552496000,NVDA
2020-10-05,13.583657264709473,13.585399709035006,13.165717512425775,13.178910712130936,479820000,NVDA
2020-10-06,13.677253723144531,14.081005195924398,13.606062280172727,13.770350590708077,784420000,NVDA
2020-10-07,13.903770446777344,14.058351371895522,13.803703815426886,13.939366637867233,418084000,NVDA
2020-10-08,13.77906322479248,14.023753728092728,13.698661986490974,14.014294200315428,378900000,NVDA
2020-10-09,13.703387260437012,13.764622541474695,13.601827927722326,13.707619453210627,346892000,NVDA
2020-10-12,14.16463851928711,14.285116896035673,13.852491292566944,13.929158832555586,434744000,NVDA
2020-10-13,14.18679428100586,14.28661212456434,13.95828434553534,14.23483636602296,344604000,NVDA
2020-10-14,14.03445529937744,14.280887264715126,13.899788560818896,14.228862717598036,276100000,NVDA
2020-10-15,13.909744262695312,13.945339502121929,13.70836613749125,13.75118088834508,267224000,NVDA
2020-10-16,13.75192642211914,14.060589716200548,13.73300832168819,13.976205093854658,242392000,NVDA
2020-10-19,13.439531326293944,13.92318542080633,13.348923276048108,13.843032985585037,298068000,NVDA
2020-10-20,13.586642265319824,13.740227074290004,13.44873945260384,13.524909419998732,229212000,NVDA
2020-10-21,13.466413497924805,13.732013260286454,13.419367506297078,13.566231333022325,219596000,NVDA
2020-10-22,13.30337142944336,13.553039484968712,13.174678386058064,13.464174825263315,290480000,NVDA
2020-10-23,13.531633377075195,13.5346206959386,13.233923218355963,13.391988089723265,233484000,NVDA
2020-10-26,13.08456802368164,13.633689579571246,12.982261385916676,13.369085896916106,336896000,NVDA
2020-10-27,13.338966369628906,13.38402113244818,13.134600935706988,13.248607109488976,250520000,NVDA
2020-10-28,12.572534561157228,13.20280455155051,12.554612551785183,13.14107170884122,376520000,NVDA
2020-10-29,12.967825889587402,13.13584785804943,12.695007521608147,12.78312583190054,320080000,NVDA
2020-10-30,12.479940414428713,12.880703607368115,12.24694946697932,12.79457747009372,416820000,NVDA
2020-11-02,12.526487350463867,12.781382741885674,12.3415385171396,12.603154900907724,299652000,NVDA
2020-11-03,12.963340759277344,13.04847172342942,12.548388437005103,12.65368237275663,272900000,NVDA
2020-11-04,13.734750747680664,13.76785813556174,13.279473362811476,13.331497901537697,410228000,NVDA
2020-11-05,14.098923683166504,14.277151505773915,13.930652955568876,14.101413431699372,319028000,NVDA
2020-11-06,14.499189376831056,14.525823607492576,13.835066558738852,14.0488896074961,383348000,NVDA
2020-11-09,13.5719575881958,14.628132371643924,13.552044345915604,14.489731966855253,582976000,NVDA
2020-11-10,12.714920043945312,13.54781121416907,12.573781115211156,13.54781121416907,644068000,NVDA
2020-11-11,13.360122680664062,13.37704954994391,12.892398509548538,12.997443663485662,404744000,NVDA
2020-11-12,13.398707389831545,13.706623391136638,13.258564550225856,13.4208615944081,365812000,NVDA
2020-11-13,13.239645957946776,13.60979236646862,13.002921392268068,13.568471277334387,346312000,NVDA
2020-11-16,13.45695686340332,13.590627511150926,13.099256295266624,13.115684649662638,413776000,NVDA
2020-11-17,13.364356994628906,13.537606285755135,13.2463683514889,13.49404517800945,312028000,NVDA
2020-11-18,13.370827674865724,13.547064264555477,13.128129424028948,13.40717021625731,510924000,NVDA
2020-11-19,13.382278442382812,13.429324433422687,13.043496030611196,13.15575975818555,565936000,NVDA
2020-11-20,13.031298637390137,13.436293916600302,13.008645914860107,13.395968917954985,341088000,NVDA
2020-11-23,13.083322525024414,13.32477588460634,12.959359267395191,13.11443773189081,361356000,NVDA
2020-11-24,12.901860237121582,13.105228639441574,12.829423935275962,13.08581296821514,346500000,NVDA
2020-11-25,13.17766571044922,13.212265811659313,12.963842630406676,12.976288525531563,259916000,NVDA
2020-11-27,13.204049110412598,13.349669004408476,13.113690805350098,13.317308922458194,167276000,NVDA
2020-11-30,13.34369659423828,13.354649779706577,12.916298264592438,13.20778593658098,286952000,NVDA
2020-12-01,13.332246780395508,13.47039840179349,13.171193648207254,13.434055855874425,296948000,NVDA
2020-12-02,13.486079216003418,13.61452251505052,13.177167128048556,13.292915747982205,283360000,NVDA
2020-12-03,13.342158317565918,13.605097180328642,13.275428168212782,13.532888346466882,199520000,NVDA
2020-12-04,13.503758430480955,13.505501389453034,13.334939318795286,13.394448782293155,202244000,NVDA
2020-12-07,13.552064895629885,13.676064811803872,13.445744380440564,13.546587159344568,223244000,NVDA
2020-12-08,13.296345710754396,13.544095699558415,13.22812050077017,13.53040088587082,271920000,NVDA
2020-12-09,12.878780364990234,13.36008781733984,12.816531556571482,13.247044338391769,401300000,NVDA
2020-12-10,12.920113563537598,13.01622611811567,12.797856623609862,12.817278981162264,207764000,NVDA
2020-12-11,12.96094799041748,12.96767096745661,12.77146224084269,12.915132393146711,209264000,NVDA
2020-12-14,13.255261421203612,13.334939820019592,13.024941019943634,13.035398774169176,270156000,NVDA
2020-12-15,13.306805610656738,13.409889067775676,13.133753973253151,13.385736496087336,193016000,NVDA
2020-12-16,13.189275741577148,13.38324283069944,13.159395634385488,13.36855163552068,223116000,NVDA
2020-12-17,13.28763198852539,13.325728231536273,13.12553583695301,13.313028850638313,231384000,NVDA
2020-12-18,13.21865940093994,13.351124288994596,13.01796930150432,13.32522876165318,342064000,NVDA
2020-12-21,13.278663635253906,13.316262150701352,12.915379757774277,13.0221989030658,302332000,NVDA
2020-12-22,13.224881172180176,13.283644051791372,13.001532647943677,13.265716747783005,185580000,NVDA
2020-12-23,12.956966400146484,13.221648300636408,12.952733906135586,13.202724607149166,179144000,NVDA
2020-12-24,12.941526412963867,13.079718838543478,12.886748109468082,12.98485152883412,97884000,NVDA
2020-12-28,12.848154067993164,13.010001354735069,12.711954400513704,13.010001354735069,212564000,NVDA
2020-12-29,12.891230583190918,13.019961649769131,12.7906366709136,12.873054416539937,170372000,NVDA
2020-12-30,13.092915534973145,13.160642074392085,12.844916701690002,12.938040099740183,225396000,NVDA
2020-12-31,13.002530097961426,13.098143976917555,12.863092439192677,13.083702589161886,192424000,NVDA
2021-01-04,13.060794830322266,13.597629030369667,12.910401695595096,13.051582318788371,560640000,NVDA
2021-01-05,13.350876808166504,13.38947076978144,13.034403853336013,13.047102284937464,322760000,NVDA
2021-01-06,12.563798904418944,13.19176459212376,12.535413848882913,13.1693549878117,580424000,NVDA
2021-01-07,13.290369987487791,13.323984877289751,12.8347091855532,12.915383021394952,461480000,NVDA
2021-01-08,13.223392486572266,13.367062685403964,12.98958611428524,13.308798448598164,292528000,NVDA
2021-01-11,13.566752433776855,13.904888339693947,13.30879358227213,13.36481712213483,518344000,NVDA
2021-01-12,13.430553436279297,13.69921988075956,13.291365574551168,13.697227113464349,291476000,NVDA
2021-01-13,13.477364540100098,13.570240034440598,13.331204841612394,13.4357823822842,210028000,NVDA
2021-01-14,13.147196769714355,13.545091039577692,13.12752650374872,13.520440755047291,283120000,NVDA
2021-01-15,12.807820320129396,13.271698311000826,12.796864845950362,13.174839153385712,277780000,NVDA
2021-01-19,12.972901344299316,13.0413744649296,12.79237922661994,12.963936740649542,226188000,NVDA
2021-01-20,13.312029838562012,13.376519310088362,13.004271775829071,13.059050070436864,258572000,NVDA
2021-01-21,13.811762809753418,13.942983374771991,13.199732617428268,13.364567113503249,337780000,NVDA
2021-01-22,13.657388687133787,13.786119751969078,13.572481408125672,13.684778315815404,246820000,NVDA
2021-01-25,13.59837818145752,13.772923915829134,13.183303119306874,13.726361732774706,251112000,NVDA
2021-01-26,13.381251335144045,13.589908674618952,13.333692780784402,13.525916915766077,163980000,NVDA
2021-01-27,12.865833282470703,13.179566863996952,12.742331097480742,13.176827521248605,371272000,NVDA
2021-01-28,12.998547554016112,13.286137711006822,12.908411395926858,12.944018103883906,228316000,NVDA
2021-01-29,12.937541961669922,13.281155615738037,12.859606529711234,13.022449229079449,271552000,NVDA
2021-02-01,13.183802604675291,13.21741654968703,12.85089546558324,13.000790921127258,217204000,NVDA
2021-02-02,13.502266883850098,13.517454850735652,13.232106292395615,13.344901879862356,220440000,NVDA
2021-02-03,13.476119041442873,13.87575623581958,13.462175370601546,13.581194289613904,245408000,NVDA
2021-02-04,13.609332084655762,13.61854459622936,13.284144388776069,13.47661739710056,201340000,NVDA
2021-02-05,13.53637409210205,13.682036999895496,13.491306023574886,13.669836288796368,169152000,NVDA
2021-02-08,14.380720138549805,14.415579319657386,13.67207952886359,13.67207952886359,434624000,NVDA
2021-02-09,14.205926895141602,14.524640523472256,14.165340166311497,14.283114817717069,287560000,NVDA
2021-02-10,14.704910278320312,14.845094516583352,14.283859846653357,14.40512039530339,485352000,NVDA
2021-02-11,15.189455032348633,15.210869206423116,14.865014860197656,14.920042971123856,450828000,NVDA
2021-02-12,14.90112018585205,15.229793821020415,14.71561805135183,14.989513380553095,374756000,NVDA
2021-02-16,15.268636703491213,15.310717529206354,14.88991497110362,15.00370597669408,321960000,NVDA
2021-02-17,14.846092224121094,15.162316290720591,14.720598221294038,15.110026568801802,274756000,NVDA
2021-02-18,14.769400596618652,14.813472286009498,14.516420797901691,14.66980213100204,233868000,NVDA
2021-02-19,14.866510391235352,15.11600335273666,14.787080847428776,14.964116101576446,271724000,NVDA
2021-02-22,14.298052787780762,15.072428084036344,14.267426101767738,14.71536845518802,325884000,NVDA
2021-02-23,14.085165023803713,14.181526454338425,13.33568870828733,14.018682760546774,391780000,NVDA
2021-02-24,14.44072723388672,14.448446595280082,13.700713365709303,14.065990089420389,448320000,NVDA
2021-02-25,13.25401496887207,14.316975775495292,13.163132248759156,13.989048748231404,824436000,NVDA
2021-02-26,13.659379959106444,13.798816671905104,13.307300359607096,13.697226388407962,500932000,NVDA
2021-03-01,13.786118507385254,13.869033961341506,13.498778190317395,13.819234727310848,353184000,NVDA
2021-03-02,13.352370262145996,13.864553293096154,13.342161365725818,13.8441355002558,264116000,NVDA
2021-03-03,12.753287315368652,13.39743748342225,12.747310913046222,13.37228948153276,377592000,NVDA
2021-03-04,12.320533752441406,12.922853894741422,12.035185217858675,12.749303604657026,573344000,NVDA
2021-03-05,12.411416053771973,12.499560385516856,11.632309598213094,12.499560385516856,542840000,NVDA
2021-03-08,11.546655654907228,12.421126179417165,11.520012603958923,12.399961813597908,543112000,NVDA
2021-03-09,12.474234580993652,12.570379359155847,12.014928455750928,12.085667607908784,521824000,NVDA
2021-03-10,12.42242431640625,12.932292694520743,12.411714009519088,12.793305748971898,384376000,NVDA
2021-03-11,12.945745468139648,12.998302184299805,12.687697531280484,12.902405394482225,299916000,NVDA
2021-03-12,12.80875015258789,12.841379915385886,12.543727990467412,12.601763379126412,243964000,NVDA
2021-03-15,13.14276885986328,13.158211962080784,12.720327373768852,12.817468886000968,221988000,NVDA
2021-03-16,13.242399215698242,13.462835609512782,13.068540113938292,13.307408839220948,272128000,NVDA
2021-03-17,13.292218208312988,13.40380609566732,12.941760599252106,12.99182597197509,243864000,NVDA
2021-03-18,12.675741195678713,13.135545224725464,12.670261569305,13.088220142222372,293896000,NVDA
2021-03-19,12.798537254333496,12.87400919638672,12.56614486370807,12.70313931332776,299208000,NVDA
2021-03-22,13.137784957885742,13.345269600925588,12.859312225279986,12.865290689757089,297804000,NVDA
2021-03-23,13.022708892822266,13.295452082745998,12.973390365636853,13.205533780045595,222048000,NVDA
2021-03-24,12.59653091430664,13.110884070467083,12.590304455981338,13.102913101614504,245840000,NVDA
2021-03-25,12.489180564880373,12.66802144997611,12.226898653291949,12.453562514626949,295144000,NVDA
2021-03-26,12.792059898376465,12.808997613768744,12.328021986506789,12.508356491147842,363968000,NVDA
2021-03-29,12.900659561157228,13.01448982686004,12.65332197655928,12.773129756465236,273520000,NVDA
2021-03-30,12.824442863464355,12.927562839023832,12.658305758509186,12.794802331642355,200204000,NVDA
2021-03-31,13.29919147491455,13.420991773399177,12.934785406687192,12.9676641139645,314776000,NVDA
2021-04-01,13.760988235473633,13.819023625386851,13.461591793310602,13.522368421618353,308276000,NVDA
2021-04-05,13.936091423034668,13.962493775777086,13.682526408463117,13.816532577415291,255672000,NVDA
2021-04-06,13.810553550720217,14.00259509902504,13.722877637600922,13.94829577953062,191744000,NVDA
2021-04-07,14.091520309448242,14.191152220575374,13.661107830911533,13.829735341708554,251284000,NVDA
2021-04-08,14.264381408691406,14.418313585584368,14.196630537167836,14.2003675530113,244416000,NVDA
2021-04-09,14.34707736968994,14.355048340906215,14.122904849951626,14.16176107797861,195172000,NVDA
2021-04-12,15.153100967407228,15.296073878996914,14.087282859260704,14.237230012870905,869324000,NVDA
2021-04-13,15.621870994567873,15.642295831040608,15.070156216327348,15.175517625052338,676212000,NVDA
2021-04-14,15.220853805541992,15.662723403944463,15.17153526617019,15.56757439683238,385500000,NVDA
2021-04-15,16.077943801879883,16.154660479530673,15.574051864074454,15.604938070709537,598480000,NVDA
2021-04-16,15.854016304016112,16.10633564214932,15.806939219576352,15.993999034973276,335208000,NVDA
2021-04-19,15.305289268493652,15.74940120021796,15.17701262664388,15.479397321409936,404420000,NVDA
2021-04-20,15.115490913391112,15.440043072453124,14.908006256331758,15.266931737952133,334132000,NVDA
2021-04-21,15.304047584533691,15.306040089728736,15.046746466607148,15.0631853470933,216776000,NVDA
2021-04-22,14.795669555664062,15.38175765812385,14.729164364474554,15.318490643488769,277788000,NVDA
2021-04-23,15.209145545959473,15.27863902524811,14.845487265337356,14.879361749601612,227500000,NVDA
2021-04-26,15.421113014221191,15.422109741768356,15.069410715459696,15.129190614058306,197796000,NVDA
2021-04-27,15.32521629333496,15.61290472261558,15.298066158653665,15.521242850194149,164572000,NVDA
2021-04-28,15.220602989196776,15.475164740857569,15.15957836730446,15.30803091499168,209416000,NVDA
2021-04-29,15.268425941467283,15.379764870090474,15.01610660529714,15.34339904361114,173196000,NVDA
2021-04-30,14.954334259033203,15.308527889547474,14.941880391047532,15.118728737053257,201912000,NVDA
2021-05-03,14.782220840454102,15.190713824195964,14.73315219758806,15.069411410988684,203912000,NVDA
2021-05-04,14.298501968383787,14.583699976349582,13.958755702220373,14.583451032043849,405324000,NVDA
2021-05-05,14.40536117553711,14.75905695265572,14.334622020113388,14.654940249491606,292024000,NVDA
2021-05-06,14.469622611999512,14.517695473850004,14.165744240795116,14.441974587843967,193380000,NVDA
2021-05-07,14.757810592651367,14.91572777547651,14.617826904664591,14.753825582724902,229328000,NVDA
2021-05-10,14.21331787109375,14.751582071904844,14.197625826750052,14.732900795256858,268904000,NVDA
2021-05-11,14.253668785095217,14.301990590214327,13.699463592554991,13.774187749389633,285584000,NVDA
2021-05-12,13.70793342590332,14.20783933441675,13.658864784297744,13.958010377250185,303408000,NVDA
2021-05-13,13.615025520324709,14.02899905917596,13.409533367126928,13.982170917934267,285404000,NVDA
2021-05-14,14.190651893615724,14.275339526116127,13.697969198962545,13.838949606962355,258616000,NVDA
2021-05-17,14.113436698913574,14.11717276437191,13.802584080647618,14.104967840462368,216980000,NVDA
2021-05-18,13.964235305786133,14.351307594173022,13.952528272251143,14.214562107178883,186256000,NVDA
2021-05-19,14.014053344726562,14.027752884459964,13.49347368536492,13.516637860643089,344000000,NVDA
2021-05-20,14.558797836303713,14.629785947641448,14.218054711848684,14.249936698274064,321592000,NVDA
2021-05-21,14.936650276184082,15.166054390870835,14.81484997940248,15.108018052622167,672992000,NVDA
2021-05-24,15.554621696472168,15.687132304008871,15.120223305868196,15.156589134652451,554816000,NVDA
2021-05-25,15.590238571166992,15.760360666635048,15.425596101514737,15.70805385179894,435408000,NVDA
2021-05-26,15.642297744750977,15.735703186240537,15.528966303165006,15.676422124487877,370440000,NVDA
2021-05-27,15.431078910827637,15.692116100366094,15.40318193715978,15.642050724360203,581476000,NVDA
2021-05-28,16.184797286987305,16.21767694767889,15.44403099782794,15.44403099782794,644536000,NVDA
2021-06-01,16.204721450805664,16.32801730667741,15.844799257771454,16.210202026757546,472804000,NVDA
2021-06-02,16.716581344604492,16.856565955945943,16.17582681316416,16.192515583059503,594168000,NVDA
2021-06-03,16.907381057739258,17.195569308836276,16.522053197728837,16.63937060204186,580008000,NVDA
2021-06-04,17.51364517211914,17.596089458232893,17.032669494095202,17.049605310936567,617120000,NVDA
2021-06-07,17.554244995117188,17.747034348298172,17.12956302093456,17.5066719180592,575756000,NVDA
2021-06-08,17.392837524414062,17.5567321901198,17.18759340040824,17.4628288796533,323848000,NVDA
2021-06-09,17.298418045043945,17.514422030951746,17.19627233755803,17.455376379612076,381656000,NVDA
2021-06-10,17.36493682861328,17.43170722377166,17.116796462616325,17.29019648734641,287772000,NVDA
2021-06-11,17.763805389404297,17.877412740518896,17.38362021079101,17.41924641470844,416308000,NVDA
2021-06-14,17.956640243530273,17.97731876578179,17.601868346834245,17.84427977971432,321376000,NVDA
2021-06-15,17.727182388305664,17.954148103362822,17.66689173938309,17.853247418996794,243032000,NVDA
2021-06-16,17.748863220214844,17.892865905840157,17.523891337093925,17.729431601218703,307124000,NVDA
2021-06-17,18.592941284179688,18.770078247109847,17.695047795899175,17.713234404849683,809656000,NVDA
2021-06-18,18.57450294494629,19.308215040452524,18.519941225336265,18.71925259251508,968856000,NVDA
2021-06-21,18.36372947692871,18.47260390090823,17.761313426706515,18.37170132235496,672384000,NVDA
2021-06-22,18.821645736694336,18.89838188023769,18.32262225653675,18.407828248625574,580144000,NVDA
2021-06-23,18.99155807495117,19.086729825944072,18.842573513046347,18.942229189755093,332356000,NVDA
2021-06-24,19.13929748535156,19.353058520618436,19.022451210045137,19.161471913925485,320924000,NVDA
2021-06-25,18.965404510498047,19.278821304840594,18.829375588695356,19.21404481317408,278364000,NVDA
2021-06-28,19.91611099243164,20.00953782998567,19.25240637349924,19.294510415626917,495436000,NVDA
2021-06-29,19.957719802856445,20.02947022509064,19.589243331185592,19.81396615542745,367632000,NVDA
2021-06-30,19.93355369567871,20.093002037862693,19.795281878543864,19.930314776489794,326568000,NVDA
2021-07-01,20.142333984375,20.38549245797189,19.949998418295216,20.05563395892142,480136000,NVDA
2021-07-02,20.416379928588867,20.434568434216665,20.217817481948444,20.369791959842157,342764000,NVDA
2021-07-06,20.627153396606445,20.77015813867355,20.28010435266628,20.666018525350328,446708000,NVDA
2021-07-07,20.30152702331543,20.8030424068204,20.261914895907815,20.78161688378112,418428000,NVDA
2021-07-08,19.834142684936523,20.063598390632997,19.632839339363898,19.788052722862183,503300000,NVDA
2021-07-09,19.98113250732422,20.011029776539825,19.68615334067024,19.893685513393702,296624000,NVDA
2021-07-12,20.441791534423828,20.46197014862544,20.118160092279037,20.170229888571328,321984000,NVDA
2021-07-13,20.180200576782227,20.390722726429324,20.04466967248551,20.33018116670877,290708000,NVDA
2021-07-14,19.77311134338379,20.347375250132107,19.684668303737425,20.2875825852244,380100000,NVDA
2021-07-15,18.90087890625,19.7785938982397,18.79350034665721,19.743465682566075,550564000,NVDA
2021-07-16,18.098398208618164,19.09096527868611,18.01070219908961,18.96490214619044,688224000,NVDA
2021-07-19,18.715015411376957,18.976360409514456,17.80391558664098,17.85349537144191,749060000,NVDA
2021-07-20,18.54784393310547,18.77306474363948,18.101388235116307,18.66543721741453,434687000,NVDA
2021-07-21,19.343093872070312,19.459691152678595,18.677397187844907,18.816914001718725,371017000,NVDA
2021-07-22,19.52646255493164,19.81845190203204,19.209557858116412,19.57429744133103,323826000,NVDA
2021-07-23,19.49058723449707,19.63209798066953,19.18364829908256,19.58824901824623,195672000,NVDA
2021-07-26,19.22749710083008,19.37498578095671,18.848805839371344,19.24443870206173,203943000,NVDA
2021-07-27,19.14179039001465,19.554362894991016,18.676399176562164,19.198593120837312,248863000,NVDA
2021-07-28,19.435773849487305,19.57828058191226,18.92952549207066,19.2524080782056,202191000,NVDA
2021-07-29,19.59422492980957,19.784566529734352,19.26137470574474,19.45171630566952,190781000,NVDA
2021-07-30,19.431787490844727,19.562334550057216,19.19660092206327,19.351065420539463,183497000,NVDA
2021-08-02,19.681928634643555,19.892201832175672,19.29426944286701,19.632101727523946,217444000,NVDA
2021-08-03,19.7466983795166,20.15229504307765,19.153748123448008,19.67195614363054,301811000,NVDA
2021-08-04,20.2041130065918,20.247961956223463,19.759649378379866,19.921091596810022,231309000,NVDA
2021-08-05,20.565868377685547,20.661538157940317,20.27188509541774,20.429341450355835,211435000,NVDA
2021-08-06,20.295795440673828,20.4990927022112,20.1403330525304,20.453251740531083,178497000,NVDA
2021-08-09,20.225040435791016,20.43730554179816,20.073563974802937,20.37551899056493,146443000,NVDA
2021-08-10,19.867280960083008,20.35957761344973,19.766627375953476,20.25195008967123,179238000,NVDA
2021-08-11,19.63109588623047,19.979889797414497,19.363024040976125,19.97390996272921,185925000,NVDA
2021-08-12,19.836387634277344,19.95995884971804,19.55237018871305,19.80150843224481,151652000,NVDA
2021-08-13,20.118412017822266,20.1443233694404,19.782573757798065,19.836388472220936,183063000,NVDA
2021-08-16,19.881237030029297,20.217075350798737,19.38594844911108,20.06559883916075,210876000,NVDA
2021-08-17,19.39092445373535,19.70184919926469,19.20058288523248,19.61714122334791,204585000,NVDA
2021-08-18,18.9743709564209,19.56632333039317,18.93450792210805,19.43278444637405,285913000,NVDA
2021-08-19,19.729759216308597,20.42435725021701,18.69732897160498,19.42680621302626,766555000,NVDA
2021-08-20,20.74424934387207,20.79308023295475,19.864293533156975,19.92209227489408,675741000,NVDA
2021-08-23,21.882312774658203,21.921177903907907,20.87778784502833,20.898715368530024,575807000,NVDA
2021-08-24,21.71788024902344,21.8833084230163,21.46077013569365,21.678019114764727,297299000,NVDA
2021-08-25,22.13642883300781,22.392542896960293,21.64712213641012,21.66206982160792,347701000,NVDA
2021-08-26,21.99193382263184,22.262995617571487,21.71489219229339,22.12347879676051,237940000,NVDA
2021-08-27,22.5579776763916,22.643681691661413,22.09059436740916,22.10753596930984,304722000,NVDA
2021-08-30,22.609792709350582,22.963568544992565,22.47326582404602,22.751303423762156,262580000,NVDA
2021-08-31,22.311777114868164,22.620762547931086,22.047644559274826,22.620762547931086,259850000,NVDA
2021-09-01,22.36759376525879,22.622756886870174,22.283868900667112,22.411450461472807,201767000,NVDA
2021-09-02,22.322738647460938,22.51909472765023,22.22206920355075,22.44433930541851,187834000,NVDA
2021-09-03,22.76827049255371,22.91080232423696,22.127374389935948,22.251965457669577,280532000,NVDA
2021-09-07,22.587867736816406,22.82409196545465,22.4483244181334,22.758307882725692,198107000,NVDA
2021-09-08,22.26592445373535,22.53603785625392,21.905107228441462,22.439355044930288,254434000,NVDA
2021-09-09,22.104454040527344,22.464273188352024,22.05860498845257,22.23901265299159,196856000,NVDA
2021-09-10,22.404468536376957,22.551983198863454,22.19714878261406,22.27489273972057,248376000,NVDA
2021-09-13,22.07953643798828,22.88888048395177,21.786497552074803,22.609795740171823,297500000,NVDA
2021-09-14,22.169239044189453,22.336688726101837,22.013749239081235,22.202130131232664,199755000,NVDA
2021-09-15,22.26791381835937,22.293829735980275,21.89414058393964,22.236018912995096,166538000,NVDA
2021-09-16,22.169239044189453,22.204124394587865,21.855268989494725,22.1104320390737,156033000,NVDA
2021-09-17,21.82836151123047,22.247983887075037,21.758590795663608,22.227052672404977,294503000,NVDA
2021-09-20,21.04393768310547,21.36289062011508,20.594412745883098,21.07682877794372,349440000,NVDA
2021-09-21,21.17650032043457,21.35491372577289,20.88146906785273,21.3469404733302,204688000,NVDA
2021-09-22,21.86922645568848,21.8881634054524,21.12666266761119,21.296106638649068,268726000,NVDA
2021-09-23,22.40845489501953,22.461281014018837,21.818390548782627,22.067572722802016,248555000,NVDA
2021-09-24,22.00876808166504,22.076546431149566,21.789488429342764,21.997804384215325,217655000,NVDA
2021-09-27,21.589141845703125,21.727687063616163,21.255238669165244,21.63897751646404,245215000,NVDA
2021-09-28,20.631288528442383,21.34893447038271,20.58344521216512,21.14460514549343,343069000,NVDA
2021-09-29,20.449880599975582,20.948244893055964,20.400043030002205,20.871497126516758,218394000,NVDA
2021-09-30,20.648229598999023,20.997084994573704,20.620321319441768,20.700059532620926,221009000,NVDA
2021-10-01,20.674150466918945,20.79076641966092,20.13691215457875,20.68212371981342,240978000,NVDA
2021-10-04,19.667449951171875,20.474799620417603,19.49102893557556,20.436923825487423,345635000,NVDA
2021-10-05,20.38409996032715,20.580456026751712,19.789052772537165,19.884739402108558,279282000,NVDA
2021-10-06,20.63228416442871,20.65221729292301,20.01431155448803,20.054181613694748,297202000,NVDA
2021-10-07,21.00605773925781,21.25224946522736,20.90339404621148,21.02300042346264,256919000,NVDA
2021-10-08,20.76285552978516,21.136628803152057,20.707038964304346,21.031972742875528,151258000,NVDA
2021-10-11,20.62730407714844,20.994100339135557,20.44390594615488,20.50769767495365,163388000,NVDA
2021-10-12,20.603376388549805,20.98811330819256,20.460844548765365,20.759862367878053,162134000,NVDA
2021-10-13,20.870502471923828,20.921336231312484,20.645241941754325,20.849571259430128,180652000,NVDA
2021-10-14,21.67486572265625,21.683835156792203,21.05290637670848,21.2183637297649,243589000,NVDA
2021-10-15,21.79048538208008,21.859259915283243,21.5911407550322,21.73865543684794,226994000,NVDA
2021-10-18,22.149309158325195,22.218083693968943,21.573198850194263,21.677856826800955,189494000,NVDA
2021-10-19,22.217086791992188,22.30579445739423,21.964914136514288,22.20313074793577,161473000,NVDA
2021-10-20,22.030691146850582,22.359611482861872,21.910086706794985,22.232029973574345,146276000,NVDA
2021-10-21,22.61777114868164,22.636710001159347,22.010764006896952,22.02471815036075,187590000,NVDA
2021-10-22,22.65165901184082,23.05433678621153,22.48719974500284,22.748341829119337,249384000,NVDA
2021-10-25,23.09022331237793,23.278604263396428,22.69551873786427,22.897853833402657,230235000,NVDA
2021-10-26,24.63614273071289,25.176371413393948,23.845737588941468,23.9105254877928,485898000,NVDA
2021-10-27,24.371013641357425,25.00792321942295,24.20256586759915,24.393939116260093,245990000,NVDA
2021-10-28,24.859411239624023,24.86838257384653,24.442779360511576,24.79661760339399,234204000,NVDA
2021-10-29,25.483362197875977,25.62489787147844,24.91821758575926,24.91921376694326,292503000,NVDA
2021-11-01,25.742511749267575,25.80929200930688,25.144474150231424,25.56509454291213,265740000,NVDA
2021-11-02,26.31463623046875,26.590730535065173,25.715602386475727,25.73753168250349,294112000,NVDA
2021-11-03,26.51099395751953,26.69638634791327,26.149182413290003,26.58275893777931,239910000,NVDA
2021-11-04,29.70351219177246,31.2623950368217,27.029288562062703,27.13992550714528,1153631000,NVDA
2021-11-05,29.654674530029297,31.29728232118688,29.313792339899493,30.08825100329556,851260000,NVDA
2021-11-08,30.70323371887207,30.998264961741995,29.80916675461837,30.05037569360793,503101000,NVDA
2021-11-09,30.55671501159668,32.20430952982085,29.865983049867182,32.176401244543264,646746000,NVDA
2021-11-10,29.36263656616211,30.749087223860624,28.683864422453304,29.259974750868533,636206000,NVDA
2021-11-11,30.29058837890625,30.489934904320453,29.679594643475284,30.368334246239343,332172000,NVDA
2021-11-12,30.29058837890625,30.579640650645903,29.53307424388538,29.911832261950494,413054000,NVDA
2021-11-15,29.92677879333496,30.54375334062734,29.15132398754459,30.45205524331211,384909000,NVDA
2021-11-16,30.104196548461918,30.290585092245067,29.608822634811435,29.661650656013027,264484000,NVDA
2021-11-17,29.1652774810791,30.409195964278997,28.705785120196275,30.31849214904719,428508000,NVDA
2021-11-18,31.57138442993164,32.65283428082638,31.218542338444998,32.26112210775192,781711000,NVDA
2021-11-19,32.877105712890625,32.97976943566429,31.80063850038269,32.13753223855901,533867000,NVDA
2021-11-22,31.851463317871094,34.533660369454104,31.7956467512018,33.40735581710539,754335000,NVDA
2021-11-23,31.642152786254883,32.25414458908274,30.77898451965756,31.431842568314533,532163000,NVDA
2021-11-24,32.567115783691406,32.74752344863697,30.82682705345173,31.358084433513884,435162000,NVDA
2021-11-26,31.399948120117188,32.602998628839266,31.247448733080454,32.49335785082512,283069000,NVDA
2021-11-29,33.26681137084961,33.30269289886204,31.93119496844288,32.26011721336179,454964000,NVDA
2021-11-30,32.56910705566406,33.24389436052743,31.759764944757165,33.06049435573746,622066000,NVDA
2021-12-01,31.33600425720215,33.18416762661396,31.28117715917713,33.114388375070114,484368000,NVDA
2021-12-02,32.02482604980469,32.37571869369958,30.927293561836475,31.11569943003582,472890000,NVDA
2021-12-03,30.596342086791992,32.027820642535175,30.03511346450326,31.899225278294047,544325000,NVDA
2021-12-06,29.942405700683597,30.14576181755065,27.94970056581488,29.78589864714848,658938000,NVDA
2021-12-07,32.32487487792969,32.34680875654143,30.554469012712545,30.859506976245637,593053000,NVDA
2021-12-08,31.72577476501465,32.18831425036044,31.322049493917223,31.898230293439173,475551000,NVDA
2021-12-09,30.39398002624512,32.103581165831095,30.33217500414839,31.634061878266102,488507000,NVDA
2021-12-10,30.102901458740234,31.20641568253049,29.766962833942674,31.051903118678588,488825000,NVDA
2021-12-13,28.07231330871582,30.19859728465225,28.027454948851968,30.1537389247884,598344000,NVDA
2021-12-14,28.24776077270508,28.5876864971328,27.16418406880267,27.61176948097452,667035000,NVDA
2021-12-15,30.36307907104492,30.403950320139508,27.750332756169268,28.31056319651723,698297000,NVDA
2021-12-16,28.297607421875,31.061875857394217,28.004534516432194,31.053901627697662,707366000,NVDA
2021-12-17,27.71344757080078,28.83091752139496,27.672576326059648,27.896868119225253,713758000,NVDA
2021-12-20,27.631702423095703,28.055363179496755,27.05951075579136,27.219006704178227,461847000,NVDA
2021-12-21,28.98344039916992,29.028298765292003,27.314710320233896,28.284647712043096,524385000,NVDA
2021-12-22,29.307416915893555,29.4619294942851,28.35941146999594,28.80002091891176,395184000,NVDA
2021-12-23,29.546653747558597,29.9643348089571,29.338312319080405,29.66129134837661,343022000,NVDA
2021-12-27,30.847545623779297,30.989098625583328,29.546655113197424,29.566592584176444,403686000,NVDA
2021-12-28,30.22650718688965,31.231332106487933,29.917482103381964,31.21338914387757,420591000,NVDA
2021-12-29,29.90652084350586,30.451799123179573,29.27352034590901,30.177665528495464,343139000,NVDA
2021-12-30,29.492826461791992,30.361083746132028,29.446971799242743,29.733066714604764,308864000,NVDA
2021-12-31,29.31837654113769,29.93542853604102,29.238628557646763,29.580548773634128,266530000,NVDA
2022-01-03,30.026145935058597,30.61428811203806,29.691203595037003,29.7211098062086,391547000,NVDA
2022-01-04,29.1977653503418,30.372055271999844,28.25972861799797,30.181656755028943,527154000,NVDA
2022-01-05,27.517066955566406,29.323360707048195,27.44629140730359,28.857830469478007,498064000,NVDA
2022-01-06,28.089262008666992,28.34844345099376,26.979768076203065,27.55295615903355,454186000,NVDA
2022-01-07,27.161195755004883,28.332496683528657,26.97179355482779,28.05238144846275,409939000,NVDA
2022-01-10,27.31371688842773,27.382499850468903,25.56324602367755,26.497295679980645,594681000,NVDA
2022-01-11,27.729398727416992,27.97661882621992,26.75447988688372,27.23695493896439,404089000,NVDA
2022-01-12,27.91082191467285,28.50494367038096,27.52105256494921,27.97860664853236,383413000,NVDA
2022-01-13,26.49131393432617,28.390313718259936,26.41455484685321,28.289631942753868,540171000,NVDA
2022-01-14,26.857149124145508,27.111347099674465,26.12745411277232,26.21717082162469,395832000,NVDA
2022-01-18,25.821430206298828,26.55411626780596,25.688849607083327,26.17730634764064,424270000,NVDA
2022-01-19,24.988059997558597,26.45941170270569,24.97310784305652,25.996874104337756,488315000,NVDA
2022-01-20,24.07394218444824,25.498442577656352,24.0021684375806,25.22430903638029,435181000,NVDA
2022-01-21,23.300392150878903,24.744828429105823,23.18974164646766,23.43297273498428,718958000,NVDA
2022-01-24,23.298398971557617,23.30637320074799,20.82222208177901,22.259680516494218,913982000,NVDA
2022-01-25,22.25369644165039,22.87074846480711,21.930717378924925,22.47499743870543,664616000,NVDA
2022-01-26,22.700288772583008,23.981242067414527,22.22977501124328,23.16681541920088,755959000,NVDA
2022-01-27,21.874897003173828,23.919438849325257,21.60674309968497,23.493783457519356,573353000,NVDA
2022-01-28,22.768068313598636,22.786011274912312,21.228930332631837,21.94267498109444,543774000,NVDA
2022-01-31,24.408891677856445,24.43181996391164,22.979407443957587,23.108997226913345,564680000,NVDA
2022-02-01,24.56040954589844,25.06581285150228,23.81476408120491,25.024941605227585,518925000,NVDA
2022-02-02,25.16250991821289,25.735698020360548,24.475678597564364,25.712771637079918,543419000,NVDA
2022-02-03,23.87258529663086,24.99802967321124,23.705115075622988,24.38097948355901,410178000,NVDA
2022-02-04,24.242414474487305,24.55741930721573,23.557577711661764,23.89650713053911,354829000,NVDA
2022-02-07,24.65013313293457,25.10270207486209,24.12578851289725,24.29525326559257,376868000,NVDA
2022-02-08,25.028926849365234,25.15054237458659,23.9044790159407,24.282285137278183,410359000,NVDA
2022-02-09,26.62090301513672,26.64084048931407,25.27316132302811,25.541313315747384,524282000,NVDA
2022-02-10,25.742673873901367,26.840206412140088,25.519380273324217,25.91313678658992,513200000,NVDA
2022-02-11,23.87357711791992,26.069640256444483,23.69813270066166,25.83438342747641,605472000,NVDA
2022-02-14,24.190582275390625,24.79666745710509,23.68019355309909,23.858630725496297,440424000,NVDA
2022-02-15,26.411563873291016,26.46140565481249,24.705951642944157,24.870431043038703,699869000,NVDA
2022-02-16,26.42751121520996,26.498288671486037,25.47153166394175,26.17630590901265,732676000,NVDA
2022-02-17,24.429821014404297,25.70379613633401,24.088899004953028,25.549283587406155,810595000,NVDA
2022-02-18,23.56754493713379,24.90731216889236,23.02725202902934,24.59031284874341,761255000,NVDA
2022-02-22,23.31633949279785,23.98821671585555,22.92756829107429,22.962457916801178,633422000,NVDA
2022-02-23,22.31649780273437,24.07893155363586,22.230770094894357,23.72704258537858,566511000,NVDA
2022-02-24,23.673215866088867,23.725052161803507,20.82421601122137,20.94882238161181,735801000,NVDA
2022-02-25,24.080928802490234,24.14073932913622,23.307373366996057,23.64630285356059,528866000,NVDA
2022-02-28,24.30820846557617,24.587327391046674,23.632344083996863,23.91644642718018,477319000,NVDA
2022-03-01,23.40306282043457,24.300229958145785,23.0591500185398,24.214500358111323,412056000,NVDA
2022-03-02,24.147836685180664,24.336274646536083,23.345236751503386,23.68522035856199,389642000,NVDA
2022-03-03,23.643348693847656,24.253524852561736,23.39907779476586,24.189714450005976,365095000,NVDA
2022-03-04,22.86766815185547,23.609451053409828,22.4150202714538,23.31433339065873,431415000,NVDA
2022-03-07,21.28838348388672,22.964376798114145,21.2664496692882,22.749018838877227,450821000,NVDA
2022-03-08,21.449901580810547,22.306341548855197,20.58847544472764,21.24551242955818,557467000,NVDA
2022-03-09,22.945432662963867,23.150818288505107,22.18071764381372,22.320299923146024,492742000,NVDA
2022-03-10,22.59049224853516,22.720104081485783,21.816803338925023,22.4638698341534,428066000,NVDA
2022-03-11,22.034154891967773,23.076041459647897,21.980314929450078,22.9534068346535,367209000,NVDA
2022-03-14,21.266454696655277,22.195677339606927,21.095964602580043,21.803848494685607,385354000,NVDA
2022-03-15,22.90455436706543,22.96936124008591,21.258474245006287,21.45388943534592,491996000,NVDA
2022-03-16,24.423015594482425,24.523714502325596,23.102960984324504,23.42998284118169,671422000,NVDA
2022-03-17,24.692216873168945,24.76798876220505,23.834778411537343,24.048141553865687,471941000,NVDA
2022-03-18,26.37418365478516,26.489839164055603,24.55063450386545,24.72511233897288,730719000,NVDA
2022-03-21,26.65435028076172,27.07110609904061,25.88963521663449,26.428027300009337,591727000,NVDA
2022-03-22,26.44497299194336,27.156846357898804,25.99432004218782,26.64736727935604,547007000,NVDA
2022-03-23,25.55762481689453,26.53270962394399,25.498800590929083,26.048157589776604,502120000,NVDA
2022-03-24,28.066133499145508,28.23562710130492,25.82981594503605,26.08804509302188,877379000,NVDA
2022-03-25,27.609495162963867,28.27351127824337,27.189749942659294,27.802917411678862,579016000,NVDA
2022-03-28,28.13492774963379,28.165835529081235,27.124945266667112,27.67330780734801,425494000,NVDA
2022-03-29,28.57062530517578,28.85976031919867,27.896638718914144,28.60950867127436,488984000,NVDA
2022-03-30,27.607501983642575,28.41110037401944,27.42105885059828,28.219672974520872,463487000,NVDA
2022-03-31,27.20470428466797,28.163838026854247,27.188753110757293,27.699226807551824,523440000,NVDA
2022-04-01,26.632417678833008,27.414082328036937,26.18874375749049,27.29344253044728,517235000,NVDA
2022-04-04,27.278488159179688,27.47589822081412,26.53371392218008,26.648371079518316,397120000,NVDA
2022-04-05,25.853740692138672,27.237605758755578,25.743071345725756,27.172798887898374,436615000,NVDA
2022-04-06,24.33428001403809,25.224619010193965,23.931484383526115,24.859710266858784,703833000,NVDA
2022-04-07,24.13587951660156,24.648348142863963,23.40805479480209,24.36818516337684,557992000,NVDA
2022-04-08,23.05011940002441,23.851724837527705,22.99329001527572,23.84574219650176,524781000,NVDA
2022-04-11,21.851701736450195,22.253500942815894,21.59546745592254,22.147817756385205,575207000,NVDA
2022-04-12,21.4399356842041,22.6572987895722,21.21859693777354,22.46985914697928,662258000,NVDA
2022-04-13,22.13684844970703,22.432964462991524,21.39107781519928,21.663265165709976,516943000,NVDA
2022-04-14,21.19466590881348,22.70914138808518,21.099949624918715,22.437950489268136,569097000,NVDA
2022-04-18,21.71809959411621,22.02218926461033,21.016196654972152,21.136836430632236,525701000,NVDA
2022-04-19,22.13186264038086,22.3063404800413,21.25049567770769,21.655286167385736,512781000,NVDA
2022-04-20,21.417999267578125,22.60245959862573,21.13683983778389,22.44991555152109,468974000,NVDA
2022-04-21,20.12286758422852,22.325285752038848,19.940412249254727,21.644320110833693,656209000,NVDA
2022-04-22,19.45685577392578,20.424963414737597,19.44190107394043,20.24250808791984,624713000,NVDA
2022-04-25,19.84270477294922,19.8855759292998,19.03910639794909,19.14478957941765,641566000,NVDA
2022-04-26,18.73202514648437,19.72904585331805,18.614376672651343,19.659254708106264,653143000,NVDA
2022-04-27,18.36013984680176,19.10989842987633,18.235512240679014,18.54259332339233,499460000,NVDA
2022-04-28,19.72306251525879,19.977303851455268,18.43491199008361,18.91049013542069,570327000,NVDA
2022-04-29,18.491743087768555,20.06803212955995,18.46183178332937,19.344195296792407,500435000,NVDA
2022-05-02,19.474803924560547,19.51568023177817,18.33620622488366,18.48575893149055,572049000,NVDA
2022-05-03,19.543596267700195,19.765933327881584,19.07599376280304,19.342198449627805,475751000,NVDA
2022-05-04,20.273418426513672,20.339221777103816,18.695134485364377,19.863643621096067,648855000,NVDA
2022-05-05,18.78785514831543,19.86563374147308,18.444880215286258,19.80780788821949,626331000,NVDA
2022-05-06,18.61935806274414,19.45386415893865,17.93639951654731,18.68017713798414,633297000,NVDA
2022-05-09,16.89950180053711,18.20061223010109,16.776867157808468,17.98027188540069,644455000,NVDA
2022-05-10,17.542577743530273,18.143781837571737,16.974276274336525,17.636297548198513,761474000,NVDA
2022-05-11,16.580453872680664,17.70010924577166,16.518640215360524,17.29531869321598,670167000,NVDA
2022-05-12,16.126808166503906,16.73798268883239,15.52062076316458,16.170677698614824,708728000,NVDA
2022-05-13,17.65324592590332,17.874584618378165,16.54356304480127,16.737981755398717,670437000,NVDA
2022-05-16,17.212562561035156,17.735001491928404,17.055034273977807,17.456833430342392,521446000,NVDA
2022-05-17,18.12284469604492,18.31626694871044,17.581463204511554,18.020150928461515,585830000,NVDA
2022-05-18,16.887531280517578,18.064015658118677,16.81375236415352,17.652246125958293,545161000,NVDA
2022-05-19,17.072980880737305,17.634303190844598,16.684141563200637,16.88653775929863,621310000,NVDA
2022-05-20,16.644262313842773,17.358128675360334,15.70805983134072,17.280361950120188,739105000,NVDA
2022-05-23,16.8476619720459,16.864611527220664,16.130803992987865,16.225520305631132,639889000,NVDA
2022-05-24,16.105873107910156,16.54755410720824,15.732987737093548,16.460813405318188,588550000,NVDA
2022-05-25,16.924423217773438,17.06001768509136,15.952327858559345,15.972268724782303,781132000,NVDA
2022-05-26,17.797815322875977,18.03809652185166,15.974264096032462,15.9882223241749,996575000,NVDA
2022-05-27,18.75495719909668,18.82474834379244,18.04607504059277,18.13181926193302,738379000,NVDA
2022-05-31,18.616369247436523,19.14279599466487,18.295328116993225,18.923450248875827,664100000,NVDA
2022-06-01,18.265417098999023,18.99623300147652,18.06800706571725,18.668214653926945,544514000,NVDA
2022-06-02,19.533626556396484,19.56054653843792,18.14378074438324,18.237500543404728,648656000,NVDA
2022-06-03,18.664226531982425,19.274404605825605,18.4668164820624,19.025149434663984,598779000,NVDA
2022-06-06,18.73002815246582,19.27938709229923,18.508689459205605,19.081977060607624,422406000,NVDA
2022-06-07,18.869613647460938,18.9433925831492,18.13381153154524,18.416965795176733,388914000,NVDA
2022-06-08,18.59637260437012,19.12689931949138,18.4836845843309,18.74695362356912,363252000,NVDA
2022-06-09,17.99803352355957,18.880583584037574,17.991052933850728,18.42983530392258,395574000,NVDA
2022-06-10,16.927005767822266,17.648003603750368,16.822295031090142,17.551272041612552,465248000,NVDA
2022-06-13,15.603678703308104,16.266837489978222,15.562791854181512,15.955701045689514,604153000,NVDA
2022-06-14,15.792157173156738,16.021519942748558,15.369330314017972,15.68744737975274,469680000,NVDA
2022-06-15,16.481245040893555,16.821300578805904,15.881908139766276,16.050439932166825,563936000,NVDA
2022-06-16,15.557806968688965,15.897863432906355,15.358360878066698,15.816089727372349,545749000,NVDA
2022-06-17,15.836034774780272,15.950716157739642,15.285562995334534,15.604676739581116,630334000,NVDA
2022-06-21,16.52013397216797,16.960909651002094,16.36157379723121,16.429386318006205,483089000,NVDA
2022-06-22,16.31471061706543,16.615874624972886,16.135208613375514,16.181080798165386,437135000,NVDA
2022-06-23,16.180084228515625,16.539086336361255,15.80911335486878,16.473269061348233,463680000,NVDA
2022-06-24,17.078582763671875,17.092543941061024,16.26484203486428,16.454316515193973,472153000,NVDA
2022-06-27,16.822296142578125,17.282020263994987,16.579968879448046,17.26407044859053,427968000,NVDA
2022-06-28,15.937750816345217,17.154372304605772,15.900852604328026,16.853208409572957,461149000,NVDA
2022-06-29,15.49897003173828,15.776200235548698,15.128000214513376,15.770217280899118,482352000,NVDA
2022-06-30,15.117032051086426,15.523902477901675,14.820854376855518,15.318472470620367,686070000,NVDA
2022-07-01,14.482792854309082,15.0212978268502,14.352155961339314,14.85775230195311,577610000,NVDA
2022-07-05,14.92257022857666,14.929550817854716,14.016087452919178,14.135755105271844,651397000,NVDA
2022-07-06,15.088111877441406,15.27658874989287,14.748055399282007,14.968444218161782,529066000,NVDA
2022-07-07,15.814096450805664,15.900855482165372,15.346395028402622,15.41320992490336,492903000,NVDA
2022-07-08,15.79415225982666,15.992601679207208,15.346394973873569,15.387281829188536,467972000,NVDA
2022-07-11,15.110050201416016,15.484011966579512,14.996365505258906,15.483014331967349,437321000,NVDA
2022-07-12,15.040244102478027,15.388277846313349,14.835811736826283,15.225729017833062,458483000,NVDA
2022-07-13,15.12201690673828,15.33243317896186,14.424952733218012,14.549606661502256,521918000,NVDA
2022-07-14,15.32944107055664,15.430161276206992,14.687223985290592,15.066172037556123,456235000,NVDA
2022-07-15,15.718361854553224,15.738305988579,15.40223910380052,15.615647329390558,385935000,NVDA
2022-07-18,16.056421279907227,16.850216937133126,15.957696353307478,16.25686498780902,670517000,NVDA
2022-07-19,16.94495391845703,17.062627235975032,16.12722460067231,16.440354390374548,702366000,NVDA
2022-07-20,17.757699966430664,17.88335248572077,16.754486493931914,16.900082197018165,760538000,NVDA
2022-07-21,18.000028610229492,18.09376823842625,17.49642751736756,17.835486394527994,557049000,NVDA
2022-07-22,17.27105140686035,17.917256187628578,17.089554175506528,17.843461655137467,536671000,NVDA
2022-07-25,16.976869583129883,17.0765931156567,16.602907762705456,16.971882360366042,480748000,NVDA
2022-07-26,16.487226486206055,16.872157459195602,16.43237845884533,16.842239834616713,397865000,NVDA
2022-07-27,17.740745544433594,17.886341221329417,16.866172897497414,16.984842903526864,569776000,NVDA
2022-07-28,17.934207916259766,18.089776144359217,17.391715338129444,17.925233960102176,474646000,NVDA
2022-07-29,18.112716674804688,18.193491806144685,17.643019947154993,17.763685253323978,435460000,NVDA
2022-08-01,18.38994598388672,18.793825424102035,17.94019436661478,18.131662250640616,476469000,NVDA
2022-08-02,18.47471237182617,18.88557246042544,18.041913826316232,18.07183146015948,489527000,NVDA
2022-08-03,18.8406925201416,18.915485636087563,18.08678506318179,18.13365582161576,418146000,NVDA
2022-08-04,19.16180229187012,19.2206389621084,18.70806206227677,18.79681636049093,409652000,NVDA
2022-08-05,18.936431884765625,19.17576724952665,18.61432611149034,18.757926569519597,386068000,NVDA
2022-08-08,17.743736267089844,18.188502488777345,17.19426311465401,17.453543487866224,981859000,NVDA
2022-08-09,17.0386962890625,17.398696888442636,16.67769900606931,17.204237068091455,668263000,NVDA
2022-08-10,18.046894073486328,18.067835838460876,17.269053012858226,17.648998636902306,597422000,NVDA
2022-08-11,17.8923282623291,18.655211706632087,17.826510993938886,18.08080610939597,509327000,NVDA
2022-08-12,18.65719985961914,18.6661757172825,17.90329248620022,18.109720093847795,478094000,NVDA
2022-08-15,18.979310989379883,19.110945527296405,18.561472236217572,18.64922796080583,457666000,NVDA
2022-08-16,18.826732635498047,19.089004999072056,18.449778881107083,18.867619490970508,451240000,NVDA
2022-08-17,18.28423500061035,18.636258289146177,18.09476242280792,18.47171611346851,446799000,NVDA
2022-08-18,18.721027374267575,18.8127717274186,18.13266064622917,18.25033399183685,415447000,NVDA
2022-08-19,17.799583435058594,18.468725204485096,17.720801686073024,18.35504051013906,441588000,NVDA
2022-08-22,16.98684310913086,17.509392623810882,16.91903057051117,17.44158008519119,409593000,NVDA
2022-08-23,17.133438110351562,17.416652317313172,16.923021774033224,16.94197018119619,369986000,NVDA
2022-08-24,17.1743221282959,17.357812751409767,16.8482277414163,16.964902510641934,522661000,NVDA
2022-08-25,17.863405227661133,17.897311489093674,16.786395448843106,16.797364674114142,770691000,NVDA
2022-08-26,16.214984893798828,17.874377717185446,16.192047853448514,17.807563767738106,769127000,NVDA
2022-08-29,15.757251739501951,16.292764661951434,15.723346430004725,15.97564621280239,496132000,NVDA
2022-08-30,15.425176620483398,15.994594931513266,15.139968172102677,15.915814125564095,530181000,NVDA
2022-08-31,15.05221176147461,15.49697709866868,14.917585283969304,15.34140885146709,573710000,NVDA
2022-09-01,13.898415565490724,14.340188956278505,13.233262343519234,14.169661891977617,1178865000,NVDA
2022-09-02,13.609217643737791,14.131766129658756,13.55337197606146,14.060963550220944,743157000,NVDA
2022-09-06,13.42772102355957,13.740851814141765,13.314036323816168,13.692984371926862,535751000,NVDA
2022-09-07,13.680094718933104,13.803788702525829,13.313004492414724,13.529468012385438,512657000,NVDA
2022-09-08,13.955413818359377,13.97336992015191,13.335949711141568,13.42572641483764,624873000,NVDA
2022-09-09,14.351428985595703,14.43821377614033,14.09107461396182,14.121997153771227,486612000,NVDA
2022-09-12,14.469139099121094,14.511035078989412,14.16289794182431,14.333475654409431,484159000,NVDA
2022-09-13,13.098536491394045,13.887581309355834,13.06661601426547,13.767878093148786,714956000,NVDA
2022-09-14,13.095545768737791,13.2571449823335,12.881077130493788,13.221233728873338,588507000,NVDA
2022-09-15,12.8970365524292,13.200284898230093,12.758380252068209,12.982824382811994,523625000,NVDA
2022-09-16,13.16537094116211,13.179336268504516,12.585807002502516,12.710497968812046,670751000,NVDA
2022-09-19,13.348917007446287,13.429717086609914,12.977836924096026,12.97983183509863,569685000,NVDA
2022-09-20,13.143426895141602,13.449668111931604,13.024721595787252,13.182330992088998,524818000,NVDA
2022-09-21,13.228214263916016,13.996311035255736,13.077587561187178,13.18033355166007,807679000,NVDA
2022-09-22,12.529945373535156,13.116491960905076,12.397274767166287,13.037686800354493,759162000,NVDA
2022-09-23,12.48505687713623,12.579822277960686,12.22669736982,12.38929449653901,663309000,NVDA
2022-09-26,12.197769165039062,12.627704338358164,12.183803837251508,12.460119453590892,547343000,NVDA
2022-09-27,12.382312774658203,12.704514210651316,12.227696230944115,12.47608025152524,553854000,NVDA
2022-09-28,12.704514503479004,12.791299318139588,12.323458902869692,12.37932021781137,542414000,NVDA
2022-09-29,12.189788818359377,12.469096309319497,11.916466059827378,12.417224823009532,532763000,NVDA
2022-09-30,12.108989715576172,12.60176887493644,12.045147807986924,12.057118225117197,565638000,NVDA
2022-10-03,12.481066703796388,12.64665666780186,12.075072388322884,12.316474670852145,547478000,NVDA
2022-10-04,13.13444709777832,13.187316515119232,12.847159012438114,12.847159012438114,584182000,NVDA
2022-10-05,13.176344871520996,13.288068453828838,12.589799156184034,12.87908219169331,507131000,NVDA
2022-10-06,13.097537994384766,13.622237554535424,13.070604321982785,13.187315633969389,644157000,NVDA
2022-10-07,12.046144485473633,12.638675790831927,11.992278089651654,12.474083761565735,672478000,NVDA
2022-10-10,11.64114761352539,12.094024681790136,11.379795288609536,12.007239883816968,698699000,NVDA
2022-10-11,11.557355880737305,11.816712348676244,11.255104551505667,11.532417118510912,667482000,NVDA
2022-10-12,11.471569061279297,11.705987738753208,11.316952527256786,11.550374224944592,492590000,NVDA
2022-10-13,11.93043041229248,12.048138702279784,10.78626591637664,10.943875273241852,850103000,NVDA
2022-10-14,11.19924545288086,12.081059900782172,11.176302548165202,12.027193495602644,713432000,NVDA
2022-10-17,11.858610153198242,11.918462240438943,11.48852799742512,11.48952497727775,580774000,NVDA
2022-10-18,11.93741512298584,12.461116834509994,11.589277945577948,12.313482956867912,659362000,NVDA
2022-10-19,12.02120876312256,12.319470353317197,11.8047451940468,11.849634027138018,523131000,NVDA
2022-10-20,12.16385269165039,12.737430913529549,12.07507202855851,12.083052622860915,652398000,NVDA
2022-10-21,12.435179710388184,12.46710113661728,11.857611660936854,12.068089492311048,609494000,NVDA
2022-10-24,12.567852973937988,12.678578622776968,12.034175742763328,12.477078338119243,517457000,NVDA
2022-10-25,13.228214263916016,13.267118353397784,12.632690116328606,12.662616631719668,505482000,NVDA
2022-10-26,12.864116668701172,13.354899906667043,12.676581741774218,12.837183946889244,532953000,NVDA
2022-10-27,13.143426895141602,13.803791001482493,13.089560488943963,13.596305021274278,583113000,NVDA
2022-10-28,13.799798965454102,13.815760155792058,13.028710226197942,13.071604141512529,521040000,NVDA
2022-10-31,13.463630676269531,13.803788166627175,13.264125332932366,13.743936087967768,486341000,NVDA
2022-11-01,13.509519577026367,13.890575176364532,13.485578741755033,13.776856684484033,432817000,NVDA
2022-11-02,13.186321258544922,14.174871588892046,13.178341613693798,13.81576188503939,672628000,NVDA
2022-11-03,13.387819290161133,13.74692988442399,12.92396969143258,13.01075449802835,500065000,NVDA
2022-11-04,14.121002197265623,14.193821673388255,13.663136398930058,13.95142241289194,612576000,NVDA
2022-11-07,14.265643119812012,14.3763687541529,13.91950184134696,14.192823644192917,410061000,NVDA
2022-11-08,14.565900802612305,14.854185888099916,14.18085444989022,14.764408236163073,595292000,NVDA
2022-11-09,13.74194049835205,14.175865431075565,13.724982330959945,14.126985839536582,454414000,NVDA
2022-11-10,15.711061477661133,15.734004379130576,14.51103557058689,14.76341034070044,700819000,NVDA
2022-11-11,16.28663444519043,16.348481436653724,15.443724222491776,15.767920535169456,655487000,NVDA
2022-11-14,16.25471305847168,16.499108168761815,15.882635102124247,16.177903764636575,527852000,NVDA
2022-11-15,16.62479591369629,16.955973916165302,16.34149766989013,16.68065721766376,545876000,NVDA
2022-11-16,15.87066650390625,16.321548716407033,15.83375827360978,16.122044306055884,649547000,NVDA
2022-11-17,15.638242721557615,16.225787271704426,15.496593581923412,15.676148882942352,710894000,NVDA
2022-11-18,15.370905876159668,15.962440257527843,15.082619839364542,15.926528055174298,492072000,NVDA
2022-11-21,15.279131889343262,15.43873616621096,15.0427173645285,15.1095521073422,404739000,NVDA
2022-11-22,15.998351097106934,16.018302109906227,15.084615259338907,15.290106315115048,472866000,NVDA
2022-11-23,16.478164672851562,16.48614622134562,16.00833020239292,16.058205842970562,427241000,NVDA
2022-11-25,16.229778289794922,16.44624088571978,16.1320209884095,16.277659960613633,167934000,NVDA
2022-11-28,15.787871360778809,16.316561753105944,15.686124245692138,15.986378789361892,303741000,NVDA
2022-11-29,15.600336074829102,15.89261191979211,15.48163079273218,15.787871013684132,298384000,NVDA
2022-11-30,16.885482788085938,16.89246723894382,15.562422258629718,15.662199992090873,565298000,NVDA
2022-12-01,17.09701156616211,17.22672251600334,16.59812007687738,16.961313400800822,470977000,NVDA
2022-12-02,16.83858871459961,16.895463468352688,16.408544399522622,16.62207070441096,371389000,NVDA
2022-12-05,16.57317352294922,16.957320143368804,16.43547900431618,16.64202078226574,352255000,NVDA
2022-12-06,15.951556205749512,16.536256494140442,15.783928452332743,16.493352558842304,352694000,NVDA
2022-12-07,16.084259033203125,16.150112680566554,15.632262419910722,15.737030105203344,372388000,NVDA
2022-12-08,17.130937576293945,17.140915635032428,15.923619112619104,16.236924067023104,515456000,NVDA
2022-12-09,16.963308334350586,17.544018774553155,16.93736690492108,17.121956228129644,465338000,NVDA
2022-12-12,17.496124267578125,17.499117875319435,16.75976146929497,16.99922915428006,457328000,NVDA
2022-12-13,18.03193473815918,18.7483433376604,17.671735017061216,18.48991676619764,656589000,NVDA
2022-12-14,17.634817123413086,18.21153673692968,17.38138052214265,17.947122938893273,496888000,NVDA
2022-12-15,16.914413452148438,17.281597547820855,16.662973286290804,17.107983556218308,478542000,NVDA
2022-12-16,16.53426170349121,17.003220944622573,16.373619336340138,16.82661330300129,478232000,NVDA
2022-12-19,16.217960357666016,16.572172773420323,16.109202785089362,16.53525606050728,354039000,NVDA
2022-12-20,16.049335479736328,16.27383699113288,15.816853236020515,16.02838213221396,403260000,NVDA
2022-12-21,16.464418411254883,16.59014043707696,16.066302786245483,16.078277218761983,325025000,NVDA
2022-12-22,15.30499267578125,16.102222004625823,14.849006080737974,16.05831892986543,565045000,NVDA
2022-12-23,15.172289848327637,15.304994419476047,14.850005959024218,15.162311789148932,349326000,NVDA
2022-12-27,14.089693069458008,15.066522651056324,14.024836646016348,15.04058027199165,464902000,NVDA
2022-12-28,14.004881858825684,14.230380640006066,13.853218422811985,13.896123310795858,351066000,NVDA
2022-12-29,14.57062530517578,14.650447871616407,14.195459433216843,14.370071654140734,354923000,NVDA
2022-12-30,14.5816011428833,14.59656727894766,14.201445300640174,14.302221216588292,310490000,NVDA
2023-01-03,14.283262252807615,14.962753137456131,14.064747927725566,14.818074155568226,401277000,NVDA
2023-01-04,14.716300010681152,14.820069526606868,14.209426861493183,14.534704309371104,431324000,NVDA
2023-01-05,14.233372688293455,14.53170954709454,14.116631516373118,14.458871444768125,389168000,NVDA
2023-01-06,14.826058387756348,14.9767236495409,14.002887570575863,14.441911689218768,405044000,NVDA
2023-01-09,15.59335231781006,16.020402921173815,15.107431553171974,15.25011511747284,504231000,NVDA
2023-01-10,15.87372875213623,15.9266107440795,15.43769734528808,15.472619594978903,384101000,NVDA
2023-01-11,15.965524673461914,15.992465239813418,15.528496008879635,15.804882316459198,353285000,NVDA
2023-01-12,16.47439193725586,16.600112025362304,15.45765118323187,16.06430389569738,551409000,NVDA
2023-01-13,16.861534118652344,16.884483841910928,16.129162184625386,16.241910621869895,447287000,NVDA
2023-01-17,17.662755966186523,17.688699300985697,16.861536645437063,16.861536645437063,511102000,NVDA
2023-01-18,17.33847427368164,17.83337297862017,17.243683680111356,17.627830325283927,439624000,NVDA
2023-01-19,16.72783088684082,17.158874241400532,16.693907773124163,16.998229980422312,452932000,NVDA
2023-01-20,17.79945182800293,17.816414337109105,16.787699916065623,16.973286475081306,564967000,NVDA
2023-01-23,19.150449752807617,19.202334514054723,17.77849813911899,18.0239511412495,655163000,NVDA
2023-01-24,19.222286224365234,19.45177772895965,18.778273155345232,18.7852576049282,496204000,NVDA
2023-01-25,19.280162811279297,19.32705950006516,18.538809936927446,18.871071892196763,449537000,NVDA
2023-01-26,19.75809669494629,20.12128998408436,19.235258296776955,19.657320791237296,489535000,NVDA
2023-01-27,20.319849014282227,20.582266410433476,19.36197832095678,19.41885115591402,542142000,NVDA
2023-01-30,19.119516372680664,20.09534677439952,19.10754194271611,19.905769395745818,488611000,NVDA
2023-01-31,19.49368667602539,19.643353741949117,18.90798817511003,19.127499744923487,498017000,NVDA
2023-02-01,20.89657020568848,21.145016818201917,19.567522516028927,19.647345080075983,660477000,NVDA
2023-02-02,21.660869598388672,21.900337276933485,20.65410773302951,20.953441855430544,564276000,NVDA
2023-02-03,21.0532169342041,21.69678728086083,20.742905669015503,20.953438276075055,429366000,NVDA
2023-02-06,21.0422477722168,21.522180421955568,20.739918102623005,20.7598742206852,452197000,NVDA
2023-02-07,22.12384033203125,22.20965010200628,21.10310772104417,21.334593701458743,664150000,NVDA
2023-02-08,22.155771255493164,22.827279543884256,21.959207503696422,22.33736696829217,559651000,NVDA
2023-02-09,22.2874755859375,22.968961841072108,22.07095764976335,22.555880179506847,523876000,NVDA
2023-02-10,21.21785545349121,22.029052780138088,20.764863390521825,21.641914381705053,550737000,NVDA
2023-02-13,21.739696502685547,21.99912031573908,20.91552751667087,21.490250748186387,474919000,NVDA
2023-02-14,22.920074462890625,22.997900655540672,21.318631266584543,21.53016116062426,675474000,NVDA
2023-02-15,22.713533401489254,22.804331263638748,22.056993110518956,22.49900989243005,420575000,NVDA
2023-02-16,21.953218460083008,22.50000187845595,21.87838398717314,22.0839266243148,412026000,NVDA
2023-02-17,21.3405818939209,21.69180077135165,20.92849743532747,21.58304317749563,465888000,NVDA
2023-02-21,20.60920524597168,21.446343845986352,20.57228662621733,20.953439640659408,410015000,NVDA
2023-02-22,20.707984924316406,21.05720930150761,20.375723053454355,20.661090150563847,513184000,NVDA
2023-02-23,23.611536026000977,23.8350403425162,22.973952761903,23.38803361260576,1117995000,NVDA
2023-02-24,23.234373092651367,23.421957916477854,22.89612587509221,23.17350941362294,589716000,NVDA
2023-02-27,23.448894500732425,23.82705391630085,23.401999726272685,23.617520428698207,452994000,NVDA
2023-02-28,23.164527893066406,23.7721788489206,23.154549835484183,23.320182165733303,455963000,NVDA
2023-03-01,22.64767837524414,23.204441849787724,22.458099073317108,23.140582657134395,460026000,NVDA
2023-03-02,23.26231002807617,23.32816368515604,22.382265528634285,22.43814303132255,389415000,NVDA
2023-03-03,23.8370304107666,23.84700846711072,23.07871525669022,23.26829452098923,412393000,NVDA
2023-03-06,23.501781463623047,24.19424120106475,23.43492866331289,23.838034225602097,437429000,NVDA
2023-03-07,23.240314483642575,24.07560049580581,23.193409839893587,23.5516758916116,515154000,NVDA
2023-03-08,24.13148498535156,24.150447084590173,23.37603510396069,23.43890582649144,513573000,NVDA
2023-03-09,23.38801383972168,24.4039290574924,23.33512096029611,24.125499097663184,501257000,NVDA
2023-03-10,22.91797637939453,23.57862150456227,22.679465442665016,23.36106747628327,474866000,NVDA
2023-03-13,22.91897392272949,23.25029484322712,22.25134506080111,22.705413316762304,421890000,NVDA
2023-03-14,24.013729095458984,24.169409811888126,23.411963139447696,23.447890629973315,474910000,NVDA
2023-03-15,24.17839241027832,24.23627231190452,23.312169659954225,23.71234766041433,524486000,NVDA
2023-03-16,25.48870277404785,25.535605516897093,23.845073897032023,23.97780289186261,583253000,NVDA
2023-03-17,25.672327041625977,26.34494677671912,25.615442640620632,25.92880078966888,848547000,NVDA
2023-03-20,25.846967697143555,25.97071434732945,25.07854386503028,25.56255140531931,432747000,NVDA
2023-03-21,26.145353317260746,26.337958914805075,25.329029397408146,26.126393120823032,547408000,NVDA
2023-03-22,26.413801193237305,27.532505981454648,26.183273319571825,26.37088807294445,797295000,NVDA
2023-03-23,27.13532447814941,27.442694389660254,26.63535085947769,27.05947988036973,564889000,NVDA
2023-03-24,26.724166870117188,27.111372891793877,26.30103526221112,26.975651684052345,454920000,NVDA
2023-03-27,26.47667694091797,26.944716509158773,26.3110164665487,26.78205015104769,361026000,NVDA
2023-03-28,26.35592460632324,26.45871435039119,25.7970717555382,26.392849502534016,356104000,NVDA
2023-03-29,26.928749084472656,27.022556480928984,26.542542341100862,26.77007614702981,393694000,NVDA
2023-03-30,27.326929092407227,27.4426926938408,27.04650434017596,27.1732450978703,364516000,NVDA
2023-03-31,27.720123291015625,27.77700578403353,27.049498418004845,27.08442659853217,433933000,NVDA
2023-04-03,27.907739639282227,27.942667821784,27.280027855037652,27.452673959085395,398716000,NVDA
2023-04-04,27.396787643432617,27.94266851512213,27.25108667754047,27.908737736009,368592000,NVDA
2023-04-05,26.825958251953125,26.9427173547786,26.340953337844432,26.774064682882997,515015000,NVDA
2023-04-06,26.981639862060547,27.02455108460632,26.372888285157632,26.529566401792227,397654000,NVDA
2023-04-10,27.52253150939941,27.564445330206645,26.61439491835625,26.76807892798276,395279000,NVDA
2023-04-11,27.11336708068848,27.733095757858216,27.07045395860657,27.66723092027117,314378000,NVDA
2023-04-12,26.440750122070312,27.4117573972983,26.393845475280525,27.31395848681785,446259000,NVDA
2023-04-13,26.408811569213867,26.831943139385213,26.275087085274208,26.67925655636213,353615000,NVDA
2023-04-14,26.703208923339844,26.82795296952223,26.16631044197804,26.449729310820583,395660000,NVDA
2023-04-17,26.94670867919922,26.95070019905627,26.3788735796498,26.510603252147177,321471000,NVDA
2023-04-18,27.6103515625,28.05244531067526,27.300986821273888,27.476627054688475,604812000,NVDA
2023-04-19,27.873809814453125,27.94266877758147,27.176241641344223,27.304977218888997,358660000,NVDA
2023-04-20,27.04850196838379,27.972606485594795,26.944714827313312,27.6143404163382,427713000,NVDA
2023-04-21,27.06347274780273,27.127342787585118,26.66728625337911,26.896814866617028,345103000,NVDA
2023-04-24,26.98663330078125,27.309969340612152,26.61639260681385,26.957693346171588,339282000,NVDA
2023-04-25,26.18726921081543,27.1912098835516,26.17130312906319,27.02255529680181,378527000,NVDA
2023-04-26,26.900806427001957,27.27404120271989,26.65032090270942,26.94671367247209,406337000,NVDA
2023-04-27,27.17025375366211,27.43870397284285,26.57048448729234,27.306974277389116,377161000,NVDA
2023-04-28,27.692182540893555,27.70116298592928,27.01556939211072,27.169255299832017,292216000,NVDA
2023-05-01,28.85080337524414,28.99850104431381,27.7231180146928,27.782994624988884,570329000,NVDA
2023-05-02,28.152238845825195,28.77695846018472,28.02549997590392,28.621277734605123,402730000,NVDA
2023-05-03,27.74507713317871,28.308920862835038,27.41575286434581,27.782999437071197,383387000,NVDA
2023-05-04,27.50556945800781,27.80196035589655,27.18422822270649,27.594386035213223,321850000,NVDA
2023-05-05,28.62127494812012,28.69612023556148,27.67421872062941,27.76902351276572,361494000,NVDA
2023-05-08,29.091310501098636,29.16016946274796,28.29195191030692,28.46359870886539,344979000,NVDA
2023-05-09,28.512496948242188,28.91367423632623,28.3917463228912,28.83982635316878,314869000,NVDA
2023-05-10,28.825855255126957,29.0533890415106,28.402723651406696,28.94560847700235,369350000,NVDA
2023-05-11,28.519487380981445,28.890727377935157,28.188168303530343,28.836837086943987,322149000,NVDA
2023-05-12,28.281970977783203,28.72107056378974,27.988572349830022,28.470583157825374,274222000,NVDA
2023-05-15,28.89371681213379,28.90968479771039,28.09435819789657,28.44962827012572,293926000,NVDA
2023-05-16,29.15317916870117,29.808835305988257,28.772960737451186,28.781941181092268,449405000,NVDA
2023-05-17,30.11620712280273,30.137164031905737,29.36973953223081,29.523423532319487,432535000,NVDA
2023-05-18,31.613136291503903,31.76282877397273,30.257917101676483,30.34773297184641,748725000,NVDA
2023-05-19,31.199981689453125,31.51533461156932,30.852694703812897,31.471424084571897,473908000,NVDA
2023-05-22,31.112165451049805,31.45546094881292,30.617180758045432,30.837727010931783,372000000,NVDA
2023-05-23,30.625164031982425,31.22393587329564,30.568281535055466,30.936525465603022,356253000,NVDA
2023-05-24,30.47546768188477,30.544326634762974,29.744966242348955,30.148138304684203,721419000,NVDA
2023-05-25,37.90223693847656,39.39916574555805,36.55998955658973,38.44412443571779,1543911000,NVDA
2023-05-26,38.86625671386719,39.08979709643769,37.47311513309701,37.81241913102152,714397000,NVDA
2023-05-30,40.02887344360352,41.85213235594063,39.867206384616175,40.51188361880298,923401000,NVDA
2023-05-31,37.75653839111328,40.21249828360416,37.74456192441203,39.40715132535591,1002580000,NVDA
2023-06-01,39.688568115234375,39.96799357403236,38.2614958531395,38.410189027460895,635873000,NVDA
2023-06-02,39.2464714050293,40.4170698367897,38.97802122010776,40.014895164925456,482731000,NVDA
2023-06-05,39.09079360961914,39.48398404045427,38.627743010740026,38.82932905392205,396094000,NVDA
2023-06-06,38.57485961914063,39.07982415887529,38.06989507940597,38.75050177628396,388729000,NVDA
2023-06-07,37.40213394165039,39.42220064737449,37.28336583715142,38.8393365135724,511998000,NVDA
2023-06-08,38.43511962890625,38.788431404042456,37.43207648828261,37.650648624822814,417772000,NVDA
2023-06-09,38.69462203979492,39.633790585447805,38.49201760502022,38.96110122045359,427717000,NVDA
2023-06-12,39.405235290527344,39.453142301230535,38.54291671243092,39.12378588583667,388701000,NVDA
2023-06-13,40.94223785400391,41.0210866253636,39.66273283742683,40.107864800357326,613208000,NVDA
2023-06-14,42.91340255737305,42.91639507972652,40.47315286932789,40.744627187256896,740465000,NVDA
2023-06-15,42.57007598876953,43.20484109231197,42.06505921158456,42.519176450195246,568622000,NVDA
2023-06-16,42.60899353027344,43.63599213320871,42.5780517641451,43.3655191410193,655709000,NVDA
2023-06-20,43.72282409667969,43.90447325497645,42.591030025374586,42.914401391724816,451153000,NVDA
2023-06-21,42.96131134033203,43.530206665673255,41.9981911201456,43.41642607769267,551603000,NVDA
2023-06-22,42.941349029541016,43.341566542076215,42.15188658669768,42.17084684328712,417737000,NVDA
2023-06-23,42.12693786621094,42.72576983708017,41.93331479288893,42.38144316710673,358140000,NVDA
2023-06-26,40.55299377441406,42.68084821314237,40.02202672023089,42.378435975213705,594322000,NVDA
2023-06-27,41.794578552246094,41.858453292545065,40.3693574663394,40.71967293420545,462175000,NVDA
2023-06-28,41.037052154541016,41.76363726159132,40.43921783251657,40.58094002022697,582639000,NVDA
2023-06-29,40.742637634277344,41.51912502333327,40.52106909674082,41.47720685716588,380514000,NVDA
2023-06-30,42.219757080078125,42.46727602955201,41.42031564690152,41.59896849845373,501148000,NVDA
2023-07-03,42.33052444458008,42.81458195203503,42.11993620443262,42.43432230383558,198209000,NVDA
2023-07-05,42.2347297668457,43.09305457985884,42.00317856109599,42.053080590984536,323618000,NVDA
2023-07-06,42.02114486694336,42.09699732253943,41.265616640980895,41.76264953628558,303582000,NVDA
2023-07-07,42.42035675048828,43.12997664792233,42.09798673168024,42.239708925322894,355881000,NVDA
2023-07-10,42.09798049926758,42.72775402565993,41.5680109980779,42.57405415164483,353908000,NVDA
2023-07-11,42.32254409790039,42.67485834432988,41.98520388273632,42.39839653240351,298244000,NVDA
2023-07-12,43.81663513183594,43.84957190915323,42.69382263938461,42.94932537767914,481277000,NVDA
2023-07-13,45.88761520385742,46.065266739732245,44.40550165096542,44.43145207784274,478204000,NVDA
2023-07-14,45.38059997558594,47.9945075426314,44.97239476607481,46.49243252940778,772075000,NVDA
2023-07-17,46.37065887451172,46.40559066754623,45.17399273078662,46.19899623861634,510488000,NVDA
2023-07-18,47.401649475097656,47.802868230083774,45.64507339337393,46.61019215993459,569164000,NVDA
2023-07-19,46.98546600341797,47.72502637494664,46.65111827083296,47.37171457968649,427502000,NVDA
2023-07-20,45.43149566650391,46.99545027981004,44.974385975713794,46.41657614955658,537865000,NVDA
2023-07-21,44.22284698486328,45.776822685139486,44.01425371443011,45.6989714185516,963769000,NVDA
2023-07-24,44.5252571105957,45.02129240158318,43.95437069346409,44.64402521232847,382516000,NVDA
2023-07-25,45.59018325805664,46.09320109466631,44.83565269586211,44.85361925028961,348081000,NVDA
2023-07-26,45.36362457275391,45.96345774796509,44.54322423850326,45.93151847506049,364237000,NVDA
2023-07-27,45.81075668334961,47.30284884094631,45.66104681024001,46.42855262404122,455976000,NVDA
2023-07-28,46.65910339355469,46.93556524542494,46.29082136263418,46.57726209617673,331194000,NVDA
2023-07-31,46.63813781738281,47.03835906699624,46.415571856481925,46.6630907290073,251055000,NVDA
2023-08-01,46.41656875610352,46.80880613490032,45.93750255596739,46.36965926264909,237858000,NVDA
2023-08-02,44.18292617797852,45.75087073720943,43.30264113304632,45.74188936339505,530142000,NVDA
2023-08-03,44.42844772338867,45.03027593449394,43.71483776411609,43.71483776411609,324176000,NVDA
2023-08-04,44.59313583374024,45.55326355445046,44.306695052607424,44.89754317360456,362666000,NVDA
2023-08-07,45.32870101928711,45.45146298171195,44.47636125716046,45.02329618186399,322154000,NVDA
2023-08-08,44.5771598815918,45.15403517523559,43.97034032891443,44.765791580742274,353843000,NVDA
2023-08-09,42.47125625610352,44.22583731482129,42.05207094997095,44.18790919409857,586449000,NVDA
2023-08-10,42.30558776855469,43.48928271463046,41.753661535765616,42.07803041712352,492705000,NVDA
2023-08-11,40.77556610107422,41.936306917018776,40.55998646089097,41.66982393739307,533085000,NVDA
2023-08-14,43.66793441772461,43.71484392430669,40.23262877049562,40.40728777661957,690286000,NVDA
2023-08-15,43.85457229614258,45.17999337738196,43.62501990951706,44.4733696589914,676512000,NVDA
2023-08-16,43.40143966674805,44.58812678282332,43.3215934026889,44.43342940530801,527451000,NVDA
2023-08-17,43.25971984863281,43.97632221329704,42.91738449342878,43.88450205046222,452395000,NVDA
2023-08-18,43.21481323242188,43.4932701006516,41.57900001272248,42.55210279035976,583768000,NVDA
2023-08-21,46.87568283081055,46.97349186656967,44.13602090022551,44.40749142092356,692573000,NVDA
2023-08-22,45.579200744628906,48.09330371430153,45.24485304459103,48.04140287567031,755293000,NVDA
2023-08-23,47.02439498901367,47.108231304990525,45.120103708429646,45.77682532419549,779046000,NVDA
2023-08-24,47.07129669189453,50.16826400478164,47.067306662299096,50.118361983877634,1156044000,NVDA
2023-08-25,45.92852783203125,47.71205208326433,44.936457196698406,46.92059466008382,925341000,NVDA
2023-08-28,46.743934631347656,46.88865315492435,44.800721716075714,46.39162035347504,685192000,NVDA
2023-08-29,48.68914413452149,48.98556752704201,46.30079556232575,46.57526237156326,701397000,NVDA
2023-08-30,49.16820907592773,49.829918115562,48.33083976005429,48.94863563426867,735206000,NVDA
2023-08-31,49.25904083251953,49.64728445636799,48.86281334141854,49.28399374905417,528570000,NVDA
2023-09-01,48.4146842956543,49.70317460901009,48.04839726391632,49.66525028829391,463830000,NVDA
2023-09-05,48.453609466552734,48.75602175102256,47.76694740479326,48.12924059584928,382653000,NVDA
2023-09-06,46.97336196899414,48.4585899209421,46.49325871140174,48.35079314460042,468670000,NVDA
2023-09-07,46.1548957824707,46.25770462589442,45.06792290826655,45.440229441727205,433330000,NVDA
2023-09-08,45.48713684082031,46.51921177692775,45.18669865684588,45.8564505879392,473069000,NVDA
2023-09-11,45.093875885009766,46.077038527672016,44.22948732817348,46.06206706824175,473966000,NVDA
2023-09-12,44.78644180297852,45.58794785369134,44.448072389819984,44.654687644477335,349256000,NVDA
2023-09-13,45.40030288696289,45.84447394684032,44.420129217307256,44.516948715229006,398355000,NVDA
2023-09-14,45.496124267578125,45.90136648262812,45.04696145729557,45.864436629731664,370097000,NVDA
2023-09-15,43.81825256347656,45.514086250608685,43.7264210191702,45.256567267439614,506831000,NVDA
2023-09-18,43.88412857055664,44.15961559349167,41.92178994211319,42.66839815481211,500271000,NVDA
2023-09-19,43.43896484375,43.88413352477652,42.92192782259573,43.75138175372732,373064000,NVDA
2023-09-20,42.16035079956055,43.8212539488895,42.144381748538365,43.518816723641,367108000,NVDA
2023-09-21,40.940616607666016,42.02160003234205,40.90368675780257,41.50556449339025,450736000,NVDA
2023-09-22,41.53252029418945,42.0365810200349,41.15422440049522,41.49458904205834,479236000,NVDA
2023-09-25,42.14337539672852,42.45678985154456,41.100319388968366,41.51354991090628,419091000,NVDA
2023-09-26,41.83295822143555,42.74026599878411,41.57743439268104,41.92279078773523,402282000,NVDA
2023-09-27,42.388919830322266,42.79217068875673,41.55148521974545,42.2511801171412,444935000,NVDA
2023-09-28,43.008766174316406,43.36509986355093,42.03658080053992,42.38093579889095,424663000,NVDA
2023-09-29,43.417999267578125,44.06179864340564,43.22635545841842,43.74538760189782,397830000,NVDA
2023-10-02,44.698612213134766,45.09087814744479,43.77932579033049,43.9480098133722,433298000,NVDA
2023-10-03,43.43597030639648,45.04596969701848,43.16547499563003,44.72456684968937,470850000,NVDA
2023-10-04,43.95899200439453,44.06080325905543,43.21138616245394,43.66054898290621,361821000,NVDA
2023-10-05,44.60478591918945,44.816392949836604,43.80627636575413,43.967973455641534,393483000,NVDA
2023-10-06,45.67679214477539,45.70374229719828,43.94402451763269,44.11071338069704,434436000,NVDA
2023-10-09,45.18869400024414,45.52007649973999,44.28538045832398,44.75849682767498,409675000,NVDA
2023-10-10,45.71271896362305,46.17285906419018,45.004041982640686,45.22562871384522,368582000,NVDA
2023-10-11,46.718841552734375,46.77174426177856,45.96424879463127,46.10997683430652,378137000,NVDA
2023-10-12,46.85758590698242,47.52035097000379,46.24373319803527,46.68989946190785,481325000,NVDA
2023-10-13,45.37635040283203,47.02827139098628,45.19568766753486,46.87255982126832,474115000,NVDA
2023-10-16,46.00917053222656,46.13892572569301,44.82837085700402,44.97909066386404,375099000,NVDA
2023-10-17,43.85618591308594,44.67066838631244,42.40090056802487,43.91807074145932,812333000,NVDA
2023-10-18,42.11742401123047,43.13852165493323,41.74711648202066,42.51168892025405,627294000,NVDA
2023-10-19,42.02261352539063,43.21638582989178,41.80401951663401,42.731290656514126,501233000,NVDA
2023-10-20,41.3099365234375,42.39092011000652,41.00150997673177,41.81199826924351,477266000,NVDA
2023-10-23,42.894981384277344,43.16747569287728,40.86876235135564,41.15223395492377,478530000,NVDA
2023-10-24,43.581687927246094,43.61562500762833,42.61150169448096,42.99678065247912,401463000,NVDA
2023-10-25,41.7011947631836,43.56871261388239,41.47761289063423,43.31717919967115,398379000,NVDA
2023-10-26,40.25091171264648,42.17731828601072,39.80574303401105,41.77506880872993,541001000,NVDA
2023-10-27,40.42457962036133,41.12926616420593,39.94048219347045,41.053407480582,416784000,NVDA
2023-10-30,41.084354400634766,41.68822738791205,40.405620307517786,41.01049469201982,388028000,NVDA
2023-10-31,40.704063415527344,40.80288190307965,39.1569503913023,40.37467987980174,517969000,NVDA
2023-11-01,42.24618148803711,42.3020769589568,40.792891628938285,40.807863086135576,437593000,NVDA
2023-11-02,43.424991607666016,43.802286120371775,42.81413164942189,43.24732164549146,409172000,NVDA
2023-11-03,44.921199798583984,45.22463078266812,43.641585445769095,43.93803330221259,424610000,NVDA
2023-11-06,45.665802001953125,45.84946127643141,44.815387407221024,45.2006701825068,400733000,NVDA
2023-11-07,45.86942672729492,46.131933661639785,45.07390997743288,45.63386613375853,343165000,NVDA
2023-11-08,46.48727416992188,46.77972783290373,45.8823998221808,46.01415398971753,346719000,NVDA
2023-11-09,46.86257553100586,48.14019083451283,46.662947187934414,47.3786111235174,540496000,NVDA
2023-11-10,48.244998931884766,48.38174487246118,47.19495962235481,47.41155462234615,421245000,NVDA
2023-11-13,48.52946853637695,49.02454717798487,48.00943872930376,48.23002789763356,384136000,NVDA
2023-11-14,49.56353378295898,49.74120373030796,48.948683517262864,49.58749116388393,416954000,NVDA
2023-11-15,48.796966552734375,49.86696898933371,48.11024794590893,49.84201782618033,475497000,NVDA
2023-11-16,49.38785934448242,49.43277752675656,48.24000312516628,48.58835225290183,339756000,NVDA
2023-11-17,49.20621490478516,49.62443351071689,48.915756337304906,49.43179205558742,325205000,NVDA
2023-11-20,50.31513214111328,50.45387324372552,49.08941820057832,49.22017477900762,414120000,NVDA
2023-11-21,49.85099792480469,50.42292897370047,49.13034226224072,50.03265822480747,565747000,NVDA
2023-11-22,48.62528610229492,50.2412708632355,47.6011956303171,49.7591723537565,899420000,NVDA
2023-11-24,47.68703842163086,48.82990680127919,47.656094105123046,48.37974638442562,294645000,NVDA
2023-11-27,48.15217208862305,48.43963402417859,47.56327053938668,47.7109937696309,395662000,NVDA
2023-11-28,47.73195266723633,48.233020614585215,47.38460109717888,48.146180818273855,401491000,NVDA
2023-11-29,48.05036163330078,48.67120510025969,47.77088421799797,48.28891883358644,382005000,NVDA
2023-11-30,46.68290710449219,48.0204119586937,46.33555556358415,47.9345697592136,526247000,NVDA
2023-12-01,46.677921295166016,47.11211268040661,46.10099843511436,46.43837031596677,369317000,NVDA
2023-12-04,45.42525863647461,45.99120422189831,44.92618963722372,45.99120422189831,437543000,NVDA
2023-12-05,46.48337173461914,46.51730799060107,45.19066769826612,45.38532137121095,371718000,NVDA
2023-12-06,45.42226028442383,47.30292009715476,45.33142214594344,47.13122440124437,380590000,NVDA
2023-12-07,46.51332092285156,46.54626331215597,45.52308054469381,45.618910872891085,350823000,NVDA
2023-12-08,47.42171478271485,47.65629845206512,46.467409650322935,46.51233179088727,359224000,NVDA
2023-12-11,46.54427337646485,47.44666883134117,45.748690336704186,47.40674269328456,509728000,NVDA
2023-12-12,47.57244110107422,47.58142400474077,45.96429952454466,45.96429952454466,372387000,NVDA
2023-12-13,48.00268173217773,48.507784486050255,47.52353382296874,47.54449647259797,447792000,NVDA
2023-12-14,48.26420593261719,48.58363781796952,47.33785498826681,48.30413587026834,391232000,NVDA
2023-12-15,48.80324935913086,49.31633726064535,48.034615184125286,48.10848518903452,479948000,NVDA
2023-12-18,49.98814392089844,50.34351123549537,49.06279063158867,49.312347036005846,412587000,NVDA
2023-12-19,49.51598358154297,49.61181391094036,48.80824198487287,49.33630266590499,464444000,NVDA
2023-12-20,48.02563095092773,49.91028133379936,48.01265353097003,49.56688996732464,397894000,NVDA
2023-12-21,48.903079986572266,49.00789323083867,48.33309014213933,48.72439672866285,300425000,NVDA
2023-12-22,48.74335861206055,49.29537497058781,48.38099994161529,49.107708829124014,252507000,NVDA
2023-12-26,49.19156646728516,49.51199608268566,48.87313220671744,48.881117433977685,244200000,NVDA
2023-12-27,49.32931900024414,49.59185284551433,48.997907338293054,49.42315398247824,233648000,NVDA
2023-12-28,49.43412780761719,49.79548498947944,49.324322381717465,49.55491529927827,246587000,NVDA
2023-12-29,49.43412780761719,49.90828725509975,48.66449595698359,49.72461182444803,389293000,NVDA
2024-01-02,48.08253479003906,49.20753405733888,47.510553413556266,49.15662585656264,411254000,NVDA
2024-01-03,47.484596252441406,48.09850289557728,47.23603751691528,47.40074566328975,320896000,NVDA
2024-01-04,47.91283798217773,48.41394618414248,47.42370571637504,47.68224504410837,306535000,NVDA
2024-01-05,49.0098762512207,49.45907847640317,48.2202795352038,48.37600475030011,415039000,NVDA
2024-01-08,52.16028594970703,52.18225008334284,49.39120958940494,49.4241519819298,642510000,NVDA
2024-01-09,53.04571914672852,54.22861810717389,51.59829095484165,52.308031854280586,773100000,NVDA
2024-01-10,54.25357055664063,54.503127005949786,53.39409808429299,53.52087547178765,533796000,NVDA
2024-01-11,54.7247200012207,55.24779226380535,53.46496212237643,54.9014078742,596759000,NVDA
2024-01-12,54.6129264831543,54.87246729450568,54.23360346337735,54.523086018906326,352994000,NVDA
2024-01-16,56.281959533691406,56.73415487746208,54.80259064863885,54.92038130782368,449580000,NVDA
2024-01-17,55.95354843139648,56.370806056804064,54.64287831771136,56.24702551752996,474394000,NVDA
2024-01-18,57.00566864013672,57.4977938987776,56.00744302517233,57.15839703737256,491650000,NVDA
2024-01-19,59.38544464111328,59.3944275450236,57.12346261571884,57.88610696898355,543501000,NVDA
2024-01-22,59.548152923583984,60.223953645882176,58.96518950299891,59.942452516713104,452955000,NVDA
2024-01-23,59.76676559448242,59.80369869462783,58.48104894335419,59.464301820428496,294654000,NVDA
2024-01-24,61.25312423706055,62.73748534909312,59.83165106926005,60.19700279855746,560271000,NVDA
2024-01-25,61.50767517089844,62.60772110961717,60.742033936667,62.23937252647403,482777000,NVDA
2024-01-26,60.92270660400391,61.67337498834804,60.4655228910145,60.85183343731232,390309000,NVDA
2024-01-29,62.35416030883789,62.37811598607431,60.79892621300264,61.12334647652739,348733000,NVDA
2024-01-30,62.66261672973633,63.38034275629544,62.14952879417416,62.788396424260334,410735000,NVDA
2024-01-31,61.41783142089844,62.15851544921119,60.59229912426738,61.33098398998848,453795000,NVDA
2024-02-01,62.91516876220703,63.07887923181449,61.5406131324354,61.98981163068563,369146000,NVDA
2024-02-02,66.04261016845703,66.48182425910672,63.57698787949549,63.86048434942647,476578000,NVDA
2024-02-05,69.208984375,69.37369252800232,67.08575942583846,68.10394628020288,680078000,NVDA
2024-02-06,68.1019515991211,69.630233381063,66.18236704818828,69.50645284574946,683111000,NVDA
2024-02-07,69.97461700439453,70.09540449820057,67.48005062301553,68.19777661316522,495575000,NVDA
2024-02-08,69.5174331665039,70.66838724943909,69.33176617612584,69.94966354395652,414422000,NVDA
2024-02-09,72.00501251220703,72.05691457870752,70.08741583954979,70.40784541342238,436637000,NVDA
2024-02-12,72.11979675292969,74.47860256491589,71.12356661094503,72.47116950777065,613710000,NVDA
2024-02-13,72.0000228881836,73.31967588505927,69.49647717607553,70.2750920169868,602580000,NVDA
2024-02-14,73.76889038085938,74.10429279758857,71.81037331243682,73.0721307009838,504917000,NVDA
2024-02-15,72.52909088134766,73.84375566502169,72.27155299901098,73.7379485382384,420122000,NVDA
2024-02-16,72.4841537475586,74.2699807907232,72.37235296886776,73.96851471281462,495327000,NVDA
2024-02-20,69.32877349853516,71.82832841143384,67.61381946264177,71.81934169951924,704833000,NVDA
2024-02-21,67.35228729248047,68.76577530674938,66.13045996080022,67.88533642606332,673755000,NVDA
2024-02-22,78.3986587524414,78.43558804957509,74.08831901858908,74.89189108055353,865100000,NVDA
2024-02-23,78.6771469116211,82.24779566972408,77.43235796782388,80.64664555528343,829388000,NVDA
2024-02-26,78.95166778564453,80.5029113343283,78.36570371037314,79.55858308487059,503973000,NVDA
2024-02-27,78.56136322021484,79.338988045559,77.02509990421383,79.24015705268404,391705000,NVDA
2024-02-28,77.52519226074219,78.79293534780788,76.98814490868608,77.48226929356848,393110000,NVDA
2024-02-29,78.97163391113281,79.84807446200602,78.2109848648127,78.95366810218512,507289000,NVDA
2024-03-01,82.13301849365234,82.15398495162512,79.29406260115205,79.8580626053772,479135000,NVDA
2024-03-04,85.08576202392578,87.53940093463996,83.57045769196934,83.98072393894745,615616000,NVDA
2024-03-05,85.81549835205078,85.94827183043155,83.27290109267872,85.12269695886387,520639000,NVDA
2024-03-06,88.54676818847656,89.56900130568565,86.87965493223747,87.8699456446009,582520000,NVDA
2024-03-07,92.50891876220705,92.60674904676836,89.44721547430589,90.00225477502153,608119000,NVDA
2024-03-08,87.37679290771484,97.23174040772028,86.35655527181379,94.97364703765751,1142269000,NVDA
2024-03-11,85.62582397460938,88.64359662209651,84.02060015441661,86.27969121669621,678364000,NVDA
2024-03-12,91.75421905517578,91.80113493638854,86.0011743538899,87.89689583589372,668075000,NVDA
2024-03-13,90.73098754882812,91.345920701362,88.28222228746216,90.8976988663388,635713000,NVDA
2024-03-14,87.79208374023438,90.4894197158164,86.4504036300163,89.42226608746894,602318000,NVDA
2024-03-15,87.68526458740234,89.39131202190967,86.10799973550625,86.77983369344113,642086000,NVDA
2024-03-18,88.30218505859375,92.24535790675831,86.93454915835915,90.23184422557269,668976000,NVDA
2024-03-19,89.24356842041016,90.38758481674584,84.86314816147532,86.55022352343148,672171000,NVDA
2024-03-20,90.21588134765624,90.25381771221528,88.07059173697641,89.6418701073994,479063000,NVDA
2024-03-21,91.27703857421876,92.48794810720764,90.24881917443112,92.14054972284488,480372000,NVDA
2024-03-22,94.12611389160156,94.61426754269417,90.6770806979814,90.9835495525749,586719000,NVDA
2024-03-25,94.83788299560548,96.59883562555476,93.34846365413703,93.77871885813296,552136000,NVDA
2024-03-26,92.40109252929688,96.20850660908964,92.34219634403308,95.68540977780972,513648000,NVDA
2024-03-27,90.09410095214844,93.07893385392306,88.96904884364167,92.95115660792447,586067000,NVDA
2024-03-28,90.19992065429688,91.14229021994063,89.03892762518525,89.8445328106342,435212000,NVDA
2024-04-01,90.20690155029295,92.06568455405532,89.0499070749777,90.14301673764524,452441000,NVDA
2024-04-02,89.2974624633789,89.93835161134503,87.46862677190417,88.29519159294945,433064000,NVDA
2024-04-03,88.81031799316406,90.21788597554938,88.24729689318218,88.33115142365672,370067000,NVDA
2024-04-04,85.756591796875,90.47742601324012,85.73163346290652,90.24981545155312,434965000,NVDA
2024-04-05,87.85597229003906,88.32815477151372,85.77756814573236,86.71593914747515,399678000,NVDA
2024-04-08,86.98247528076172,88.67654220104028,86.58216705957724,88.54676191015398,283220000,NVDA
2024-04-09,85.20653533935547,87.48360044285332,82.87857107978263,87.29093308519522,501700000,NVDA
2024-04-10,86.88863372802734,87.24901012884979,83.56438477591776,83.78101275251376,431929000,NVDA
2024-04-11,90.4594497680664,90.58223837088433,86.77582976459976,87.26897200773683,431637000,NVDA
2024-04-12,88.03365325927734,90.01922323878227,87.37878828439109,89.54403999734934,426805000,NVDA
2024-04-15,85.85243225097656,90.45646450816476,85.78055803275619,88.94408228829708,443077000,NVDA
2024-04-16,87.26399230957031,87.965773191981,85.91532822119116,86.28368645109244,370453000,NVDA
2024-04-17,83.88983917236328,88.62164902707342,83.80497930154608,88.18739527959683,495400000,NVDA
2024-04-18,84.52471923828125,86.0410998135889,82.25964198597137,84.82320627802973,447260000,NVDA
2024-04-19,76.068359375,84.17832549176838,75.47539137545536,83.00635763015296,875198000,NVDA
2024-04-22,79.38063049316406,79.93467203595871,76.26802061217705,77.96907171420484,596341000,NVDA
2024-04-23,82.2806167602539,82.62601974052421,80.1253496885507,80.62947459576492,438559000,NVDA
2024-04-24,79.53936767578125,83.93675724779338,79.04621772256601,83.80498148732187,512208000,NVDA
2024-04-25,82.48926544189453,83.17906608261447,78.08787733468318,78.73175981196158,424641000,NVDA
2024-04-26,87.58345031738281,88.17842147858853,83.2429613231266,83.67321658546781,551011000,NVDA
2024-04-29,87.60540008544922,87.83998710672722,85.11869845127212,87.44367738781547,388971000,NVDA
2024-04-30,86.25273895263672,88.66556334587189,86.15091777999787,87.08928872900789,363709000,NVDA
2024-05-01,82.89754486083984,85.85143274518,81.11462711525115,84.93003072487383,559863000,NVDA
2024-05-02,85.66875457763672,86.08802721004574,83.05627099401435,84.30311392551386,377898000,NVDA
2024-05-03,88.6356201171875,89.12676696706856,86.88964093377092,87.63734759857738,398341000,NVDA
2024-05-06,91.98082733154295,92.06069095925292,88.90115758999175,89.23557796278553,376203000,NVDA
2024-05-07,90.39757537841795,91.62245320483288,88.8572415302883,90.9406343783052,437342000,NVDA
2024-05-08,90.25582122802734,91.03646805439529,89.26553046184982,89.32842516703573,325721000,NVDA
2024-05-09,88.59368133544922,90.91466159296333,88.07857394048413,90.3726004169922,378013000,NVDA
2024-05-10,89.72273254394531,91.24310415488776,89.07285618291228,90.1489968437566,335325000,NVDA
2024-05-13,90.24283599853516,90.84080023922876,88.37606371894472,90.32169428450598,289680000,NVDA
2024-05-14,91.19818878173828,91.4926773525484,88.78036800318161,89.44422015487879,296507000,NVDA
2024-05-15,94.46653747558594,94.69813898318716,91.44077486128404,92.31226797545344,417735000,NVDA
2024-05-16,94.1959991455078,95.65347613046144,93.94043705092356,94.74604980958084,323952000,NVDA
2024-05-17,92.3192367553711,94.57633241179128,91.64740285082289,94.2059787452818,359691000,NVDA
2024-05-20,94.61626434326172,95.03553695656012,93.27858287715311,93.58804490846175,318764000,NVDA
2024-05-21,95.22122955322266,95.23520530836204,93.01903897023963,93.43731390021196,328946000,NVDA
2024-05-22,94.78596496582033,95.85411617010452,93.0879071432018,95.29408831779948,548648000,NVDA
2024-05-23,103.61968994140624,106.13633099300849,101.34461998726044,101.85174564222405,835065000,NVDA
2024-05-24,106.28508758544922,106.29107393086493,102.82207815706153,104.26857266136597,429494000,NVDA
2024-05-28,113.70423889160156,114.74044777454472,109.69318217417998,110.0535586136133,652728000,NVDA
2024-05-29,114.62664031982422,115.29248791517858,110.70942292973874,112.85471267036031,557442000,NVDA
2024-05-30,110.3091049194336,115.61891628592592,109.47355289556609,114.45193707992216,484553000,NVDA
2024-05-31,109.443603515625,112.52227529514084,106.7552550948946,112.32560941345422,613263000,NVDA
2024-06-03,114.80133056640624,114.80133056640624,111.80950641949946,113.4247150655188,438392000,NVDA
2024-06-04,116.23584747314452,116.39856789561996,113.84798144289938,115.516099971868,403324000,NVDA
2024-06-05,122.22850036621094,122.23747988436097,117.2650888452736,118.16652888700372,528402000,NVDA
2024-06-06,120.78897857666016,125.3700480295792,118.11560338652608,123.83370517037008,664696000,NVDA
2024-06-07,120.6791763305664,121.48178833918006,117.8181297926402,119.56310374577735,412386000,NVDA
2024-06-10,121.57960510253906,122.88733960177424,116.80786391189228,120.16206002224595,313434100,NVDA
2024-06-11,120.71106719970705,122.66784144527168,118.54463176993752,121.56964521121456,222551200,NVDA
2024-06-12,124.99397277832033,126.67120854134927,122.3683033445049,122.85749488714336,299595000,NVDA
2024-06-13,129.39674377441406,129.5864335908741,126.95077798576432,129.177104537848,260704500,NVDA
2024-06-14,131.66299438476562,132.62140615970972,128.10885485479358,129.7461556011969,309320400,NVDA
2024-06-17,130.76446533203125,133.50994014798042,129.36677515556565,132.7711675834259,288504400,NVDA
2024-06-18,135.35690307617188,136.10566894087242,130.47495024767164,130.92420671975586,294335100,NVDA
2024-06-20,130.56480407714844,140.52837801062054,129.30688285479897,139.56996619369176,517768400,NVDA
2024-06-21,126.3617172241211,130.41504130352394,124.09545606742938,126.91081519572728,649445800,NVDA
2024-06-24,117.91564178466795,124.2551908621237,117.8457572795687,123.03719724453092,476060900,NVDA
2024-06-25,125.88251495361328,126.29184395373642,119.1236583558784,121.00056206941292,414192600,NVDA
2024-06-26,126.1920166015625,127.9091800288474,122.398266266083,125.92245660772096,362975900,NVDA
2024-06-27,123.78597259521484,126.2019962793405,122.71773358253314,123.8957921998042,252571700,NVDA
2024-06-28,123.33672332763672,127.49986001719876,122.54802231076044,124.37501298465716,315516700,NVDA
2024-07-01,124.0954818725586,124.634586662626,118.63448090183464,123.26684571285593,284885500,NVDA
2024-07-02,122.46815490722656,123.20694278300527,120.83085399993702,120.93068793490032,218374000,NVDA
2024-07-03,128.0689239501953,128.0689239501953,121.16031210370706,121.45982152361672,215749000,NVDA
2024-07-05,125.62295532226562,128.63799033992214,125.4732006158399,127.17040031042268,214176700,NVDA
2024-07-08,127.9890365600586,130.55481479101948,126.83094936680692,127.28020581947078,237677300,NVDA
2024-07-09,131.16383361816406,133.59982130546845,128.4383145629174,130.13552958791902,285366600,NVDA
2024-07-10,134.68800354003906,134.87769332438475,132.20209545632153,133.8094467425138,248978600,NVDA
2024-07-11,127.19036865234376,135.92596317348227,126.84094609019272,135.52662745493282,374782700,NVDA
2024-07-12,129.02734375,131.70292655352904,127.01066335258952,128.04894535138322,252680500,NVDA
2024-07-15,128.2286376953125,131.1737800395054,126.97070905664152,130.34514408452472,208326200,NVDA
2024-07-16,126.1520767211914,128.82765950066548,124.37500690887067,128.22865593379024,214769500,NVDA
2024-07-17,117.79583740234376,121.64948612259292,116.52793062400056,121.15030890615483,390086200,NVDA
2024-07-18,120.89073944091795,122.198588979582,116.36819489836525,121.64949097287112,320979500,NVDA
2024-07-19,117.73595428466795,121.3999137142076,117.17687816504188,120.15197050658448,217223800,NVDA
2024-07-22,123.33672332763672,123.86585002604772,119.66277824004172,120.15196984200875,258068900,NVDA
2024-07-23,122.38827514648438,124.48482570104972,121.89908357161131,122.57796493987696,173911000,NVDA
2024-07-24,114.06200408935548,119.7526218155674,113.25333936427286,118.9739065074374,327776900,NVDA
2024-07-25,112.0952377319336,116.43807811661004,106.12508231687993,112.85398925547956,460067000,NVDA
2024-07-26,112.87395477294922,116.00878722251284,111.3963944118867,115.9988091618642,293399100,NVDA
2024-07-29,111.40638732910156,116.08867288971432,111.11687119487814,113.50293810461493,248152100,NVDA
2024-07-30,103.55931854248048,111.8057214597651,102.37127421675278,111.3364936129032,486833300,NVDA
2024-07-31,116.8274383544922,118.14526596856572,110.6975424326974,112.71422275560462,473174200,NVDA
2024-08-01,109.0302963256836,119.9622829008677,106.63424395188704,117.3366056358286,523462300,NVDA
2024-08-02,107.09349060058594,108.5411092867564,101.2032047735144,103.58927156926894,482027500,NVDA
2024-08-05,100.28470611572266,103.239842127859,90.5407717150732,91.90851250035082,552842400,NVDA
2024-08-06,104.07845306396484,107.53275860175523,100.38454458708776,103.66912407688665,409012100,NVDA
2024-08-07,98.74724578857422,108.62097103799088,98.52760658313277,107.6325946135043,411440400,NVDA
2024-08-08,104.7972640991211,105.32639072006307,97.35951914167632,101.83215026963444,391910000,NVDA
2024-08-09,104.57763671875,106.42459107060564,103.2598090475883,105.46617163856445,290844200,NVDA
2024-08-12,108.84061431884766,110.88724428013212,106.08516112777684,106.14505996593545,325559900,NVDA
2024-08-13,115.94889068603516,116.03874655153282,111.39639661656214,112.25498209343158,312646700,NVDA
2024-08-14,117.8856964111328,118.40483737868666,113.88229289564154,118.3349528711921,339246400,NVDA
2024-08-15,122.6578369140625,123.03720888953038,117.27670666159618,118.56458490618095,318086700,NVDA
2024-08-16,124.37501525878906,124.7943223538562,120.980608167396,121.73935978002292,302589900,NVDA
2024-08-19,129.7860870361328,129.7860870361328,123.21691249503144,124.0754979878485,318333600,NVDA
2024-08-20,127.04061889648438,129.66629628755138,125.6828560733908,128.18872055728244,300087400,NVDA
2024-08-21,128.28855895996094,129.13716641620366,126.45159025428316,127.11050029285344,257883600,NVDA
2024-08-22,123.53638458251952,130.5348518103843,122.8974383072882,129.80605728559254,376189100,NVDA
2024-08-23,129.15711975097656,129.38675225949072,125.01395457447234,125.65290085977207,323230300,NVDA
2024-08-26,126.25189971923828,131.04399639094717,124.16534262628208,129.3567902083498,331964700,NVDA
2024-08-27,128.08889770507812,128.98741074794592,123.67616460225028,124.84424526829238,303134600,NVDA
2024-08-28,125.40331268310548,128.118838213882,122.43819852070378,127.90917706049711,448101100,NVDA
2024-08-29,117.39649963378906,124.22524823697071,116.51795043355128,121.16030028839228,453023300,NVDA
2024-08-30,119.17357635498048,121.54965726206557,117.02711271158417,119.33330911013266,333751600,NVDA
2024-09-03,107.82228088378906,116.01877002584148,107.1134501364442,115.81910218205196,477155100,NVDA
2024-09-04,106.03522491455078,113.0836048738263,103.94866777615402,105.2365459269591,372470300,NVDA
2024-09-05,107.0335922241211,109.4695798052194,104.58762658147728,104.817243866478,306850700,NVDA
2024-09-06,102.66079711914062,107.97204286084109,100.78388574677186,107.86222325429438,413638100,NVDA
2024-09-09,106.29481506347656,106.37468525920494,103.51939050506496,104.70742729494984,273912000,NVDA
2024-09-10,107.92211151123048,109.2199753067636,104.77729355808466,107.63258781478572,268283700,NVDA
2024-09-11,116.7176284790039,116.99716652085532,107.24323877137772,109.20999835891276,441422400,NVDA
2024-09-12,118.95413208007812,120.60155948017248,115.19999582839206,116.6577172050991,366052700,NVDA
2024-09-13,118.9141845703125,119.7728434504144,117.41652479583126,118.8942191250157,238358300,NVDA
2024-09-16,116.59780883789062,117.99562620382233,114.1815861384539,116.60779536966284,248772300,NVDA
2024-09-17,115.40966796875,118.61466685067688,114.65085910577872,117.98564481894722,231925900,NVDA
2024-09-18,113.19312286376952,117.51636140830334,113.04335537027728,115.70918780797278,310318900,NVDA
2024-09-19,117.68611145019533,119.47331975028854,117.06707598202318,117.1669184465692,293506400,NVDA
2024-09-20,115.81903076171876,118.43494609535816,115.2099818009,116.87737463970252,382462400,NVDA
2024-09-23,116.07862854003906,116.80748542405604,114.68081111279044,116.36817703420066,206228500,NVDA
2024-09-24,120.68143463134766,121.60998405209612,115.1999940423364,116.33821493002908,354966800,NVDA
2024-09-25,123.31730651855467,124.74507579152808,121.42026930294443,121.82962567540989,284692900,NVDA
2024-09-26,123.84648895263672,127.47082313052574,121.609985658202,126.6021852727835,302582900,NVDA
2024-09-27,121.21060180664062,123.83649592385486,119.07394109309163,123.77659196922,271009200,NVDA
2024-09-30,121.25054931640624,121.31045327548796,117.96568098439478,118.1254274144435,226553700,NVDA
2024-10-01,116.81747436523438,122.2489901408394,115.60936293760751,121.5800295838127,302094500,NVDA
2024-10-02,118.6645736694336,119.19374556676668,114.9603627706106,116.25833761189251,221845900,NVDA
2024-10-03,122.65834045410156,124.16598683922705,120.15225416683852,120.73135113827638,277118000,NVDA
2024-10-04,124.72510528564452,124.84492081095192,121.63992977952228,124.74507834860822,243678100,NVDA
2024-10-07,127.52074432373048,130.43618698242878,124.7550615549546,124.79500006476454,346250200,NVDA
2024-10-08,132.68267822265625,133.27175410957346,129.2180905372518,130.0567764001493,285722500,NVDA
2024-10-09,132.44305419921875,134.31014727855833,131.1750464230449,133.9007832398008,246191600,NVDA
2024-10-10,134.5996856689453,134.7893916948541,130.79563194093248,131.70421594134592,242311300,NVDA
2024-10-11,134.5897216796875,135.56818866211125,133.45150063299445,133.80094550922416,170209500,NVDA
2024-10-14,137.8546142578125,139.38222619629536,136.08737124143596,136.25710420849128,232347700,NVDA
2024-10-15,131.3946990966797,138.3538265330219,128.5391603262797,137.654906403531,377831000,NVDA
2024-10-16,135.5082550048828,136.40684475827754,131.37471471629812,133.7709642153392,264879700,NVDA
2024-10-17,136.71636962890625,140.6701983777905,136.65646567187505,139.12261346955344,306435900,NVDA
2024-10-18,137.7847137451172,138.6833036103306,137.06583575895257,138.45366668655112,176090200,NVDA
2024-10-21,143.48580932617188,143.48580932617188,137.78471061125512,137.9145126776056,264554500,NVDA
2024-10-22,143.365966796875,144.19467365659466,141.55879320187643,142.6870350476968,226311600,NVDA
2024-10-23,139.34228515625,142.20780310560568,137.2455702792771,141.80843319617813,285930000,NVDA
2024-10-24,140.1909637451172,141.1294997806309,138.24400879643727,140.6003278006047,172354900,NVDA
2024-10-25,141.31919860839844,143.90516992810382,140.58036271847078,140.7101495657632,205122100,NVDA
2024-10-28,140.30076599121094,142.91667341121004,139.83149806296922,142.77689244758375,173586700,NVDA
2024-10-29,141.02964782714844,142.03806672701694,138.6833077693045,140.0711387385227,157593600,NVDA
2024-10-30,139.12261962890625,140.11108066863528,136.59656776236113,139.32230457284558,179418100,NVDA
2024-10-31,132.55288696289062,137.39532698555524,131.9039070664443,137.38534807029694,270039600,NVDA
2024-11-01,135.18873596191406,137.09575953948232,134.3600443767746,134.48983118439682,207127800,NVDA
2024-11-04,135.83775329589844,138.74321710094807,135.3585064031532,136.9959472521015,187528200,NVDA
2024-11-05,139.6917266845703,140.151000495864,137.11574997671616,137.2355578866217,160537400,NVDA
2024-11-06,145.38282775878906,146.26145970555473,141.73852838547052,142.73696823952852,242043900,NVDA
2024-11-07,148.6477508544922,148.69766066609404,145.9419717733186,146.1616297903136,207323300,NVDA
2024-11-08,147.399658203125,149.53631855776948,146.03178545046896,148.53787885494532,175665800,NVDA
2024-11-11,145.0333709716797,148.6177817068004,143.3460203778287,148.44803352101476,182325600,NVDA
2024-11-12,148.05865478515625,149.4165337385062,145.7822128979203,146.55101593198214,198634700,NVDA
2024-11-13,146.0417938232422,149.0970171738845,145.6723607374253,148.83742831045777,191903300,NVDA
2024-11-14,146.53103637695312,148.7675472701728,145.32293261192063,147.40966837696516,194463300,NVDA
2024-11-15,141.75848388671875,145.0134075079149,139.8614542891372,144.6439744081883,250132900,NVDA
2024-11-18,139.93136596679688,141.32919116833153,136.93604583706178,139.282386032682,221205300,NVDA
2024-11-19,146.78065490722656,146.90047806374457,140.77005724054902,141.09954425974988,227834900,NVDA
2024-11-20,145.6623992919922,147.32979212988033,142.50732548898966,147.18003223590216,309871700,NVDA
2024-11-21,146.44119262695312,152.65149063112756,140.4805046221909,149.11701974284432,400946600,NVDA
2024-11-22,141.72854614257812,146.93042492260167,140.8798813363258,145.70233282975542,236406200,NVDA
2024-11-25,135.80780029296875,141.82839170792872,135.60811535874635,141.76848775116036,344941900,NVDA
2024-11-26,136.70639038085938,139.08268223719327,135.45834049580736,137.4851722903331,190287700,NVDA
2024-11-27,135.1288604736328,137.00593247284488,131.59438972010054,134.7993734587721,226370900,NVDA
2024-11-29,138.03433227539062,139.13262238748922,135.837767286179,136.56662423239774,141863200,NVDA
2024-12-02,138.41372680664062,140.23087948399635,137.60499293345052,138.6134117376161,171682800,NVDA
2024-12-03,140.04115295410156,140.32071486351376,137.73475958396023,138.0442734668822,164414000,NVDA
2024-12-04,144.91354370117188,145.56252344018102,140.07110485324333,141.77844351730124,231224300,NVDA
2024-12-05,144.8436737060547,146.32146235801875,143.73532840807314,144.89360218968224,172621200,NVDA
2024-12-06,142.22756958007812,145.48270218050342,141.09924996942553,144.38435184545514,188505600,NVDA
2024-12-09,138.60299682617188,139.74129618907318,136.9255094433844,138.76276188244717,189308600,NVDA
2024-12-10,134.8685760498047,141.60850970621567,133.5904709096604,138.80268748950093,210020900,NVDA
2024-12-11,139.10226440429688,139.9609826182475,135.00838729186296,137.1551752087216,184905200,NVDA
2024-12-12,137.1351776123047,138.23354324797214,135.59748095840345,136.8755708420711,159211400,NVDA
2024-12-13,134.04978942871094,139.39181692680097,132.3423328930269,138.7327975455873,231514900,NVDA
2024-12-16,131.8031463623047,134.19956111084232,130.22550081237128,133.9798879813558,237951100,NVDA
2024-12-17,130.19554138183594,131.39374870651014,126.67080709010266,128.89747709842524,259410300,NVDA
2024-12-18,128.71774291992188,136.49611794642954,128.08867764771298,133.66035727519176,277444500,NVDA
2024-12-19,130.48509216308594,133.8301019554315,129.35678784338916,131.56348324328064,209719200,NVDA
2024-12-20,134.49913024902344,135.07826717246132,128.0287975903948,129.61642290138565,306528600,NVDA
2024-12-23,139.46168518066406,139.58150132927014,134.9184683016336,136.0767418582626,176053500,NVDA
2024-12-24,140.01089477539062,141.6883821217358,138.44322876231024,139.79122163679293,105157000,NVDA
2024-12-26,139.72132873535156,140.6399702368576,137.52461242783102,139.4916759779926,116205600,NVDA
2024-12-27,136.80564880371094,138.81266070877604,134.50909136357467,138.343360478758,170582600,NVDA
2024-12-30,137.2849578857422,140.06081067569033,133.82013169900247,134.628921256616,167734700,NVDA
2024-12-31,134.0897216796875,137.86409844380188,133.63041622678574,137.82414956509464,155659200,NVDA
2025-01-02,138.10374450683594,138.67290181477085,134.4292395740467,135.7971917031726,198247200,NVDA
2025-01-03,144.25454711914062,144.6838985290199,139.52161059265686,139.8011917981673,229322500,NVDA
2025-01-06,149.20716857910156,151.93310868099036,147.5995839740372,148.3684248105369,265377400,NVDA
2025-01-07,139.9310302734375,152.90166577959354,139.8012192468087,152.80180879971968,351782200,NVDA
2025-01-08,139.90106201171875,143.73533196712347,137.3548616440079,142.36737985085435,227349900,NVDA
2025-01-10,135.7073211669922,139.7113355717742,134.0198390250661,137.24501786219508,207602500,NVDA
2025-01-13,133.03131103515625,133.29093305056014,129.31685741876072,129.79615256902926,204808900,NVDA
2025-01-14,131.56349182128906,136.1766120600162,129.85605059334506,135.84710238324766,195590500,NVDA
2025-01-15,136.0368194580078,136.24649773538883,131.09418961528783,133.45067056072713,185217300,NVDA
2025-01-16,133.37081909179688,138.5430870275282,133.2909365646461,138.43325045720013,209235600,NVDA
2025-01-17,137.504638671875,138.29345383465838,135.25799411499426,136.4861555399997,201188800,NVDA
2025-01-21,140.61996459960938,141.61847317570314,136.88553704004724,138.95245710585658,197749000,NVDA
2025-01-22,146.85067749023438,147.56958971587568,143.45573886876412,144.44426793757484,237651400,NVDA
2025-01-23,147.00047302246094,147.01045262591376,143.5056920734559,144.8337106624021,155915500,NVDA
2025-01-24,142.40731811523438,148.74785499769604,141.66843136501245,148.14874363197046,234657600,NVDA
2025-01-27,118.24339294433594,128.20850504229963,116.52595684106744,124.6138830305536,818830900,NVDA
2025-01-28,128.79763793945312,128.8076175411123,116.0766320864675,121.62833781559046,579666400,NVDA
2025-01-29,123.51551818847656,126.70076325147896,119.87096767407616,126.31134548354018,467120600,NVDA
2025-01-30,124.464111328125,124.81358785050304,117.92387627755193,122.91641979157204,392925500,NVDA
2025-01-31,119.89093780517578,127.6593341751579,119.01225290264884,123.59540412169352,388161100,NVDA
2025-02-03,116.4860382080078,118.39318602096668,112.84147962875149,114.57888277703152,371235700,NVDA
2025-02-04,118.47305297851562,121.01924546805154,116.52595653802958,116.78557092036436,256550000,NVDA
2025-02-05,124.6438446044922,124.8135892575584,120.57991444298676,121.57842315704724,262230800,NVDA
2025-02-06,128.4880828857422,128.57796024161053,125.02326434711814,127.22996749994309,251483600,NVDA
2025-02-07,129.6463623046875,130.17557068191934,124.8135839892709,129.02729180363133,228186300,NVDA
2025-02-10,133.37081909179688,134.79867927002743,129.76620194780145,129.89599772289156,216989100,NVDA
2025-02-11,132.60198974609375,134.27947744525167,130.8246450589224,132.38231656129395,178902400,NVDA
2025-02-12,130.94442749023438,132.04279313100764,128.88750205027108,129.8261026458349,160278600,NVDA
2025-02-13,135.08824157714844,136.29644386397356,130.9743904181038,131.36380821970238,197430000,NVDA
2025-02-14,138.64292907714844,139.042326433892,135.29791907929888,136.27645326854343,195479600,NVDA
2025-02-18,139.19210815429688,143.226091877041,137.72429913092634,141.05932980350207,219176600,NVDA
2025-02-19,139.02235412597656,141.14918241151278,137.01535723812603,139.3019353271886,167536000,NVDA
2025-02-20,139.90106201171875,140.45024487315197,136.5860056380014,139.8211794831435,143903600,NVDA
2025-02-21,134.22952270507812,141.24905316966826,133.83012530319377,139.83115735009994,228217600,NVDA
2025-02-24,130.08572387695312,138.38332947991822,129.88602516626045,136.35635785611953,251381100,NVDA
2025-02-25,126.44114685058594,130.0058224050398,124.25441810041912,129.78614928447132,271428700,NVDA
2025-02-26,131.08424377441406,133.53058746877883,128.29841071950025,129.79617403066678,322553800,NVDA
2025-02-27,119.97081756591795,134.8086493121392,119.83102696232622,134.7986697104659,443175800,NVDA
2025-02-28,124.73370361328124,124.90344826210318,116.2264129341289,117.84399213493025,389091100,NVDA
2025-03-03,113.88990020751952,123.51552349340125,112.11255593535712,123.32581202011416,411381400,NVDA
2025-03-04,115.81702423095705,119.13207287466712,109.9457957033308,110.48499132597254,398163300,NVDA
2025-03-05,117.12506866455078,118.10360288358513,114.33922859376143,117.40464986998916,284337900,NVDA
2025-03-06,110.40511322021484,115.17798387118098,110.0556366780344,113.36069823382532,321181900,NVDA
2025-03-07,112.52194213867188,113.31076488585998,107.3995878917184,111.08408724577036,341755500,NVDA
2025-03-10,106.82044982910156,111.6831816739289,105.30271254146378,109.73609301585864,366487400,NVDA
2025-03-11,108.5978012084961,112.0726069900584,104.61374627233778,106.83043665954976,354865700,NVDA
2025-03-12,115.57803344726562,116.59661034457648,112.72203506897392,113.96030532134075,323857500,NVDA
2025-03-13,115.41825103759766,117.59520049683546,113.63075517539951,116.86621875800482,299033100,NVDA
2025-03-14,121.49972534179688,121.7094305400334,117.98465480860956,118.44401014075396,277593500,NVDA
2025-03-17,119.36272430419922,122.71802281178024,117.86482345684048,122.5682312033008,255501500,NVDA
2025-03-18,115.2684555053711,118.85342762738914,114.37970167383446,117.83485847417,299686900,NVDA
2025-03-19,117.35552978515624,120.2814296141779,115.51810848491796,117.10587965509885,273426200,NVDA
2025-03-20,118.3641128540039,120.0317738155389,116.30699831746894,116.38688818380663,248829700,NVDA
2025-03-21,117.5352783203125,117.82487338576216,115.25847035053428,116.77634740953133,266498500,NVDA
2025-03-24,121.24009704589844,122.04896105750126,119.17298658297102,119.71223179694545,228452500,NVDA
2025-03-25,120.52110290527344,121.12026171196634,118.7535756640042,120.381299437669,167447200,NVDA
2025-03-26,113.60079956054688,118.6736845133834,112.55226594608844,118.5638454632065,293463300,NVDA
2025-03-27,111.27406311035156,114.28983351449122,110.5051440147698,111.19417323533278,236902100,NVDA
2025-03-28,109.51652526855467,112.712051739216,108.91736643615504,111.33397804410713,229872500,NVDA
2025-03-31,108.22832489013672,110.80471613819728,103.5049485540766,104.98287310192076,299212700,NVDA
2025-04-01,109.995849609375,110.04577506451116,106.32099936404416,108.36812587384452,222614000,NVDA
2025-04-02,110.26547241210938,111.82329447216486,106.64055510872038,107.1398553905561,220601200,NVDA
2025-04-03,101.65753936767578,105.48217369637304,101.45781468579652,103.36514539947606,338769400,NVDA
2025-04-04,94.17801666259766,99.98987163475934,91.98109847139008,98.7715853475697,532273800,NVDA
2025-04-07,97.50334930419922,101.60759784636036,86.4987754744505,87.33759621246332,611041300,NVDA
2025-04-08,96.1652374267578,105.70186824827938,94.3278084260022,103.66472218207365,476243400,NVDA
2025-04-09,114.16999816894533,114.93891720962624,97.39350654873373,98.75160385221358,612918300,NVDA
2025-04-10,107.4194564819336,110.70485307181583,99.01124202201945,109.21694044618194,437812400,NVDA
2025-04-11,110.7747573852539,111.39389245819964,107.32958859529616,108.348157786305,313417300,NVDA
2025-04-14,110.55506134033205,114.1300529879136,108.91735711650354,113.9503045917023,264705000,NVDA
2025-04-15,112.04297637939452,113.46099492172468,110.3453585264742,110.81470199440513,228966900,NVDA
2025-04-16,104.3437728881836,106.64055727885454,100.30942561460589,104.40369410395132,397016900,NVDA
2025-04-17,101.34796142578124,104.3237942331935,99.90998190333625,104.30381795694564,292517500,NVDA
2025-04-21,96.77438354492188,99.3008417327631,94.90699776234818,98.6317735699764,288501100,NVDA
2025-04-22,98.75160217285156,99.67031279819464,97.14385476914264,98.6417555090913,241004800,NVDA
2025-04-23,102.5662612915039,104.6533403969428,101.87722447592722,104.37372584399633,247526000,NVDA
2025-04-24,106.28104400634766,106.39089066307956,102.96569088547096,103.33517578708889,220815000,NVDA
2025-04-25,110.85466003417967,111.7633826618512,105.58204983332996,106.70047768277183,251064700,NVDA
2025-04-28,108.5778350830078,110.21553928394424,105.87162103934428,109.53649064316204,207708500,NVDA
2025-04-29,108.867431640625,110.04578062718969,107.2896485179105,107.51932238432488,170444300,NVDA
2025-04-30,108.76756286621094,108.76756286621094,103.93434018163836,104.32379376082017,235044600,NVDA
2025-05-01,111.45380401611328,114.7791455573913,111.14424029465428,112.92174799120272,236121500,NVDA
2025-05-02,114.33976745605467,115.23850951002052,113.21135153306962,114.02021557227994,190194800,NVDA
2025-05-05,113.66072082519533,114.50952981770942,112.50234808238876,112.75199823422923,133163200,NVDA
2025-05-06,113.38111877441406,114.57943650755207,110.6649237860017,111.32400387233044,158525600,NVDA
2025-05-07,116.89618682861328,117.5153219594032,112.12287705585727,112.8918038042742,206758800,NVDA
2025-05-08,117.20574951171876,118.51391379663416,115.68787240644632,118.084515254596,198428100,NVDA
2025-05-09,116.48675537109376,118.06454606438504,115.0487681449328,117.18577270674557,132972200,NVDA
2025-05-12,122.82787322998048,122.82787322998048,120.11167839159091,121.79931583574869,225023300,NVDA
2025-05-13,129.7481689453125,131.03637225526788,124.295818189616,124.8051066300396,330430100,NVDA
2025-05-14,135.15060424804688,135.2504704050171,131.4957223220182,133.0135995308355,281180800,NVDA
2025-05-15,134.64129638671875,136.10924022234616,132.47433530494334,134.10204362723803,226632600,NVDA
2025-05-16,135.2104949951172,136.15917761368735,133.27322291926768,136.02935467905488,226542500,NVDA
2025-05-19,135.38027954101562,135.67984750647184,132.20472197026768,132.20472197026768,193154600,NVDA
2025-05-20,134.1919403076172,134.39165736048994,132.4343936724944,134.10205468200522,161514200,NVDA
2025-05-21,131.6155548095703,137.2077087161811,130.40724144628155,132.87378601013486,270608700,NVDA
2025-05-22,132.64410400390625,134.0621148614722,131.3658966044825,132.0449376190489,187344000,NVDA
2025-05-23,131.10626220703125,132.49431639064062,128.97925335315108,129.81807417545411,198821300,NVDA
2025-05-27,135.3103790283203,135.47015877862245,133.12344131304633,133.96226214597905,192953600,NVDA
2025-05-28,134.621337890625,137.0579256739289,134.60136161311598,135.83963178227697,304021100,NVDA
2025-05-29,138.99520874023438,143.28919402135628,137.71700129433316,142.0509238917618,369241900,NVDA
2025-05-30,134.94088745117188,139.42459384487097,132.73397369059805,138.52585950975748,333170900,NVDA
2025-06-02,137.187744140625,137.9266987725352,135.21050414256473,135.30038976970178,197663100,NVDA
2025-06-03,141.02236938476562,141.801276586457,137.75694135463797,138.5857816307834,225578800,NVDA
2025-06-04,141.72137451171875,142.19071794379053,139.3447005567539,141.99100090060617,167120800,NVDA
2025-06-05,139.79408264160156,143.79846496522654,138.63570246128648,141.97102431113476,231397900,NVDA
2025-06-06,141.52166748046875,143.0695013401578,141.31195466595716,142.31055518995854,153986200,NVDA
2025-06-09,142.430419921875,144.7970986584505,141.74138301440692,142.9896338649108,185114500,NVDA
2025-06-10,143.758544921875,144.088069701399,141.33193761060437,142.49031793007975,155881900,NVDA
2025-06-11,142.64002990722656,144.79716064315863,141.6813000562032,144.4176611881815,167694000,NVDA
2025-06-12,144.80712890625,144.80712890625,141.6613249598906,141.78116046611606,162365000,NVDA
2025-06-13,141.78115844726562,143.38901749969733,140.6626531024409,142.2904745799642,180820600,NVDA
2025-06-16,144.49754333496094,145.98555166191812,143.00951976951112,143.159329390418,183133700,NVDA
2025-06-17,143.92828369140625,145.0268265438421,143.58873962374116,144.2978018718573,139108000,NVDA
2025-06-18,145.2864990234375,145.45627108510786,142.9296373487004,143.81845298832403,161494100,NVDA
2025-06-20,143.65866088867188,146.00552584195606,142.46024490398213,145.2565234707711,242956200,NVDA
2025-06-23,143.9782257080078,144.58741490600102,141.84107290887454,142.31044894200824,154308900,NVDA
2025-06-24,147.70326232910156,147.76319531946535,145.3064608232896,145.36637857516104,187566100,NVDA
2025-06-25,154.10475158691406,154.24456476496755,149.06146548674553,149.0714619384952,269146500,NVDA
2025-06-26,154.81381225585938,156.51154803915952,153.79516469048193,155.77252682686714,198145700,NVDA
2025-06-27,157.5401611328125,158.49889084686143,155.05346784206984,155.83242906789442,263234500,NVDA
2025-06-30,157.7798614501953,158.4489684480595,155.7525627920192,158.1893045239527,194580300,NVDA
2025-07-01,153.09609985351562,156.9909063970138,151.2885097592641,156.08211312403307,213143600,NVDA
2025-07-02,157.0408477783203,157.3903883520798,152.76654166200262,152.77652287552658,171224100,NVDA
2025-07-03,159.12806701660156,160.7658851337161,157.56016311083363,158.1593559409033,143716100,NVDA
2025-07-07,158.02952575683594,159.09809459400483,157.1307137305003,157.98957042846925,140139000,NVDA
2025-07-08,159.7871856689453,160.0068942683196,158.1793265036118,159.11807865757584,138133000,NVDA
2025-07-09,162.66336059570312,164.20130555952733,160.94564712320184,161.0055648799297,183656400,NVDA
2025-07-10,163.88172912597656,164.28119097215313,161.3950357038234,164.10143771292147,167704100,NVDA
2025-07-11,164.70062255859375,167.6666731011634,163.2525543877531,163.50222183922534,193633300,NVDA
2025-07-14,163.8517608642578,165.26987014699793,161.80448473325933,165.1500194092157,136975800,NVDA
2025-07-15,170.4729461669922,172.17068192225182,168.97494134085255,170.96229989605533,230627400,NVDA
2025-07-16,171.14205932617188,171.52155877211666,168.67534340451817,170.83247408910898,158831500,NVDA
2025-07-17,172.7698974609375,173.92835823409905,170.60278554683865,171.79120519874627,160841100,NVDA
2025-07-18,172.18067932128906,174.01822826089457,171.03219980516573,173.40903901870553,146456400,NVDA
2025-07-21,171.15206909179688,173.14940908730952,170.7725696163311,172.5202421124047,123126100,NVDA
2025-07-22,166.80783081054688,171.1620321483939,164.3610926233022,171.1120956061046,193114300,NVDA
2025-07-23,170.55284118652344,171.03219846298632,167.74658125695927,169.30450383433347,154082200,NVDA
2025-07-24,173.50892639160156,173.5988030318276,171.07216922217725,172.21065238052367,128984600,NVDA
2025-07-25,173.26922607421875,174.4876045602178,172.72995103806022,173.3790803717594,122316800,NVDA
2025-07-28,176.51490783691406,176.7645753161742,173.73860668662087,173.78854323017163,140023500,NVDA
2025-07-29,175.27655029296875,179.14141320408203,174.78721179005433,177.7233037615148,154077500,NVDA
2025-07-30,179.03155517578125,179.65072563032518,175.80584046425426,176.27521653092245,174312200,NVDA
2025-07-31,177.6334228515625,183.0562087176856,175.69600066981488,182.6567315862202,221685400,NVDA
2025-08-01,173.4889373779297,176.3051785902702,170.66269971388826,173.85844036702034,204529000,NVDA
2025-08-04,179.7605743408203,179.96030526461158,174.28786778877773,174.9270158880054,148174600,NVDA
2025-08-05,178.0229034423828,180.02024338323596,175.6660417026363,179.38109521170273,156407600,NVDA
2025-08-06,179.18133544921875,179.66069269115442,176.01555398070957,176.09544939411415,137192300,NVDA
2025-08-07,180.5295562744141,183.6354201729052,178.56217541570945,181.32849521637667,151878400,NVDA
2025-08-08,182.4569854736328,183.05619350177665,180.16004168373897,181.3085211979325,123396700,NVDA
2025-08-11,181.81784057617188,183.59547178906817,180.01025048518693,181.80785936297343,138323200,NVDA
2025-08-12,182.9163818359375,184.234618174838,179.22130626788388,182.7166509044063,145485700,NVDA
2025-08-13,181.3484649658203,183.72530422356277,179.11145412417423,182.3770937521473,179871700,NVDA
2025-08-14,181.77789306640625,182.7765629312542,179.22130065055427,179.51090820642335,129554000,NVDA
2025-08-15,180.20999145507807,181.6580598511533,177.80319319129092,181.63809742364472,156602200,NVDA
2025-08-18,181.7678985595703,182.69666946783065,180.3497891649352,180.359785616326,132008000,NVDA
2025-08-19,175.40638732910156,182.25726371442747,175.25659293377495,182.1873495042791,185229200,NVDA
2025-08-20,175.1667022705078,175.76591033294957,168.57548977611862,174.93701244991922,215142700,NVDA
2025-08-21,174.74725341796875,176.6646977817985,173.57881147306438,174.61743669419707,140040900,NVDA
2025-08-22,177.7532501220703,178.35244288234992,170.97227338198675,172.38040151215634,172789400,NVDA
2025-08-25,179.57083129882812,181.6680441727565,176.33515059315872,178.11278178635797,163012800,NVDA
2025-08-26,181.5282287597656,182.14739921043056,178.57215920342722,179.82049655621498,168688200,NVDA
2025-08-27,181.35845947265625,182.24727507184863,178.86178472902657,181.7379436715125,235518900,NVDA
2025-08-28,179.93035888671875,184.22464261974773,176.17536544772958,180.57950348224864,281787800,NVDA
2025-08-29,173.9483184814453,177.91303926310266,172.91968968806756,177.87309917143955,243257900,NVDA
2025-09-02,170.55284118652344,172.15071909272382,166.99757884564528,169.77387989783634,231164900,NVDA
2025-09-03,170.39306640625,172.18069419661035,168.65539040087648,170.83248363379096,164424900,NVDA
2025-09-04,171.43167114257812,171.6314020660847,169.1846639665207,170.34312465674856,141670100,NVDA
2025-09-05,166.7978515625,168.80517258283567,163.8517783946414,167.8065026792569,224441400,NVDA
2025-09-08,168.0861358642578,170.73262035939155,167.12742125141602,167.32715219255022,163769100,NVDA
2025-09-09,170.53286743164062,170.7525760297424,166.51822538667548,168.86509051949955,157548400,NVDA
2025-09-10,177.09414672851562,179.05153132643002,175.23661998400823,176.40506201448144,226852000,NVDA
2025-09-11,176.94432067871094,180.050359799309,176.2551971559751,179.4511179779685,151159300,NVDA
2025-09-12,177.59349060058594,178.37249577533527,176.22522541777622,177.5435512454145,124911000,NVDA
2025-09-15,177.52357482910156,178.62217970015598,174.28769658655634,175.44622258887705,147061600,NVDA
2025-09-16,174.65724182128906,177.27389957504343,174.15787872389456,176.77453647764895,140737800,NVDA
2025-09-17,170.07308959960938,172.97938669910795,168.1954945771254,172.4201024269062,211843800,NVDA
2025-09-18,176.01551818847656,176.87442336525442,172.73969733735942,173.7583871307785,191763300,NVDA
2025-09-19,176.4449462890625,177.8531538116004,174.95683884616588,175.54609885389235,237182100,NVDA
2025-09-22,183.37612915039065,184.31493427279133,174.4874715349329,175.07671637070237,269637000,NVDA
2025-09-23,178.2027130126953,182.18763613663097,175.9855548133895,181.73821238324945,192559600,NVDA
2025-09-24,176.74456787109375,179.5509859124944,175.17656050171237,179.54100413716742,143564100,NVDA
2025-09-25,177.4636688232422,180.03038734713982,172.90947958662534,174.2577508730865,191586700,NVDA
2025-09-26,177.96302795410156,179.54101721374016,174.70717071687335,177.94304916264082,148573700,NVDA
2025-09-29,181.61837768554688,183.7656330630971,180.09032771672483,180.20017297627672,193063500,NVDA
2025-09-30,186.3423309326172,187.11135435179563,181.2488213615314,181.848063160254,236981000,NVDA
2025-10-01,187.0015106201172,187.9003581593927,183.665753326035,185.00405809785752,173844900,NVDA
2025-10-02,188.6493988037109,190.806651138866,187.8204541960536,189.3585011391996,136805800,NVDA
2025-10-03,187.3809967041016,190.11751186051177,185.1438598655547,188.94900408551683,137596900,NVDA
2025-10-06,185.30364990234372,186.9914995955013,183.09647356463947,185.2637075602064,157678100,NVDA
2025-10-07,184.8042907714844,188.8191743935438,183.76562222076905,185.99277739696944,140088000,NVDA
2025-10-08,188.86911010742188,189.35849142592937,186.30237648821537,186.33235229407293,130168900,NVDA
2025-10-09,192.32470703125,195.05122522476876,190.816620752273,191.9851285494953,182997200,NVDA
2025-10-10,182.92669677734372,195.3708168536685,181.81811007166195,193.26350393527704,268774400,NVDA
2025-10-13,188.0801239013672,189.8678370807686,185.72312947730663,187.73056363822363,153482800,NVDA
2025-10-14,179.80067443847656,184.56460262310264,179.47109296765566,184.5346420566055,205641400,NVDA
2025-10-15,179.60093688964844,184.63451030281777,177.06416377208902,184.56460739230215,214450500,NVDA
2025-10-16,181.5784149169922,183.0465437061986,179.5410200965125,181.99787810828644,179723300,NVDA
2025-10-17,182.9866180419922,183.8655019863948,179.52103686227596,179.9504818191574,173135200,NVDA
2025-10-20,182.4073638916016,184.96410068415813,181.49851933568945,182.89674524617425,128544700,NVDA
2025-10-21,180.9292449951172,182.55715836486127,179.5709767314294,182.55715836486127,124240200,NVDA
2025-10-22,180.05035400390625,183.20633238125785,176.53483359319367,180.9092591258601,162249600,NVDA
2025-10-23,181.92796325683597,182.7968501503985,179.5609718650331,180.1901742303588,111363700,NVDA
2025-10-24,186.0227203369141,187.23118563906056,183.26624175096785,183.60580497197225,131296700,NVDA
2025-10-27,191.2460784912109,191.75542334831323,188.18996363054163,189.74798924630224,153452700,NVDA
2025-10-28,200.77394104003903,202.8912358579665,191.6655623251096,192.80410966447576,297986200,NVDA
2025-10-29,206.7762756347656,211.9197249544373,204.51915980095316,207.715080745974,308829600,NVDA
2025-10-30,202.63156127929688,205.89740027142088,201.1534507471854,204.8886770404504,178864400,NVDA
2025-10-31,202.2320709228516,207.7050861560208,201.81260775338424,206.18701808603035,179802200,NVDA
2025-11-03,206.6164703369141,211.07078042213968,205.2981445069072,207.81493866642376,180267300,NVDA
2025-11-04,198.43690490722656,203.7101778590782,197.67786326579136,202.7414122562426,188919300,NVDA
2025-11-05,194.9613494873047,202.66152000582164,194.40205001057663,198.5168123443512,171350300,NVDA
2025-11-06,187.84043884277344,197.3682807609907,186.14260723026615,196.16981228388872,223029800,NVDA
2025-11-07,187.9103240966797,188.0801209573904,178.68210397488247,184.66446402160463,264942300,NVDA
2025-11-10,198.7964630126953,199.6853287651845,193.5431531870904,194.8614791513322,198897100,NVDA
2025-11-11,192.91395568847656,195.17107140540628,191.05632435423007,194.91140808059745,176483300,NVDA
2025-11-12,193.5531311035156,195.64046510157328,190.8865341091802,195.47068348463264,154935300,NVDA
2025-11-13,186.6219787597656,191.1961465947379,183.61581837719612,190.8066439854392,207423100,NVDA
2025-11-14,189.92774963378903,190.7666759402113,180.34996953708983,182.62706393415107,186591900,NVDA
2025-11-17,186.36231994628903,188.75925679396332,184.08522536919267,185.73311754704963,173628900,NVDA
2025-11-18,181.1289825439453,184.5646030780414,179.42115405263684,183.14641371605563,213598900,NVDA
2025-11-19,186.28240966796875,187.62069907956396,182.5971076589588,184.5546024199349,247246400,NVDA
2025-11-20,180.40989685058597,195.7503316108911,179.62090987236718,195.70039225393623,343504800,NVDA
2025-11-21,178.65213012695312,184.32488707538116,172.70969762442783,181.00912433889104,346926200,NVDA
2025-11-24,182.3174591064453,183.26624588742,176.25518414830518,179.26135956972516,256618300,NVDA
2025-11-25,177.59349060058594,177.93305383278917,169.3340211059625,174.68719385821646,320600300,NVDA
2025-11-26,180.03036499023438,182.6769983530976,178.01294919921247,181.39863013804072,183852000,NVDA
2025-11-28,176.7745361328125,179.0616124091028,176.27517303639212,178.7819702942556,121332800,NVDA
2025-12-01,179.69082641601562,180.07034727044882,173.45876908321011,174.53739527000454,188131000,NVDA
2025-12-02,181.22886657714844,185.4235136530611,179.7707195907086,181.5284722516508,182632200,NVDA
2025-12-03,179.36123657226562,182.21759414523956,178.88185225801445,180.8493441127912,165138000,NVDA
2025-12-04,183.15660095214844,184.29521152983364,179.7407692190929,181.39873533031871,167364900,NVDA
2025-12-05,182.1877899169922,184.43504894381925,180.6896172324408,183.66598269849337,143971100,NVDA
2025-12-08,185.323974609375,187.7709870845105,182.17780264974235,182.41751577930148,204378100,NVDA
2025-12-09,184.7446746826172,185.4937610485011,183.09669077375295,185.33395229946427,144719700,NVDA
2025-12-10,183.55612182617188,185.2540478736652,181.8182359713298,184.74467463147755,162785400,NVDA
2025-12-11,180.70957946777344,181.09911899111663,176.40483245042134,180.060377409269,182136600,NVDA
2025-12-12,174.80679321289062,182.59729422559732,174.40727135263347,180.88937065842447,204274900,NVDA
2025-12-15,176.07522583007812,178.20263580820242,174.81676632707214,177.72322484137152,164775600,NVDA
2025-12-16,177.5034942626953,178.27256047932946,174.686922405521,176.04526619844617,148588100,NVDA
2025-12-17,170.73175048828125,175.91543007880583,170.10251312474713,175.88546784627562,222775500,NVDA
2025-12-18,173.9278564453125,175.93540231223645,171.6106906687844,174.3173807251694,176096000,NVDA
2025-12-19,180.76953125,181.22896236326451,176.12518653595592,176.4547863729682,324925900,NVDA
2025-12-22,183.4662322998047,183.935660967629,182.1278683380167,183.6959478478248,129064400,NVDA
2025-12-23,188.97952270507807,189.099371651584,182.67719635774475,182.74711840334103,174873600,NVDA
2025-12-24,188.38023376464844,188.67987134928,186.3626902843432,187.71105179508496,65528500,NVDA
2025-12-26,190.2978973388672,192.45526970950263,187.7709805748158,189.68863982420257,139740300,NVDA
2025-12-29,187.9907073974609,188.53004285167208,185.68352392965696,187.4813341773615,120006100,NVDA
2025-12-30,187.31153869628903,188.75978454971104,186.70228116711607,188.0106981731968,97687300,NVDA
