Date,Close,High,Low,Open,Volume,Company
2015-01-01,970.3305053710938,978.5069472251332,968.5960860533944,978.5069472251332,366830,TCS.NS
2015-01-02,983.2529296875,987.6365808167918,972.255738996746,972.408176593336,925740,TCS.NS
2015-01-05,968.3104248046876,991.048195606,962.363869470166,983.8437974297404,1754242,TCS.NS
2015-01-06,932.6123657226562,964.0603004488196,930.0964937192616,964.0603004488196,2423784,TCS.NS
2015-01-07,921.5956420898438,945.0195608350892,917.6884759723764,941.5317375750274,2636332,TCS.NS
2015-01-08,931.544677734375,933.5268312419672,922.6820812352424,931.0109601717644,1565408,TCS.NS
2015-01-09,957.6558227539062,960.5527872206744,933.9078613804484,935.8137957914288,3197642,TCS.NS
2015-01-12,956.6649780273438,963.6407186141348,945.439039692527,959.4476616897856,1596006,TCS.NS
2015-01-13,952.1672973632812,964.55587912161,945.382240881639,960.5915701842504,1468432,TCS.NS
2015-01-14,961.334716796875,965.0894466781688,953.1582727221067,959.0666723330615,1787096,TCS.NS
2015-01-15,967.871826171875,984.129412434662,961.8299757628588,965.5465485414928,5009920,TCS.NS
2015-01-16,965.2225341796876,970.1208238949772,946.9827937805394,969.6252622288694,5293830,TCS.NS
2015-01-19,957.160400390625,972.407877895852,954.1109048895796,966.6900738313918,1135074,TCS.NS
2015-01-20,953.1387329101562,964.4028240327448,946.5823370669224,960.5909551630502,2058566,TCS.NS
2015-01-21,958.2276611328124,961.3533751435556,948.4883170899892,961.3533751435556,2310480,TCS.NS
2015-01-22,958.1328735351562,961.067995652907,951.2524276259117,959.2573568906456,2113214,TCS.NS
2015-01-23,954.3397216796876,965.18447220857,951.4808194455414,958.3040288857472,3150380,TCS.NS
2015-01-27,955.6576538085938,960.6038857833084,950.883280618816,959.591755966866,2738736,TCS.NS
2015-01-28,969.9995727539062,972.0238317257416,955.9819430467868,956.0201753196104,3121980,TCS.NS
2015-01-29,971.9287719726562,981.1146856819928,959.801862694602,969.3888424472838,3734392,TCS.NS
2015-01-30,948.0184326171876,983.5206446146487,943.4159193002648,978.0587443267036,5817402,TCS.NS
2015-02-02,960.2982788085938,963.0674151766528,940.3796317505517,947.9995124858676,3181802,TCS.NS
2015-02-03,977.1233520507812,979.7015139295432,957.5866515581808,959.324449039829,2345054,TCS.NS
2015-02-04,960.3365478515624,982.2604324291036,955.6767782278788,980.8472366025856,2245418,TCS.NS
2015-02-05,974.8890380859376,989.8996901250634,962.1319467546914,962.5138967137048,4530168,TCS.NS
2015-02-06,983.8070678710938,991.0832292533704,974.296556402558,975.1177110647004,2136416,TCS.NS
2015-02-09,959.8014526367188,981.2671023623982,954.8743383506084,978.3642470740336,2076432,TCS.NS
2015-02-10,932.3965454101562,964.9005047092444,929.2836924127032,958.6938216012682,3799054,TCS.NS
2015-02-11,939.5581665039062,950.0045296193832,934.7265393953304,937.705766138911,2937522,TCS.NS
2015-02-12,940.4178466796876,947.1593179177372,934.6313433778556,947.1593179177372,3107980,TCS.NS
2015-02-13,969.6747436523438,973.1122907494864,939.69169397171,943.415703326948,4158326,TCS.NS
2015-02-16,987.2638549804688,991.1597242641,975.8817323679287,977.7914813549502,2364392,TCS.NS
2015-02-18,1006.6859741210938,1009.493342509584,979.7967449385964,987.3593697866316,2660014,TCS.NS
2015-02-19,1024.026123046875,1026.4133083483357,1006.4373230958277,1006.8192727440612,2618002,TCS.NS
2015-02-20,1021.92578125,1030.8061138845808,1009.2068345686438,1030.8061138845808,1801588,TCS.NS
2015-02-23,1029.984375,1039.6668348803012,1020.1874048366218,1020.1874048366218,1614892,TCS.NS
2015-02-24,1033.0787353515625,1042.722967930406,1023.2435278701676,1028.9727749467083,2199922,TCS.NS
2015-02-25,1020.6461791992188,1039.667296813591,1018.9847536128392,1035.0838994727524,1767994,TCS.NS
2015-02-26,1014.6304321289062,1028.4952272147436,1002.7518504158256,1023.2434179587032,1991994,TCS.NS
2015-02-27,1016.8839111328124,1022.0020002662084,999.295107240558,1015.7762009550694,2877376,TCS.NS
2015-03-02,1019.5764770507812,1034.6826061159547,1013.1406806490512,1023.5105775534486,2176038,TCS.NS
2015-03-03,1060.292236328125,1065.6395314681083,1022.1545261906874,1024.3889689596656,3424308,TCS.NS
2015-03-04,1048.833740234375,1074.0806494312658,1037.2415310423564,1064.8756255547842,3862994,TCS.NS
2015-03-05,1029.9085693359375,1058.2683433565749,1024.026579431444,1050.3620007643513,2173514,TCS.NS
2015-03-09,1010.944580078125,1023.548921368412,996.8888111408852,1008.3473032229645,2883174,TCS.NS
2015-03-10,1009.378662109375,1022.956995399972,991.25516374938,1011.7467320888048,3037052,TCS.NS
2015-03-11,995.5714721679688,1015.9675583332412,992.229410738768,1009.1115766798056,2240200,TCS.NS
2015-03-12,1000.3456420898438,1002.5799924696074,989.2882140325004,1002.1980426697028,1827636,TCS.NS
2015-03-13,986.3275756835938,1008.3278164446584,983.5202088556388,1007.5830333829804,1586838,TCS.NS
2015-03-16,978.6697998046876,996.888783051955,974.7356989841338,987.416411214446,1556296,TCS.NS
2015-03-17,986.8435668945312,995.6284112911412,976.9319893665072,986.3852458367724,1267318,TCS.NS
2015-03-18,977.5431518554688,992.8592812238204,974.6211802528576,989.6127082761096,1255170,TCS.NS
2015-03-19,991.6375732421876,995.3043301195036,980.8857192808352,983.9030866333654,2448964,TCS.NS
2015-03-20,997.251708984375,999.944473447024,984.991177616381,991.5415787121752,1963908,TCS.NS
2015-03-23,999.6195678710938,1004.9096082397078,995.3608662381904,999.1803630387972,1566608,TCS.NS
2015-03-24,989.74658203125,1007.2016700639203,986.2326623555508,1004.528021337926,2394878,TCS.NS
2015-03-25,983.0435180664062,998.4170009618596,972.1388301825916,989.784896247476,2224858,TCS.NS
2015-03-26,959.8780517578124,987.9895002703984,955.2564220124664,975.2324146212756,3091642,TCS.NS
2015-03-27,960.5272216796876,982.3364958131274,956.4403781248616,966.7147887976852,2751776,TCS.NS
2015-03-30,979.3766479492188,981.5728595359752,962.5135997611296,964.4233489670048,1339006,TCS.NS
2015-03-31,975.4805908203124,981.4008122211968,962.8953646212271,981.4008122211968,2427028,TCS.NS
2015-04-01,971.1644897460938,979.1664115686737,963.3727521843176,977.0274556794468,2075758,TCS.NS
2015-04-06,972.9406127929688,978.8989729186064,954.912603317568,977.0274564511424,1568542,TCS.NS
2015-04-07,987.3401489257812,992.687445670447,971.6802084592604,978.7271630193036,1886922,TCS.NS
2015-04-08,1008.8818969726562,1014.6493747235234,989.5744143005056,990.777518551786,1652134,TCS.NS
2015-04-09,1017.7243041992188,1026.4709168549923,1006.4949247258156,1015.6044642718888,2544450,TCS.NS
2015-04-10,1013.5990600585938,1020.1113213741436,1003.7638548597208,1011.593824047173,1815544,TCS.NS
2015-04-13,1014.2678833007812,1017.896407078359,1003.7642618393724,1017.514457207035,1308642,TCS.NS
2015-04-15,1003.6686401367188,1036.5735798506423,996.6598236355202,1013.962169142304,2913934,TCS.NS
2015-04-16,986.4999389648438,1003.3821010792076,982.1266325072532,1003.3629849397632,3217570,TCS.NS
2015-04-17,945.2684936523438,977.791481610017,943.4159998346648,976.6838644970404,9668742,TCS.NS
2015-04-20,927.6797485351562,948.7251278278492,926.171065384553,947.2546769593245,2890722,TCS.NS
2015-04-21,927.01171875,936.541352112829,917.061903108851,927.6801312158228,2546032,TCS.NS
2015-04-22,933.9052734375,944.5616330491964,919.5630431737836,928.7107200805182,4186812,TCS.NS
2015-04-23,938.5458984375,947.1588828050662,928.7870649722382,944.17965650117,4342990,TCS.NS
2015-04-24,952.2201538085938,960.2219850339808,934.8414345090526,937.8015460380954,3625158,TCS.NS
2015-04-27,954.9507446289062,962.5133683155616,949.527076838288,954.6833984542642,2733052,TCS.NS
2015-04-28,952.9647827148438,958.6940299055142,937.725022487447,958.6940299055142,3088298,TCS.NS
2015-04-29,950.0234985351562,952.9644925476402,936.1778220402256,948.7630458871096,2019620,TCS.NS
2015-04-30,941.0098876953124,951.0551880503184,927.0305782302856,947.2356893031284,3738054,TCS.NS
2015-05-04,947.8271484375,956.7074775735488,938.5266373973952,951.4365538880736,1890630,TCS.NS
2015-05-05,961.6923828125,968.796593450002,954.8745412879176,955.2564911044328,3255070,TCS.NS
2015-05-06,940.7615966796876,960.6038727370244,937.9924602672248,960.6038727370244,3394406,TCS.NS
2015-05-07,972.1578369140624,975.404410576284,937.190310172828,941.4681297602136,3205028,TCS.NS
2015-05-08,965.2825317382812,988.4859796769896,961.1002005127998,977.7913863883668,3003664,TCS.NS
2015-05-11,976.2633056640624,978.956069347176,964.42286651086,968.242363011893,2573082,TCS.NS
2015-05-12,963.6209716796876,979.7010931992284,959.8397065144876,977.7913444795416,2467386,TCS.NS
2015-05-13,960.756591796875,972.82624406027,947.4074635170851,972.82624406027,1863774,TCS.NS
2015-05-14,954.5880126953124,962.5134708381264,949.1452281875968,962.5134708381264,1309050,TCS.NS
2015-05-15,959.1328125,967.24924244574,955.25606090804,960.603355931116,1461454,TCS.NS
2015-05-18,962.6665649414062,964.5190593991432,953.7672061843044,960.2603549853284,4507752,TCS.NS
2015-05-19,959.724853515625,966.332601018323,953.6327753330032,962.2838974850376,1957722,TCS.NS
2015-05-20,976.6646728515624,981.5726714203744,961.3293337176744,962.5134152981803,1897814,TCS.NS
2015-05-21,976.0728759765624,985.4306476304172,973.2655071806148,976.6458007716964,1579578,TCS.NS
2015-05-22,999.906494140625,1004.050687392182,969.866175163328,973.9721361293632,2691632,TCS.NS
2015-05-25,993.4515991210938,1007.1635619783368,987.6077475351916,1000.7086465579644,982978,TCS.NS
2015-05-26,996.4495849609376,1001.9496237430808,988.8296132895526,994.9790412087012,1961740,TCS.NS
2015-05-27,998.8941040039062,1005.7309673681802,990.01377213579,996.1249682600852,1620690,TCS.NS
2015-05-28,996.69775390625,1001.85407491707,986.289624458484,994.5587982612452,2763608,TCS.NS
2015-05-29,997.00341796875,1011.632111557885,992.0189552468722,999.5624625588852,4423532,TCS.NS
2015-06-01,999.8489379882812,1011.0592002254904,996.2586477101448,996.67873647704,882264,TCS.NS
2015-06-02,993.031005859375,1004.527729339039,989.4407159136048,999.1804334414168,3935820,TCS.NS
2015-06-03,997.2327270507812,1002.8474638878786,989.4409881842068,994.5973106472396,1804684,TCS.NS
2015-06-04,995.2276000976562,1001.7780960455636,988.6771973992252,999.6010005269536,4131468,TCS.NS
2015-06-05,992.9916381835938,1005.770943883059,990.7364222995252,999.217434474852,2308534,TCS.NS
2015-06-08,993.6083374023438,998.4463879510116,987.5174101120384,998.4463879510116,1570320,TCS.NS
2015-06-09,987.517333984375,998.4463109808344,983.4117912401962,996.5188084499832,2578914,TCS.NS
2015-06-10,1002.5901489257812,1006.1560275675436,988.3459282016784,989.194010244566,2763350,TCS.NS
2015-06-11,991.2378540039062,1007.3132125100112,985.6288006448416,1004.4219575946552,1847336,TCS.NS
2015-06-12,965.9869384765624,998.0412596652096,954.8074266759616,991.468458904008,2571456,TCS.NS
2015-06-15,965.601806640625,971.6348526651748,956.4268746306532,965.7945569176568,2525176,TCS.NS
2015-06-16,968.3775024414062,971.1916756308487,961.6119481213806,963.7514952641384,1267396,TCS.NS
2015-06-17,969.0709228515624,974.9882975126689,964.4449180586834,971.8465069040284,1975720,TCS.NS
2015-06-18,975.3355712890624,981.5999544939672,966.8352663323712,969.5337698667915,2165046,TCS.NS
2015-06-19,982.8526611328124,984.9536196979456,974.1981951176342,977.2436109331868,1999610,TCS.NS
2015-06-22,999.0248413085938,1002.3015965280122,981.8700639834028,981.8700639834028,1102002,TCS.NS
2015-06-23,992.5098266601562,1005.3855083304238,989.6570659105732,1002.3015037036432,898318,TCS.NS
2015-06-24,990.8519287109376,997.6366808681566,986.4379669217406,994.5912646423344,1170246,TCS.NS
2015-06-25,983.0265502929688,991.8930642760034,980.7713340898706,987.6525575884652,1930992,TCS.NS
2015-06-26,999.5256958007812,1000.8942413724548,983.1033371733624,983.1033371733624,1290102,TCS.NS
2015-06-29,999.5640258789062,1003.8431182923468,980.4817546210448,991.507104549891,1372756,TCS.NS
2015-06-30,983.3927001953124,997.964641156964,979.1714876054808,996.5190139606962,1549952,TCS.NS
2015-07-01,999.6412353515624,1005.385154299769,985.6282566165391,988.3845471345988,1279708,TCS.NS
2015-07-02,993.7237548828124,1003.4383471052464,991.1409207693232,1002.301139635462,1445880,TCS.NS
2015-07-03,1003.804931640625,1006.156522846309,990.7364995076684,991.9122951105104,963470,TCS.NS
2015-07-06,1015.1385498046876,1019.6488871172504,994.7070220098996,994.7070220098996,1182338,TCS.NS
2015-07-07,1008.5661010742188,1020.381658649046,1003.4582173325148,1014.9268619601144,1642836,TCS.NS
2015-07-08,1000.412353515625,1010.6666100210948,994.7840087473294,1001.5109734360344,2667850,TCS.NS
2015-07-09,972.4251098632812,1001.6267756996116,966.3148886721128,1000.373898947558,3934122,TCS.NS
2015-07-10,953.8632202148438,986.4958005909854,946.4037477338292,986.4958005909854,8263654,TCS.NS
2015-07-13,967.4329833984376,970.9217824131384,954.268082338863,954.268082338863,2280308,TCS.NS
2015-07-14,963.5585327148438,969.5337906692666,959.8962778395522,967.9917886165124,1703274,TCS.NS
2015-07-15,981.3878784179688,983.0069616626022,963.7512308926335,964.1367313849906,2003660,TCS.NS
2015-07-16,979.2484741210938,986.4381158178168,974.0057231332032,980.597726040354,1456608,TCS.NS
2015-07-17,988.5772705078124,990.7746982640068,980.443267859658,981.7925193721132,1070526,TCS.NS
2015-07-20,996.4006958007812,998.2357590907252,985.8732274532076,990.5478474560966,853786,TCS.NS
2015-07-21,989.5433959960938,1004.5909910666544,987.109597931654,995.1838390223548,1274500,TCS.NS
2015-07-22,976.6592407226562,992.4793975418193,973.95493718712,989.3887649297776,1320628,TCS.NS
2015-07-23,961.41845703125,980.4451616646631,959.254976746504,972.5833282155957,1496780,TCS.NS
2015-07-24,967.8124389648438,972.1973125745656,962.7709189780326,964.8570586747378,1574972,TCS.NS
2015-07-27,964.6834106445312,967.754709121124,958.5407193726872,961.1871122927572,2003738,TCS.NS
2015-07-28,966.614990234375,973.1632512870062,962.7902745769904,965.6298319142008,1891188,TCS.NS
2015-07-29,968.4302978515624,971.6368476705726,959.4481478864489,970.0721962322822,2413318,TCS.NS
2015-07-30,958.3473510742188,972.3132061880392,955.3147238921596,972.0234593307232,2770574,TCS.NS
2015-07-31,969.9759521484376,973.1631677633832,960.8006344690488,961.9209513213902,1963776,TCS.NS
2015-08-03,969.5319213867188,975.4813540961164,966.1707814642084,967.136604587076,1179324,TCS.NS
2015-08-04,969.2608642578124,974.7081413004914,960.4139672108688,969.8403578019864,2342692,TCS.NS
2015-08-05,984.038330078125,985.139405965192,970.0725679916068,973.5495306008957,988994,TCS.NS
2015-08-06,994.140380859375,997.887753093218,985.1775674072748,990.9338314688748,2211366,TCS.NS
2015-08-07,985.9312744140624,994.0248508183668,983.9802934451536,994.0248508183668,1188506,TCS.NS
2015-08-10,993.6773681640624,1000.2062938845154,987.6892655934907,993.6386975167916,1431182,TCS.NS
2015-08-11,1006.078369140625,1008.31909710904,982.0873851454224,995.9565641176648,2200306,TCS.NS
2015-08-12,1032.1552734375,1039.7659366332653,1005.2281583141,1005.6531579839532,3479784,TCS.NS
2015-08-13,1018.2088623046876,1036.907150237258,987.4570327892816,1031.4985436413856,1406426,TCS.NS
2015-08-14,1044.3253173828125,1050.5645920046406,1018.7890079167898,1019.1366665501598,2293964,TCS.NS
2015-08-17,1037.197021484375,1041.8523058696148,1025.703731088934,1039.2639198375598,773644,TCS.NS
2015-08-18,1058.889404296875,1062.3663662357342,1039.2252906145568,1045.754214750074,1916926,TCS.NS
2015-08-19,1056.0693359375,1063.506171608609,1051.5492097110616,1062.4050958727055,1690070,TCS.NS
2015-08-20,1038.0084228515625,1060.473423215171,1032.2713977526178,1060.473423215171,2349298,TCS.NS
2015-08-21,1033.874755859375,1054.639948451454,1025.742602401485,1047.7246941342937,3536080,TCS.NS
2015-08-24,996.2073364257812,1021.8403058326192,992.5179695666068,1019.5223316038874,4692344,TCS.NS
2015-08-25,991.764404296875,1012.9545865990506,979.537129794772,999.7807306400978,3925800,TCS.NS
2015-08-26,995.4738159179688,1019.5228098214882,970.4396636414172,988.249478380161,3216158,TCS.NS
2015-08-27,994.6620483398438,1010.211792563023,983.516511866697,1010.211792563023,5264798,TCS.NS
2015-08-28,993.1942138671876,1007.932631444297,988.1139295629048,1007.932631444297,2744152,TCS.NS
2015-08-31,990.5673828125,1000.5926064730852,977.8185194867812,1000.5926064730852,3692044,TCS.NS
2015-09-01,980.2713012695312,1008.782404242176,977.4125040050264,987.457059382153,2987602,TCS.NS
2015-09-02,1001.2879028320312,1012.356195174678,984.3666673166282,988.886699476293,3765950,TCS.NS
2015-09-03,1006.619384765625,1010.2508414587046,995.2805852038194,1002.9492574257176,2265074,TCS.NS
2015-09-04,984.154052734375,1010.2119318193006,980.947502321742,1008.8597799613276,2426396,TCS.NS
2015-09-07,981.1792602539062,988.983088641734,978.455621433576,986.298120456038,1759184,TCS.NS
2015-09-08,981.391845703125,990.5864972790416,974.9014978660882,983.207573635504,1787746,TCS.NS
2015-09-09,985.0426635742188,994.411144637725,982.8212711570987,990.142189041968,2045076,TCS.NS
2015-09-10,983.3619384765624,996.1494679193988,976.25352159485,982.0484574175342,2665818,TCS.NS
2015-09-11,985.9117431640624,992.2475019052252,981.5076296877198,983.7869333727608,1592672,TCS.NS
2015-09-14,985.7764892578124,990.9340198370425,982.4347806805454,990.9340198370425,1589318,TCS.NS
2015-09-15,980.2135009765624,988.577488195862,979.7305896055028,985.776602243717,1379900,TCS.NS
2015-09-16,985.2744140625,990.9340973981627,981.6815347286766,987.0708065700998,1756816,TCS.NS
2015-09-18,985.6222534179688,999.0471915096,980.8897212849477,990.9342792815638,2455294,TCS.NS
2015-09-21,985.5449829101562,987.8822930980372,978.6489699535877,985.139318444716,1108840,TCS.NS
2015-09-22,976.1766357421876,993.7931905684644,961.9597024012024,988.036923249428,2081246,TCS.NS
2015-09-23,978.4365234375,988.1334232206068,970.6906991228624,979.0740231518664,1228352,TCS.NS
2015-09-24,996.88330078125,1000.5920968599866,977.3736865374548,979.5371666364848,2354254,TCS.NS
2015-09-28,1002.0215454101562,1011.7956883345358,996.535692271453,1002.1374629781544,2366812,TCS.NS
2015-09-29,999.916259765625,1017.5908155018471,992.807842289873,998.0232849661352,3325952,TCS.NS
2015-09-30,999.839111328125,1021.338289417848,993.232845559814,1021.338289417848,3368336,TCS.NS
2015-10-01,1021.6860961914062,1023.7529005292035,1001.4423923705808,1004.069449424415,2834408,TCS.NS
2015-10-05,1047.589599609375,1070.1319474943457,1024.815510781846,1024.815510781846,4807306,TCS.NS
2015-10-06,1043.0885009765625,1053.1330569118925,1036.9072357855905,1052.7467278374563,3979590,TCS.NS
2015-10-07,1025.2984619140625,1049.6565392238997,1022.59415724915,1040.7516314278482,2065530,TCS.NS
2015-10-08,1017.513427734375,1034.7244050479371,1012.182068206056,1031.4985198893776,2357550,TCS.NS
2015-10-09,1015.9103393554688,1024.0040099275536,1007.5463515799672,1023.9653392878464,2249724,TCS.NS
2015-10-12,1001.5968627929688,1027.7706593285657,999.4333821046416,1025.7037609152778,2455912,TCS.NS
2015-10-13,1003.8955078125,1009.0916153755744,991.9386409580504,1005.5374064975484,6179712,TCS.NS
2015-10-14,959.5256958007812,984.3666791340218,958.0962968023446,984.3666791340218,8337128,TCS.NS
2015-10-15,953.3638916015624,967.1751606218264,952.3014862923114,961.959716376412,3215710,TCS.NS
2015-10-16,955.0055541992188,962.7321363529342,954.2328959838472,958.4438455301702,2333828,TCS.NS
2015-10-19,961.476806640625,963.8720288421569,948.7666135540323,961.9597181457184,3130642,TCS.NS
2015-10-20,976.1572265625,977.412796360196,964.1231106905034,964.3741869225846,2695084,TCS.NS
2015-10-21,977.412841796875,982.0487920346468,974.4187906016474,979.34448772928,1929688,TCS.NS
2015-10-23,982.310302734375,986.5111434902022,978.4967272811136,986.5111434902022,2335398,TCS.NS
2015-10-26,982.077880859375,986.8981372818045,973.7730880558014,986.8981372818045,1414630,TCS.NS
2015-10-27,979.9681396484376,985.3110215596048,975.8060531663676,979.5615913662932,1530420,TCS.NS
2015-10-28,979.193603515625,980.9164944868028,971.8179816584882,971.8179816584882,1255342,TCS.NS
2015-10-29,966.1266479492188,981.6327621374032,964.0746239013334,980.91655290571,3130316,TCS.NS
2015-10-30,966.0685424804688,972.5342758099886,962.1194193020408,967.9269811891758,1516696,TCS.NS
2015-11-02,974.644287109375,976.7543487093244,963.1065803069108,967.9268370506018,1319294,TCS.NS
2015-11-03,984.7495727539062,986.433803578443,975.0896799986292,978.7678026748202,1364906,TCS.NS
2015-11-04,981.0136108398438,986.201662907813,975.6706337028332,985.3499058625836,991434,TCS.NS
2015-11-05,961.2094116210938,981.4584604758588,960.1834469571736,979.8517396948276,1596098,TCS.NS
2015-11-06,970.1531372070312,974.9927717336552,961.5192103067118,964.8295392277448,908024,TCS.NS
2015-11-09,956.83447265625,968.9915964199098,955.7697530917092,965.9910231016582,2021556,TCS.NS
2015-11-10,951.7240600585938,959.0222689500864,948.5686551989148,957.4542079825826,1361920,TCS.NS
2015-11-13,928.2030029296876,943.9415486764532,924.0022575285116,943.9415486764532,2743232,TCS.NS
2015-11-16,919.3757934570312,925.3381857985544,912.1743789712948,925.3381857985544,2043528,TCS.NS
2015-11-17,925.5511474609376,928.6097588807952,919.53062279424,921.6600621312372,1985028,TCS.NS
2015-11-18,910.4124145507812,924.9119366240468,908.3023533933672,924.9119366240468,1520352,TCS.NS
2015-11-19,914.710205078125,922.0858262121476,910.6255350699932,915.7943020008858,1866906,TCS.NS
2015-11-20,928.5713500976562,938.3280377075804,914.4782728618602,916.2399193318528,2012126,TCS.NS
2015-11-23,925.7447509765624,934.3979615554566,922.3376290658492,931.2619348213262,1088082,TCS.NS
2015-11-24,916.801025390625,926.2867094571122,915.8524758887996,921.4858296167814,998640,TCS.NS
2015-11-26,908.1286010742188,922.3957901029304,905.1474044506172,920.6535212876151,2915292,TCS.NS
2015-11-27,911.1484985351562,913.5101838524328,903.0759490268092,909.0770968124108,1737206,TCS.NS
2015-11-30,918.9692993164062,925.8222037809164,909.909445605184,915.658969970462,4100048,TCS.NS
2015-12-01,914.4586791992188,920.7115443643852,912.580957524474,914.8458500011192,1721994,TCS.NS
2015-12-02,915.7361450195312,920.7307038964396,908.4960716423516,920.6919490157732,1640296,TCS.NS
2015-12-03,910.1416625976562,918.7562119937204,908.6897722500048,913.7229921218628,2283358,TCS.NS
2015-12-04,901.4885864257812,908.8061723440288,898.6623147864917,905.979806180604,1246092,TCS.NS
2015-12-07,898.1588745117188,907.4896344280425,896.3972284006642,902.9597548025628,1382604,TCS.NS
2015-12-08,901.7208251953124,909.4642414700684,897.1909455794053,898.00394757378,1139964,TCS.NS
2015-12-09,916.6846313476562,918.6786170829384,898.2359860811017,905.1663035089008,5282806,TCS.NS
2015-12-10,923.2281494140624,925.8027974226552,910.6257209778483,917.2076245733516,1723988,TCS.NS
2015-12-11,923.7891235351562,926.092769879726,914.98099169927,922.6276116447096,1652378,TCS.NS
2015-12-14,920.8660278320312,924.1763558455538,902.3399686574128,904.1208969605104,2718532,TCS.NS
2015-12-15,919.8599243164062,923.4024998710372,914.9041184101748,920.8665118365852,1135868,TCS.NS
2015-12-16,932.4618530273438,934.823632048618,923.014925990435,923.014925990435,1435934,TCS.NS
2015-12-17,944.6001586914062,946.6328058204688,926.6354675889688,935.0176793686836,1618844,TCS.NS
2015-12-18,935.7142333984376,942.4509662492516,929.4613694330354,936.9531608219764,3024970,TCS.NS
2015-12-21,947.1747436523438,948.5685965426316,931.8622119274634,936.9340934230676,1610104,TCS.NS
2015-12-22,931.164794921875,944.6963902960944,929.2095642256664,944.6963902960944,1560858,TCS.NS
2015-12-23,939.19873046875,942.7606821082404,933.2943771208442,935.0172678814788,849834,TCS.NS
2015-12-24,942.4700317382812,943.9993367013384,930.7581211045818,937.3400212954213,843160,TCS.NS
2015-12-28,953.4854736328124,954.917986632967,937.0307152648224,940.0506662936534,3704198,TCS.NS
2015-12-29,950.81396484375,954.4920870387252,946.9228798274016,951.801269179855,1708524,TCS.NS
2015-12-30,936.2951049804688,952.0529366331774,933.9720803282528,949.7492894245528,1605762,TCS.NS
2015-12-31,943.4772338867188,947.9877360505176,932.1137327104844,935.3078919191496,1240318,TCS.NS
2016-01-01,935.559326171875,944.3094225918392,933.9526054313916,944.3094225918392,712262,TCS.NS
2016-01-04,917.4398803710938,934.6302244865536,916.065405253791,933.1395792352048,1870184,TCS.NS
2016-01-05,909.4451904296876,924.0222335131748,906.3672002605884,923.4027221791983,2678020,TCS.NS
2016-01-06,922.0857543945312,923.8473054172028,909.9285379971868,909.9285379971868,2653228,TCS.NS
2016-01-07,918.0787963867188,922.589298578294,913.723124711716,917.594832867274,3199580,TCS.NS
2016-01-08,928.2807006835938,932.0556157916272,918.562676288138,923.402311042027,1907544,TCS.NS
2016-01-11,914.6329345703124,923.0151441900766,909.406129013867,922.4343880171382,2930228,TCS.NS
2016-01-12,900.9658813476562,915.658995155796,891.1124028204667,914.7684833592758,3482594,TCS.NS
2016-01-13,882.4396362304688,900.946418699467,873.1088770056797,897.0747108408531,4746092,TCS.NS
2016-01-14,882.284912109375,890.0669891290609,871.1343732272405,880.0393023757856,2742052,TCS.NS
2016-01-15,875.4318237304688,887.2791920078997,873.0700443374731,886.1758120809632,3269408,TCS.NS
2016-01-18,881.8396606445312,887.3568453318063,875.0061328590689,875.7804745695636,2213922,TCS.NS
2016-01-19,882.4783325195312,890.4927483498577,878.2194541578581,881.5878208663592,967910,TCS.NS
2016-01-20,882.7882690429688,884.6853683470584,868.4241930864123,880.3490738490456,1615954,TCS.NS
2016-01-21,874.9874267578125,888.7263797226542,871.5914897499922,886.8246928993576,2675536,TCS.NS
2016-01-22,890.9967651367188,893.4418585162517,877.1219380198124,882.1673296986875,1343178,TCS.NS
2016-01-25,894.450927734375,907.7824435907112,889.347357626385,893.3836332838088,1397560,TCS.NS
2016-01-27,900.3110961914062,904.269768126162,885.6212102503134,893.422197837102,1626986,TCS.NS
2016-01-28,904.7550659179688,911.62454122025,895.7704263075891,898.6618046555541,3106660,TCS.NS
2016-01-29,928.0802001953124,931.4567118251432,906.2491835119108,915.4278752919504,2235744,TCS.NS
2016-02-01,932.5048828125,936.482980470581,915.5446219915156,928.0028974364424,1495274,TCS.NS
2016-02-02,930.7190551757812,944.2639460528752,923.577832435425,934.949381850134,1475588,TCS.NS
2016-02-03,937.7825927734376,943.060789037766,916.0486093549534,926.605096636259,1308692,TCS.NS
2016-02-04,939.2384033203124,946.9811193414392,932.2330527287446,939.9563444485271,1250046,TCS.NS
2016-02-05,939.9757080078124,946.9616338465996,934.600483033467,934.600483033467,1402996,TCS.NS
2016-02-08,917.0773315429688,936.1334213745632,910.8870444183136,931.4567135082884,1063658,TCS.NS
2016-02-09,885.4271850585938,905.6864442737682,875.4141012427987,905.6864442737682,2489610,TCS.NS
2016-02-10,880.5369262695312,888.725924753105,876.3842015192901,882.9431700241203,1890732,TCS.NS
2016-02-11,853.0397338867188,888.3768940351132,842.832501168981,884.8839311489987,1962408,TCS.NS
2016-02-12,864.1591186523438,870.6792407108863,839.8635815798725,853.8354341385026,2172568,TCS.NS
2016-02-15,880.6730346679688,895.3047455915801,869.3597525746044,873.2408228985981,2479712,TCS.NS
2016-02-16,879.2758178710938,885.6601589621553,870.5239862191562,879.4504470675915,1588702,TCS.NS
2016-02-17,883.1568603515625,884.748042123471,871.8434849937291,879.06231274783,1585178,TCS.NS
2016-02-18,898.7976684570312,900.3112479142336,884.1077800403596,886.8245291449612,1529140,TCS.NS
2016-02-19,900.2725219726562,903.1251468222302,894.7614205601217,895.4988808406051,879012,TCS.NS
2016-02-22,898.8173828125,909.3351253214498,894.5870524395825,900.5056869513845,1324884,TCS.NS
2016-02-23,878.67431640625,900.3694614941787,875.8605404371929,896.6242665536832,1306852,TCS.NS
2016-02-24,858.0852661132812,878.072779255047,854.3012223631412,878.072779255047,1659328,TCS.NS
2016-02-25,858.8224487304688,864.7022307557706,848.265864545679,861.5197729144741,1830556,TCS.NS
2016-02-26,857.9105224609375,875.9186493380527,853.6801940671353,865.3621579013753,1537536,TCS.NS
2016-02-29,844.8316040039062,868.1956338498591,820.8465648602825,868.1956338498591,2191718,TCS.NS
2016-03-01,883.5836181640625,886.8631975762178,839.0871958416147,851.1185108606203,1999760,TCS.NS
2016-03-02,899.9622192382812,904.28957565848,875.6666759997621,894.5868978080672,1527486,TCS.NS
2016-03-03,921.0359497070312,927.9636965092668,893.0340717975001,906.617814740965,2648284,TCS.NS
2016-03-04,914.9817504882812,923.6947343894412,911.8768942382328,923.6947343894412,1512966,TCS.NS
2016-03-08,913.72021484375,918.6491541771398,894.276018673025,908.9853289861052,1268152,TCS.NS
2016-03-09,914.865234375,919.5806965683812,890.7637515467062,908.5584955655424,2017784,TCS.NS
2016-03-10,911.3914794921876,915.8741332718546,898.4480760888163,914.399308057191,1661666,TCS.NS
2016-03-11,917.9701538085938,927.9057316895884,906.2299161370114,908.1704512893392,1530528,TCS.NS
2016-03-14,913.99169921875,930.6802950006636,908.1700960390128,916.708447369294,1636742,TCS.NS
2016-03-15,904.2503662109376,917.2907979392808,900.4469938134567,911.6826713301704,1623356,TCS.NS
2016-03-16,903.1441650390624,905.0652752104396,895.3237542871707,898.4674580240855,1918246,TCS.NS
2016-03-17,912.8469848632812,916.6310276845009,905.065421444495,905.84163535654,2221088,TCS.NS
2016-03-18,941.4893798828124,943.0999859907356,915.9324966823606,915.9324966823606,3204070,TCS.NS
2016-03-21,949.4066162109376,952.7831276890328,939.2188088831758,941.5474505580928,2336982,TCS.NS
2016-03-22,959.8273315429688,964.445766325713,945.6225793370622,947.75716755227,1951984,TCS.NS
2016-03-23,960.0989990234376,965.5712502076595,953.6952343006616,965.5712502076595,2278434,TCS.NS
2016-03-28,959.94384765625,976.92352946798,955.3448364057144,966.7745689833014,3320882,TCS.NS
2016-03-29,958.391357421875,965.2026540058114,952.8026547006712,961.7291154168078,1838796,TCS.NS
2016-03-30,966.1926879882812,972.208348427654,954.7435277972172,958.9738575599476,2136504,TCS.NS
2016-03-31,978.1463012695312,989.673062696276,959.4588883517016,961.8458037662984,4363964,TCS.NS
2016-04-01,952.375732421875,978.3595719564992,944.691289599632,972.2080380858991,3041400,TCS.NS
2016-04-04,959.1094360351562,965.6102283684244,949.697841164604,953.1908042093452,1752352,TCS.NS
2016-04-05,955.81005859375,964.4065866445168,947.7762664741774,958.9343374048728,1491794,TCS.NS
2016-04-06,963.2427978515624,965.9983956599056,954.4910601454278,958.62436210525,1763150,TCS.NS
2016-04-07,958.9346313476562,964.3292798284566,953.5787367086488,962.505196189438,2390942,TCS.NS
2016-04-08,943.8955078125,960.0601240555078,941.9355488036804,957.0717195508348,1399500,TCS.NS
2016-04-11,972.8485717773438,976.8655179465012,936.5023817262248,944.2645233070472,2400648,TCS.NS
2016-04-12,977.3116455078124,979.9702164713948,965.6491054664134,969.4913270279384,1303628,TCS.NS
2016-04-13,980.4360961914062,987.7325283177328,975.119048093636,981.9109220604572,1601468,TCS.NS
2016-04-18,977.9326171875,991.0312284902396,946.9810838128784,952.0264748331928,7121504,TCS.NS
2016-04-20,950.9976806640624,983.812039818422,946.9807367689208,983.812039818422,6405024,TCS.NS
2016-04-21,940.926513671875,957.6151136214036,936.1916275204516,951.2501971231204,2525724,TCS.NS
2016-04-22,938.0742797851562,945.195988178898,933.087065676826,938.8310696754028,1964126,TCS.NS
2016-04-25,951.3475341796876,953.5985743227812,932.3497104792982,932.3497104792982,2267654,TCS.NS
2016-04-26,966.3087768554688,967.7447537295966,947.7572442781932,950.4739931356656,2554368,TCS.NS
2016-04-27,974.5753784179688,975.9337527128232,960.9139382790092,962.5052146397644,1848670,TCS.NS
2016-04-28,981.0375366210938,985.791847697588,969.5302011819213,970.7721247166712,4992744,TCS.NS
2016-04-29,984.0451049804688,986.5677999843628,974.148378426731,976.865126892463,2372178,TCS.NS
2016-05-02,980.630126953125,981.910899250514,970.267687006437,981.5227921757116,1116692,TCS.NS
2016-05-03,961.7677612304688,981.9104717418148,959.4002712038604,979.9699372126807,2153118,TCS.NS
2016-05-04,961.7290649414062,967.9582007169256,953.5788186283436,960.1377884744516,1364892,TCS.NS
2016-05-05,958.740966796875,966.3672332414908,956.1212439300316,961.7293724499916,1246566,TCS.NS
2016-05-06,959.94384765625,964.1742709478142,943.4881482129288,956.6837866494732,885598,TCS.NS
2016-05-09,975.1383056640624,977.2534699586696,953.3460397821948,959.9438590789769,1821276,TCS.NS
2016-05-10,979.1549682617188,983.4435689309494,968.7149293996264,976.0889613141268,1158534,TCS.NS
2016-05-11,977.3699951171876,980.2031955099764,966.386546739846,970.2676172086806,1598716,TCS.NS
2016-05-12,995.9600830078124,997.3960598398528,978.243037807645,978.243037807645,1513082,TCS.NS
2016-05-13,979.3485717773438,995.8819578484432,974.2061571469884,995.493851083888,1621730,TCS.NS
2016-05-16,990.1190795898438,995.4167966941816,978.9998525648572,985.0155107272972,1111526,TCS.NS
2016-05-17,997.5126342773438,1005.682305920453,990.4491055316918,995.1839921796987,1756698,TCS.NS
2016-05-18,990.0995483398438,995.8241251024058,980.3774515654352,995.8241251024058,1500740,TCS.NS
2016-05-19,992.3701782226562,993.553923527396,980.39713408176,991.6133885205064,1038792,TCS.NS
2016-05-20,981.6388549804688,995.8047576077144,979.1161599920551,986.684244957296,1230918,TCS.NS
2016-05-23,966.9490966796876,988.081502359815,962.5828932436,987.3441370139028,1533016,TCS.NS
2016-05-24,957.7315673828124,965.707184703957,954.5879577233776,964.0577300531012,1339158,TCS.NS
2016-05-25,980.5328979492188,983.0555934151288,962.8934539881232,962.8934539881232,1548678,TCS.NS
2016-05-26,989.1682739257812,995.4555882606826,972.2468658857184,981.910692108559,1943248,TCS.NS
2016-05-27,998.4632568359376,1001.2577025376336,989.9055748206658,990.8951716912924,1104676,TCS.NS
2016-05-30,1023.2054443359376,1025.35945753106,1002.092457569406,1002.480564640502,1349464,TCS.NS
2016-05-31,997.2022705078124,1027.319417123975,994.330316082971,1024.6026676264803,3722608,TCS.NS
2016-06-01,1022.0990600585938,1026.5428656113677,997.8229517908604,997.9005542290304,1911942,TCS.NS
2016-06-02,1028.5419921875,1030.152693502597,1009.0784590420612,1009.0784590420612,1408756,TCS.NS
2016-06-03,1020.546875,1031.5885012186372,1017.0344873752592,1029.026956881125,1554922,TCS.NS
2016-06-06,1024.448486328125,1034.8400212133672,1020.8016266363544,1027.5855534632924,1322026,TCS.NS
2016-06-07,1031.7615966796875,1034.8398816853005,1024.6444148706669,1025.036548209691,1202194,TCS.NS
2016-06-08,1024.6837158203125,1030.7421570527165,1021.7034640060064,1026.3110309613205,938266,TCS.NS
2016-06-09,1010.6256103515624,1028.3303916546824,1001.9790514010512,1028.3303916546824,1562138,TCS.NS
2016-06-10,1002.1944580078124,1020.8207856045536,1001.1944991686472,1006.2138234365829,1396832,TCS.NS
2016-06-13,998.7634887695312,1001.2535734531524,987.3916233693284,996.018555741896,1029978,TCS.NS
2016-06-14,993.9993286132812,1003.449685554056,987.4898762632256,1003.449685554056,977570,TCS.NS
2016-06-15,1002.62646484375,1005.7830625746492,988.9605756136482,992.0976432603212,1270844,TCS.NS
2016-06-16,1003.1947021484376,1005.7043171282984,986.783884241298,998.1950022663804,1145070,TCS.NS
2016-06-17,1020.566162109375,1023.467910227246,1003.4691119814264,1003.4691119814264,1878988,TCS.NS
2016-06-20,1042.8006591796875,1046.2122015593677,1016.331647333639,1020.5667083761508,1872838,TCS.NS
2016-06-21,1039.6239013671875,1045.0353606558056,1035.780975452912,1044.447160640427,1027690,TCS.NS
2016-06-22,1046.07470703125,1050.0156671528514,1031.9971551779522,1039.1535902808296,1761712,TCS.NS
2016-06-23,1037.3299560546875,1042.8786044507635,1029.4676635406645,1041.1140044432327,1397014,TCS.NS
2016-06-24,1009.3318481445312,1016.8804168600714,985.8822492992448,1005.8810547274294,3766586,TCS.NS
2016-06-27,978.7059936523438,998.7635748530618,973.5297571941296,998.7635748530618,4272566,TCS.NS
2016-06-28,966.1968994140624,981.4704734721296,964.0205402851846,978.7060100838626,4499524,TCS.NS
2016-06-29,981.470703125,985.2352222685444,966.7265439067984,970.5302189511036,2531264,TCS.NS
2016-06-30,1001.1558227539062,1004.9986534888816,980.4707858849056,988.9604357084266,5121812,TCS.NS
2016-07-01,980.6668090820312,1005.6653122460432,978.1179420927592,1004.6457271560588,2197296,TCS.NS
2016-07-04,978.0586547851562,990.4697285965068,973.2746486648762,986.6071780986416,1883484,TCS.NS
2016-07-05,974.5692749023438,979.1768429042444,971.3733298681132,978.0592242860972,1559748,TCS.NS
2016-07-07,952.805419921875,977.1373079956976,950.9231611156276,975.5098975156916,3316800,TCS.NS
2016-07-08,951.5512084960938,957.6096520455696,942.4928861699664,954.8450916679292,2456356,TCS.NS
2016-07-11,966.275390625,969.2752683010688,951.7076744463924,952.884074538415,1543632,TCS.NS
2016-07-12,966.58935546875,970.5303158986314,955.1783291959728,969.2362563302916,1465536,TCS.NS
2016-07-13,977.62744140625,980.0390225934116,961.2166266408324,971.7061910519052,2102300,TCS.NS
2016-07-14,988.9207763671876,991.704960656174,968.9612328119435,974.843231392348,2699988,TCS.NS
2016-07-15,958.9031982421876,991.2345695044864,951.5310730950862,986.99951074035,8336366,TCS.NS
2016-07-18,954.2371826171876,968.1775467571268,953.119659658348,959.5506103340176,2598850,TCS.NS
2016-07-19,967.0791625976562,969.6672807717064,951.903622449712,951.903622449712,2362896,TCS.NS
2016-07-20,978.3533325195312,981.3139592159554,960.0014679013384,960.7269530785576,2815252,TCS.NS
2016-07-21,982.7058715820312,987.9800463716664,966.3930847546894,976.216045025705,2527148,TCS.NS
2016-07-22,986.2547607421876,989.7447097366008,977.1964408334426,979.9021230214084,1517216,TCS.NS
2016-07-25,1006.0498046875,1007.7206899144516,985.153949007477,987.5914564947494,1688796,TCS.NS
2016-07-26,1003.5535888671876,1009.6080535988408,995.8478192234672,1006.0500309421672,2311290,TCS.NS
2016-07-27,1013.3624267578124,1014.4828451472872,1000.5653924241628,1004.4968870898766,1750510,TCS.NS
2016-07-28,1029.7568359375,1033.8062950159583,1013.1659461043544,1014.522292693221,4632080,TCS.NS
2016-07-29,1029.7764892578125,1035.9095637764967,1021.7955353295516,1027.692777741996,2488084,TCS.NS
2016-08-01,1064.7470703125,1071.3323240474708,1034.7694227130066,1034.7694227130066,3961704,TCS.NS
2016-08-02,1061.189208984375,1067.6761763321033,1057.4936417373603,1062.6438430716564,2578162,TCS.NS
2016-08-03,1044.322998046875,1061.110461889275,1041.4726642755904,1055.9995185752475,2294702,TCS.NS
2016-08-04,1042.6322021484375,1054.800156804063,1036.4400991379405,1049.708891303291,1415416,TCS.NS
2016-08-05,1041.4921875,1055.3310281607678,1034.7692938916275,1051.242216521708,1868484,TCS.NS
2016-08-08,1041.6497802734375,1048.923047280442,1033.609890805694,1037.9148593779487,2058244,TCS.NS
2016-08-09,1041.9246826171875,1045.6989558372738,1013.8735261577748,1044.9912676105384,2261914,TCS.NS
2016-08-10,1051.83203125,1054.4268560902567,1041.0597743948545,1042.239222779743,2062078,TCS.NS
2016-08-11,1065.3953857421875,1067.400485821753,1047.9592696505847,1047.9592696505847,2233138,TCS.NS
2016-08-12,1076.6199951171875,1079.116532293169,1062.30939482054,1063.4691663967565,2327358,TCS.NS
2016-08-16,1058.2406005859375,1077.2297426178911,1051.222938867542,1076.4434435356882,3183754,TCS.NS
2016-08-17,1031.8402099609375,1061.1101616934525,1029.2650623614147,1061.1101616934525,1848566,TCS.NS
2016-08-18,1037.3447265625,1044.8145677404004,1034.0226321827674,1035.949026514085,1292064,TCS.NS
2016-08-19,1023.5641479492188,1040.4498902867265,1022.1881254726212,1037.9140966337384,2416244,TCS.NS
2016-08-22,1002.0198974609376,1020.0064832447054,997.144883095556,1017.4706887080048,2265274,TCS.NS
2016-08-23,1022.6013793945312,1024.1346238309538,998.6781973597956,1000.5456572167532,1503374,TCS.NS
2016-08-24,1011.2000732421876,1022.974880203039,1010.0206248791555,1018.1784760567932,1116878,TCS.NS
2016-08-25,1002.9441528320312,1018.139344153738,993.0957376620246,1014.3258128139444,1939690,TCS.NS
2016-08-26,992.6821899414062,1011.396132830017,989.6352832221364,1006.3834798402504,1250314,TCS.NS
2016-08-29,983.0899047851562,996.6142078622272,969.8014337946446,996.6142078622272,1488728,TCS.NS
2016-08-30,1000.230712890625,1002.4520639363304,983.3646469938408,986.8047032302007,1444026,TCS.NS
2016-08-31,987.3162231445312,1002.531087511186,983.207830629716,1002.531087511186,3231668,TCS.NS
2016-09-01,985.822021484375,996.6139522336892,977.7821362586463,992.6627819637954,1345736,TCS.NS
2016-09-02,988.6920776367188,990.500507190117,981.3205267794938,987.5912401786262,1742330,TCS.NS
2016-09-06,976.6030883789062,990.7957285191552,975.010813619588,990.69744113875,2239066,TCS.NS
2016-09-07,959.5008544921876,982.7556047355636,952.6010628427388,982.7556047355636,3854040,TCS.NS
2016-09-08,912.9324951171876,927.832822818952,898.248322854068,927.832822818952,7021516,TCS.NS
2016-09-09,924.8641967773438,930.4468985169966,912.1261958511648,915.9200487982536,2742438,TCS.NS
2016-09-12,927.4591064453124,929.385500101802,913.6792008501998,918.7901430236304,2024454,TCS.NS
2016-09-14,915.4288940429688,934.752248713142,908.1753052819496,928.6190783878636,2069858,TCS.NS
2016-09-15,914.8390502929688,920.795321769536,910.8289452890284,919.9499929016912,2818964,TCS.NS
2016-09-16,928.5009765625,934.1230325291002,912.106664759054,918.6722409508722,4358004,TCS.NS
2016-09-19,948.0601806640624,954.1736735417244,923.9011672118056,929.7984087046468,2802546,TCS.NS
2016-09-20,946.1139526367188,950.2026676641368,937.8184625911856,947.8831247899976,1184552,TCS.NS
2016-09-21,948.8270263671876,952.99444973064,943.834046590518,946.586093268783,1678020,TCS.NS
2016-09-22,934.9091186523438,954.5665854028136,932.1964266342686,953.4854247315376,2857574,TCS.NS
2016-09-23,942.8117065429688,945.0723158135828,932.2162523919608,936.4819621917496,1800726,TCS.NS
2016-09-26,943.9910278320312,951.06771677039,941.5927781872036,943.9910278320312,1753476,TCS.NS
2016-09-27,957.7514038085938,962.429843822564,943.9911731983856,943.9911731983856,2038792,TCS.NS
2016-09-28,952.6205444335938,958.3015333009296,949.5342836661902,955.7460625454606,1731328,TCS.NS
2016-09-29,958.4199829101562,965.7718602272416,951.2646803661682,957.319144984056,3603958,TCS.NS
2016-09-30,955.66748046875,963.137318285176,952.6402496030496,958.1246639609952,2175364,TCS.NS
2016-10-03,948.1583862304688,966.2235819150826,943.9910601919328,963.2160274066762,1818880,TCS.NS
2016-10-04,945.5835571289062,953.407290394656,942.7725763726802,951.4218660641726,1780718,TCS.NS
2016-10-05,938.1921997070312,949.6131140932284,934.1624179677794,946.7038466457074,1176354,TCS.NS
2016-10-06,939.1354370117188,944.501886829726,932.8450478993432,941.5926202587406,2267572,TCS.NS
2016-10-07,930.8989868164062,938.8405839495534,927.1247149196028,938.8405839495534,1816512,TCS.NS
2016-10-10,935.8135375976562,938.4082660517956,925.8865152308862,931.7247262405048,1202142,TCS.NS
2016-10-13,915.6058349609376,931.7249645103092,912.4606389513038,929.1302353926206,5173334,TCS.NS
2016-10-14,930.2703247070312,938.447853477446,900.7055015990067,910.1410895686164,7741214,TCS.NS
2016-10-17,928.7960205078124,934.0446047456986,921.6996528098564,931.3318155954228,2728346,TCS.NS
2016-10-18,943.63720703125,949.731022965978,925.788261977222,934.1230103815204,2128632,TCS.NS
2016-10-19,941.6321411132812,947.4900286228903,931.8820170576756,943.9516841176596,1985058,TCS.NS
2016-10-20,944.0103759765624,947.2342769302172,938.0542026474538,942.3394914999272,1265854,TCS.NS
2016-10-21,954.8220825195312,956.0998178428456,942.8703812734036,943.558392601342,1259660,TCS.NS
2016-10-24,957.0101928710938,959.8484458670345,947.0959887368213,957.2072951102748,1253190,TCS.NS
2016-10-25,945.4794921875,951.8459507785328,938.6006448867174,948.0615501690698,1772466,TCS.NS
2016-10-26,944.6124877929688,947.1748169200024,935.2501313672692,945.538906820043,1437130,TCS.NS
2016-10-27,953.2257690429688,957.719661040727,932.490577564042,938.0882612121684,2941602,TCS.NS
2016-10-28,945.5782470703124,952.0432581513422,941.3602784711568,950.0327768490316,1752102,TCS.NS
2016-11-01,926.3807983398438,945.9727474649728,920.1326170119454,945.9727474649728,2934776,TCS.NS
2016-11-02,908.2670288085938,924.015481612552,904.6994583194568,922.8328679415462,2325076,TCS.NS
2016-11-03,914.3377075195312,920.4676074081412,900.5602779973868,904.3052211538652,1463310,TCS.NS
2016-11-04,918.7130737304688,920.920560601805,904.3048838180616,914.554198107194,1183752,TCS.NS
2016-11-07,897.6231079101562,924.36981750281,890.9216334114618,921.6103868268772,2048052,TCS.NS
2016-11-08,900.047607421875,909.4296928556466,890.9020831615784,898.9635451525412,1933634,TCS.NS
2016-11-09,855.3646240234375,896.8151863371718,844.7211031306447,859.3657609736416,4500226,TCS.NS
2016-11-10,849.6881103515625,874.1485199784838,843.9130526507199,869.1421418406288,2172426,TCS.NS
2016-11-11,828.2828369140625,846.3768831800816,822.3894982452913,846.3768831800816,2398424,TCS.NS
2016-11-15,836.2260131835938,850.5159261049889,808.8681635285926,834.4914556635082,6290324,TCS.NS
2016-11-16,863.1503295898438,870.758400485925,842.8093361150378,845.6082269438573,4019958,TCS.NS
2016-11-17,842.4937133789062,870.6399682552621,839.7145528172317,861.3367049365369,2504688,TCS.NS
2016-11-18,837.7238159179688,847.5394670632472,829.4848861445217,844.3858318369654,2140534,TCS.NS
2016-11-21,840.798583984375,843.5974739130426,829.8003189658666,838.1574335713216,1793366,TCS.NS
2016-11-22,841.6265869140625,858.3605482814881,836.5216580121942,840.4439734429889,1318860,TCS.NS
2016-11-23,850.042724609375,852.6444159908173,838.5516082237413,847.145283676822,1275808,TCS.NS
2016-11-24,862.69677734375,870.2458509009883,842.4149760410965,849.4711977556722,3026234,TCS.NS
2016-11-25,906.808349609375,909.5283221314604,864.1750756814499,871.9803439396644,4276148,TCS.NS
2016-11-28,899.8110961914062,914.3374721082536,887.7089428506632,904.3049883256164,1924296,TCS.NS
2016-11-29,890.843017578125,903.5166528995352,887.9653056744642,896.8151768527235,1442296,TCS.NS
2016-11-30,897.22900390625,904.6006074312584,883.9246045159874,892.8730257465083,3445832,TCS.NS
2016-12-01,892.2620239257812,902.728171096584,888.556540671956,897.6035133567344,1123052,TCS.NS
2016-12-02,875.8629760742188,895.1592598142028,869.29941588298,890.113424871367,1998032,TCS.NS
2016-12-05,861.73095703125,882.1704969559912,855.4236856165656,878.6817489582143,2249526,TCS.NS
2016-12-06,860.2921142578125,868.8068725766416,855.3841918947525,863.3077397838169,1593444,TCS.NS
2016-12-07,849.333251953125,861.1199269967196,845.8247744589285,860.2329669477135,2065706,TCS.NS
2016-12-08,865.5745239257812,866.8556885404955,851.4817131639246,851.6788154123423,3239546,TCS.NS
2016-12-09,865.3773193359375,875.0944205372253,856.7245509019679,869.2208127255403,1588718,TCS.NS
2016-12-12,870.4822387695312,874.1878183082581,852.6642170512141,865.199937687471,1311758,TCS.NS
2016-12-13,867.3682250976562,874.3456258573577,860.5484676495095,874.3456258573577,2147534,TCS.NS
2016-12-14,870.2457275390625,876.9865654649692,862.9134867340608,872.7685973637326,1870366,TCS.NS
2016-12-15,890.6259155273438,895.6717505027631,868.0379868129702,868.0379868129702,4295410,TCS.NS
2016-12-16,899.830810546875,902.7282519481304,887.748481828467,897.603593749298,1987230,TCS.NS
2016-12-19,902.2945556640624,905.7635741821132,891.4145702445279,898.7861744445585,1334210,TCS.NS
2016-12-20,922.1624755859376,924.409421669664,901.5652933760272,903.5165861265968,2922760,TCS.NS
2016-12-21,912.0315551757812,923.936511637972,908.8779192259914,923.936511637972,2034902,TCS.NS
2016-12-22,909.7056274414062,916.5253839552306,901.2302314177342,909.0354990971018,1868300,TCS.NS
2016-12-23,901.979248046875,913.6673715901032,898.3131273831051,906.6702425443802,1118954,TCS.NS
2016-12-26,903.9501953125,907.3009328873704,893.2672170184459,893.2672170184459,897408,TCS.NS
2016-12-27,915.8945922851562,918.4963801847836,899.3774641165595,899.3774641165595,1294692,TCS.NS
2016-12-28,911.9524536132812,926.340914736307,907.911858366404,917.1953915721256,1350418,TCS.NS
2016-12-29,927.0506591796876,930.2831166772266,907.852920193722,907.852920193722,1963516,TCS.NS
2016-12-30,932.5103149414062,937.6547020359612,924.6655889865622,928.311979988723,1405748,TCS.NS
2017-01-02,930.8546752929688,936.2749862404992,927.3264686286138,932.924248563844,823132,TCS.NS
2017-01-03,933.5748901367188,934.9348765343796,923.7395062354416,930.8154583913552,1475324,TCS.NS
2017-01-04,938.0094604492188,941.6953104419426,929.652345609849,934.1462377076152,1420066,TCS.NS
2017-01-05,920.2308959960938,942.1289740222315,914.7120332978,939.7834766237224,2216404,TCS.NS
2017-01-06,899.337646484375,918.2398195564908,889.7585590410753,914.9481751734209,3009896,TCS.NS
2017-01-09,908.128662109375,911.12465406265,889.7193357747044,896.8150150143786,1854578,TCS.NS
2017-01-10,912.72119140625,918.417425709091,903.3193780174224,908.2469329924246,1533914,TCS.NS
2017-01-11,916.2888793945312,918.3388197385824,898.8650601594102,912.5833956796644,1931296,TCS.NS
2017-01-12,924.1531372070312,930.3223976610988,908.2469509369372,916.2886823185008,2570374,TCS.NS
2017-01-13,886.68408203125,929.5143567083188,882.1704603606214,925.5920417082876,10235580,TCS.NS
2017-01-16,890.3306884765625,896.3816704575338,878.2877204580986,886.9602203908088,3364808,TCS.NS
2017-01-17,898.2935180664062,901.8610880940482,888.0639303837578,888.8917021015745,3009956,TCS.NS
2017-01-18,904.7387084960938,905.8818629510688,893.0504883333272,897.9977736303458,3136574,TCS.NS
2017-01-19,903.12255859375,904.7584688611448,899.9491929479792,904.699376679466,2251676,TCS.NS
2017-01-20,900.8953247070312,906.670382341498,892.8732243493447,901.5457236586982,2037246,TCS.NS
2017-01-23,911.9052124023438,914.5934683967168,893.3643244178884,895.420015525638,2318546,TCS.NS
2017-01-24,916.5108642578124,918.3491051775482,905.3032504763604,910.8378555011068,2282638,TCS.NS
2017-01-25,930.2086791992188,932.9759808372954,916.3919567522714,918.1907221201856,4111648,TCS.NS
2017-01-27,932.1063232421876,940.388442825918,927.0658807215232,927.0658807215232,2871658,TCS.NS
2017-01-30,922.2627563476562,929.7937912296644,916.4316550464554,925.4649590583824,2577956,TCS.NS
2017-01-31,881.50439453125,921.926774281484,869.7433598361943,917.1630417656958,4666804,TCS.NS
2017-02-01,857.033447265625,885.5169126027776,852.151193467708,877.630120686265,4864152,TCS.NS
2017-02-02,872.7479858398438,877.2350083781824,851.1432956458885,857.8836740715707,6009482,TCS.NS
2017-02-03,882.5913696289062,886.7225364630749,866.1654379806496,873.5580675548184,2153372,TCS.NS
2017-02-06,885.8333740234375,892.8504631181228,875.6338674727792,892.6527986365822,2408910,TCS.NS
2017-02-07,887.355224609375,890.5178555850608,880.0020689845704,887.1179886798635,1814638,TCS.NS
2017-02-08,897.7719116210938,902.37755001244,887.1376055954998,887.473577163225,2212584,TCS.NS
2017-02-09,916.0952758789062,920.325273943096,897.4752542817264,899.3728514693056,4033202,TCS.NS
2017-02-10,947.97900390625,958.455220722718,913.6051721833112,913.6051721833112,5782160,TCS.NS
2017-02-13,954.4225463867188,960.2536461316516,941.8115963921408,947.2077958548527,3819812,TCS.NS
2017-02-14,951.2599487304688,956.5573161762906,947.9984860491072,956.5573161762906,2033328,TCS.NS
2017-02-15,954.205322265625,959.8585446944652,938.945685024716,947.6033491073448,1924972,TCS.NS
2017-02-16,967.6660766601562,979.6247729399928,962.8628703144182,972.5088544924868,4175680,TCS.NS
2017-02-17,951.9120483398438,978.6758816413036,949.5796473461074,977.2526595501988,2723324,TCS.NS
2017-02-20,989.1918334960938,1010.065216170614,951.9914464577834,958.6724654456902,3973948,TCS.NS
2017-02-21,974.6241455078124,998.5612332708536,970.5917135015392,993.8568579513282,5501112,TCS.NS
2017-02-22,953.3355712890624,976.4623102152124,948.848550002184,974.841423239694,4505496,TCS.NS
2017-02-23,981.12744140625,985.653938737408,954.719447328122,954.719447328122,4853352,TCS.NS
2017-02-27,984.3096923828124,989.1128998729804,976.4821609223756,980.0599067418716,2139892,TCS.NS
2017-02-28,974.9794921875,984.3685496388748,968.5554002470856,984.1708852714776,2354828,TCS.NS
2017-03-01,980.2376098632812,989.0731512153524,976.4622002716164,980.3759170428924,1130374,TCS.NS
2017-03-02,988.8953857421876,992.2754668947376,976.4820977905566,983.0642848909137,1544942,TCS.NS
2017-03-03,985.9701538085938,988.203723694446,978.597211230159,985.1597101852466,1013970,TCS.NS
2017-03-06,977.4505004882812,981.9967818859012,970.3543675229872,980.4154666171638,1400694,TCS.NS
2017-03-07,988.2431640625,990.298854957247,978.458774178192,981.5620480097708,1511672,TCS.NS
2017-03-08,993.1450805664062,996.2286647843808,985.2385038617684,989.1127457502068,1791510,TCS.NS
2017-03-09,996.1298217773438,997.8099693088662,989.92317843465,993.9159417177124,858468,TCS.NS
2017-03-10,1005.0247802734376,1007.9107002142268,993.8369543888024,996.0706203260514,1171420,TCS.NS
2017-03-14,1015.0067138671876,1022.7748863329092,1008.5035742830626,1010.7767149275558,3402294,TCS.NS
2017-03-15,987.650390625,1016.8453773146568,985.8911960017496,1016.7861165751672,3022496,TCS.NS
2017-03-16,996.5845947265624,998.99613964546,990.6942326677968,990.6942326677968,1571818,TCS.NS
2017-03-17,998.5020141601562,1006.5074247458213,992.1767514751864,1006.5074247458213,2593152,TCS.NS
2017-03-20,980.4156494140624,998.5809926474168,974.8810449415636,998.5809926474168,3487540,TCS.NS
2017-03-21,983.0643310546876,985.1595934739923,974.4857134483916,981.2063045756216,3373700,TCS.NS
2017-03-22,980.0006103515624,986.74098776426,976.4426500591434,980.4749857540484,1888716,TCS.NS
2017-03-23,972.6471557617188,982.411756855548,967.4485246449268,981.2059848313,2620638,TCS.NS
2017-03-24,959.5422973632812,976.3833472954232,958.0005532426092,976.3833472954232,5099814,TCS.NS
2017-03-27,953.55322265625,964.6026476157256,951.161463181736,959.4435854636258,2181270,TCS.NS
2017-03-28,960.6297607421876,965.9469169124212,952.7429658673324,952.7429658673324,1153158,TCS.NS
2017-03-29,966.4207763671876,968.8717955055351,958.9095295302996,963.0209102452172,1717764,TCS.NS
2017-03-30,964.9976196289062,974.4855110140328,962.6256467826248,966.5393633726604,2986086,TCS.NS
2017-03-31,961.3606567382812,964.9384019106742,954.7191131695884,963.9697690759568,1867044,TCS.NS
2017-04-03,953.41455078125,962.6257321207254,952.03089983159,962.6257321207254,1196888,TCS.NS
2017-04-05,949.2836303710938,956.6564765982428,946.8128244617468,956.6564765982428,2905568,TCS.NS
2017-04-06,948.8088989257812,952.7424011543542,945.8439329470852,948.7891131827594,1720704,TCS.NS
2017-04-07,960.2737426757812,961.9341048543284,945.6860474626134,946.773202004214,2277012,TCS.NS
2017-04-10,957.5853271484376,968.160374109412,950.7659043418276,961.4397835173908,2543264,TCS.NS
2017-04-11,956.4193115234376,965.8281594773924,951.161417386005,955.6286536536236,1557784,TCS.NS
2017-04-12,946.120849609375,959.858528298992,942.068728557042,957.6842194416424,1050538,TCS.NS
2017-04-13,920.582763671875,952.3474848896276,917.5783214215076,948.789524173975,2500472,TCS.NS
2017-04-17,915.126953125,922.2625610785764,907.3388981962818,921.2742390333914,2270882,TCS.NS
2017-04-18,912.7350463867188,922.7763581303268,910.066577297662,921.1159966669644,1730620,TCS.NS
2017-04-19,908.9203491210938,928.5089142833374,890.5969135781621,894.8269132596988,5626812,TCS.NS
2017-04-20,919.337158203125,921.906795497608,905.6785283577464,911.3515354526656,1268842,TCS.NS
2017-04-21,913.5260620117188,923.3499274886168,909.6518194012344,920.7606003479358,1161154,TCS.NS
2017-04-24,920.365478515625,924.9314512281704,902.3384376070298,909.2566950695152,2000020,TCS.NS
2017-04-25,913.8027954101562,926.8288639758008,910.323881623054,920.3257225675292,3148710,TCS.NS
2017-04-26,913.3479614257812,926.6309516287954,910.4620417886488,925.0694221211148,2187438,TCS.NS
2017-04-27,910.3038940429688,920.2464720515384,900.4206732685425,911.6480699777874,5773186,TCS.NS
2017-04-28,898.6419067382812,908.7623658187752,896.6060013820477,906.88455342611,2540510,TCS.NS
2017-05-02,905.263427734375,910.0469450702228,901.3497110165544,906.8843145052524,2382696,TCS.NS
2017-05-03,924.0022583007812,927.0462715309976,896.8036106473638,907.2798265090148,3514406,TCS.NS
2017-05-04,921.1561889648438,929.023197863809,912.7356615278396,929.0034121096156,2708208,TCS.NS
2017-05-05,917.360595703125,922.104541899392,910.2446764087246,912.4189850820136,1682474,TCS.NS
2017-05-08,926.0379028320312,927.9947610351408,916.2535153006662,917.5581196080116,1071782,TCS.NS
2017-05-09,930.0309448242188,933.3714544452624,922.1243674888078,926.6310779636574,1790270,TCS.NS
2017-05-10,922.0848388671876,931.4541141420972,915.5816980096224,930.9995245305098,1206388,TCS.NS
2017-05-11,928.8053588867188,932.9760976092828,918.2500977635432,927.955440454976,2071302,TCS.NS
2017-05-12,933.2330932617188,936.8898854459812,917.1827984489464,926.3741950202012,2314446,TCS.NS
2017-05-15,934.9923706054688,940.0722887926156,925.702141946224,938.9456593966366,1817604,TCS.NS
2017-05-16,960.3134155273438,962.6261288168864,938.29360921446,940.8830335048008,3601026,TCS.NS
2017-05-17,970.6710205078124,972.8057583293776,957.8820897824166,962.0330439477964,2876198,TCS.NS
2017-05-18,1002.6329956054688,1016.785787534504,965.4918699868362,968.5556685301458,5138594,TCS.NS
2017-05-19,991.148681640625,1004.3527230597858,982.7875151203306,1002.6330039664164,1786044,TCS.NS
2017-05-22,1000.7154541015624,1009.5707793552724,992.2751468161464,992.2751468161464,1663940,TCS.NS
2017-05-23,996.90087890625,1013.6825715945904,993.8568656455882,1001.4471613067768,2748596,TCS.NS
2017-05-24,1011.7058715820312,1015.9952285657756,1000.043669542074,1002.0796711975368,2534548,TCS.NS
2017-05-25,1037.5797119140625,1042.699199114499,1015.2040695931912,1018.762027781018,4094094,TCS.NS
2017-05-26,1019.2565307617188,1038.469550031297,1013.880020200241,1037.738153107539,1362550,TCS.NS
2017-05-29,1017.1218872070312,1026.4713760583445,1013.6231882201406,1019.5531210685424,1749290,TCS.NS
2017-05-30,1008.5235595703124,1018.3474244768302,998.2054370405076,1012.04194804899,927634,TCS.NS
2017-05-31,1006.7445678710938,1016.9835472919144,999.39141207151,1001.368056478297,2502730,TCS.NS
2017-06-01,1009.5120849609376,1013.6234675960122,1000.182282768296,1000.182282768296,1080064,TCS.NS
2017-06-02,1013.9791870117188,1024.6333794454292,1009.077146629538,1010.5596301946156,1355648,TCS.NS
2017-06-05,1029.4163818359375,1035.7218567235875,1012.100961557374,1014.0183447922556,1500188,TCS.NS
2017-06-06,1065.806640625,1070.9261302224606,1039.7149350310644,1040.1102639037,5946720,TCS.NS
2017-06-07,1033.8836669921875,1067.387783530793,1018.5844613980772,1066.2017971046475,4927776,TCS.NS
2017-06-08,996.8612670898438,1029.8118688385375,994.4497224977282,1027.0643526333126,3330714,TCS.NS
2017-06-09,991.0892333984376,1007.060477213052,982.7873291697308,996.2285074447796,3148034,TCS.NS
2017-06-12,983.2620239257812,993.42195738515,976.6204790813424,987.1362664613576,1626506,TCS.NS
2017-06-13,980.0037841796876,991.8163758451524,978.184908374196,985.380383793377,1175414,TCS.NS
2017-06-14,987.4593505859376,989.7779128733628,981.3831890565856,981.3831890565856,1489142,TCS.NS
2017-06-15,963.8738403320312,987.2591342940766,961.3954184396443,986.9793297827368,2997198,TCS.NS
2017-06-16,959.2769775390624,973.3881267809868,954.00031398884,965.3731454788611,2450426,TCS.NS
2017-06-19,972.0689086914062,977.9252857902223,961.4555610299803,966.15260832466,1644742,TCS.NS
2017-06-20,977.3857421875,978.9847372667434,951.5220162997216,971.7892594101482,1670958,TCS.NS
2017-06-21,961.9154052734376,976.2463389366228,958.27765272911,975.3869181901148,1657818,TCS.NS
2017-06-22,957.338623046875,971.7895056999956,953.4010576283378,962.9950305352896,5775882,TCS.NS
2017-06-23,944.086669921875,964.9735435820708,941.0086238488294,959.1571793404876,1424756,TCS.NS
2017-06-27,936.5515747070312,953.2810044945054,932.0544004208938,939.649628104148,1974330,TCS.NS
2017-06-28,939.4292602539062,942.6072422514272,933.4130240276008,939.3692394042156,1789726,TCS.NS
2017-06-29,932.7137451171876,948.2240157067988,928.6563344549728,943.0072751447316,2471826,TCS.NS
2017-06-30,944.3463134765624,950.2025924780692,928.6561781148612,929.1757733120752,1753848,TCS.NS
2017-07-03,948.8438110351562,952.6214177570602,936.6514723740868,942.3678022605508,1475956,TCS.NS
2017-07-04,946.1453247070312,951.5818489014664,939.4295264951712,948.7236845076376,1215134,TCS.NS
2017-07-05,941.8078002929688,945.4055380699792,937.4105652321782,943.7266132930176,815856,TCS.NS
2017-07-06,938.4302978515624,944.166634470037,935.4521888648374,943.0074020091384,1026788,TCS.NS
2017-07-07,932.1937866210938,941.9876279343432,929.6154275086224,939.4092688218716,1232090,TCS.NS
2017-07-10,973.3677978515624,977.3452767546656,950.981877084093,961.7950958309248,783608,TCS.NS
2017-07-11,989.6976318359376,1005.2878276838904,969.7901314649612,969.7901314649612,3537504,TCS.NS
2017-07-12,975.167236328125,992.696261067338,971.4296434299698,992.3764424933698,2646450,TCS.NS
2017-07-13,977.9456176757812,988.1792280070345,970.0306679545904,977.3860082836568,3131960,TCS.NS
2017-07-14,958.3772583007812,969.390351712406,949.4029217801916,952.6009105693456,4508432,TCS.NS
2017-07-17,957.5779418945312,968.2313026166834,952.2812719624814,958.4773764112944,2211822,TCS.NS
2017-07-18,962.73486328125,976.5861173111696,957.857850849538,957.857850849538,1908002,TCS.NS
2017-07-19,979.2247314453124,983.3820800628928,965.43339739565,965.5932578828936,3915576,TCS.NS
2017-07-20,977.2656860351562,982.1426009489325,971.5892736733872,979.0845622483208,1182504,TCS.NS
2017-07-21,995.8540649414062,999.3718734549497,973.208337326881,973.348190832219,2148416,TCS.NS
2017-07-24,1014.494873046875,1018.2230320689864,994.9722699193798,994.9722699193798,2271402,TCS.NS
2017-07-25,1030.8507080078125,1034.258147641515,1009.5641930304728,1012.5106652734715,2678832,TCS.NS
2017-07-26,1024.6368408203125,1032.253468353797,1021.028964620241,1026.2403413536776,1459826,TCS.NS
2017-07-27,994.8518676757812,1036.1821359309915,988.7585848013628,1019.1048149210608,4255304,TCS.NS
2017-07-28,995.8939208984376,999.401577637394,978.936886460706,994.5710136400538,1382752,TCS.NS
2017-07-31,998.900634765625,1009.8044183593196,987.3554118376358,990.562412769305,2019662,TCS.NS
2017-08-01,1002.8495483398438,1010.5063049027312,998.5802659973036,1002.1881433132314,1747460,TCS.NS
2017-08-02,991.6846923828124,1005.394599161032,986.9543473422888,1002.1875988447288,1251024,TCS.NS
2017-08-03,997.958740234375,1002.9897435339192,988.7386106974924,994.1704891942924,1882548,TCS.NS
2017-08-04,1011.3275146484376,1013.5323272467052,997.377044452696,998.4995140766986,1387890,TCS.NS
2017-08-07,1003.5707397460938,1010.2052421604524,994.6512688579708,1008.8021793241182,1885520,TCS.NS
2017-08-08,1003.4105834960938,1013.652963353814,1000.7046761804291,1006.9983965851036,1073958,TCS.NS
2017-08-09,1006.9982299804688,1011.347763871774,999.5018853424116,1002.187728881836,992946,TCS.NS
2017-08-10,1006.7778930664062,1010.4459594734192,996.7159853517232,1005.7957685061358,1526172,TCS.NS
2017-08-11,1000.6043701171876,1016.2184365806093,995.372930189212,1002.147680618455,1394736,TCS.NS
2017-08-14,989.921142578125,1006.1565875687731,987.3555805423848,1003.390587940556,786504,TCS.NS
2017-08-16,999.1211547851562,1019.7461603479074,988.2373364429563,995.77380835067,1373340,TCS.NS
2017-08-17,996.43505859375,1004.192030190482,986.994529180684,1002.4682478501096,1752374,TCS.NS
2017-08-18,1007.7197265625,1022.1912572360196,990.722565614332,991.7648798988008,2837356,TCS.NS
2017-08-21,1013.7332153320312,1021.8308747181516,999.9030210684864,1004.3928036902036,2304834,TCS.NS
2017-08-22,1001.205810546875,1018.0225045246978,998.9809337568604,1011.408064152712,1131326,TCS.NS
2017-08-23,997.958740234375,1008.9227160272886,991.424454945122,1004.1923691256864,1562272,TCS.NS
2017-08-24,1000.8248901367188,1009.3835154525112,996.635666726306,1001.2657940584062,1623908,TCS.NS
2017-08-28,997.0966796875,1004.3524604493598,986.5536447309826,1004.031838657598,2036796,TCS.NS
2017-08-29,990.5021362304688,1000.5841043843044,987.7360397199764,994.9718537988156,1312602,TCS.NS
2017-08-30,995.9945068359376,998.1792571219186,986.1931276803514,994.5713802889478,970782,TCS.NS
2017-08-31,1000.724853515625,1003.951820608218,988.818781674423,996.1748808074288,1784664,TCS.NS
2017-09-01,984.7297973632812,1001.4062436779268,976.752420582956,994.1704272443628,1702330,TCS.NS
2017-09-04,984.6294555664062,986.5536757269329,977.3335479164008,983.3868014095372,1062544,TCS.NS
2017-09-05,995.9144287109376,998.1793346395572,976.9530105311478,986.153077595707,1165994,TCS.NS
2017-09-06,983.4268188476562,992.1058238649782,982.144038045414,989.4198822813408,1228764,TCS.NS
2017-09-07,986.1934204101562,989.5206072922266,982.5654791661432,985.3515430846012,870636,TCS.NS
2017-09-08,990.40185546875,991.7647913776642,983.1660418428884,983.6470722889828,1021134,TCS.NS
2017-09-11,983.9276733398438,995.3526114107124,982.1437990746836,990.6423299253544,732764,TCS.NS
2017-09-12,997.5575561523438,1000.9850576015696,984.9500546764344,991.7248042643477,1396460,TCS.NS
2017-09-13,997.8583374023438,1014.8754668134366,992.2460856758178,1002.1878083082158,1278980,TCS.NS
2017-09-14,996.9563598632812,1001.225738612166,990.923169734794,994.9720475937528,1081510,TCS.NS
2017-09-15,1004.6133422851562,1009.002906272428,996.1748995180706,1001.787152473102,2944072,TCS.NS
2017-09-18,1001.806884765625,1009.784259681938,997.8782894213026,1004.1720085814468,726600,TCS.NS
2017-09-19,1001.4862670898438,1004.1921741459256,998.780360033762,1004.1921741459256,782754,TCS.NS
2017-09-20,999.6026000976562,1007.800480213551,991.8857507563234,1007.800480213551,1334642,TCS.NS
2017-09-21,1012.1695556640624,1018.6236842715956,994.17030184713,998.5999915160344,2438740,TCS.NS
2017-09-22,1003.631103515625,1012.9714165760475,998.9809124477584,1010.1652904174864,2435396,TCS.NS
2017-09-25,1006.4971923828124,1015.8175387824542,999.2814403314768,1000.8047853385168,1599558,TCS.NS
2017-09-26,992.0257568359376,1012.771048065876,988.5582255657612,1006.1967340511196,1449230,TCS.NS
2017-09-27,1000.1836547851562,1007.0786888633976,991.665056522958,998.1792787234624,2010356,TCS.NS
2017-09-28,992.7470092773438,1007.79988714984,982.9456337674652,1000.0629790229622,4332866,TCS.NS
2017-09-29,976.5117797851562,995.7738498770904,970.7191535738222,993.769474172829,1985014,TCS.NS
2017-10-03,981.52294921875,983.8681084906526,972.94425834072,978.1355730581698,1923006,TCS.NS
2017-10-04,979.0574951171876,983.7477152614427,972.1223347632432,981.983903575201,1300778,TCS.NS
2017-10-05,973.9660034179688,979.518063812414,971.88137498451,978.5359395715805,1684686,TCS.NS
2017-10-06,980.8010864257812,984.14843287088,973.3448678151784,974.1265547357384,1389188,TCS.NS
2017-10-09,983.7876586914062,989.3397203112108,978.5562188676228,978.5562188676228,1773616,TCS.NS
2017-10-10,985.8523559570312,990.1417011116184,982.6453542908092,984.1486363218507,1222010,TCS.NS
2017-10-11,1002.3280639648438,1007.980343975452,984.8498710056132,986.1527150397104,1527746,TCS.NS
2017-10-12,1021.5100708007812,1024.2360414832124,1004.9940336588702,1007.399284636913,5006356,TCS.NS
2017-10-13,1025.6790771484375,1045.8630798520142,1011.4078843411266,1021.5099173574746,4066320,TCS.NS
2017-10-16,1036.021240234375,1038.2661792293038,1024.2556185082717,1024.2556185082717,1218590,TCS.NS
2017-10-17,1040.090576171875,1048.2683895820053,1033.2756990401317,1036.262199150356,1443016,TCS.NS
2017-10-18,1036.9036865234375,1047.7472808717182,1034.2578714253164,1040.270998584766,1514144,TCS.NS
2017-10-19,1035.8212890625,1040.5917621989777,1030.65003863505,1039.0684170136326,86822,TCS.NS
2017-10-23,1037.425048828125,1053.901061203743,1021.2096640941278,1035.8616744581482,1886088,TCS.NS
2017-10-24,1033.616455078125,1050.6536490761891,1029.868331120497,1050.2929005865474,1339020,TCS.NS
2017-10-25,1028.99365234375,1050.740071814484,1027.0240564215787,1036.4702659424818,1105106,TCS.NS
2017-10-26,1020.53271484375,1032.7122216076648,1012.1114379363383,1019.0253404287748,3007552,TCS.NS
2017-10-27,1038.802001953125,1042.3593464469238,1017.0958118646691,1020.19093415742,1409270,TCS.NS
2017-10-30,1051.6246337890625,1053.1521259654412,1037.7567909089832,1039.4852663155082,1137252,TCS.NS
2017-10-31,1054.7596435546875,1061.1911047958747,1045.6350275460154,1045.6350275460154,1592634,TCS.NS
2017-11-01,1046.2584228515625,1055.905617736527,1036.6112279665986,1054.7599740894009,741882,TCS.NS
2017-11-02,1055.6241455078125,1074.8582792508118,1047.8260356907456,1048.5294769729778,1468422,TCS.NS
2017-11-03,1053.192138671875,1059.8647216168547,1046.2381007552628,1058.136246576631,666886,TCS.NS
2017-11-06,1071.4617919921875,1073.974082542836,1049.8359753049365,1053.1521988317922,1377000,TCS.NS
2017-11-07,1089.3489990234375,1112.6429309306495,1071.66247844506,1073.2502260060817,2696892,TCS.NS
2017-11-08,1099.3779296875,1109.025121757884,1092.6449935550447,1094.554333652308,1402252,TCS.NS
2017-11-09,1099.9412841796875,1105.408068792628,1093.0677147064716,1105.408068792628,1152432,TCS.NS
2017-11-10,1088.8262939453125,1095.7602131222602,1082.6360517317214,1094.232721444424,1356566,TCS.NS
2017-11-13,1109.00537109375,1116.4216328267096,1086.1335182400492,1086.1335182400492,1496996,TCS.NS
2017-11-14,1091.1783447265625,1108.0408204630835,1088.3243432054423,1108.0408204630835,1657252,TCS.NS
2017-11-15,1087.4398193359375,1107.4175315851796,1085.852071540424,1087.7211762139732,6670834,TCS.NS
2017-11-16,1104.060791015625,1110.632979825032,1080.063420525061,1089.3287641425393,1653482,TCS.NS
2017-11-17,1088.243896484375,1104.6441488807395,1086.7566401007225,1104.6441488807395,1325464,TCS.NS
2017-11-20,1086.6962890625,1096.122383637,1083.4203014196232,1091.339021654821,1014498,TCS.NS
2017-11-21,1074.4359130859375,1085.7110885943823,1071.6422666392532,1085.7110885943823,1527740,TCS.NS
2017-11-22,1077.53125,1089.2083941876697,1074.21502701813,1074.4562461258904,1822624,TCS.NS
2017-11-23,1077.7725830078125,1082.495688965982,1072.8484938173806,1077.6720913916813,793470,TCS.NS
2017-11-24,1080.506103515625,1086.4752473442309,1074.4967237812284,1078.0741864878128,2287512,TCS.NS
2017-11-27,1079.6219482421875,1083.6616337501912,1070.1153800066947,1080.4861371107008,1856786,TCS.NS
2017-11-28,1079.400390625,1086.2739571645943,1073.2502850943845,1079.6817474769723,911716,TCS.NS
2017-11-29,1068.4869384765625,1082.4955066605853,1065.2109515969369,1076.265027509735,1447532,TCS.NS
2017-11-30,1059.9853515625,1072.0242251014456,1054.3578222026688,1066.6780525823413,4299962,TCS.NS
2017-12-01,1057.1513671875,1072.446206209923,1053.7547712066391,1059.181316852754,1031144,TCS.NS
2017-12-04,1058.1160888671875,1068.6274689517986,1046.2982200974266,1053.9556981725093,1259104,TCS.NS
2017-12-05,1059.40234375,1065.8940604988093,1056.4277341298466,1057.5733773849577,1167914,TCS.NS
2017-12-06,1058.4979248046875,1063.2009110979727,1050.277733228942,1059.5832142360136,1407518,TCS.NS
2017-12-07,1052.0465087890625,1063.5829242758475,1051.1420844334316,1058.0961224395485,1326300,TCS.NS
2017-12-08,1045.715576171875,1063.2011143473417,1043.9067273951025,1052.3480216867072,1385548,TCS.NS
2017-12-11,1069.6728515625,1074.3154850831063,1048.4691234616223,1048.4691234616223,1008002,TCS.NS
2017-12-12,1049.99658203125,1070.0346480342853,1048.087241468454,1069.6326816000126,1882246,TCS.NS
2017-12-13,1056.52880859375,1065.7941569163895,1045.5149647136716,1049.6953774518306,2961458,TCS.NS
2017-12-14,1028.1500244140625,1057.9759217291546,1017.4175375405108,1057.9759217291546,5504150,TCS.NS
2017-12-15,1023.2457885742188,1038.86212557593,1019.7285822941484,1030.5414400606303,2718138,TCS.NS
2017-12-18,1037.2745361328125,1040.671133374491,1002.6451619838105,1019.7889936713603,2180664,TCS.NS
2017-12-19,1035.18408203125,1044.2283259655835,1030.9231989676553,1035.4654388819415,1801952,TCS.NS
2017-12-20,1040.6710205078125,1042.198512644211,1025.2756858543084,1037.877373309171,1577570,TCS.NS
2017-12-21,1043.3843994140625,1048.3286068728264,1037.093663094385,1039.887310575154,1293648,TCS.NS
2017-12-22,1063.904541015625,1070.79822533847,1041.1733220705423,1046.7204778708558,3665664,TCS.NS
2017-12-26,1064.9901123046875,1081.1893817071405,1057.81506923893,1079.6820073484078,2175786,TCS.NS
2017-12-27,1053.11181640625,1068.6277599428204,1049.3333711983196,1064.9899441043506,739284,TCS.NS
2017-12-28,1055.9459228515625,1066.6181535117096,1047.3840164069557,1048.650269818094,2605088,TCS.NS
2017-12-29,1085.7916259765625,1088.886747646183,1052.5691420898395,1054.3981088470834,2609542,TCS.NS
2018-01-01,1063.4425048828125,1083.2192350699193,1059.1816211560729,1078.194654324397,1351760,TCS.NS
2018-01-02,1057.65380859375,1073.0893748500007,1053.2321788771071,1069.23045875186,1920290,TCS.NS
2018-01-03,1060.6485595703125,1072.848278575599,1057.6539296376716,1057.9755223720406,1257120,TCS.NS
2018-01-04,1068.0653076171875,1070.034904362409,1061.1916406899925,1065.2113059956364,913082,TCS.NS
2018-01-05,1080.968017578125,1085.108291103656,1065.210954408108,1065.210954408108,1153706,TCS.NS
2018-01-08,1091.0977783203125,1096.102339524943,1078.0138478542724,1085.309500240237,1242220,TCS.NS
2018-01-09,1088.9273681640625,1093.750966694136,1075.8835734329284,1091.3391674290992,2149396,TCS.NS
2018-01-10,1128.1593017578125,1131.9377478832766,1083.1590702389474,1089.7312622555266,3365850,TCS.NS
2018-01-11,1121.687255859375,1134.308961752302,1118.3509150625578,1129.5256007757905,2520744,TCS.NS
2018-01-12,1115.999267578125,1127.5155637609446,1101.608853233343,1127.5155637609446,3360314,TCS.NS
2018-01-15,1103.8399658203125,1128.721646624928,1099.398217491051,1116.3209439806606,1457214,TCS.NS
2018-01-16,1145.9461669921875,1150.28732642252,1105.6289098350285,1107.8196075012577,4267752,TCS.NS
2018-01-17,1161.2608642578125,1175.7517732615158,1150.4881446225431,1153.643620260017,4280806,TCS.NS
2018-01-18,1173.0185546875,1178.9676781801174,1152.8599751010115,1164.4968849941356,2209478,TCS.NS
2018-01-19,1189.5391845703125,1198.6638022032798,1167.1696955769755,1177.982650595348,1820000,TCS.NS
2018-01-22,1255.6583251953125,1263.0317719231327,1177.3308115756693,1193.0446725104573,4367110,TCS.NS
2018-01-23,1249.8565673828125,1266.1144121765592,1245.0416979591917,1255.0743563961764,3239610,TCS.NS
2018-01-24,1279.108154296875,1313.1346829464733,1242.0596313348044,1245.0211287070022,5621538,TCS.NS
2018-01-25,1257.531494140625,1281.2030066524162,1241.3945540226196,1279.2689740414855,3833844,TCS.NS
2018-01-29,1288.8792724609375,1299.415579595939,1257.9148649607823,1261.7022694730765,3141060,TCS.NS
2018-01-30,1270.3446044921875,1290.8733304276343,1266.6578325694184,1281.2838280158533,1574758,TCS.NS
2018-01-31,1254.0262451171875,1269.1961213148288,1248.4861033177974,1263.9581690681323,3043214,TCS.NS
2018-02-01,1264.6029052734375,1285.3129236931834,1244.537498891199,1258.7202425133244,2400630,TCS.NS
2018-02-02,1270.6668701171875,1285.3130313106017,1250.4403336242824,1257.1086701219676,2456490,TCS.NS
2018-02-05,1250.3397216796875,1284.5073135585612,1239.722852309544,1253.079593841633,2757742,TCS.NS
2018-02-06,1207.650390625,1239.8436171747803,1202.7146270800315,1212.7876139064977,2657306,TCS.NS
2018-02-07,1190.647216796875,1221.248931314202,1187.5849894327778,1219.6372534107852,2180324,TCS.NS
2018-02-08,1198.3631591796875,1219.8791195361723,1192.2388024435077,1200.5993820821366,2755004,TCS.NS
2018-02-09,1197.3558349609375,1206.3409593082797,1167.1167074060097,1188.6125016564542,2102458,TCS.NS
2018-02-12,1195.5830078125,1218.1666646261858,1190.8487038625692,1200.0151221486055,1974562,TCS.NS
2018-02-14,1173.22119140625,1198.4640624264634,1165.4448242448289,1196.6710900629705,2847532,TCS.NS
2018-02-15,1178.8818359375,1185.7918647107938,1170.5212578903547,1181.3395854022488,2465236,TCS.NS
2018-02-16,1181.7828369140625,1208.597144270425,1177.7334770267423,1177.7334770267423,2515756,TCS.NS
2018-02-19,1177.97509765625,1189.9417831513429,1166.532128641711,1186.5975327401118,1568224,TCS.NS
2018-02-20,1186.4969482421875,1202.7346203530906,1179.7077167465686,1179.7480480356992,1889068,TCS.NS
2018-02-21,1225.80224609375,1233.9815331627271,1192.6621109581486,1198.2828193711696,3089228,TCS.NS
2018-02-22,1228.9847412109375,1240.5888396708751,1217.8238934411238,1229.71001580887,3463010,TCS.NS
2018-02-23,1239.2996826171875,1244.6181997633523,1205.5753438189292,1228.904340977088,3362500,TCS.NS
2018-02-26,1221.5308837890625,1245.0009418840957,1217.3002295401725,1238.977315746382,1363882,TCS.NS
2018-02-27,1225.822265625,1240.407932867967,1221.6520091616828,1225.2782849144714,1717800,TCS.NS
2018-02-28,1222.8809814453125,1234.5253169169612,1217.4012363004017,1222.8608157943106,2706864,TCS.NS
2018-03-01,1223.94873046875,1233.417340149874,1216.8170739146465,1228.501741180714,1718124,TCS.NS
2018-03-05,1251.4075927734375,1254.5502862393755,1222.0347016304663,1228.5015794051078,2858168,TCS.NS
2018-03-06,1226.0037841796875,1259.929594981557,1220.9067921948729,1257.9149969723128,1906764,TCS.NS
2018-03-07,1219.818603515625,1244.6183180670678,1216.212493714938,1236.9628476742953,1917772,TCS.NS
2018-03-08,1210.35009765625,1230.878827954304,1203.722091087914,1230.878827954304,1951826,TCS.NS
2018-03-09,1222.497802734375,1234.2226983666,1199.5716296308094,1210.7728087331548,1872436,TCS.NS
2018-03-12,1229.7705078125,1242.5631998074325,1223.0619386021283,1226.083834348963,2091340,TCS.NS
2018-03-13,1163.14794921875,1184.4623498991791,1157.184721370753,1178.4991220511822,88067154,TCS.NS
2018-03-14,1163.188232421875,1177.753830957804,1158.4136955028405,1165.6259150019807,3668668,TCS.NS
2018-03-15,1156.25830078125,1169.494248351658,1150.5771937161774,1166.4521858443015,2348906,TCS.NS
2018-03-16,1138.529296875,1157.1844842439568,1130.1888852034467,1155.895161874029,7197482,TCS.NS
2018-03-19,1140.6649169921875,1147.5145473662133,1136.232803220759,1139.859078124655,3489940,TCS.NS
2018-03-20,1154.3037109375,1157.668028989169,1135.8298166437796,1136.232736053728,4024984,TCS.NS
2018-03-21,1151.0401611328125,1162.1406118696084,1148.3204547925145,1157.386142593508,3907678,TCS.NS
2018-03-22,1140.8062744140625,1158.7764268055632,1137.2605628022825,1152.3297141910637,2326094,TCS.NS
2018-03-23,1135.4874267578125,1141.9140707828917,1127.388804705208,1128.980316884259,3654122,TCS.NS
2018-03-26,1135.0244140625,1139.2147381888835,1120.740935163884,1135.830253192115,2964210,TCS.NS
2018-03-27,1147.393798828125,1153.5584866281629,1137.461872861241,1138.2475461839192,2494574,TCS.NS
2018-03-28,1147.9776611328125,1158.3931659902669,1138.247197886088,1142.638979585205,6865654,TCS.NS
2018-04-02,1172.354736328125,1174.107475579224,1144.2914312439932,1144.2914312439932,1662988,TCS.NS
2018-04-03,1172.999267578125,1180.513676093238,1165.2833993347892,1165.2833993347892,1937290,TCS.NS
2018-04-04,1172.8585205078125,1182.166001791824,1165.2433800892825,1180.3326981002415,2841820,TCS.NS
2018-04-05,1191.81591796875,1194.1528711398532,1176.6662012145969,1179.1642828654856,1809424,TCS.NS
2018-04-06,1188.7333984375,1192.6416978410814,1179.1640604902957,1190.224180885998,1129018,TCS.NS
2018-04-09,1178.0965576171875,1194.0522128339535,1174.5106125901718,1184.4627068549494,1235866,TCS.NS
2018-04-10,1183.6163330078125,1191.5336616376103,1178.8215320560664,1178.8215320560664,1184532,TCS.NS
2018-04-11,1214.4599609375,1218.8316775417509,1186.8399036011613,1188.85450141528,3124416,TCS.NS
2018-04-12,1264.8651123046875,1269.1964971760024,1211.9617592724037,1212.78776396818,6114360,TCS.NS
2018-04-13,1270.52587890625,1305.7813296032466,1261.984006525464,1269.1962250918768,8179118,TCS.NS
2018-04-16,1284.3662109375,1289.3221400990149,1253.3817430001377,1255.4970702205028,6270274,TCS.NS
2018-04-17,1275.8848876953125,1287.3075961376364,1268.0681906211194,1284.366264206858,3301724,TCS.NS
2018-04-18,1272.863037109375,1286.7032629707203,1267.5243537120962,1275.6431423233691,2433066,TCS.NS
2018-04-19,1285.7764892578125,1296.2725616305397,1275.5423735746062,1281.243645002039,4820952,TCS.NS
2018-04-20,1370.9136962890625,1378.9318548997987,1305.459430621963,1309.4886263954877,18465662,TCS.NS
2018-04-23,1373.4114990234375,1433.5472337283436,1365.715795680602,1379.5963526271269,15185910,TCS.NS
2018-04-24,1364.1436767578125,1387.311536305037,1346.75774846257,1373.954800974529,8314336,TCS.NS
2018-04-25,1398.2310791015625,1403.3683015663837,1355.8439769479762,1363.882199483838,8196574,TCS.NS
2018-04-26,1426.032470703125,1434.3930481608038,1396.921544374581,1396.921544374581,12135034,TCS.NS
2018-04-27,1390.858154296875,1427.9469194374471,1377.984894039523,1420.2914478038942,4501330,TCS.NS
2018-04-30,1423.151611328125,1429.960909645507,1385.0757291186292,1390.8575633216394,3458558,TCS.NS
2018-05-02,1410.117431640625,1423.1921489213871,1398.6543922587305,1422.507205488171,3158046,TCS.NS
2018-05-03,1402.9051513671875,1420.6940060545555,1398.2916448871472,1414.166730521867,3761550,TCS.NS
2018-05-04,1402.4625244140625,1409.0099685056314,1398.1311383227169,1406.99537032361,2347244,TCS.NS
2018-05-07,1378.3675537109375,1406.1891670772015,1374.3181927393885,1406.1891670772015,3484426,TCS.NS
2018-05-08,1386.5263671875,1404.778637624063,1368.5964519790473,1383.907390808737,2992820,TCS.NS
2018-05-09,1405.906982421875,1408.1028739471597,1386.1235963081754,1386.1235963081754,2615050,TCS.NS
2018-05-10,1390.5760498046875,1414.710890684038,1386.123769254289,1411.4069701598287,3858678,TCS.NS
2018-05-11,1392.87255859375,1404.174470345948,1387.0503914392905,1391.7645299586134,2627876,TCS.NS
2018-05-14,1383.4442138671875,1398.5335288681504,1374.2777956068155,1392.892656092537,2433894,TCS.NS
2018-05-15,1403.1268310546875,1408.52601138996,1383.504671028115,1390.0722785687797,1952890,TCS.NS
2018-05-16,1407.76025390625,1413.8443770651052,1400.2458453677705,1402.1395471451533,1648450,TCS.NS
2018-05-17,1406.9141845703125,1423.5748451544034,1400.5480374535402,1415.4358917682048,2968048,TCS.NS
2018-05-18,1411.0439453125,1417.3495947575357,1393.29532555464,1402.4819078145138,1874996,TCS.NS
2018-05-21,1433.083984375,1447.286897272791,1417.4910188248464,1421.7820723101872,3446178,TCS.NS
2018-05-22,1413.8043212890625,1440.417176330092,1407.6799640123486,1433.5877098649958,1857416,TCS.NS
2018-05-23,1408.243896484375,1428.3495389401876,1402.5626925390106,1420.2911494398195,1507298,TCS.NS
2018-05-24,1452.0009765625,1456.55398656776,1411.165144425227,1414.247439240066,2962316,TCS.NS
2018-05-25,1444.788818359375,1480.648655239016,1439.450134778979,1460.5832436932326,3769772,TCS.NS
2018-05-28,1411.0439453125,1457.1580523043249,1404.577069081398,1457.1580523043249,3716798,TCS.NS
2018-05-29,1419.686767578125,1427.9466168005888,1405.3831262416631,1422.265412865826,3525312,TCS.NS
2018-05-30,1415.8992919921875,1423.5144303216518,1403.1669979040907,1413.86452907663,3779106,TCS.NS
2018-05-31,1414.680419921875,1429.3062186321035,1402.53282203613,1408.951942418684,5049371,TCS.NS
2018-06-01,1407.692626953125,1428.0469055955266,1394.5701131166174,1425.2029999513818,1603856,TCS.NS
2018-06-04,1417.28076171875,1421.140348141662,1391.563708136993,1417.890170101315,1681483,TCS.NS
2018-06-05,1398.87646484375,1423.4966006420527,1390.3854152617314,1417.0774798351058,2449568,TCS.NS
2018-06-06,1402.24853515625,1409.6833364491736,1393.6761518359167,1400.0140379975192,2236512,TCS.NS
2018-06-07,1410.2113037109375,1421.1399849032462,1400.6639081576996,1401.6389216455686,2414762,TCS.NS
2018-06-08,1419.5965576171875,1427.884571505572,1409.7647884402186,1409.7647884402186,2582138,TCS.NS
2018-06-11,1421.708984375,1432.515865234148,1416.2649762354622,1419.596388642682,2179378,TCS.NS
2018-06-12,1447.1416015625,1450.3917792190132,1424.3903579669077,1427.6405356234209,4608875,TCS.NS
2018-06-13,1482.1622314453125,1488.2969813868667,1460.9548422819555,1475.5806415928982,5370983,TCS.NS
2018-06-14,1452.463623046875,1488.8249809702286,1449.5790510673255,1486.9560893795997,3819998,TCS.NS
2018-06-15,1495.12255859375,1500.8509378510164,1453.3170842292425,1462.580111439203,9183574,TCS.NS
2018-06-18,1486.1441650390625,1517.792739485557,1480.5782540233702,1517.792739485557,4674987,TCS.NS
2018-06-19,1482.4873046875,1494.269198860133,1479.643399197554,1480.577845124618,3245034,TCS.NS
2018-06-20,1480.821533203125,1492.0753527295012,1477.6932570349393,1488.581372061106,3107695,TCS.NS
2018-06-21,1478.302978515625,1488.5816874064644,1476.8810254845323,1488.5816874064644,2910659,TCS.NS
2018-06-22,1470.5428466796875,1484.5185702273902,1462.214266852194,1484.5185702273902,2949458,TCS.NS
2018-06-25,1478.2216796875,1480.740547967085,1467.4554643482893,1472.2494970538287,2083217,TCS.NS
2018-06-26,1504.832275390625,1512.1451752170374,1479.6433982107603,1481.2684870610742,4679712,TCS.NS
2018-06-27,1509.707763671875,1531.76836789243,1504.2230879965332,1511.3328527608653,4081208,TCS.NS
2018-06-28,1497.2760009765625,1520.2710544630886,1483.9503479411671,1515.3957865171888,4888125,TCS.NS
2018-06-29,1501.37939453125,1517.3459169273042,1496.9510658121835,1499.0636620892833,3506276,TCS.NS
2018-07-02,1504.3043212890625,1509.5452931089817,1495.9757397153203,1504.8324950800325,2650290,TCS.NS
2018-07-03,1522.7490234375,1527.5023888111675,1508.935767268261,1511.2920669117902,3242233,TCS.NS
2018-07-04,1516.3299560546875,1527.50244305894,1509.0170554700858,1527.50244305894,2700614,TCS.NS
2018-07-05,1527.8272705078125,1533.6775504956108,1513.0389029587166,1521.895656730214,2472571,TCS.NS
2018-07-06,1554.35693359375,1560.897956375919,1528.924350714528,1529.8993644219358,3713781,TCS.NS
2018-07-09,1530.0213623046875,1563.6607259549537,1524.739822817178,1563.3356883028246,6151747,TCS.NS
2018-07-10,1523.6026611328125,1542.9412661148167,1520.0681112608645,1542.2099559925807,5303302,TCS.NS
2018-07-11,1608.7568359375,1623.4638711893413,1539.0811467710903,1543.834512142016,22903802,TCS.NS
2018-07-12,1601.8096923828125,1617.694978144992,1592.993603778096,1612.088400864954,6921701,TCS.NS
2018-07-13,1609.731689453125,1623.3824750350057,1603.9626440561874,1604.7751884554054,4148185,TCS.NS
2018-07-16,1616.313232421875,1621.8385738514976,1606.7658360076691,1616.963307597435,2582159,TCS.NS
2018-07-17,1630.11376953125,1635.6908938163583,1612.8938081882557,1619.4072612248565,3315492,TCS.NS
2018-07-18,1628.567138671875,1637.8894804881045,1622.7050694912436,1632.434502205779,2013869,TCS.NS
2018-07-19,1613.2196044921875,1636.8715227203725,1603.937913440481,1630.0731255535768,1746318,TCS.NS
2018-07-20,1625.594970703125,1628.3632080342638,1615.3363023699897,1616.0690856910858,1934995,TCS.NS
2018-07-23,1632.9639892578125,1636.4649118846328,1616.9652946373114,1629.1780234487717,2086201,TCS.NS
2018-07-24,1627.549072265625,1640.5759782967657,1615.4584949829537,1640.5759782967657,2038423,TCS.NS
2018-07-25,1613.3011474609375,1629.9918734376972,1602.6353863483948,1629.9104751396849,1535492,TCS.NS
2018-07-26,1599.6224365234375,1616.150361588342,1591.8063135942425,1607.9677973326468,3503036,TCS.NS
2018-07-27,1582.5657958984375,1599.58221455883,1579.7569085815865,1596.4882841160595,2033977,TCS.NS
2018-07-30,1583.2572021484375,1591.480414782769,1572.6321940304615,1581.9545317270135,1579251,TCS.NS
2018-07-31,1579.6751708984375,1585.2116457799043,1569.742194691143,1581.1407375986512,2204803,TCS.NS
2018-08-01,1609.230224609375,1613.3418821909445,1587.4916116969662,1587.613659449206,2425180,TCS.NS
2018-08-02,1586.35205078125,1616.1510887620443,1583.5838124141949,1612.0801792185632,1509287,TCS.NS
2018-08-03,1611.6322021484375,1613.7491544406953,1592.9467686903038,1592.9467686903038,1505131,TCS.NS
2018-08-06,1608.456787109375,1627.508560444517,1605.7699475942038,1625.920945795728,1532249,TCS.NS
2018-08-07,1601.7803955078125,1611.3877796100214,1596.2032705735496,1610.6142473394457,1353521,TCS.NS
2018-08-08,1607.1947021484375,1610.6957232707994,1597.4245215882647,1605.566338721742,1315062,TCS.NS
2018-08-09,1607.479736328125,1612.7312683071864,1600.6813385165892,1612.0798831448865,2060297,TCS.NS
2018-08-10,1622.74560546875,1625.5138432611288,1605.6071394810429,1612.8532774542148,2784105,TCS.NS
2018-08-13,1628.4854736328125,1631.8235985746676,1620.2215098733134,1626.5721666016502,3559575,TCS.NS
2018-08-14,1631.253662109375,1648.3921259730057,1614.033700571942,1621.8498244266373,3311765,TCS.NS
2018-08-16,1635.2838134765625,1644.6876511133544,1624.2923614068918,1628.6075638262437,2152065,TCS.NS
2018-08-17,1638.7442626953125,1646.1940453370053,1631.620172620249,1639.6398427129798,1213731,TCS.NS
2018-08-20,1636.4644775390625,1647.90377024459,1631.375841884898,1647.90377024459,1587032,TCS.NS
2018-08-21,1642.7333984375,1647.9034313213306,1631.6198005770486,1636.6270369083943,1376866,TCS.NS
2018-08-23,1656.941162109375,1659.3023089230094,1644.8913325504302,1646.9267868057332,3046791,TCS.NS
2018-08-24,1663.3731689453125,1665.8157139804746,1653.6029888046646,1656.9411138085702,1570533,TCS.NS
2018-08-27,1669.8050537109375,1676.400004535452,1656.8596450848202,1663.3730982350307,1532702,TCS.NS
2018-08-28,1684.70458984375,1686.9843381637986,1670.7007055560398,1673.1432504472036,1987983,TCS.NS
2018-08-29,1686.984619140625,1690.7299347741375,1665.4902006408854,1687.3917100236222,1525867,TCS.NS
2018-08-30,1695.4520263671875,1697.568978464179,1681.6924340612768,1683.727888471905,2408020,TCS.NS
2018-08-31,1692.19482421875,1703.2677726137265,1688.6125049717343,1695.3702514727215,2504554,TCS.NS
2018-09-03,1671.433837890625,1701.640063991034,1667.770019571027,1697.4063581322496,1439711,TCS.NS
2018-09-04,1708.8861083984375,1713.6491514603656,1674.731221485746,1677.051719136399,4420803,TCS.NS
2018-09-05,1692.8870849609375,1715.68416966884,1689.4675620097128,1709.781353092687,1681106,TCS.NS
2018-09-06,1689.6707763671875,1694.7186615228477,1677.458054809252,1689.4264821810757,2238097,TCS.NS
2018-09-07,1693.375732421875,1696.7545066560112,1681.6106489196943,1692.9278927731216,1312182,TCS.NS
2018-09-10,1694.10888671875,1704.4082076254765,1688.8167046864676,1697.080570965393,1530539,TCS.NS
2018-09-11,1666.01904296875,1700.825305198152,1662.7215678446892,1700.825305198152,3679745,TCS.NS
2018-09-12,1664.146484375,1684.460276062609,1660.9305067272303,1670.9857292558218,2307661,TCS.NS
2018-09-14,1681.6109619140625,1686.6182991051635,1643.1409723563504,1664.1875514044057,3642038,TCS.NS
2018-09-17,1688.73486328125,1691.7067456978882,1672.777021512128,1685.3560887967326,1033857,TCS.NS
2018-09-18,1685.966796875,1692.520999476686,1675.2603867657588,1687.798705745201,1456507,TCS.NS
2018-09-19,1691.787841796875,1700.8253369314675,1682.791294271435,1686.9027522700253,1301268,TCS.NS
2018-09-21,1712.3463134765625,1726.8795376099513,1669.1946795806043,1691.0555396585896,4508530,TCS.NS
2018-09-24,1789.9375,1799.74842804173,1708.2750457086966,1721.9940851880838,3032226,TCS.NS
2018-09-25,1777.521484375,1800.8884598923537,1753.584621410849,1795.189187874715,2868778,TCS.NS
2018-09-26,1744.0992431640625,1790.3855521602654,1738.3594212186092,1780.61537179377,1970951,TCS.NS
2018-09-27,1782.12158203125,1799.0971501490358,1738.929205794227,1743.8955945885373,3311802,TCS.NS
2018-09-28,1777.9285888671875,1783.0579734773632,1757.69629231432,1773.2877928007752,2904371,TCS.NS
2018-10-01,1836.4276123046875,1853.0368398285216,1783.3430040889857,1783.7906450136566,3772208,TCS.NS
2018-10-03,1760.9530029296875,1835.9797685052345,1755.0501854921429,1832.1531541972408,3902322,TCS.NS
2018-10-04,1681.1226806640625,1755.9051624101398,1674.242883962389,1755.864612338569,4762419,TCS.NS
2018-10-05,1711.939453125,1726.06558827484,1645.3801837192914,1669.07285658652,3417624,TCS.NS
2018-10-08,1691.5029296875,1727.856056615689,1667.56587270078,1711.9387674572592,2010154,TCS.NS
2018-10-09,1703.105224609375,1716.0098845680918,1671.6777332362772,1693.7828844204707,1867130,TCS.NS
2018-10-10,1663.8616943359375,1714.625903212226,1651.974661449907,1709.7815618752118,2749573,TCS.NS
2018-10-11,1612.0389404296875,1638.9476840888424,1580.3266044791071,1616.150597573945,4700256,TCS.NS
2018-10-12,1561.8446044921875,1610.4512063025772,1549.387586245604,1610.4512063025772,9373289,TCS.NS
2018-10-15,1587.247314453125,1592.1731537733365,1563.2289529366506,1579.512587863074,2638151,TCS.NS
2018-10-16,1597.6688232421875,1605.4849478489714,1575.4416226100864,1594.167802103643,2815425,TCS.NS
2018-10-17,1570.8818359375,1619.4070343854996,1563.228509814057,1603.9375855904648,2779207,TCS.NS
2018-10-19,1557.6923828125,1570.5564933789678,1522.5605220998796,1570.5564933789678,3428776,TCS.NS
2018-10-22,1549.3878173828125,1559.97217977166,1536.32016098623,1558.343816327222,1778496,TCS.NS
2018-10-23,1504.2281494140625,1548.57212040298,1498.8024157957188,1540.413152434577,2752811,TCS.NS
2018-10-24,1508.18505859375,1528.9904245629905,1477.6705019195113,1511.0815317340564,2735913,TCS.NS
2018-10-25,1511.8565673828125,1531.3565182036489,1489.0522947237578,1504.513497168865,2507233,TCS.NS
2018-10-26,1467.8795166015625,1512.5906890072938,1461.3523439640396,1512.5906890072938,2285970,TCS.NS
2018-10-29,1526.542724609375,1532.2131668316176,1455.8452556855311,1475.7123203969843,2609483,TCS.NS
2018-10-30,1545.960693359375,1557.8727620728127,1505.3290087321373,1523.2787313294853,2404883,TCS.NS
2018-10-31,1581.330078125,1586.0214837616547,1530.173299511597,1550.2036016772345,2769190,TCS.NS
2018-11-01,1579.3719482421875,1586.3886395483985,1551.2643483459342,1585.8175517292077,2769759,TCS.NS
2018-11-02,1561.1776123046875,1594.7517838275337,1554.2833245358752,1578.1074700391334,1818635,TCS.NS
2018-11-05,1542.738037109375,1572.5182624480049,1537.7610878625433,1558.362476624198,1713366,TCS.NS
2018-11-06,1576.8834228515625,1580.7997666282356,1542.860572229158,1545.3082621903886,1398710,TCS.NS
2018-11-07,1584.593505859375,1590.1823773123135,1580.3916187039258,1582.839308356023,144530,TCS.NS
2018-11-09,1557.7099609375,1600.7485124464802,1554.2832345897095,1599.9734504096696,2570479,TCS.NS
2018-11-12,1562.3192138671875,1587.815976567049,1557.1382916059215,1557.1382916059215,2552008,TCS.NS
2018-11-13,1578.7193603515625,1582.0237819938163,1552.651499295633,1562.4422601950273,1418432,TCS.NS
2018-11-14,1534.4161376953125,1574.5990498801773,1525.7268179836994,1570.601136159691,2422318,TCS.NS
2018-11-15,1528.0523681640625,1549.3880903277957,1515.6099414249898,1520.83170109058,1829123,TCS.NS
2018-11-16,1539.270751953125,1550.040648554564,1525.9308603278405,1541.22892402582,1829729,TCS.NS
2018-11-19,1552.20263671875,1556.2005504671822,1521.076257298332,1549.3878329431045,1740628,TCS.NS
2018-11-20,1532.4578857421875,1551.8354312161005,1529.1534644647743,1551.8354312161005,1190182,TCS.NS
2018-11-21,1478.4046630859375,1526.5833979330414,1467.4308934773403,1526.5425632636804,3840461,TCS.NS
2018-11-22,1478.853759765625,1507.4508823658052,1476.7323484439407,1484.932150984516,3194219,TCS.NS
2018-11-26,1506.226806640625,1517.5677901530564,1455.9675922194242,1484.116027036779,4333177,TCS.NS
2018-11-27,1542.2489013671875,1548.4905317060422,1497.4561478490712,1512.6726428434154,3344839,TCS.NS
2018-11-28,1618.65771484375,1622.8187686902666,1535.9257576970472,1541.2290870064924,5313249,TCS.NS
2018-11-29,1599.6064453125,1629.3458426110838,1584.920303516306,1629.3458426110838,4035441,TCS.NS
2018-11-30,1605.888427734375,1624.4500747461657,1599.0348766106715,1604.0526604474946,5268901,TCS.NS
2018-12-03,1617.43359375,1623.6343885810072,1605.92947051408,1618.739008514934,1610576,TCS.NS
2018-12-04,1640.645751953125,1647.6217081205002,1608.1322905043398,1617.9230502638793,3270615,TCS.NS
2018-12-05,1637.3004150390625,1646.4792513012724,1619.5546649321236,1636.688492621582,2501539,TCS.NS
2018-12-06,1625.837646484375,1645.663980184509,1615.1494174496331,1630.161939716732,2321216,TCS.NS
2018-12-07,1627.8773193359375,1634.9756815322678,1609.7644495046034,1619.596046168724,1680420,TCS.NS
2018-12-10,1612.0487060546875,1640.768229456595,1599.1574986250257,1611.3959488696046,2010786,TCS.NS
2018-12-11,1631.793212890625,1639.952178955078,1599.9732452392575,1607.3163146972656,2942014,TCS.NS
2018-12-12,1645.50048828125,1649.743111240988,1619.5140989633712,1632.6908504586595,2219993,TCS.NS
2018-12-13,1617.596923828125,1656.0256419550258,1610.9881798796523,1651.375070183042,3748429,TCS.NS
2018-12-14,1623.4306640625,1630.936874812745,1611.600160416863,1617.9233606412552,2473761,TCS.NS
2018-12-17,1627.142578125,1635.7910618940791,1619.5547001445648,1630.9772521858868,1227921,TCS.NS
2018-12-18,1621.8802490234375,1633.4252073463626,1612.538271567381,1625.184670525357,1768742,TCS.NS
2018-12-19,1606.0516357421875,1619.3916249401511,1599.1981839227888,1619.3916249401511,2498833,TCS.NS
2018-12-20,1594.302978515625,1611.314404706358,1587.7349702747035,1594.099004341643,1940277,TCS.NS
2018-12-21,1546.7767333984375,1590.9982869719854,1539.2296902422884,1589.3664938571424,3729956,TCS.NS
2018-12-24,1565.2978515625,1581.9421645086322,1554.283245883014,1554.93600309532,1864116,TCS.NS
2018-12-26,1541.391845703125,1567.9901550378777,1525.9306446827238,1567.9901550378777,2446614,TCS.NS
2018-12-27,1557.5059814453125,1584.226598641704,1527.4402076642984,1557.5468161194333,4968201,TCS.NS
2018-12-28,1546.98095703125,1566.5216428942726,1544.4924322910715,1562.4421594492353,2239130,TCS.NS
2018-12-31,1544.533203125,1557.5467149380836,1538.9034962841852,1556.7308182827992,1879740,TCS.NS
2019-01-01,1552.48828125,1558.3626976537585,1537.9652801452014,1546.9401438489665,1094883,TCS.NS
2019-01-02,1569.214111328125,1578.311279556454,1550.2036790047823,1554.2831623705847,2100463,TCS.NS
2019-01-03,1550.1629638671875,1586.878316990567,1544.574091144427,1565.7058365281262,2611668,TCS.NS
2019-01-04,1531.3157958984375,1551.1828618491118,1502.0659173192075,1550.2038255874493,4280862,TCS.NS
2019-01-07,1548.489990234375,1557.383282020752,1534.7013194386243,1543.5130414941932,1856423,TCS.NS
2019-01-08,1544.941162109375,1555.4254142827472,1536.5782213350228,1554.6095176218348,1691756,TCS.NS
2019-01-09,1539.5562744140625,1565.7058041024218,1523.0343658507095,1556.2414220793114,2414376,TCS.NS
2019-01-10,1540.86181640625,1554.283277838113,1527.440255377618,1542.0448268315135,3053461,TCS.NS
2019-01-11,1503.3306884765625,1529.8064997942913,1497.1706277986798,1525.72701579484,9209862,TCS.NS
2019-01-14,1479.4246826171875,1510.2247828619409,1476.7730183577055,1509.4088861667155,3615370,TCS.NS
2019-01-15,1523.9315185546875,1525.196098368337,1475.1408681435444,1476.7726611392784,7711653,TCS.NS
2019-01-16,1525.8492431640625,1529.806322264968,1506.9612145191445,1525.726838738928,2359280,TCS.NS
2019-01-17,1548.8656005859375,1551.890848406371,1530.059757849717,1535.537941679223,2625816,TCS.NS
2019-01-18,1554.05810546875,1556.9606874175229,1533.9031217796903,1537.991349716203,1683728,TCS.NS
2019-01-21,1560.64013671875,1579.6913193660555,1549.8063323804477,1555.161951052918,2409803,TCS.NS
2019-01-22,1555.0797119140625,1568.4481934312837,1545.3497122820936,1559.331427812125,2457093,TCS.NS
2019-01-23,1533.575927734375,1558.514116263241,1528.997132753419,1554.344144045053,2578169,TCS.NS
2019-01-24,1554.7939453125,1557.8191939424416,1533.085415899267,1541.0983822637995,1962927,TCS.NS
2019-01-25,1570.53369140625,1582.144218876488,1554.344268777366,1555.1619143685168,2327080,TCS.NS
2019-01-28,1598.4969482421875,1604.2204667269425,1574.3764060564358,1580.5087472901016,2769033,TCS.NS
2019-01-29,1621.186767578125,1626.3379746366309,1583.4933264455583,1604.220621857663,2557626,TCS.NS
2019-01-30,1620.082763671875,1626.7056720554667,1598.21074722177,1618.6109618931932,2429575,TCS.NS
2019-01-31,1646.8199462890625,1651.4396637881362,1623.026479821488,1624.661770985036,4094319,TCS.NS
2019-02-01,1659.7794189453125,1663.704157213,1633.737430106656,1643.0586086347332,3064163,TCS.NS
2019-02-04,1676.37744140625,1680.6291574608508,1654.0966047871448,1659.7792002576514,1590764,TCS.NS
2019-02-05,1671.7171630859375,1680.2615187193182,1658.1850900062177,1676.1732911798551,1111404,TCS.NS
2019-02-06,1696.45068359375,1706.3033504005375,1668.855151868354,1676.0911937485182,1789812,TCS.NS
2019-02-07,1703.0736083984375,1715.379212203712,1690.0731257409254,1696.4098779056533,1339945,TCS.NS
2019-02-08,1685.4945068359375,1708.4704273195432,1676.9910727123156,1696.6145664934445,1684474,TCS.NS
2019-02-11,1689.174072265625,1713.7852862338907,1675.2740961845295,1684.3500427680412,1778730,TCS.NS
2019-02-12,1677.481689453125,1692.5262877179755,1650.0087191376206,1692.5262877179755,2422903,TCS.NS
2019-02-14,1671.758056640625,1696.6145011007284,1662.314310508598,1684.390740161475,1724085,TCS.NS
2019-02-15,1659.574951171875,1677.808484864231,1644.2440987882471,1675.3555484828507,1930065,TCS.NS
2019-02-18,1611.0067138671875,1669.590924831585,1604.751706819082,1666.0341874309684,2942184,TCS.NS
2019-02-19,1557.451171875,1611.5792634792267,1546.9852696614394,1610.7616179878623,4408554,TCS.NS
2019-02-20,1565.586669921875,1581.1628561115465,1538.2364687654708,1565.7910812901898,4645778,TCS.NS
2019-02-21,1565.13671875,1586.2320091044485,1551.1141805795507,1565.586463625125,4683919,TCS.NS
2019-02-22,1574.4990234375,1578.055761279372,1557.696369060404,1567.5898593115587,2271955,TCS.NS
2019-02-25,1623.14892578125,1627.1144863512643,1578.4645808548323,1580.0998717958887,2934880,TCS.NS
2019-02-26,1666.9339599609375,1672.2078336986876,1612.6014525301734,1622.208787841229,6453309,TCS.NS
2019-02-27,1682.79638671875,1696.5735944673547,1653.2793025082626,1667.996922411897,4732082,TCS.NS
2019-02-28,1621.7586669921875,1693.6298146895083,1616.9754615462514,1684.3494599044757,8454295,TCS.NS
2019-03-01,1631.5299072265625,1639.3792843366489,1619.224302100835,1631.24375125369,4148548,TCS.NS
2019-03-05,1625.561279296875,1641.0148018775042,1616.158354423137,1639.3795105951149,2449622,TCS.NS
2019-03-06,1634.9637451171875,1647.5555044182115,1623.067064264227,1626.54205726362,2635047,TCS.NS
2019-03-07,1646.165771484375,1654.9554608571823,1635.4545352842,1639.3792737189467,2539884,TCS.NS
2019-03-08,1653.8515625,1662.2733513265391,1643.5084264631585,1655.7321871304682,2031071,TCS.NS
2019-03-11,1647.3919677734375,1662.2730739119124,1638.2752017346002,1658.9207477829405,3111689,TCS.NS
2019-03-12,1645.470458984375,1655.5684596065014,1637.7437498142365,1646.7787714834344,2658550,TCS.NS
2019-03-13,1635.69970703125,1648.2914668024853,1617.7932518860068,1645.9202750581887,1833163,TCS.NS
2019-03-14,1624.9886474609375,1641.668635220599,1619.7556964251285,1639.338265753623,1905495,TCS.NS
2019-03-15,1667.9560546875,1691.6677764178055,1627.9323436219988,1634.391763641615,5184318,TCS.NS
2019-03-18,1653.93359375,1688.1112204597075,1644.2853355467075,1670.449995286884,2349915,TCS.NS
2019-03-19,1653.93359375,1659.8206022674372,1631.2847502762563,1659.8206022674372,2373993,TCS.NS
2019-03-20,1647.5965576171875,1671.9215105470748,1635.2909532697372,1658.1850266155136,3091165,TCS.NS
2019-03-22,1639.910888671875,1648.3735005205326,1621.636529796309,1647.5558549349569,3148149,TCS.NS
2019-03-25,1622.4130859375,1641.6686774170096,1616.6486452292986,1641.6686774170096,2429205,TCS.NS
2019-03-26,1621.1046142578125,1631.161592431767,1600.9905580996772,1622.208415546265,2316539,TCS.NS
2019-03-27,1609.044677734375,1633.6557885203042,1603.4029035477058,1630.3852063611043,2266166,TCS.NS
2019-03-28,1635.5361328125,1647.2284021411322,1613.050884322558,1618.9378912758327,4054489,TCS.NS
2019-04-01,1661.1693115234375,1667.9557085171552,1642.0363890326405,1643.467268495261,2095740,TCS.NS
2019-04-02,1700.1300048828125,1705.608188767324,1665.5435668835278,1665.6253114559402,3719663,TCS.NS
2019-04-03,1700.1300048828125,1708.5517918559444,1682.7959635020754,1704.7905434227569,2939886,TCS.NS
2019-04-04,1647.146728515625,1700.457170944085,1641.3414658902009,1699.189780595966,4397518,TCS.NS
2019-04-05,1674.783203125,1679.7707205618797,1650.6626625233173,1658.7164501859,3152103,TCS.NS
2019-04-08,1693.139404296875,1696.6143976414417,1662.027953370245,1683.5320697560137,2194294,TCS.NS
2019-04-09,1710.1053466796875,1715.4200417566265,1682.4279701615988,1692.525970655966,2690970,TCS.NS
2019-04-10,1668.2010498046875,1705.1995046527022,1664.7260568079123,1703.1553911251876,3313062,TCS.NS
2019-04-11,1651.2349853515625,1680.26139881033,1646.4517794337846,1672.0849443149025,3422442,TCS.NS
2019-04-12,1647.146728515625,1667.179041669575,1641.0143877542118,1666.3613962347204,3198471,TCS.NS
2019-04-15,1727.93017578125,1733.2448712258492,1668.814369604152,1692.526087741595,9189201,TCS.NS
2019-04-16,1743.0567626953125,1762.802822191767,1729.7700229706516,1733.4085056173071,5771952,TCS.NS
2019-04-18,1757.978759765625,1762.0260650954594,1728.6660885328963,1757.8559931674574,3413728,TCS.NS
2019-04-22,1767.300048828125,1779.196832276872,1754.3404857917958,1756.3027553909565,2007135,TCS.NS
2019-04-23,1762.067138671875,1770.611495017891,1744.8965815740337,1768.5673810776716,2163524,TCS.NS
2019-04-24,1785.288330078125,1794.7321771301802,1762.9258416297018,1764.479288495184,3003071,TCS.NS
2019-04-25,1794.7322998046875,1802.908756751406,1772.6967882573877,1778.379385911251,4211526,TCS.NS
2019-04-26,1830.340087890625,1834.755293052392,1793.2188682199012,1801.2727549843762,2716958,TCS.NS
2019-04-30,1848.1649169921875,1853.5612570270844,1823.431142875964,1830.3402067959069,3488395,TCS.NS
2019-05-02,1811.4119873046875,1847.3883938022625,1807.8962709115583,1843.7908330007083,2457699,TCS.NS
2019-05-03,1743.220458984375,1787.4142445970822,1737.4969396537508,1786.555676773386,3780886,TCS.NS
2019-05-06,1764.3568115234375,1770.202898290829,1724.0059173423615,1725.232385863117,2891422,TCS.NS
2019-05-07,1759.5323486328125,1786.0241849362797,1748.780389209876,1766.1553576138049,2201698,TCS.NS
2019-05-08,1760.26806640625,1772.6553149814802,1741.9117665708832,1758.7553424931568,1824895,TCS.NS
2019-05-09,1776.3760986328125,1785.8199458239924,1746.5729545841966,1753.8499210283674,2264162,TCS.NS
2019-05-10,1746.3270263671875,1792.27865637385,1738.1914948355663,1778.3786850424833,2039633,TCS.NS
2019-05-13,1740.5625,1771.8374339401057,1734.757138296274,1744.0374926600116,1701744,TCS.NS
2019-05-14,1710.80029296875,1765.9504307754344,1694.4473863028425,1745.6727865856203,2456110,TCS.NS
2019-05-15,1713.2940673828125,1736.6788053443893,1704.3818124954705,1714.6023798527233,2346876,TCS.NS
2019-05-16,1724.2099609375,1736.6790549051573,1698.2906383189918,1713.7849807350326,1946529,TCS.NS
2019-05-17,1713.33544921875,1745.6733729365951,1708.879320579618,1727.358191167104,1947908,TCS.NS
2019-05-20,1752.990966796875,1759.0823856288475,1676.173214756869,1737.496625052852,2625116,TCS.NS
2019-05-21,1725.0272216796875,1756.874467113781,1719.1402152731232,1756.343077501551,1863157,TCS.NS
2019-05-22,1702.1334228515625,1735.0027301587077,1696.614316040347,1725.2319069133166,2595795,TCS.NS
2019-05-23,1679.4849853515625,1729.606700577971,1676.1734807459873,1715.4204695634542,2541294,TCS.NS
2019-05-24,1674.537841796875,1692.5260412693024,1661.659926265478,1692.5260412693024,2274208,TCS.NS
2019-05-27,1680.3839111328125,1691.6674578936509,1668.0784074035157,1680.097855007058,2329820,TCS.NS
2019-05-28,1695.5921630859375,1715.0112415058488,1672.084857630255,1684.349538737568,5872979,TCS.NS
2019-05-29,1723.2286376953125,1736.4335313253391,1698.3313746837057,1700.7024665436822,3281320,TCS.NS
2019-05-30,1754.9127197265625,1763.29358678521,1728.829706376618,1735.861538098415,4971725,TCS.NS
2019-05-31,1795.9990234375,1802.867164873382,1759.7772926938762,1766.114044473817,4265370,TCS.NS
2019-06-03,1833.4066162109373,1837.780900034564,1787.0868770537925,1799.6378158173898,3682419,TCS.NS
2019-06-04,1799.44677734375,1833.1590187316497,1792.7701734448465,1833.1590187316497,2408658,TCS.NS
2019-06-06,1785.434814453125,1812.552966148976,1773.8126344486566,1812.552966148976,3735467,TCS.NS
2019-06-07,1798.3341064453125,1804.9694575928625,1765.6521897720036,1791.946074212036,2659446,TCS.NS
2019-06-10,1839.3416748046875,1842.9272969909348,1801.4256017412704,1810.657301022564,2080593,TCS.NS
2019-06-11,1856.8980712890625,1866.0885150516767,1838.929113660528,1843.8746872517263,3048937,TCS.NS
2019-06-12,1863.574462890625,1868.520036449964,1829.037954695601,1850.4687734527372,2404448,TCS.NS
2019-06-13,1857.969970703125,1883.439598565721,1848.861830865499,1866.130088031857,3320916,TCS.NS
2019-06-14,1858.298828125,1865.3875623881936,1841.4014557690173,1860.5655488069,2131408,TCS.NS
2019-06-17,1853.9307861328125,1864.4813841683945,1847.5427530968689,1859.5358102050827,1489497,TCS.NS
2019-06-18,1855.290771484375,1862.832690600188,1839.0938974816424,1849.6444945605404,1877447,TCS.NS
2019-06-19,1862.750244140625,1876.0209473291884,1848.9438509649815,1858.711439467188,1652817,TCS.NS
2019-06-20,1877.628173828125,1882.6150007454064,1823.268118059912,1838.1048387312856,2199377,TCS.NS
2019-06-21,1854.4661865234373,1889.62088497975,1847.995648473108,1883.438919161932,3871804,TCS.NS
2019-06-24,1875.6090087890625,1879.318189426088,1855.249768650799,1858.010926827916,1382424,TCS.NS
2019-06-25,1869.2618408203125,1874.743103907319,1855.0020646396688,1871.075177397044,1386077,TCS.NS
2019-06-26,1858.0517578125,1868.4375417295985,1854.5898969187613,1866.9538295648863,1762224,TCS.NS
2019-06-27,1856.6922607421875,1866.130024727834,1847.419308985037,1858.711663322114,2813464,TCS.NS
2019-06-28,1835.796875,1864.4399886875176,1831.9228826045528,1862.8327175191405,2372928,TCS.NS
2019-07-01,1845.976806640625,1858.7116198420244,1818.8174021544205,1842.22637265939,2769940,TCS.NS
2019-07-02,1856.3216552734373,1860.3604610258524,1826.936576430145,1850.3868042893707,1771746,TCS.NS
2019-07-03,1844.41015625,1861.843421811828,1839.753155503941,1856.4032110189423,1656881,TCS.NS
2019-07-04,1848.53173828125,1856.2386711625456,1838.187407563455,1841.4019499898432,984140,TCS.NS
2019-07-05,1782.9617919921875,1854.5901025704347,1763.9212531114356,1852.1173157670075,4088470,TCS.NS
2019-07-08,1793.0994873046875,1804.1447189262635,1757.409103434623,1771.3390508412715,2788062,TCS.NS
2019-07-09,1758.4398193359375,1792.2756211660103,1734.7010280733914,1791.945996785151,3977224,TCS.NS
2019-07-10,1737.70947265625,1753.9063450952235,1707.294278970669,1714.4653196277045,6343581,TCS.NS
2019-07-11,1733.052734375,1754.854431903224,1719.4524064621758,1754.030169605477,2400346,TCS.NS
2019-07-12,1737.215087890625,1747.2297930955792,1725.2632860272515,1732.6816458045178,1560725,TCS.NS
2019-07-15,1768.619873046875,1775.1316670489282,1729.3025949997425,1751.557680826717,2900415,TCS.NS
2019-07-16,1739.950439453125,1761.844402722597,1734.9933156939994,1756.4741853168775,2735399,TCS.NS
2019-07-17,1749.245361328125,1755.6483140027233,1728.466827847119,1741.6031274907014,1802969,TCS.NS
2019-07-18,1706.8619384765625,1748.377858240154,1701.9461634427546,1748.377858240154,3072096,TCS.NS
2019-07-19,1715.9500732421875,1732.5151728179949,1704.0117043095445,1715.9914229580236,1953177,TCS.NS
2019-07-22,1743.172607421875,1749.4103622496114,1709.2164283927636,1715.99112431513,1920167,TCS.NS
2019-07-23,1745.27978515625,1759.7794164640782,1736.9765602444222,1758.044341990823,3538588,TCS.NS
2019-07-24,1732.3502197265625,1752.1787223521103,1715.5785709145946,1743.255855829422,2413196,TCS.NS
2019-07-25,1758.0439453125,1763.909956059504,1728.8383441127546,1742.34638598457,2544464,TCS.NS
2019-07-26,1742.470458984375,1759.613846380049,1730.8624864548,1759.613846380049,1720592,TCS.NS
2019-07-29,1759.7794189453125,1769.6936691928918,1737.7202524856364,1743.9166588903734,1647090,TCS.NS
2019-07-30,1800.3868408203125,1805.2201195344103,1751.8896633049092,1759.7797961594022,2851672,TCS.NS
2019-07-31,1822.3214111328125,1827.2785352697504,1773.9481010886807,1794.272390732485,3000677,TCS.NS
2019-08-01,1801.129638671875,1832.070312285647,1789.7282137491693,1817.612034736606,2375236,TCS.NS
2019-08-02,1821.99169921875,1825.874740905726,1789.109389787941,1795.3057972797026,2500816,TCS.NS
2019-08-05,1857.7647705078125,1860.78027335204,1813.9768453273675,1817.529289213156,3039682,TCS.NS
2019-08-06,1829.92236328125,1860.5326463191,1827.0720571365064,1844.711238536112,2885467,TCS.NS
2019-08-07,1828.7247314453125,1849.4207692263567,1823.602409146695,1842.3981752846887,2165362,TCS.NS
2019-08-08,1865.613525390625,1884.533132890296,1833.226823557141,1841.4886961257089,2073298,TCS.NS
2019-08-09,1855.823974609375,1873.710856219829,1851.7757358813724,1867.184054587507,1744550,TCS.NS
2019-08-13,1817.158203125,1855.823821585364,1812.903417839137,1854.7910871270528,1647281,TCS.NS
2019-08-14,1821.2479248046875,1832.360309755832,1790.6789825968206,1801.997914454775,1945002,TCS.NS
2019-08-16,1788.7783203125,1851.816254039824,1770.7260459504412,1851.816254039824,3755507,TCS.NS
2019-08-19,1787.0433349609375,1806.0456450414283,1782.6645014272954,1801.0885206726048,974884,TCS.NS
2019-08-20,1806.66552734375,1821.7434493165515,1789.935230360231,1794.479261639705,1843611,TCS.NS
2019-08-21,1806.2108154296875,1819.264616415448,1802.9474156097235,1805.1780812014767,1214408,TCS.NS
2019-08-22,1830.831298828125,1847.065800736904,1792.8266780040756,1806.8718639607896,2131601,TCS.NS
2019-08-23,1857.021728515625,1867.101176353487,1829.0965487931303,1829.9640860677623,2826425,TCS.NS
2019-08-26,1880.6505126953125,1885.359740768845,1838.267056621683,1856.4431803276048,2345475,TCS.NS
2019-08-27,1847.767822265625,1879.4521846309117,1841.5714177643988,1875.4450957044348,3432106,TCS.NS
2019-08-28,1850.039794921875,1860.6975297377928,1830.8309414075584,1850.6594353578207,1294621,TCS.NS
2019-08-29,1845.2484130859373,1857.4346785891053,1835.9538038038604,1835.9538038038604,1670652,TCS.NS
2019-08-30,1866.8533935546875,1872.140912979581,1832.4839121750708,1851.4862250605647,2583625,TCS.NS
2019-09-03,1860.2437744140625,1897.0916142807343,1848.1400070442792,1875.445543067571,2545060,TCS.NS
2019-09-04,1855.1214599609373,1875.44575454722,1844.8768149356567,1871.314816761873,2228092,TCS.NS
2019-09-05,1830.2532958984373,1861.937467002629,1823.643795584955,1852.477660020146,2055943,TCS.NS
2019-09-06,1815.546630859375,1845.2893743000748,1811.498393684524,1830.831096238624,1890550,TCS.NS
2019-09-09,1803.443115234375,1819.96686202918,1800.9232035069886,1817.612147428563,1703945,TCS.NS
2019-09-11,1779.6080322265625,1813.4817227192689,1773.4529751489558,1806.046034562333,2627440,TCS.NS
2019-09-12,1762.75390625,1788.696115651432,1751.8069207846968,1780.4342398285614,2118859,TCS.NS
2019-09-13,1769.652099609375,1782.8710982971168,1747.8408324569657,1763.9101373955696,2291174,TCS.NS
2019-09-16,1776.30322265625,1795.635930536736,1756.8051159019249,1784.5237483920052,2597948,TCS.NS
2019-09-17,1753.7066650390625,1781.714539898598,1739.6203307429223,1780.3925593301676,2796530,TCS.NS
2019-09-18,1766.84326171875,1770.4784059196234,1745.8579788691952,1756.8049628926003,1454663,TCS.NS
2019-09-19,1736.604736328125,1764.57126325815,1727.5580237472482,1763.910272931791,1652691,TCS.NS
2019-09-20,1706.44873046875,1759.283374527237,1699.4674872575129,1739.0417831622349,6941979,TCS.NS
2019-09-23,1665.4288330078125,1734.1675939117206,1631.7203420560495,1734.1675939117206,6323401,TCS.NS
2019-09-24,1689.3052978515625,1702.772192505132,1663.115198210981,1664.7675729732368,4620978,TCS.NS
2019-09-25,1725.4510498046875,1728.3840554407138,1701.987408128296,1706.0769954517564,4002232,TCS.NS
2019-09-26,1724.7491455078125,1740.777102695534,1704.42485185614,1733.2587155895571,4234281,TCS.NS
2019-09-27,1698.76513671875,1722.7659209577514,1694.8407465805524,1722.60072381943,2046795,TCS.NS
2019-09-30,1734.4154052734375,1738.298446061763,1701.9461971897488,1703.4747246996926,2620039,TCS.NS
2019-10-01,1701.9046630859375,1731.6474089406313,1685.1743685426725,1731.6474089406313,3342877,TCS.NS
2019-10-03,1702.1524658203125,1719.419700529604,1690.5032445065838,1710.2077923786176,2317618,TCS.NS
2019-10-04,1717.9329833984375,1725.0380745629989,1697.7738882597646,1702.441968453418,2163251,TCS.NS
2019-10-07,1691.7840576171875,1730.4496719118092,1686.2486418582014,1718.4699534860652,2177916,TCS.NS
2019-10-09,1668.9813232421875,1701.9462241623326,1665.1808809704762,1701.9462241623326,2066920,TCS.NS
2019-10-10,1656.051513671875,1684.637682193233,1649.9790556454589,1675.508269868787,2881452,TCS.NS
2019-10-11,1641.5108642578125,1648.244313579121,1590.411179769327,1595.368305524452,12593069,TCS.NS
2019-10-14,1669.7247314453125,1679.4324333723202,1625.9367993490227,1648.2438590961892,3510704,TCS.NS
2019-10-15,1683.1917724609375,1691.2057505763182,1671.1293547202313,1678.8129385300824,2261310,TCS.NS
2019-10-16,1690.7098388671875,1698.641217376957,1665.5937228754597,1683.769844851283,3034082,TCS.NS
2019-10-17,1715.6728515625,1721.6284770911473,1688.9361620766542,1701.3541476258931,3818774,TCS.NS
2019-10-18,1737.974365234375,1743.507401472172,1710.6461820032168,1721.20572633657,3087901,TCS.NS
2019-10-22,1732.9481201171875,1783.7184994728973,1723.3601761521732,1757.1084437147176,5552505,TCS.NS
2019-10-23,1748.745361328125,1760.3608618275866,1733.8774381923618,1740.2131657375228,2348134,TCS.NS
2019-10-24,1758.7979736328125,1773.1589561264525,1741.3114067858423,1760.4875009850057,2798671,TCS.NS
2019-10-25,1795.08056640625,1799.346664299883,1752.926940663942,1768.9351713821384,3954245,TCS.NS
2019-10-27,1787.2667236328125,1798.5021233784298,1781.4379359313857,1798.5021233784298,224405,TCS.NS
2019-10-29,1854.1297607421875,1859.9162685650256,1792.1662584679202,1792.1662584679202,5064173,TCS.NS
2019-10-30,1903.08349609375,1909.16575281911,1838.9237413567469,1879.5990265586368,5195136,TCS.NS
2019-10-31,1917.3179931640625,1930.2429199927155,1889.7365387846544,1900.7184677091968,4879261,TCS.NS
2019-11-01,1859.240234375,1921.8373033225269,1854.2562113375589,1912.5449031745936,4172620,TCS.NS
2019-11-04,1853.3692626953125,1883.1471828685203,1842.345055255302,1864.393470135323,2646411,TCS.NS
2019-11-05,1860.042724609375,1867.7722286766568,1832.29215920383,1855.945538852381,2693475,TCS.NS
2019-11-06,1848.7652587890625,1867.6035295419697,1840.740004067337,1858.480040820625,2540719,TCS.NS
2019-11-07,1846.1043701171875,1862.2815119133827,1837.5298951155708,1862.2815119133827,1915598,TCS.NS
2019-11-08,1799.3043212890625,1849.694597490534,1794.2780187465437,1849.694597490534,2788759,TCS.NS
2019-11-11,1774.80615234375,1806.9494505310624,1766.4007952596778,1803.5703959251132,2983768,TCS.NS
2019-11-13,1840.4024658203125,1844.7951962572383,1789.2096979160526,1789.2096979160526,3823365,TCS.NS
2019-11-14,1855.776611328125,1858.4798134449156,1813.4538748982343,1847.920269050342,2995915,TCS.NS
2019-11-15,1836.8961181640625,1868.1946499299895,1832.0810070249447,1855.1008144907337,2724180,TCS.NS
2019-11-18,1818.4385986328125,1848.131963057372,1815.1861755774323,1840.233339203539,1611089,TCS.NS
2019-11-19,1781.4375,1820.1697868603076,1778.22735710949,1818.7760094331268,2975313,TCS.NS
2019-11-20,1781.2265625,1803.5705213879364,1769.357591122732,1792.5463137209204,2894129,TCS.NS
2019-11-21,1789.2943115234375,1796.4748039207414,1780.2551737480171,1784.1411697771418,2052574,TCS.NS
2019-11-22,1750.0965576171875,1779.9167513681573,1740.6352473631173,1771.4691160982563,3742049,TCS.NS
2019-11-25,1758.375732421875,1761.2901260892618,1733.6241134844977,1752.504665651689,2737010,TCS.NS
2019-11-26,1728.935302734375,1772.2293306123615,1719.1360663910116,1765.4291491752251,6561580,TCS.NS
2019-11-27,1735.3983154296875,1750.09712305188,1728.8513959802856,1733.4553174416326,2907521,TCS.NS
2019-11-28,1754.869873046875,1769.2729284688687,1740.213141037318,1746.1687660934626,2924429,TCS.NS
2019-11-29,1734.5111083984375,1761.332356513207,1728.217659931547,1761.332356513207,2064271,TCS.NS
2019-12-02,1707.3095703125,1746.7177110321272,1703.0434727461372,1740.2130723497237,3809860,TCS.NS
2019-12-03,1732.610107421875,1741.9025068278431,1697.9748005450847,1712.927074704648,4664774,TCS.NS
2019-12-04,1755.84130859375,1758.797981473268,1727.9641071582948,1734.2998347572618,3334301,TCS.NS
2019-12-05,1791.9971923828125,1796.6433925106776,1747.2669978545914,1759.6427029714537,3902721,TCS.NS
2019-12-06,1793.9404296875,1797.6573077898515,1774.8486859334953,1794.278252700021,1829461,TCS.NS
2019-12-09,1740.5933837890625,1797.6149354840888,1734.7223171220255,1797.6149354840888,2244747,TCS.NS
2019-12-10,1700.3828125,1740.931578456838,1692.2731005568653,1740.213446722647,4520045,TCS.NS
2019-12-11,1724.923095703125,1730.0761338762002,1695.2296297148753,1710.9844940385951,4943024,TCS.NS
2019-12-12,1707.182861328125,1760.1916766370634,1676.0110623765456,1732.6947851378468,7137306,TCS.NS
2019-12-13,1749.7164306640625,1754.9116437855296,1695.4403748184784,1708.9565910601802,5711133,TCS.NS
2019-12-16,1796.6009521484375,1804.4150152999,1757.361724922558,1770.624471942224,5574177,TCS.NS
2019-12-17,1828.87109375,1832.2924279134177,1790.0542437752567,1796.3899713959809,6059673,TCS.NS
2019-12-18,1831.2366943359373,1861.3947202023603,1818.7764285112555,1836.516467990464,8251081,TCS.NS
2019-12-19,1883.0206298828125,1889.314078410644,1831.0676605905007,1841.416016262547,6251505,TCS.NS
2019-12-20,1877.8248291015625,1897.930243014335,1865.4491254830589,1875.3750972817347,5548338,TCS.NS
2019-12-23,1885.259033203125,1893.9178607843976,1866.9277028890467,1866.9277028890467,2247329,TCS.NS
2019-12-24,1871.6583251953125,1895.2694267000384,1867.8989621612536,1891.4257110501728,1805896,TCS.NS
2019-12-26,1860.1275634765625,1882.9784649658557,1854.4254079635436,1872.3343588450905,1880367,TCS.NS
2019-12-27,1857.213134765625,1880.781961279835,1838.2059500796,1865.238390521947,2720261,TCS.NS
2019-12-30,1844.2879638671875,1879.599125770334,1839.13502933447,1864.393380033765,2288830,TCS.NS
2019-12-31,1826.12548828125,1855.945685514296,1822.5352428723124,1849.1875765092373,1909289,TCS.NS
2020-01-01,1831.10986328125,1844.879346483023,1819.620994561012,1831.4476862619656,1354908,TCS.NS
2020-01-02,1822.7041015625,1841.5423711167568,1815.5658903808576,1841.5423711167568,2380752,TCS.NS
2020-01-03,1859.0289306640625,1877.9094795882163,1828.0684272734595,1828.0684272734595,4655761,TCS.NS
2020-01-06,1858.860595703125,1880.4020741471977,1848.258768004964,1862.7043125168716,3023209,TCS.NS
2020-01-07,1863.421875,1870.8556297088253,1844.7947963173629,1858.902307230352,2429317,TCS.NS
2020-01-08,1905.1533203125,1909.165947857776,1860.2119330536327,1862.7039447019456,5197454,TCS.NS
2020-01-09,1870.6024169921875,1902.3654055725956,1866.927612724088,1899.662203218685,3734173,TCS.NS
2020-01-10,1869.9268798828125,1887.20225768998,1865.2383997222364,1882.1336750820392,1915807,TCS.NS
2020-01-13,1850.3284912109373,1874.4886123993476,1845.5554519462369,1873.559495954311,2843893,TCS.NS
2020-01-14,1864.3092041015625,1883.6544194512728,1854.2565970740293,1854.2565970740293,2948452,TCS.NS
2020-01-15,1881.2044677734373,1884.6680819310056,1853.5807321148384,1869.4623331749508,2620681,TCS.NS
2020-01-16,1891.256591796875,1899.873138370524,1871.1511789643,1881.246061683857,3117214,TCS.NS
2020-01-17,1874.614990234375,1903.7170550523824,1869.461849769744,1892.9040397069828,3281059,TCS.NS
2020-01-20,1833.4327392578125,1894.1288794283232,1821.4792107198305,1854.1715203904296,5817599,TCS.NS
2020-01-21,1834.02392578125,1847.117760658504,1823.0419997551664,1833.094603390296,1902980,TCS.NS
2020-01-22,1864.3092041015625,1866.9280544572232,1836.2630863416605,1842.4299035163815,1773686,TCS.NS
2020-01-23,1855.0377197265625,1877.728836627747,1848.899275778619,1870.9977566749965,2069866,TCS.NS
2020-01-24,1848.645263671875,1855.037753655786,1837.2998083684977,1855.037753655786,1319430,TCS.NS
2020-01-27,1836.6641845703125,1857.153839329208,1833.0657875278216,1853.978783115245,1549101,TCS.NS
2020-01-28,1848.941650390625,1852.3707535225933,1822.0594993202635,1840.6865016367344,1743024,TCS.NS
2020-01-29,1824.260986328125,1851.651022997194,1820.3661667294791,1850.000034559959,2306761,TCS.NS
2020-01-30,1810.078857421875,1833.066186733396,1799.1989130755037,1828.8327775261591,2098567,TCS.NS
2020-01-31,1760.2939453125,1815.582311576482,1753.986206858528,1811.3910710425569,3287223,TCS.NS
2020-02-03,1780.14892578125,1858.212965750666,1772.2747417474332,1822.0596852705116,4728073,TCS.NS
2020-02-04,1784.5938720703125,1809.105273070461,1766.6866315922948,1802.5858634267324,3509339,TCS.NS
2020-02-05,1817.4456787109373,1826.0394201725248,1781.673356529371,1790.7328145328584,2439322,TCS.NS
2020-02-06,1802.0357666015625,1840.8560133361495,1791.1558199206168,1816.1329396028,2640065,TCS.NS
2020-02-07,1808.9783935546875,1821.2129066063144,1794.1190837279314,1811.0527230269208,2083442,TCS.NS
2020-02-10,1830.4842529296875,1834.7600387088164,1794.1192995034526,1812.661554082104,2383032,TCS.NS
2020-02-11,1823.2447509765625,1841.3638679623575,1818.3341612427816,1831.3729800349784,1335820,TCS.NS
2020-02-12,1837.9346923828125,1849.9999091818245,1820.36604335969,1821.297476112163,1620407,TCS.NS
2020-02-13,1855.8841552734373,1860.1599397631624,1838.1462126653737,1839.7972008558224,1645948,TCS.NS
2020-02-14,1849.32275390625,1872.8605544771056,1838.1465930243205,1852.5401867974265,1500115,TCS.NS
2020-02-17,1865.4520263671875,1877.0939033046884,1854.4027854591577,1860.1178886830216,1774724,TCS.NS
2020-02-18,1876.03564453125,1880.480725038432,1850.8892304325136,1862.65802756774,2486223,TCS.NS
2020-02-19,1859.6102294921875,1888.100998193692,1854.6570567458664,1876.0357788106155,1760463,TCS.NS
2020-02-20,1826.1239013671875,1874.8926638110136,1821.4247746102585,1866.51059413286,2317278,TCS.NS
2020-02-24,1791.0286865234375,1844.877532741083,1783.7047638719052,1825.446223971588,3092877,TCS.NS
2020-02-25,1825.5731201171875,1842.9300992964745,1787.345514510977,1791.1555831113085,2674567,TCS.NS
2020-02-26,1798.013916015625,1832.135034073968,1788.9966290002187,1823.7529652461767,2686842,TCS.NS
2020-02-27,1782.6888427734375,1794.9233555887888,1766.347839823601,1794.9233555887888,2349001,TCS.NS
2020-02-28,1693.490966796875,1752.2083408782385,1684.8971241109905,1750.938317920366,4298076,TCS.NS
2020-03-02,1694.4644775390625,1739.0421955677132,1681.256157607159,1722.9976153806272,2667076,TCS.NS
2020-03-03,1724.0137939453125,1744.1648662664002,1703.524131518445,1710.297587309771,2757585,TCS.NS
2020-03-04,1763.80810546875,1773.333279072638,1714.531248699868,1740.778393741693,3237002,TCS.NS
2020-03-05,1799.2413330078125,1818.4609699421144,1764.5273766499372,1765.9243190391005,3937056,TCS.NS
2020-03-06,1791.9603271484375,1798.0563970556243,1753.9867581850333,1776.339083414552,2595027,TCS.NS
2020-03-09,1669.9532470703125,1761.0138355229412,1638.3296945670588,1756.8651763445205,4940975,TCS.NS
2020-03-11,1654.16259765625,1682.6111958082988,1625.6294553290877,1636.636321432878,6796449,TCS.NS
2020-03-12,1498.5,1615.807823280451,1488.7631577604227,1612.0824021004496,8728786,TCS.NS
2020-03-13,1529.3619384765625,1540.9614420556309,1275.1456346429345,1429.1147558608943,8029720,TCS.NS
2020-03-16,1436.311279296875,1559.799820917011,1418.911923898886,1485.9268208491542,7844271,TCS.NS
2020-03-17,1403.7989501953125,1465.6067447455282,1374.292099084413,1464.760062628402,5713248,TCS.NS
2020-03-18,1400.75048828125,1450.8317409149297,1378.1863960666562,1419.7161825948867,7258778,TCS.NS
2020-03-19,1395.590576171875,1437.4663755059796,1319.1736217192135,1330.218221032929,5135111,TCS.NS
2020-03-20,1532.98779296875,1594.010549885193,1387.6164604939588,1390.1750649078997,8547498,TCS.NS
2020-03-23,1424.033935546875,1492.5192909408574,1379.7274759540412,1381.646429328108,7003490,TCS.NS
2020-03-24,1452.5625,1509.5767185186858,1392.605823716574,1409.833823874076,6350865,TCS.NS
2020-03-25,1492.77490234375,1543.6910803100309,1432.8182402877633,1449.875600291189,2765520,TCS.NS
2020-03-26,1527.444091796875,1562.49705421843,1469.107996672563,1562.1132011050556,4556067,TCS.NS
2020-03-27,1556.0579833984375,1577.8061218345351,1492.8604725296366,1552.2200766155968,4331250,TCS.NS
2020-03-30,1516.826416015625,1624.714266241083,1504.0760753602167,1506.1655612502636,8513547,TCS.NS
2020-03-31,1557.4224853515625,1582.0703953517957,1518.105285027599,1567.0599369510269,3927593,TCS.NS
2020-04-01,1457.3382568359375,1564.7996293956028,1451.5813975916697,1557.2517680973142,4941878,TCS.NS
2020-04-03,1410.8143310546875,1483.9904536909853,1407.2323267759343,1483.9904536909853,5735369,TCS.NS
2020-04-07,1514.01123046875,1523.0942954818,1454.1399385715106,1458.4042785673214,5427577,TCS.NS
2020-04-08,1454.52392578125,1540.2798587879531,1450.7287042072585,1501.0479244002204,6285615,TCS.NS
2020-04-09,1506.29345703125,1517.0822624797054,1476.485645735641,1492.9033614715795,5307397,TCS.NS
2020-04-13,1500.4080810546875,1524.075168875786,1489.1075796626317,1501.9006001064686,2990438,TCS.NS
2020-04-15,1479.8543701171875,1545.3972745427875,1473.5858092791832,1522.3698317101966,4761399,TCS.NS
2020-04-16,1463.5645751953125,1505.2271676211903,1428.596977587081,1458.3619956778816,6245533,TCS.NS
2020-04-17,1540.4501953125,1579.4689077146468,1495.0776577259724,1535.1624551664293,9895823,TCS.NS
2020-04-20,1551.06884765625,1560.7488813717412,1537.2950047391057,1560.7488813717412,3244282,TCS.NS
2020-04-21,1481.986572265625,1530.557378666276,1473.5004705012875,1505.312498660855,5122541,TCS.NS
2020-04-22,1509.1502685546875,1526.63406652325,1466.2083758294884,1481.986437410874,3829836,TCS.NS
2020-04-23,1601.8997802734375,1620.449664591791,1501.7730275445765,1518.1054752491514,5934366,TCS.NS
2020-04-24,1550.9835205078125,1579.4692353525088,1541.8151872765093,1569.874468017424,2987102,TCS.NS
2020-04-27,1566.37744140625,1599.1275953816398,1556.4841928381295,1562.7101712534295,3374741,TCS.NS
2020-04-28,1585.5244140625,1593.1575415819125,1562.965991331673,1590.5989373930763,2678505,TCS.NS
2020-04-29,1625.26806640625,1631.1528769401505,1577.848622303141,1598.274771036094,4241510,TCS.NS
2020-04-30,1718.0601806640625,1733.0280581448462,1656.4404576320917,1688.678914924604,5915544,TCS.NS
2020-05-04,1646.41943359375,1676.7389408258855,1632.0913097901655,1676.7389408258855,3729348,TCS.NS
2020-05-05,1648.3812255859375,1686.120648290466,1643.477232805123,1667.4428114859056,2905528,TCS.NS
2020-05-06,1623.5196533203125,1666.248323228811,1614.9909725357868,1654.3935402262186,3517431,TCS.NS
2020-05-07,1613.328125,1649.830820897835,1606.2492774116702,1628.9782353923947,3166754,TCS.NS
2020-05-08,1614.820556640625,1654.1377570615136,1608.722528619376,1653.796588983634,2686530,TCS.NS
2020-05-11,1650.5556640625,1664.28681955476,1628.1251915449864,1628.1251915449864,2449841,TCS.NS
2020-05-12,1662.666259765625,1668.636336102306,1629.1911888778072,1648.935105013233,3256595,TCS.NS
2020-05-13,1662.7940673828125,1700.6187412316651,1642.3252359938658,1700.6187412316651,2656665,TCS.NS
2020-05-14,1622.453369140625,1640.1503795970204,1612.8586044353503,1628.977829962184,2263146,TCS.NS
2020-05-15,1614.39404296875,1635.2893113625353,1590.769534196382,1634.0952752037724,3173682,TCS.NS
2020-05-18,1659.3402099609375,1665.608769883336,1596.6544025171956,1626.419521023343,3727694,TCS.NS
2020-05-19,1661.941650390625,1677.1226419910054,1623.008195965995,1623.008195965995,3198693,TCS.NS
2020-05-20,1666.1629638671875,1674.0946781962332,1647.485133173852,1663.0926597788,2778505,TCS.NS
2020-05-21,1698.2313232421875,1704.0308693463858,1655.5453271441704,1659.6817175916249,3400908,TCS.NS
2020-05-22,1723.092041015625,1733.0279751795497,1672.6875572445333,1686.205495776198,3663418,TCS.NS
2020-05-26,1657.1224365234375,1726.2047408767048,1641.7708133338226,1718.5289292818975,4575317,TCS.NS
2020-05-27,1710.256591796875,1714.265030572668,1655.6303435816876,1670.7687536775409,3482160,TCS.NS
2020-05-28,1709.4036865234375,1717.6764659917587,1681.2590373785874,1695.9283280161928,3475681,TCS.NS
2020-05-29,1682.1546630859375,1707.996612566947,1673.6686656876946,1690.3848624764823,7237735,TCS.NS
2020-06-01,1744.32861328125,1756.908418706454,1689.6170997116913,1697.2076471970115,3747773,TCS.NS
2020-06-02,1745.9490966796875,1774.8186634393649,1739.8937534889687,1757.0789638427254,2443886,TCS.NS
2020-06-03,1750.22607421875,1765.2806576112569,1727.8579907327626,1755.1017757530449,3699799,TCS.NS
2020-06-04,1789.06005859375,1796.2879373371438,1750.7392074975232,1750.7392074975232,4048593,TCS.NS
2020-06-05,1752.022216796875,1794.5771321078207,1745.2220258653117,1789.1028144749243,3573289,TCS.NS
2020-06-08,1772.123046875,1792.0105143975504,1763.8687621671677,1777.682984031842,2957841,TCS.NS
2020-06-09,1772.3802490234375,1792.4387559697834,1762.2867797598408,1764.7246826457206,2909439,TCS.NS
2020-06-10,1803.7725830078125,1823.660057841212,1773.6206050345936,1776.657228979827,5168397,TCS.NS
2020-06-11,1768.6165771484375,1800.564926720615,1763.6127571642628,1796.2880504101147,2269513,TCS.NS
2020-06-12,1744.537353515625,1752.8344494443395,1720.1591654424722,1720.330198680136,2842642,TCS.NS
2020-06-15,1736.325927734375,1761.2173221373507,1711.5627560630369,1744.1953368488598,2399022,TCS.NS
2020-06-16,1749.927001953125,1774.0057354744624,1737.267404506446,1766.3501675557904,2146528,TCS.NS
2020-06-17,1751.6373291015625,1761.089266573102,1733.460606591614,1750.0976120167068,2703527,TCS.NS
2020-06-18,1743.3402099609375,1761.3886061675971,1732.3058487716405,1749.2423198450656,1944389,TCS.NS
2020-06-19,1748.89990234375,1787.7339526285268,1738.1221970053427,1746.6759479748573,5681758,TCS.NS
2020-06-22,1734.6585693359375,1755.4442341451852,1727.1313281675116,1753.5196394189936,3196138,TCS.NS
2020-06-23,1740.9451904296875,1748.38691292086,1719.3041560523134,1733.8455344865868,4205944,TCS.NS
2020-06-24,1746.8472900390625,1765.7083560275012,1737.7803332916833,1739.8332547704674,2560937,TCS.NS
2020-06-25,1724.521728515625,1762.072716512842,1718.6624299288485,1740.688338885259,3043931,TCS.NS
2020-06-26,1812.41162109375,1823.6597201690088,1727.8148980813817,1732.1345841192513,6300722,TCS.NS
2020-06-29,1797.6990966796875,1819.89624884091,1788.846089194922,1803.1308124034804,3076341,TCS.NS
2020-06-30,1781.0191650390625,1806.4665740369785,1774.9461271823432,1796.287693970536,3071725,TCS.NS
2020-07-01,1789.4876708984375,1808.2203036382575,1778.7526707201755,1778.923703988262,2503466,TCS.NS
2020-07-02,1845.172607421875,1851.887386559459,1794.5772457282883,1797.998746673433,3758699,TCS.NS
2020-07-03,1881.526123046875,1886.102464259338,1847.824421050447,1850.7326134263144,4185208,TCS.NS
2020-07-06,1935.884765625,1941.6157366765628,1886.101979629705,1886.101979629705,5190366,TCS.NS
2020-07-07,1941.615966796875,1969.672313444869,1909.325554928536,1945.978463588638,5630055,TCS.NS
2020-07-08,1897.9920654296875,1945.4653919732064,1888.3264921358557,1941.701824392586,2793358,TCS.NS
2020-07-09,1885.546142578125,1919.8893685337653,1874.1696122390308,1906.631054783588,3443998,TCS.NS
2020-07-10,1900.94287109375,1924.465685527988,1861.2961530509583,1886.315873858284,9610320,TCS.NS
2020-07-13,1898.9327392578125,1920.2743064304057,1890.3789881800749,1898.9327392578125,2963503,TCS.NS
2020-07-14,1857.8323974609373,1915.185354833191,1851.8875807118616,1890.3794703802373,2976738,TCS.NS
2020-07-15,1910.8226318359373,1933.148008743992,1865.6589870157109,1868.9948668608952,5569321,TCS.NS
2020-07-16,1915.837890625,2000.067031582112,1903.278616431416,1923.767860638774,8582118,TCS.NS
2020-07-17,1886.6898193359373,1923.6819726733424,1877.516815158558,1917.7667276403463,4509135,TCS.NS
2020-07-20,1892.8194580078125,1909.1080450329637,1878.1598552653604,1886.9042127556436,2952646,TCS.NS
2020-07-21,1907.522216796875,1919.181290596092,1887.032762895532,1911.7657805932868,2665286,TCS.NS
2020-07-22,1878.2882080078125,1912.6228738470609,1872.5014736292967,1912.6228738470609,2861534,TCS.NS
2020-07-23,1861.356689453125,1878.2882459396003,1854.3269205187987,1878.2882459396003,2265766,TCS.NS
2020-07-24,1849.5257568359373,1854.3266863459364,1821.835331595164,1847.0396882719929,3665100,TCS.NS
2020-07-27,1891.8765869140625,1898.9063563959637,1854.7557119921744,1856.041653091314,4248480,TCS.NS
2020-07-28,1980.134521484375,1988.9217836751811,1898.9059270864336,1898.9059270864336,8092319,TCS.NS
2020-07-29,1951.244140625,2007.7826406746285,1925.5253194378784,1964.9179386960925,6090431,TCS.NS
2020-07-30,1954.201904296875,2021.4994912621328,1947.98652206123,1959.6885028261447,7098496,TCS.NS
2020-07-31,1955.830078125,2001.6096946504172,1935.2979325667156,1974.4762190998972,4723290,TCS.NS
2020-08-03,1932.4691162109373,1975.0767939040647,1912.3656145009645,1963.58892914102,4012337,TCS.NS
2020-08-04,1928.654052734375,1945.757024248175,1907.521841734408,1937.4413152447512,2927928,TCS.NS
2020-08-05,1937.055908203125,1971.7763172680627,1931.4834968717155,1937.484555228618,3800641,TCS.NS
2020-08-06,1978.7205810546875,1988.4936500010892,1942.0712585552064,1950.344062837887,4748047,TCS.NS
2020-08-07,1967.7899169921875,1995.7804830885807,1960.631428188825,1978.634602649676,3165491,TCS.NS
2020-08-10,1957.030517578125,1993.2082775733825,1951.243783869041,1987.207220393592,2929353,TCS.NS
2020-08-11,1954.5447998046875,1982.0640250490712,1950.8586024924768,1957.2024953231096,2774423,TCS.NS
2020-08-12,1935.212646484375,1968.6898089114425,1925.9538296546168,1961.7887598233308,3415751,TCS.NS
2020-08-13,1932.7261962890625,1971.7759754010813,1929.3399272348408,1948.6290400376768,2695682,TCS.NS
2020-08-14,1922.181884765625,1955.745074398719,1914.4235405921172,1952.0586679044925,2270405,TCS.NS
2020-08-17,1931.825927734375,1946.0570897318137,1918.838009291732,1940.0560326269135,2625630,TCS.NS
2020-08-18,1945.8427734375,1962.3456805368155,1927.4538616726009,1939.8846228642929,3493374,TCS.NS
2020-08-19,1934.56982421875,1958.5740574607785,1931.05483491676,1951.501381594824,2843005,TCS.NS
2020-08-20,1931.3548583984373,1951.672684199287,1920.3814534135008,1934.912544753965,2895164,TCS.NS
2020-08-21,1927.7110595703125,1946.9143583366647,1921.238449059692,1937.4841258656368,1975294,TCS.NS
2020-08-24,1927.282958984375,1937.4417685369096,1911.7658519813497,1929.426194244444,2167966,TCS.NS
2020-08-25,1922.6099853515625,1928.9111789228136,1914.8087368302963,1924.6247096363184,1663419,TCS.NS
2020-08-26,1931.912109375,1937.3987074831464,1900.149323493487,1922.0532279648328,2618149,TCS.NS
2020-08-27,1927.53955078125,1960.9313161416896,1921.8386299783936,1942.628007374168,3579393,TCS.NS
2020-08-28,1919.0950927734373,1954.586972649334,1916.137471000487,1944.6851873222863,2941136,TCS.NS
2020-08-31,1935.1273193359373,1951.373002451577,1910.051464162352,1920.3389944899768,6018154,TCS.NS
2020-09-01,1925.7822265625,1952.915494644633,1921.4528505286291,1945.1998495823848,3610908,TCS.NS
2020-09-02,1941.8992919921875,1944.9856339082528,1921.752884324157,1926.339490641033,2084137,TCS.NS
2020-09-03,1971.3472900390625,1992.350990237348,1944.342532641267,1944.342532641267,4654146,TCS.NS
2020-09-04,1962.1741943359373,1992.5652192817545,1940.013064722135,1950.343497414646,5231303,TCS.NS
2020-09-07,1994.9658203125,2009.068263167232,1957.5021185837304,1962.345745419157,4620401,TCS.NS
2020-09-08,2013.097412109375,2049.3180779087998,1994.96573058314,2002.5955622622048,7453998,TCS.NS
2020-09-09,1995.4796142578125,2022.3558557041947,1988.921401116461,1993.20786965335,3866535,TCS.NS
2020-09-10,1998.4805908203125,2013.3547237021112,1992.60825318678,2001.7812560546856,2308813,TCS.NS
2020-09-11,2035.3017578125,2042.9315906499933,1997.6235192815964,1998.3093963378444,4145424,TCS.NS
2020-09-14,2135.86279296875,2148.1650490740903,2041.9463761025104,2043.87528814897,7512131,TCS.NS
2020-09-15,2135.86279296875,2175.812788406681,2112.887474700088,2135.86279296875,7318770,TCS.NS
2020-09-16,2145.806640625,2149.75027630151,2123.774229163415,2133.761619419848,3074003,TCS.NS
2020-09-17,2109.7578125,2139.5916881769745,2100.884944401881,2126.089306492596,4828176,TCS.NS
2020-09-18,2100.2841796875,2143.5775203553167,2088.7107123802616,2130.375278406424,4183256,TCS.NS
2020-09-21,2113.486572265625,2147.4352831776064,2102.2130325473,2113.2293422503303,4598809,TCS.NS
2020-09-22,2162.909912109375,2190.3862273893283,2107.228707210555,2130.375645817018,7499613,TCS.NS
2020-09-23,2115.330078125,2160.25241014795,2065.2212847449828,2151.807980369409,7502280,TCS.NS
2020-09-24,1999.4234619140625,2100.369806705736,1974.0047845040276,2100.369806705736,8424708,TCS.NS
2020-09-25,2076.623779296875,2091.7978447532546,2016.441768410354,2030.07266244906,8228267,TCS.NS
2020-09-28,2080.052490234375,2095.226552292309,2028.3576197723412,2091.797376265644,4347166,TCS.NS
2020-09-29,2133.290283203125,2152.70811767689,2080.052451949216,2087.3823574313583,6995811,TCS.NS
2020-09-30,2136.634033203125,2147.521625933625,2108.943393132422,2133.804920937642,3917166,TCS.NS
2020-10-01,2163.33837890625,2177.526635656113,2136.6337560512884,2151.8078171247416,2610337,TCS.NS
2020-10-05,2319.666015625,2338.7837126018267,2231.5790621161123,2246.1101527327046,17412105,TCS.NS
2020-10-06,2326.952392578125,2345.5556244942222,2271.9141774599066,2345.5556244942222,9846367,TCS.NS
2020-10-07,2345.513671875,2374.7045768548846,2317.2658740934125,2350.700342865016,9656101,TCS.NS
2020-10-08,2422.45556640625,2473.293141468768,2400.423152898631,2400.423152898631,19839329,TCS.NS
2020-10-09,2411.52490234375,2426.0132952436484,2383.277109399946,2408.9959271272837,7739245,TCS.NS
2020-10-12,2426.141845703125,2446.716900224989,2401.0659980046034,2413.7110835961653,4623203,TCS.NS
2020-10-13,2423.18408203125,2447.48823818637,2410.88183101304,2439.0011124116168,4209878,TCS.NS
2020-10-14,2418.923095703125,2446.817767312512,2399.939122711301,2446.817767312512,4395936,TCS.NS
2020-10-15,2359.51708984375,2434.5487167250844,2347.808098491488,2420.1278198971663,6629355,TCS.NS
2020-10-16,2379.06103515625,2386.249835068409,2351.5106599600117,2367.696547426338,5273773,TCS.NS
2020-10-19,2334.506103515625,2388.272321933021,2330.2444483682893,2388.272321933021,3331194,TCS.NS
2020-10-20,2358.13916015625,2376.132909028188,2340.016142827005,2346.0858749272656,3406273,TCS.NS
2020-10-21,2303.382568359375,2366.748490523923,2292.7499757197616,2358.139001653338,4570143,TCS.NS
2020-10-22,2299.72412109375,2313.068832240689,2271.269921286172,2290.985571742331,5262294,TCS.NS
2020-10-23,2313.197998046875,2326.284381842546,2298.8201906491454,2314.058947114914,3499091,TCS.NS
2020-10-26,2314.403564453125,2333.129209286543,2299.1648058686023,2315.910225531676,2672752,TCS.NS
2020-10-27,2264.4248046875,2340.1883125525574,2259.21623167587,2324.3469358941825,3537502,TCS.NS
2020-10-28,2257.58056640625,2286.637596966471,2243.633233775872,2281.514992135864,3569445,TCS.NS
2020-10-29,2266.577880859375,2285.8201800111174,2238.6832101973287,2245.3555666549883,3105968,TCS.NS
2020-10-30,2294.300048828125,2302.479064406913,2257.0640042194286,2269.547764839685,3427003,TCS.NS
2020-11-02,2242.427978515625,2294.3001587505646,2238.5106183016787,2290.124471783228,2571196,TCS.NS
2020-11-03,2267.395751953125,2294.42947102434,2239.3718152497363,2241.9115731885104,2879269,TCS.NS
2020-11-04,2284.22705078125,2343.3744228871915,2247.077180702257,2247.077180702257,4893928,TCS.NS
2020-11-05,2312.251220703125,2333.172328268198,2296.151512727411,2311.648598302624,2816502,TCS.NS
2020-11-06,2330.97607421875,2335.9696199135865,2308.4623443970577,2323.7010979993624,3884421,TCS.NS
2020-11-09,2347.463623046875,2362.4440515415527,2320.343729598056,2351.337893539563,3646592,TCS.NS
2020-11-10,2281.169921875,2335.883047498142,2271.48424831098,2322.1509567947787,4760020,TCS.NS
2020-11-11,2314.059326171875,2318.364072217216,2275.833055173643,2296.9694002948013,3242441,TCS.NS
2020-11-12,2299.638427734375,2335.7552050290383,2291.6315580486703,2312.5095763759664,2437505,TCS.NS
2020-11-13,2287.412353515625,2294.342824565467,2269.461483425895,2286.465225572201,2548093,TCS.NS
2020-11-14,2299.035400390625,2315.092016240263,2290.1675830574613,2305.5784871138007,298819,TCS.NS
2020-11-17,2295.333740234375,2320.258178442934,2281.558552533044,2320.258178442934,2827273,TCS.NS
2020-11-18,2261.41162109375,2293.7402982870026,2244.537146702465,2290.9853035080814,2893762,TCS.NS
2020-11-19,2270.236083984375,2304.028328512575,2265.0275112621366,2270.322262951934,4167501,TCS.NS
2020-11-20,2290.33984375,2303.8997920778124,2262.1868502126918,2285.8198609740625,2711471,TCS.NS
2020-11-23,2345.4404296875,2350.390886683261,2294.4291989050885,2315.9529249736165,3706418,TCS.NS
2020-11-24,2343.5458984375,2361.582735108615,2328.866678260592,2354.178490797551,3120516,TCS.NS
2020-11-25,2325.68212890625,2352.9310871604134,2314.403610246583,2349.5303798400746,3302249,TCS.NS
2020-11-26,2342.29833984375,2351.209037424096,2307.343720302402,2312.5094151986013,2341099,TCS.NS
2020-11-27,2307.04296875,2339.80213536081,2297.9170312528613,2328.868120051976,6086808,TCS.NS
2020-12-01,2347.6357421875,2355.4702518616264,2259.517529201016,2306.48233852835,3605017,TCS.NS
2020-12-02,2367.22216796875,2371.6559708726813,2326.6713893666697,2340.9201361692967,2509032,TCS.NS
2020-12-03,2332.697998046875,2388.1861136357334,2325.250874001701,2388.1861136357334,2852548,TCS.NS
2020-12-04,2348.28173828125,2358.010505060864,2323.701599662372,2333.8608409880508,2686527,TCS.NS
2020-12-07,2357.02001953125,2362.4440402335767,2329.857036724004,2337.4765194002043,1996400,TCS.NS
2020-12-08,2408.332763671875,2415.435593169417,2352.5001349989884,2359.000342214054,4277818,TCS.NS
2020-12-09,2419.954833984375,2445.094495917976,2404.7589621459624,2423.570776763768,3659996,TCS.NS
2020-12-10,2397.14013671875,2434.1609405370345,2393.6532515299014,2426.154073486651,2127801,TCS.NS
2020-12-11,2396.537841796875,2417.2865876316614,2380.1367204780763,2404.3723519779046,1795408,TCS.NS
2020-12-14,2408.67724609375,2414.101267442154,2372.9909480696992,2412.3793692485438,2483658,TCS.NS
2020-12-15,2377.5537109375,2406.094085705665,2371.914453048714,2398.603871576667,2365509,TCS.NS
2020-12-16,2422.882568359375,2427.7039667062795,2376.606560858527,2392.5772064159487,2565149,TCS.NS
2020-12-17,2443.545654296875,2456.890365132334,2414.9621866749385,2420.12788119189,2863460,TCS.NS
2020-12-18,2463.176025390625,2495.031150500535,2450.43393330812,2469.202670681689,6076692,TCS.NS
2020-12-21,2428.005615234375,2485.1296743302546,2397.743337263038,2463.1754714217423,2705195,TCS.NS
2020-12-22,2473.076171875,2482.6756698053955,2426.713980972715,2439.929633104874,2881737,TCS.NS
2020-12-23,2504.286376953125,2513.1111076325474,2467.007228727365,2476.1333757509733,2790988,TCS.NS
2020-12-24,2504.80224609375,2515.1336348727555,2482.288301930581,2504.500829843972,1807144,TCS.NS
2020-12-28,2522.06396484375,2539.5412719171272,2498.474045868836,2505.361638000797,2108994,TCS.NS
2020-12-29,2523.01171875,2541.522127196724,2513.971751834158,2513.971751834158,1994151,TCS.NS
2020-12-30,2504.7587890625,2537.8191442271013,2498.473819772311,2526.3684813054047,2637968,TCS.NS
2020-12-31,2464.682373046875,2501.0574774958245,2449.4005244322275,2496.752731407192,4040956,TCS.NS
2021-01-01,2521.073974609375,2531.1901256216383,2478.672235260101,2479.533184282421,2681440,TCS.NS
2021-01-04,2616.811767578125,2626.5405346980588,2532.008279036698,2539.7999106315733,5113293,TCS.NS
2021-01-05,2662.91552734375,2681.210695451107,2616.940930153381,2616.940930153381,5801309,TCS.NS
2021-01-06,2627.186279296875,2680.5651255418056,2614.8746646566897,2668.942312246538,3726716,TCS.NS
2021-01-07,2611.0859375,2652.454575316985,2583.0620079986484,2647.417940036945,3717827,TCS.NS
2021-01-08,2686.93603515625,2693.048858009485,2634.5043176179747,2660.3327913201115,5879039,TCS.NS
2021-01-11,2734.761962890625,2780.865833216699,2709.019666654015,2780.865833216699,9508039,TCS.NS
2021-01-12,2733.384033203125,2763.646306658487,2711.989366347113,2734.761425495851,3611458,TCS.NS
2021-01-13,2719.69482421875,2735.234995837024,2691.5418337222204,2733.513097822647,3572801,TCS.NS
2021-01-14,2804.01318359375,2817.642108404087,2691.617988643426,2721.463600800518,6931542,TCS.NS
2021-01-15,2789.046630859375,2824.1107191122305,2768.9051338882896,2790.469815616392,4131692,TCS.NS
2021-01-18,2779.04052734375,2809.231081687517,2749.4105704864724,2803.408617635505,4160906,TCS.NS
2021-01-19,2812.638671875,2828.4240632946203,2787.882455800004,2788.7450431935063,2975735,TCS.NS
2021-01-20,2854.129638671875,2870.648105502872,2818.1597810756234,2820.661200655656,3453446,TCS.NS
2021-01-21,2823.981689453125,2854.4308545355875,2813.8462880568213,2850.8512012581946,2778546,TCS.NS
2021-01-22,2849.212890625,2868.103472870908,2796.4223664998394,2796.4223664998394,3052459,TCS.NS
2021-01-25,2839.0341796875,2880.8696719465147,2828.1223218457994,2854.258764282846,2272887,TCS.NS
2021-01-27,2812.94091796875,2852.1023049644546,2783.5697724256493,2846.5386578880207,2786662,TCS.NS
2021-01-28,2757.30322265625,2824.973148006781,2746.3052355914906,2786.1567230723367,3083938,TCS.NS
2021-01-29,2683.811279296875,2774.8142462015344,2674.020828478141,2768.948610007639,5445659,TCS.NS
2021-02-01,2707.964111328125,2730.089396130799,2625.8026531981222,2674.0212094804037,3985846,TCS.NS
2021-02-02,2763.255859375,2780.9820744557087,2717.150600042023,2737.852699851867,2881837,TCS.NS
2021-02-03,2760.32275390625,2791.332727721468,2728.0618599311533,2771.493218222829,2505866,TCS.NS
2021-02-04,2750.3173828125,2792.929336479681,2739.578209343401,2774.124884737819,2057261,TCS.NS
2021-02-05,2724.007568359375,2765.325627089388,2699.0357077171384,2759.373648262348,2366135,TCS.NS
2021-02-08,2772.44189453125,2782.706599050783,2721.592205284063,2751.2221629486894,2526592,TCS.NS
2021-02-09,2740.35400390625,2799.786405962383,2729.2267099642486,2755.9669210922166,2658751,TCS.NS
2021-02-10,2771.752197265625,2777.013854169125,2723.4473017724445,2747.3409311746523,2127983,TCS.NS
2021-02-11,2765.455322265625,2776.927777293114,2747.3841575839447,2773.2186091965013,1165882,TCS.NS
2021-02-12,2752.34423828125,2799.527732432653,2744.753426159513,2746.6510765417843,2777404,TCS.NS
2021-02-15,2708.395263671875,2768.043101041877,2701.235745785617,2768.043101041877,2630853,TCS.NS
2021-02-16,2681.6123046875,2732.3754572987605,2674.021491882332,2717.15087078366,3435770,TCS.NS
2021-02-17,2650.817138671875,2702.3567302902675,2627.0528162339115,2678.4199325093405,3678426,TCS.NS
2021-02-18,2637.23193359375,2672.209687664128,2614.5026691089115,2643.830643622175,4189909,TCS.NS
2021-02-19,2649.7392578125,2662.936676901493,2601.692969909336,2637.7923377748643,3725028,TCS.NS
2021-02-22,2551.92236328125,2670.571335367419,2538.724730261188,2670.571335367419,5366696,TCS.NS
2021-02-23,2570.682861328125,2611.914580107528,2560.159337436969,2561.8845121926547,3832829,TCS.NS
2021-02-24,2542.99462890625,2590.652594576672,2519.747724236308,2563.610388642447,3774549,TCS.NS
2021-02-25,2583.708251953125,2613.553651608383,2560.547694496672,2565.335097001332,4224073,TCS.NS
2021-02-26,2496.586669921875,2563.9116563447387,2484.251628398456,2553.2586180761905,5553153,TCS.NS
2021-03-01,2522.3779296875,2557.57153628509,2503.0560569556483,2523.930629062453,3265871,TCS.NS
2021-03-02,2593.240234375,2609.3274083746887,2542.908165252424,2553.2592161286207,3306469,TCS.NS
2021-03-03,2638.74169921875,2642.9682940419984,2585.088584305513,2617.953254705439,3509857,TCS.NS
2021-03-04,2630.6328125,2658.0199630833813,2601.606830055768,2607.6017705058875,3916760,TCS.NS
2021-03-05,2594.706298828125,2642.2779138838096,2584.8297143482514,2601.6501701271904,3203686,TCS.NS
2021-03-08,2593.7578125,2616.2282622118823,2584.312520140719,2601.564272611618,2003125,TCS.NS
2021-03-09,2631.7109375,2645.469164158386,2580.9477962993865,2593.7570925981777,1942397,TCS.NS
2021-03-10,2648.963134765625,2668.15570731994,2639.5178434248423,2652.456656382807,3053778,TCS.NS
2021-03-12,2637.74951171875,2688.685347801896,2623.4306849869185,2652.4566713156337,2938317,TCS.NS
2021-03-15,2644.822265625,2673.158345880826,2623.1282768065803,2623.1282768065803,3097083,TCS.NS
2021-03-16,2682.6904296875,2709.387472019462,2639.5178810504785,2639.5178810504785,4894756,TCS.NS
2021-03-17,2685.191162109375,2721.463001120806,2661.3407068912707,2678.333635017465,3838390,TCS.NS
2021-03-18,2619.246826171875,2714.0882754209074,2576.591918330186,2696.4052324647,3656306,TCS.NS
2021-03-19,2631.06396484375,2673.158270794075,2592.075057675442,2613.639742015504,5776626,TCS.NS
2021-03-22,2699.596435546875,2708.0498337575755,2603.8492389926228,2629.770031169302,2821646,TCS.NS
2021-03-23,2710.767578125,2733.539804025609,2693.7314748970084,2708.5247663743808,3305973,TCS.NS
2021-03-24,2692.22216796875,2719.134858224196,2683.6392531125275,2683.682424609866,2207104,TCS.NS
2021-03-25,2643.70068359375,2700.631443519209,2630.8911783734834,2684.544064548352,3179786,TCS.NS
2021-03-26,2645.38330078125,2689.5477372213268,2624.896848324865,2665.9558856292324,3697370,TCS.NS
2021-03-30,2724.525634765625,2750.3169153067583,2640.2938438418096,2659.357110741005,4694008,TCS.NS
2021-03-31,2741.173583984375,2764.5927487735926,2701.623865572197,2721.4633767178425,3530069,TCS.NS
2021-04-01,2730.089111328125,2773.218481175331,2712.837363389243,2752.602726625417,4285076,TCS.NS
2021-04-05,2793.83447265625,2814.6229149226165,2718.0131182718865,2735.264867673802,5317862,TCS.NS
2021-04-06,2816.08935546875,2824.9740487941745,2786.157611482499,2824.9740487941745,2291562,TCS.NS
2021-04-07,2821.8681640625,2827.173202604607,2790.2975935030586,2811.1721651917283,2491268,TCS.NS
2021-04-08,2861.504150390625,2876.7287324587983,2817.2533784444763,2820.6605562639493,2578118,TCS.NS
2021-04-09,2865.731201171875,2893.420342992683,2853.4393298146024,2893.118353143342,2911129,TCS.NS
2021-04-12,2800.433349609375,2879.403273387137,2771.665973691975,2865.731177961672,3791828,TCS.NS
2021-04-13,2677.514892578125,2772.3563503735863,2650.7746788688587,2772.3563503735863,8654596,TCS.NS
2021-04-15,2776.62548828125,2792.4108787917376,2663.195252568496,2726.034824803063,6062760,TCS.NS
2021-04-16,2756.09619140625,2800.8214346787518,2745.2708874426585,2785.2948606645173,3224657,TCS.NS
2021-04-19,2727.32861328125,2750.790946118648,2704.2975741011296,2733.539199827531,2679106,TCS.NS
2021-04-20,2712.449462890625,2782.1465723791703,2696.750413101551,2781.8445825285053,3141893,TCS.NS
2021-04-22,2690.238037109375,2715.4255509270147,2678.549933931421,2715.4255509270147,1988980,TCS.NS
2021-04-23,2682.215576171875,2690.410156642572,2666.3008804288893,2678.3339327910185,1615309,TCS.NS
2021-04-26,2674.71142578125,2719.7384522344405,2663.713434894479,2675.789660181914,2490260,TCS.NS
2021-04-27,2701.6240234375,2705.160716389788,2676.6089861834494,2679.196748658006,1471417,TCS.NS
2021-04-28,2694.809326171875,2718.012842526371,2684.371934605543,2717.107083656132,1639037,TCS.NS
2021-04-29,2687.17529296875,2723.490305328415,2678.765066147004,2713.3549037740027,1621395,TCS.NS
2021-04-30,2618.513427734375,2701.6669817097545,2605.014018794562,2673.1584252464727,3072305,TCS.NS
2021-05-03,2619.678955078125,2635.20553433114,2591.213559780931,2609.2415592320704,1545831,TCS.NS
2021-05-04,2630.67578125,2665.394922227232,2617.952617786294,2641.932588331327,1990777,TCS.NS
2021-05-05,2670.312255859375,2673.5037876990805,2632.9621725538914,2648.143797781496,1939289,TCS.NS
2021-05-06,2683.89697265625,2703.34835665176,2651.593123276168,2678.764620798354,1791671,TCS.NS
2021-05-07,2702.399658203125,2725.646554328508,2684.199192594216,2702.486001169855,1912540,TCS.NS
2021-05-10,2713.26806640625,2729.398405098987,2695.5850286185123,2713.6561885318547,2137153,TCS.NS
2021-05-11,2693.515869140625,2698.260100491733,2666.387323213347,2695.5859949476826,2415625,TCS.NS
2021-05-12,2663.32568359375,2691.273438914636,2648.661693702228,2691.273438914636,1978558,TCS.NS
2021-05-14,2632.185791015625,2672.7274040510943,2622.266034634606,2672.7274040510943,2043935,TCS.NS
2021-05-17,2647.927490234375,2652.628549124657,2618.8151674734304,2635.2043269536657,2890462,TCS.NS
2021-05-18,2664.35986328125,2694.722896047772,2655.043877732088,2674.020799535241,2098538,TCS.NS
2021-05-19,2658.49462890625,2689.5477783678416,2645.6421596161504,2660.2198038763386,1986041,TCS.NS
2021-05-20,2639.517333984375,2664.3598921874577,2632.702978045449,2645.6417885061574,2329027,TCS.NS
2021-05-21,2657.200927734375,2663.842809700749,2635.291288366683,2640.3804706362357,1685566,TCS.NS
2021-05-24,2658.06298828125,2678.333791534409,2649.868408242739,2658.06298828125,1652260,TCS.NS
2021-05-25,2699.236083984375,2711.588079551741,2671.5850346966977,2680.166336441775,1841613,TCS.NS
2021-05-26,2737.80908203125,2743.44332582837,2690.394795786189,2704.43702261754,1923753,TCS.NS
2021-05-27,2756.445556640625,2789.167512540997,2740.669715590691,2740.799651958414,5959785,TCS.NS
2021-05-28,2724.89453125,2772.0487467329226,2718.0032463993757,2764.68088733729,1763701,TCS.NS
2021-05-31,2738.372802734375,2748.0812088490416,2711.892022501999,2730.441604627184,1652799,TCS.NS
2021-06-01,2733.042236328125,2747.7345713920117,2714.8392908911155,2746.56450901616,1377441,TCS.NS
2021-06-02,2712.628662109375,2738.632867683204,2700.103345415868,2731.178455725699,2240078,TCS.NS
2021-06-03,2722.85693359375,2734.38550666778,2706.7342420318428,2734.38550666778,1281706,TCS.NS
2021-06-04,2725.023681640625,2736.3789345535747,2708.771055308772,2711.371475521869,1836060,TCS.NS
2021-06-07,2759.219482421875,2765.5038319928763,2716.2259902615097,2726.107503558531,2559821,TCS.NS
2021-06-08,2773.91162109375,2800.6526947971643,2762.6865156629224,2772.0480711734235,2574057,TCS.NS
2021-06-09,2773.9990234375,2791.118461204203,2761.8203431067545,2775.515935644676,1710925,TCS.NS
2021-06-10,2788.3447265625,2794.585694473738,2767.7146781807214,2782.450396793021,1874324,TCS.NS
2021-06-11,2837.752197265625,2868.2637548720177,2783.316686882457,2783.793472955929,3452954,TCS.NS
2021-06-14,2839.962646484375,2868.003720504315,2834.761805496382,2842.2595999383007,1847360,TCS.NS
2021-06-15,2828.173583984375,2858.728520413905,2818.465391188049,2858.728520413905,1304985,TCS.NS
2021-06-16,2838.22900390625,2855.868395770496,2819.7225935967435,2827.610620330609,1635552,TCS.NS
2021-06-17,2875.84814453125,2891.7107506550374,2825.7900538533268,2830.5574910607484,2273413,TCS.NS
2021-06-18,2858.12255859375,2910.737697398462,2838.792721554485,2904.5832834904045,3380431,TCS.NS
2021-06-21,2837.1455078125,2848.327231222669,2818.595714756018,2830.124287870364,1130569,TCS.NS
2021-06-22,2861.50244140625,2883.9094808610066,2847.460214181411,2863.9295426652607,1708688,TCS.NS
2021-06-23,2827.003662109375,2885.5998874590587,2822.6696280338883,2885.5998874590587,1467104,TCS.NS
2021-06-24,2924.259765625,2932.407665621721,2841.8263469526496,2846.593784777337,4155204,TCS.NS
2021-06-25,2930.500244140625,2946.8394240778416,2903.8025544497928,2925.6894244497503,2722861,TCS.NS
2021-06-28,2892.31787109375,2939.775548007628,2889.067345277731,2939.775548007628,1355238,TCS.NS
2021-06-29,2895.87158203125,2917.9317727636685,2883.432819803857,2896.8683252020114,1497322,TCS.NS
2021-06-30,2900.118896484375,2931.5406434760985,2893.8345470860304,2900.335598187766,1693146,TCS.NS
2021-07-01,2896.434814453125,2914.2043531921013,2888.503617177266,2910.737126121081,990310,TCS.NS
2021-07-02,2882.522705078125,2894.874702296693,2856.3017987018657,2887.3335252667507,1682274,TCS.NS
2021-07-05,2878.6650390625,2924.605793976777,2862.19571182908,2896.867979688912,1972858,TCS.NS
2021-07-06,2827.783935546875,2884.7331013836533,2822.409775579186,2871.730999063715,2159420,TCS.NS
2021-07-07,2838.749267578125,2845.4670211779494,2809.8413838996457,2838.7926502484866,2640710,TCS.NS
2021-07-08,2824.489990234375,2858.728859227549,2801.4328444405023,2858.728859227549,2485811,TCS.NS
2021-07-09,2780.846435546875,2844.8602089313854,2774.648850941305,2817.12238849086,6365067,TCS.NS
2021-07-12,2767.801513671875,2804.9874492867843,2763.684180425857,2804.120642287623,1892226,TCS.NS
2021-07-13,2762.989990234375,2785.916987210296,2752.111522835311,2785.916987210296,1809339,TCS.NS
2021-07-14,2786.39404296875,2792.8517117716638,2760.7798578500147,2762.5134715755094,2044279,TCS.NS
2021-07-15,2782.398193359375,2807.5037106455648,2774.6233831528752,2803.8117415227093,2232968,TCS.NS
2021-07-16,2775.318115234375,2797.0790558997232,2772.8857169254143,2791.128386115713,1256526,TCS.NS
2021-07-19,2766.457763671875,2779.661940534714,2758.986870561315,2762.4616651086217,1597058,TCS.NS
2021-07-20,2784.8740234375,2792.866008166808,2741.743010555163,2766.4576554739774,1811945,TCS.NS
2021-07-22,2794.03857421875,2801.509254252244,2771.148283345364,2771.148283345364,2859334,TCS.NS
2021-07-23,2790.998046875,2815.929651285845,2785.6119465337315,2805.896141243119,1776193,TCS.NS
2021-07-26,2777.707763671875,2800.9019781571046,2771.8875243942566,2779.8360332178754,1259611,TCS.NS
2021-07-27,2765.0234375,2788.521770851973,2746.0857705956814,2779.8347871421543,1121367,TCS.NS
2021-07-28,2777.92431640625,2783.701077035545,2721.1113029465578,2769.411028043648,1660654,TCS.NS
2021-07-29,2776.18701171875,2801.943840221094,2771.4091694472813,2780.052678048742,1731997,TCS.NS
2021-07-30,2751.558837890625,2800.2494279850853,2747.12860308686,2796.340284995809,2999943,TCS.NS
2021-08-02,2796.68798828125,2801.465830240041,2751.16826972588,2762.4613507193862,2608669,TCS.NS
2021-08-03,2853.587890625,2858.0183382323976,2796.2972614898176,2805.027724666387,3804735,TCS.NS
2021-08-04,2844.0751953125,2871.222021372472,2832.999290280032,2866.7048319330083,2929598,TCS.NS
2021-08-05,2852.762451171875,2879.735582529227,2834.128910407723,2844.9876418652243,2534521,TCS.NS
2021-08-06,2875.218505859375,2887.5539828638334,2836.300768366551,2842.859484842023,2292362,TCS.NS
2021-08-09,2886.424560546875,2898.846991931317,2875.39213164299,2887.466956364992,1510489,TCS.NS
2021-08-10,2896.153564453125,2910.052739110011,2880.2565531069718,2880.2565531069718,2040777,TCS.NS
2021-08-11,2905.1015625,2918.8270416006376,2890.246944985472,2910.1400563577786,1929707,TCS.NS
2021-08-12,2911.659423828125,2925.7757707028045,2889.29044339594,2889.29044339594,1310205,TCS.NS
2021-08-13,3008.650390625,3023.0708709928867,2916.6553015398326,2919.478571749812,4363584,TCS.NS
2021-08-16,3016.946044921875,3035.536317803578,2985.282030878575,3005.6964431368747,2083489,TCS.NS
2021-08-17,3086.529052734375,3093.261465683802,3008.302715337347,3024.8949404723467,4336019,TCS.NS
2021-08-18,3093.044677734375,3122.9713004918467,3072.239389790579,3104.598410915286,2631309,TCS.NS
2021-08-20,3092.132568359375,3105.5973962311464,3040.44500330322,3045.657194737454,2836148,TCS.NS
2021-08-23,3159.8037109375,3190.729461117312,3094.216976847013,3109.940503893269,3744176,TCS.NS
2021-08-24,3138.78125,3185.8213991107027,3122.4496764479563,3176.8302851679027,2511141,TCS.NS
2021-08-25,3178.567626953125,3212.2296918737134,3133.438784915213,3136.00140292451,2123263,TCS.NS
2021-08-26,3189.730712890625,3203.4127144407685,3168.9252138816178,3179.436550700011,1902533,TCS.NS
2021-08-27,3231.688720703125,3239.811136714947,3171.705257446776,3184.648780586405,3944728,TCS.NS
2021-08-30,3215.313720703125,3249.2364387035072,3203.412593965281,3227.214847440969,2033114,TCS.NS
2021-08-31,3289.283203125,3304.6158580161027,3217.1812317850963,3222.349945144956,3207480,TCS.NS
2021-09-01,3227.171875,3315.5619590111364,3220.265763432762,3297.5799401108075,2643336,TCS.NS
2021-09-02,3332.978515625,3352.437274539137,3233.295376335766,3243.719756915032,3403717,TCS.NS
2021-09-03,3337.5830078125,3350.4830528749976,3305.006815102271,3322.771656443332,1746812,TCS.NS
2021-09-06,3346.226806640625,3368.4655743015705,3313.216261819144,3344.2287575634564,1723693,TCS.NS
2021-09-07,3314.866455078125,3361.81965048182,3308.220996519753,3356.6509369270207,1585039,TCS.NS
2021-09-08,3278.59814453125,3314.0845607693886,3262.831352621186,3309.741068553439,4147175,TCS.NS
2021-09-09,3293.582763671875,3308.611287198441,3270.649212592696,3292.106018927721,1441148,TCS.NS
2021-09-13,3340.449951171875,3346.574106093032,3272.38733704224,3272.38733704224,1691473,TCS.NS
2021-09-14,3375.675537109375,3384.883826372717,3322.771881400139,3344.445867333789,1991188,TCS.NS
2021-09-15,3435.3115234375,3457.419856737662,3358.3882327004526,3372.374362683401,2461369,TCS.NS
2021-09-16,3390.790771484375,3458.9401238604128,3381.0613910627826,3413.984978155691,2946666,TCS.NS
2021-09-17,3325.2470703125,3427.0149973780008,3305.3972281427864,3405.297538585998,6477148,TCS.NS
2021-09-20,3321.468994140625,3362.7321763615428,3307.8739463058937,3308.8728648310816,2002008,TCS.NS
2021-09-21,3355.739013671875,3363.209906018723,3319.861721221568,3351.438998276078,1568129,TCS.NS
2021-09-22,3355.043701171875,3385.1877076595533,3346.6173684546684,3355.347830469312,1744067,TCS.NS
2021-09-23,3361.212158203125,3369.681969805498,3331.459230266585,3361.8636821725386,2003869,TCS.NS
2021-09-24,3362.992919921875,3426.494660091767,3348.8330903783194,3379.2375412637257,2320754,TCS.NS
2021-09-27,3333.15234375,3391.3986149404177,3303.573120278085,3387.923821277569,1673362,TCS.NS
2021-09-28,3282.94189453125,3344.489268897925,3258.705290896972,3344.489268897925,2253075,TCS.NS
2021-09-29,3294.017578125,3306.2663111425195,3233.425861046127,3266.132485042677,2489161,TCS.NS
2021-09-30,3279.814453125,3305.397579887502,3257.7061201389893,3305.397579887502,2252412,TCS.NS
2021-10-01,3240.41845703125,3309.740625944317,3235.901268147659,3285.199898206016,1578374,TCS.NS
2021-10-04,3277.860107421875,3286.8510096871387,3220.656226102049,3235.728229979652,1356860,TCS.NS
2021-10-05,3329.982421875,3335.8026601411348,3250.322801808866,3261.094579731724,1877966,TCS.NS
2021-10-06,3310.523193359375,3350.961152961185,3296.710971356703,3332.32761162696,1678154,TCS.NS
2021-10-07,3381.756103515625,3387.055248882462,3318.4715488271363,3327.115055968153,1647233,TCS.NS
2021-10-08,3418.89306640625,3466.019958648897,3387.9240506234883,3409.6415124864598,2934339,TCS.NS
2021-10-11,3201.675537109375,3264.134879510881,3179.4367688648904,3261.963133084061,11845402,TCS.NS
2021-10-12,3173.225341796875,3220.265279866949,3153.896800529802,3219.3965813830355,5752877,TCS.NS
2021-10-13,3175.26708984375,3192.858236546606,3166.4064065140506,3170.749899527101,3545655,TCS.NS
2021-10-14,3143.280517578125,3194.240445106672,3140.4518305354554,3155.0740091312496,6442299,TCS.NS
2021-10-18,3174.35302734375,3179.1835977264323,3134.577371767137,3136.31810253628,3590107,TCS.NS
2021-10-19,3163.0380859375,3211.735196250684,3155.2483587152783,3193.3704027509225,3135441,TCS.NS
2021-10-20,3141.01806640625,3159.426208492171,3114.4283625665,3143.759632251714,2933693,TCS.NS
2021-10-21,3074.565673828125,3139.7995159026163,3056.07040968974,3136.883919403963,4871211,TCS.NS
2021-10-22,3045.277587890625,3099.893008187751,3033.2229439917837,3098.5003387692245,2691670,TCS.NS
2021-10-25,3040.142333984375,3058.942308854021,3002.7601880545794,3048.889547465273,2595594,TCS.NS
2021-10-26,3031.13427734375,3071.5191422480484,3024.519416070266,3041.4915394122427,3878763,TCS.NS
2021-10-27,3037.357421875,3056.070276540897,3031.482455875242,3031.482455875242,2510813,TCS.NS
2021-10-28,2978.0859375,3061.9457358710383,2972.298092097668,3061.9457358710383,2424942,TCS.NS
2021-10-29,2957.283935546875,3012.334545192476,2947.0135816838533,2959.2858183959333,3960501,TCS.NS
2021-11-01,3025.73828125,3034.9642397600896,2970.513637481384,2992.2727731263512,2020718,TCS.NS
2021-11-02,3032.526611328125,3058.115477593055,3019.949875757492,3041.056233416435,3087414,TCS.NS
2021-11-03,3039.533447265625,3063.5989646219014,3016.729917190848,3049.9342708836666,1537639,TCS.NS
2021-11-04,3053.807373046875,3057.811138748893,3050.630624440296,3057.549986639362,328991,TCS.NS
2021-11-08,3048.671875,3088.0559025051743,3029.915461391497,3088.0559025051743,2526082,TCS.NS
2021-11-09,3051.2392578125,3076.741000826848,3042.79675781914,3053.2411402830503,1782692,TCS.NS
2021-11-10,3032.61376953125,3063.4246152630417,3029.045186907905,3044.5377312978912,1516489,TCS.NS
2021-11-11,3036.008544921875,3055.0261139031104,2990.5755135530526,3028.871591142207,1284514,TCS.NS
2021-11-12,3068.951416015625,3076.001247008398,3033.832093367419,3051.500550347196,1747259,TCS.NS
2021-11-15,3092.669189453125,3106.8561869215628,3070.64890396437,3070.64890396437,1809157,TCS.NS
2021-11-16,3095.366943359375,3112.034565678552,3082.833768540347,3106.333630694664,2013204,TCS.NS
2021-11-17,3065.33935546875,3100.9809832225665,3051.848693801124,3090.319008678797,1632914,TCS.NS
2021-11-18,3025.128662109375,3064.425783307155,3004.152985656586,3059.46453105244,2136598,TCS.NS
2021-11-22,3010.071044921875,3060.1606067143043,2994.317561657031,3027.478349628783,3167936,TCS.NS
2021-11-23,3015.16357421875,3029.69863504423,2966.0314860207664,2998.409038950305,2153461,TCS.NS
2021-11-24,2996.928955078125,3040.229629838049,2980.130861868933,3022.082427881749,2161746,TCS.NS
2021-11-25,2999.19189453125,3014.075227111931,2988.8781925600256,2997.451163819664,1849619,TCS.NS
2021-11-26,3000.0185546875,3037.574730325143,2969.599119128424,2981.000988929402,1941251,TCS.NS
2021-11-29,3048.019287109375,3071.823863111824,2964.8558400184647,3000.2796653058103,2981745,TCS.NS
2021-11-30,3071.649658203125,3101.764383018025,3038.4453065214807,3038.4453065214807,5588446,TCS.NS
2021-12-01,3113.992919921875,3124.6113337667334,3076.741243695098,3076.741243695098,2102118,TCS.NS
2021-12-02,3170.6533203125,3175.0922678546226,3110.7723642014284,3123.9147513020857,3152938,TCS.NS
2021-12-03,3168.521240234375,3190.715554868468,3160.165861043513,3173.743431912985,2486263,TCS.NS
2021-12-06,3077.9599609375,3183.7964732572677,3065.426784803744,3168.5215187563167,1849642,TCS.NS
2021-12-07,3119.82470703125,3131.574639670369,3067.428753612896,3100.6766686563897,1484458,TCS.NS
2021-12-08,3156.72802734375,3173.743712566218,3134.185649600943,3134.185649600943,1428660,TCS.NS
2021-12-09,3134.83837890625,3163.5604352688256,3103.722817846793,3142.018892996894,1567957,TCS.NS
2021-12-10,3165.3447265625,3169.870583854429,3111.643227318957,3120.259759230678,1510718,TCS.NS
2021-12-13,3141.714111328125,3187.2778211021,3134.7947494906152,3176.8334371989795,1883864,TCS.NS
2021-12-14,3154.030029296875,3163.7780788158257,3113.035735906248,3137.6671180553103,1747007,TCS.NS
2021-12-15,3107.509033203125,3153.333684191236,3096.890405868701,3150.72258812373,1603233,TCS.NS
2021-12-16,3117.300537109375,3140.6697186213864,3107.2042143295057,3117.648598243218,2072320,TCS.NS
2021-12-17,3119.6943359375,3178.0088182880068,3110.4248168450613,3135.491383100008,4333992,TCS.NS
2021-12-20,3095.80224609375,3138.537267258524,3055.112668377628,3123.7410571799337,2312310,TCS.NS
2021-12-21,3140.539306640625,3169.1742414013142,3104.070871308892,3118.2143081191102,2340989,TCS.NS
2021-12-22,3160.079345703125,3165.3450991541345,3138.75539225832,3154.2043789377194,1224328,TCS.NS
2021-12-23,3187.88720703125,3194.676099434365,3159.4263018517217,3175.0928785551187,1792861,TCS.NS
2021-12-24,3195.02392578125,3224.7034677959027,3172.307518725703,3207.296161626964,2209923,TCS.NS
2021-12-27,3216.957275390625,3220.351615069357,3179.5315674317108,3195.111021329624,1534135,TCS.NS
2021-12-28,3226.052734375,3242.110932603277,3214.9991369151708,3229.0554523377605,1456218,TCS.NS
2021-12-29,3215.73828125,3237.715002681955,3207.295781257609,3213.6059289954974,1456923,TCS.NS
2021-12-30,3249.7265625,3255.1663458319385,3202.94442584533,3204.1195040416437,1966475,TCS.NS
2021-12-31,3253.73046875,3272.573794030178,3247.5943503878843,3257.6035521515405,1207141,TCS.NS
2022-01-03,3322.83740234375,3333.499378161629,3259.5183214661365,3263.870148330577,2346158,TCS.NS
2022-01-04,3381.15234375,3384.981866916701,3317.5721020854744,3334.4573201187422,2488606,TCS.NS
2022-01-05,3360.43701171875,3368.3138605317376,3318.180732029534,3363.9620338385444,1733031,TCS.NS
2022-01-06,3313.8720703125,3337.8506750264423,3283.0176652411315,3317.8322746286303,1810293,TCS.NS
2022-01-07,3353.95263671875,3363.874716003597,3304.254693786072,3324.7953995758726,2460591,TCS.NS
2022-01-10,3376.886962890625,3462.3132338266632,3360.4804916552907,3462.3132338266632,3937092,TCS.NS
2022-01-11,3408.263671875,3416.1840817490493,3356.128871139957,3356.128871139957,1906106,TCS.NS
2022-01-12,3359.52294921875,3419.665276673529,3339.200046881566,3416.183815460321,3203744,TCS.NS
2022-01-13,3392.596923828125,3414.44317853702,3356.999066942974,3410.091351901108,6684507,TCS.NS
2022-01-14,3453.73974609375,3461.442563473241,3359.653391036117,3375.145934824292,3348123,TCS.NS
2022-01-17,3498.128662109375,3518.886959817252,3448.648521569268,3475.10754208303,3442604,TCS.NS
2022-01-18,3473.280517578125,3517.756065446516,3464.0545586313738,3511.010733077322,2389041,TCS.NS
2022-01-19,3413.1630859375,3498.0421346447133,3409.544807459659,3498.0421346447133,3102539,TCS.NS
2022-01-20,3336.348388671875,3417.8268980433213,3322.7903848069127,3409.107951874844,6176776,TCS.NS
2022-01-21,3342.408203125,3358.1459444240563,3288.0020610960582,3319.3029944689906,3112358,TCS.NS
2022-01-24,3288.219970703125,3356.489151449722,3260.9732629131663,3348.075453230145,3258414,TCS.NS
2022-01-25,3286.955810546875,3321.395651890112,3245.36647509271,3286.607137805823,3330501,TCS.NS
2022-01-27,3181.761962890625,3255.1318220283392,3160.7057895166804,3253.039359743761,5718297,TCS.NS
2022-01-28,3217.33544921875,3251.9932675177347,3178.9284407068867,3178.9284407068867,3143862,TCS.NS
2022-01-31,3257.61669921875,3276.5804096792403,3244.668977275617,3268.7333570749,2739393,TCS.NS
2022-02-01,3313.7666015625,3320.1751129374843,3257.74736547893,3287.0431133861125,2105169,TCS.NS
2022-02-02,3362.200927734375,3369.001750237971,3313.7671255273985,3337.526260541369,1984212,TCS.NS
2022-02-03,3334.648681640625,3385.1313015453898,3327.1939390990083,3357.6666174504307,1960538,TCS.NS
2022-02-04,3326.191162109375,3334.735773143684,3286.1712786456783,3326.540047724712,2307366,TCS.NS
2022-02-07,3294.8896484375,3340.925725262264,3274.966771953413,3305.352383494724,1919149,TCS.NS
2022-02-08,3263.893798828125,3312.9378700936186,3244.31980762492,3305.832014247331,2946443,TCS.NS
2022-02-09,3278.803466796875,3293.974348552429,3266.2046316844016,3269.604935671538,1638721,TCS.NS
2022-02-10,3287.3486328125,3304.3069440401177,3276.5806469242366,3304.3069440401177,2112459,TCS.NS
2022-02-11,3221.607421875,3271.7850066553174,3217.2915854918374,3271.7850066553174,3851488,TCS.NS
2022-02-14,3255.436767578125,3307.314501135781,3234.729268889145,3246.9357944321227,5951745,TCS.NS
2022-02-15,3328.7197265625,3343.7162732725105,3267.861432131778,3300.993431710489,3931683,TCS.NS
2022-02-16,3324.621337890625,3360.3690159904736,3318.430801171281,3351.5627955077257,3256906,TCS.NS
2022-02-17,3299.423828125,3343.7161207459344,3294.8900183308697,3334.9971738861013,3134372,TCS.NS
2022-02-18,3307.88134765625,3327.106669122534,3276.2317390898334,3286.171253915909,3688883,TCS.NS
2022-02-21,3242.925537109375,3337.439064154171,3230.849921464297,3321.9192936476043,7465922,TCS.NS
2022-02-22,3126.963134765625,3198.0225543570805,3112.664146521412,3182.415724034496,5408531,TCS.NS
2022-02-23,3107.2578125,3158.786652232301,3100.151744261149,3148.411192324621,2426203,TCS.NS
2022-02-24,2965.88037109375,3037.550282100594,2956.682052765938,3028.962034594024,5039136,TCS.NS
2022-02-25,3069.7236328125,3077.7886597537813,3018.499813050309,3023.731181877086,2549723,TCS.NS
2022-02-28,3098.887939453125,3107.2145759792743,3013.180652315076,3042.9123451891032,3288942,TCS.NS
2022-03-02,3091.869384765625,3114.36431117706,3056.862896806409,3097.406001398964,2761341,TCS.NS
2022-03-03,3090.34326171875,3120.162228552476,3077.8753387197994,3106.429888039803,1928039,TCS.NS
2022-03-04,3072.86181640625,3104.9910046737923,3040.3401052770814,3052.938939664879,2370257,TCS.NS
2022-03-07,3038.465576171875,3093.4822136519515,2991.9501243817053,3008.036538077574,3054130,TCS.NS
2022-03-08,3138.777587890625,3146.6682782658586,3016.7559553338515,3016.7559553338515,3300992,TCS.NS
2022-03-09,3167.244873046875,3185.9033350740265,3136.2489729035888,3143.180493415946,2719654,TCS.NS
2022-03-10,3157.087158203125,3212.060163122713,3151.8994271684605,3212.060163122713,2005441,TCS.NS
2022-03-11,3138.07958984375,3173.565872904547,3132.586823761133,3141.654443106479,1623423,TCS.NS
2022-03-14,3176.3125,3180.9772219494284,3121.383132034038,3121.383132034038,1765688,TCS.NS
2022-03-15,3133.50244140625,3190.262874496947,3126.091336067845,3190.262874496947,3651133,TCS.NS
2022-03-16,3187.5595703125,3198.109580738433,3152.989032536903,3174.1324778294074,3090475,TCS.NS
2022-03-17,3202.25146484375,3234.7295445021614,3191.3964177054013,3223.046239918665,3600452,TCS.NS
2022-03-21,3162.1005859375,3238.173401399915,3151.89946013329,3222.52293351387,2413831,TCS.NS
2022-03-22,3226.8388671875,3235.6014520923454,3160.6185027848965,3173.6969241757306,2907611,TCS.NS
2022-03-23,3236.822021484375,3251.993118025489,3217.291664008723,3232.985769686814,1596195,TCS.NS
2022-03-24,3269.474609375,3276.754802809505,3221.6510972508927,3226.010570995481,1879046,TCS.NS
2022-03-25,3232.505859375,3295.325913070277,3201.597235823272,3278.236692351836,1690133,TCS.NS
2022-03-28,3232.724365234375,3237.3454503300545,3192.1812563088843,3221.651343649219,1760990,TCS.NS
2022-03-29,3230.674560546875,3245.191519678906,3218.1627885907687,3221.4323931578824,2689063,TCS.NS
2022-03-30,3253.518310546875,3259.141988097822,3231.415697472005,3259.141988097822,1583455,TCS.NS
2022-03-31,3260.842529296875,3273.6593387691028,3243.6226090320506,3260.886166604706,2168110,TCS.NS
2022-04-01,3277.234130859375,3280.9396832520997,3250.4670067366783,3267.861263042484,1387014,TCS.NS
2022-04-04,3287.3486328125,3295.7623324570554,3258.358130814035,3280.068226112022,1472994,TCS.NS
2022-04-05,3326.10400390625,3344.239456565145,3288.786867502642,3288.786867502642,2314947,TCS.NS
2022-04-06,3274.270263671875,3321.3089461528684,3253.1702389534807,3321.3089461528684,2051729,TCS.NS
2022-04-07,3212.19091796875,3265.681745359496,3207.700745208273,3265.681745359496,2494829,TCS.NS
2022-04-08,3213.498779296875,3230.370027745647,3175.8766062249715,3217.291606580685,2296773,TCS.NS
2022-04-11,3222.87158203125,3236.778473211479,3187.734394843684,3217.2915409273724,2291660,TCS.NS
2022-04-12,3218.2509765625,3260.0146522734094,3180.9774739188283,3211.1885435471963,4483476,TCS.NS
2022-04-13,3192.83447265625,3234.598352823879,3187.254432214075,3232.1133680019534,1621672,TCS.NS
2022-04-18,3076.0888671875,3147.540612196077,3071.249807883845,3147.540612196077,3820792,TCS.NS
2022-04-19,3027.131103515625,3107.040379954536,2998.576552281814,3095.226164275656,3170014,TCS.NS
2022-04-20,3101.155029296875,3111.922800837386,3034.193475539571,3051.631369077155,2640370,TCS.NS
2022-04-21,3163.801025390625,3177.1846959049176,3110.397468139204,3121.38342791976,2280996,TCS.NS
2022-04-22,3149.76318359375,3153.643072364982,3113.971864238743,3122.3421383520026,1581465,TCS.NS
2022-04-25,3093.65673828125,3124.8706111779416,3080.491256003329,3102.201348931673,1960694,TCS.NS
2022-04-26,3092.000244140625,3128.270936257901,3067.456280402688,3117.1542787359804,1943469,TCS.NS
2022-04-27,3104.991455078125,3111.312691840444,3057.124519775637,3091.7386978183854,1727648,TCS.NS
2022-04-28,3125.132568359375,3142.6575260875848,3084.8074339349077,3128.358536540344,1703660,TCS.NS
2022-04-29,3092.3486328125,3159.0922091212788,3083.7605984504776,3136.2049751491727,2051115,TCS.NS
2022-05-02,3088.599853515625,3093.4389119139187,3045.3103646568115,3068.9822217914025,1324161,TCS.NS
2022-05-04,3033.9755859375,3091.259025222723,3021.376750080482,3085.199399623491,2305825,TCS.NS
2022-05-05,3063.3154296875,3080.40465472383,3038.8589482486464,3062.182136619397,1612262,TCS.NS
2022-05-06,2992.866455078125,3029.3987654632706,2985.8040213927097,3015.884394801397,2010812,TCS.NS
2022-05-09,3003.764404296875,3013.267971027125,2918.1007532108174,2962.698080309656,2481830,TCS.NS
2022-05-10,2998.228271484375,3020.941173809357,2983.6240334480644,2994.08677114572,1622685,TCS.NS
2022-05-11,2974.90478515625,3006.6853051327807,2948.878642613765,2994.9583637197297,1841769,TCS.NS
2022-05-12,2971.98388671875,3007.7752079636566,2920.934620561456,2945.260398386172,2807195,TCS.NS
2022-05-13,2977.43359375,2999.230964675181,2948.8790378380136,2994.958765119826,2187823,TCS.NS
2022-05-16,2944.21435546875,2990.599115503573,2935.3210712259547,2977.5206937156568,1195813,TCS.NS
2022-05-17,3009.431884765625,3022.858978236571,2921.1959692768205,2938.2851908443163,1754076,TCS.NS
2022-05-18,3006.990478515625,3047.271971010071,3001.977083999657,3021.1151300571946,1866781,TCS.NS
2022-05-19,2844.076904296875,2968.8014850294667,2816.2199109090097,2961.826327355389,4642963,TCS.NS
2022-05-20,2871.149169921875,2889.3716835160767,2851.139229667737,2885.9713794234453,3065125,TCS.NS
2022-05-23,2896.216064453125,2911.1689726105037,2848.479832187359,2881.437492653417,2293690,TCS.NS
2022-05-24,2866.789306640625,2898.9187062481674,2855.977899267617,2890.4611587438485,1711510,TCS.NS
2022-05-25,2780.461181640625,2890.357885421766,2768.523667729061,2890.357885421766,3548046,TCS.NS
2022-05-26,2832.5126953125,2845.284259373515,2791.7843560328024,2800.956986475671,2813186,TCS.NS
2022-05-27,2862.66455078125,2878.113137542295,2834.488114923966,2855.554544933507,3103153,TCS.NS
2022-05-30,2962.685791015625,2972.648541346063,2884.6523186812783,2894.0004601077003,2094624,TCS.NS
2022-05-31,2953.118408203125,2969.839714625581,2918.5781569271903,2944.165004523289,4840965,TCS.NS
2022-06-01,2945.086181640625,2973.877005426584,2931.7880865359803,2973.877005426584,1493835,TCS.NS
2022-06-02,3004.59912109375,3012.499031140447,2937.274374999988,2944.91091185204,2657939,TCS.NS
2022-06-03,3019.6533203125,3052.262528156964,3011.797340038392,3036.550353309932,1913622,TCS.NS
2022-06-06,3011.5771484375,3030.931969731244,2964.3532017342663,3000.2100992010983,1084210,TCS.NS
2022-06-07,2951.670166015625,3000.956963708526,2945.789163762988,2985.332651744181,2308256,TCS.NS
2022-06-08,2988.05322265625,2996.655390105723,2937.4499938250347,2966.986795089598,2185707,TCS.NS
2022-06-09,3008.198486328125,3016.888302906763,2943.243661069149,2971.2443716436987,1279197,TCS.NS
2022-06-10,2949.2119140625,2978.2661136523,2942.27763423593,2968.610667955225,1527582,TCS.NS
2022-06-13,2826.061279296875,2890.4893497484964,2802.229755076651,2887.8560463627555,3030921,TCS.NS
2022-06-14,2818.1181640625,2843.0027588907465,2786.650094774694,2800.079988362342,2611493,TCS.NS
2022-06-15,2814.38720703125,2838.70133453844,2809.734994390088,2825.095932347547,1404536,TCS.NS
2022-06-16,2757.946533203125,2848.225040609445,2750.090553952072,2843.967780896921,2032028,TCS.NS
2022-06-17,2711.337646484375,2737.5391085211395,2654.2390062170584,2714.058813161479,5240434,TCS.NS
2022-06-20,2731.96484375,2755.0941146293767,2693.869800970946,2715.813999414828,1502769,TCS.NS
2022-06-21,2819.34619140625,2841.992643096797,2743.3753468292443,2747.413164355795,2964461,TCS.NS
2022-06-22,2829.001708984375,2853.2281861623023,2793.934927975882,2808.7691181856167,3336315,TCS.NS
2022-06-23,2904.358642578125,2912.434064877153,2829.0021781757464,2829.0021781757464,3692578,TCS.NS
2022-06-24,2890.577880859375,2936.1339542506385,2876.884614366657,2930.8673462609518,2132118,TCS.NS
2022-06-27,2909.536865234375,2951.845230064648,2902.33921218006,2940.5221112364125,2037686,TCS.NS
2022-06-28,2912.565673828125,2922.967309884629,2872.5835146469863,2902.7786467833243,1400046,TCS.NS
2022-06-29,2888.294921875,2925.600053064694,2871.178449917376,2871.178449917376,2133994,TCS.NS
2022-06-30,2867.755859375,2906.2019255430264,2857.1347810745174,2872.056836766765,2719603,TCS.NS
2022-07-01,2909.888427734375,2925.600387299179,2854.5451192222854,2861.523331111709,1502879,TCS.NS
2022-07-04,2839.622802734375,2912.3896686210524,2830.8451246154136,2907.166993000027,2622535,TCS.NS
2022-07-05,2823.16455078125,2872.0561732174024,2814.957336327149,2857.134120972691,2170627,TCS.NS
2022-07-06,2862.18212890625,2868.984831198368,2810.832698701231,2825.0964293137363,2182144,TCS.NS
2022-07-07,2885.969482421875,2913.6628902111784,2865.9563300088125,2871.1790065280893,1989921,TCS.NS
2022-07-08,2866.306640625,2901.0223978064614,2852.745171821785,2896.6335590805816,2136916,TCS.NS
2022-07-11,2733.193603515625,2830.801346623151,2726.346971352405,2814.255336753604,6974600,TCS.NS
2022-07-12,2707.650390625,2752.8554340083,2703.7443666293075,2734.158936312343,3734815,TCS.NS
2022-07-13,2667.3173828125,2729.8583498303165,2664.025752969457,2724.591742081448,3863530,TCS.NS
2022-07-14,2639.154541015625,2690.419485413844,2611.211846000286,2689.539400531471,4764908,TCS.NS
2022-07-15,2635.502197265625,2665.688935952516,2598.8905812888142,2656.580186606266,4574806,TCS.NS
2022-07-18,2696.139892578125,2707.976990638422,2652.839761660094,2660.49645675328,3202795,TCS.NS
2022-07-19,2705.6005859375,2709.736941355733,2666.7008823385627,2666.7008823385627,1865074,TCS.NS
2022-07-20,2785.29296875,2791.5854903684417,2726.5472967341943,2735.1281252308854,3402251,TCS.NS
2022-07-21,2796.293212890625,2802.1897375186727,2767.030396065092,2787.228297337197,2420640,TCS.NS
2022-07-22,2790.7490234375,2813.6312292430425,2766.5466903739457,2803.070211178946,2075886,TCS.NS
2022-07-25,2787.008544921875,2804.3461725371144,2771.4751341224537,2785.4683965193763,1797504,TCS.NS
2022-07-26,2742.25634765625,2788.9008455480016,2725.1827872039253,2785.2045320841903,2639367,TCS.NS
2022-07-27,2806.45849609375,2811.078941286618,2737.063723775086,2741.464147768293,1389808,TCS.NS
2022-07-28,2869.5166015625,2872.596898481828,2817.7235231303016,2830.3528264453307,2106333,TCS.NS
2022-07-29,2905.9521484375,2919.5055843641176,2882.277951362933,2895.4792244226105,2430257,TCS.NS
2022-08-01,2903.22412109375,2928.042472386347,2878.757717816574,2928.042472386347,1306913,TCS.NS
2022-08-02,2897.063720703125,2915.6333844814667,2879.32987980124,2895.4795247987254,1269114,TCS.NS
2022-08-03,2939.04296875,2947.40377372174,2884.081720092872,2886.677927084893,2895824,TCS.NS
2022-08-04,2952.640869140625,2981.63962437758,2910.748955728847,2948.284491745122,2150567,TCS.NS
2022-08-05,2961.52978515625,2972.04675691392,2952.684888790702,2958.141372288894,1106933,TCS.NS
2022-08-08,2969.8017578125,2973.7180917346627,2935.962544242779,2961.485000412756,1068836,TCS.NS
2022-08-10,2952.025146484375,2979.087760557385,2935.083510032165,2979.087760557385,1878359,TCS.NS
2022-08-11,3012.090576171875,3017.547059589707,2970.330590557669,2992.2886658829434,1449248,TCS.NS
2022-08-12,2993.65234375,3009.0097797642084,2975.786580236248,3009.0097797642084,1472354,TCS.NS
2022-08-16,2985.86376953125,3005.357777498168,2981.2873713731783,3001.969364945804,839942,TCS.NS
2022-08-17,2993.256591796875,3008.0858922168222,2966.854046980335,2979.1752345613872,1622326,TCS.NS
2022-08-18,2975.786865234375,2985.247777264325,2958.845232064464,2983.4876075843345,1430659,TCS.NS
2022-08-19,2979.747314453125,3011.2103481950435,2966.986083984375,2980.847420528017,1398410,TCS.NS
2022-08-22,2952.288818359375,2978.295369899044,2945.996082460912,2961.4856625107705,1536532,TCS.NS
2022-08-23,2890.726318359375,2941.1550002452464,2877.876995674506,2921.8371838740786,1849256,TCS.NS
2022-08-24,2864.983642578125,2911.32001331342,2860.45107772581,2897.2386589564026,1691923,TCS.NS
2022-08-25,2832.28857421875,2885.0496096749976,2829.2523249384167,2883.157513491952,1946930,TCS.NS
2022-08-26,2835.809326171875,2866.4363215518924,2831.05695398552,2846.4584386730107,1457962,TCS.NS
2022-08-29,2756.90966796875,2765.842442693576,2711.5412538067208,2750.264984792601,2539173,TCS.NS
2022-08-30,2826.08447265625,2839.5938614918264,2765.314783665754,2776.6677926566595,3431525,TCS.NS
2022-09-01,2756.16162109375,2807.4706096920486,2746.7447563789606,2807.4706096920486,3546935,TCS.NS
2022-09-02,2755.017578125,2783.708430697643,2746.1288498985514,2783.708430697643,2052900,TCS.NS
2022-09-05,2757.65771484375,2770.462992067452,2739.044006672377,2749.076887768465,2147912,TCS.NS
2022-09-06,2752.0693359375,2764.214549676102,2733.8516227618284,2759.506009846509,1936453,TCS.NS
2022-09-07,2771.91552734375,2782.7403998797736,2730.023399548026,2730.023399548026,1291534,TCS.NS
2022-09-08,2789.560791015625,2801.7500518374727,2781.156152794095,2789.868906651418,1346113,TCS.NS
2022-09-09,2831.80517578125,2845.75460780209,2788.5490876205117,2811.871338156078,1561185,TCS.NS
2022-09-12,2854.07080078125,2877.7011622955056,2838.273322470928,2851.386499317343,1785928,TCS.NS
2022-09-13,2842.102294921875,2872.1130614855856,2838.2738396110262,2872.1130614855856,1972678,TCS.NS
2022-09-14,2746.216796875,2764.698579511597,2740.4083655364684,2759.066122177662,5090269,TCS.NS
2022-09-15,2732.09130859375,2761.4860546857367,2728.2628538047275,2754.6653975512245,2138023,TCS.NS
2022-09-16,2647.911376953125,2723.290777024356,2640.254681350105,2707.141133277641,5322221,TCS.NS
2022-09-19,2665.6015625,2677.218641838825,2629.518076531758,2671.938131697131,2072220,TCS.NS
2022-09-20,2675.7216796875,2710.6169537047986,2666.656763886878,2684.2584586980124,1544295,TCS.NS
2022-09-21,2641.310546875,2676.6899140420137,2638.626245172588,2664.896863274496,2253818,TCS.NS
2022-09-22,2646.767578125,2666.6135381108675,2622.0373182160147,2631.4541848678914,2017983,TCS.NS
2022-09-23,2624.45703125,2660.056419935131,2621.772729524154,2643.7748504500028,2652374,TCS.NS
2022-09-26,2635.325927734375,2663.0047675160854,2575.216305765953,2604.9191687641182,2925489,TCS.NS
2022-09-27,2655.611572265625,2662.256254816649,2619.132103912181,2648.5268473584333,2227447,TCS.NS
2022-09-28,2671.629638671875,2684.214895705032,2622.6529999705645,2622.6529999705645,2739767,TCS.NS
2022-09-29,2637.877685546875,2689.406683236571,2631.4530248210854,2687.778440736988,2493902,TCS.NS
2022-09-30,2644.258544921875,2657.5917422646244,2596.33797567958,2632.2014274292333,2817353,TCS.NS
2022-10-03,2627.009033203125,2658.472064233224,2617.372147790572,2635.8539282558045,1763331,TCS.NS
2022-10-04,2720.47412109375,2726.502788091317,2660.496426210475,2666.612972771875,2145875,TCS.NS
2022-10-06,2729.9794921875,2749.385408482111,2721.6186850874424,2737.9443040294004,1790816,TCS.NS
2022-10-07,2697.371826171875,2732.663312710145,2691.387421404363,2725.9745822630443,1939879,TCS.NS
2022-10-10,2744.588623046875,2752.0252969781927,2644.6549464085288,2649.055370612203,3064063,TCS.NS
2022-10-11,2701.4638671875,2767.8662107328337,2687.2065389000104,2728.262401676244,4730645,TCS.NS
2022-10-12,2728.92333984375,2736.9760309872318,2694.864096111188,2714.97390779249,1665247,TCS.NS
2022-10-13,2731.16796875,2737.064495590749,2686.3276785877424,2728.9237089077224,2054781,TCS.NS
2022-10-14,2727.514404296875,2772.266797110284,2702.740106008153,2767.866373622807,2245977,TCS.NS
2022-10-17,2745.69140625,2760.3826551550005,2710.132155751458,2711.190947627584,1517005,TCS.NS
2022-10-18,2774.765380859375,2784.1626709744187,2760.515312292103,2779.4419453117853,1793722,TCS.NS
2022-10-19,2754.603515625,2787.383197031884,2745.9121586461606,2787.383197031884,1194289,TCS.NS
2022-10-20,2785.8837890625,2788.266125262627,2739.7361768798914,2739.7361768798914,1587601,TCS.NS
2022-10-21,2768.32421875,2788.6185576972557,2759.147734263808,2786.324544285981,1021913,TCS.NS
2022-10-24,2789.765625,2804.1481776168825,2783.853839012355,2797.177599655719,260949,TCS.NS
2022-10-25,2790.118896484375,2809.663142136303,2780.45685356415,2806.3542823473385,2069643,TCS.NS
2022-10-27,2785.9716796875,2800.618985502652,2765.6333934178274,2788.883519448412,2438421,TCS.NS
2022-10-28,2791.133544921875,2804.5895748151997,2775.0304271806835,2779.442240260462,1355739,TCS.NS
2022-10-31,2817.515380859375,2822.6772870116406,2803.971247418453,2822.6772870116406,1919414,TCS.NS
2022-11-01,2876.236572265625,2878.795552389022,2826.6036889900406,2836.3538362553886,2991060,TCS.NS
2022-11-02,2860.3544921875,2885.325394187665,2843.0161551154115,2885.325394187665,1405955,TCS.NS
2022-11-03,2829.51611328125,2848.310478720669,2819.148353296513,2848.310478720669,1422652,TCS.NS
2022-11-04,2838.912841796875,2841.251231526313,2793.6917665316887,2838.559982987403,1464013,TCS.NS
2022-11-07,2853.296142578125,2861.3257290987463,2819.2370725335154,2849.149081084632,1474498,TCS.NS
2022-11-09,2837.721923828125,2867.50165781084,2825.015774743182,2867.50165781084,1162267,TCS.NS
2022-11-10,2828.54541015625,2845.619211594032,2797.0892715513423,2797.0892715513423,1573092,TCS.NS
2022-11-11,2925.869873046875,2948.502600302408,2872.1340832542387,2884.972500644262,3265394,TCS.NS
2022-11-14,2943.12060546875,2955.0325011886807,2919.7379953518493,2932.973435040661,1342074,TCS.NS
2022-11-15,2940.5615234375,2947.0467589345967,2904.737517701037,2930.326031678355,1400708,TCS.NS
2022-11-16,2960.63525390625,2971.7087315184385,2930.723034354456,2946.120217692935,1748235,TCS.NS
2022-11-17,2955.03173828125,2964.737724880561,2927.4579127150246,2947.090476518177,1417986,TCS.NS
2022-11-18,2950.134765625,2967.164404428522,2930.325771201285,2955.914282904037,1164540,TCS.NS
2022-11-21,2897.237060546875,2941.531611779645,2887.972254962669,2931.649195573928,1304194,TCS.NS
2022-11-22,2924.987548828125,2928.51699885532,2872.3105502563512,2894.1490222996185,1149739,TCS.NS
2022-11-23,2919.1201171875,2938.2673417659494,2903.855201727249,2938.2673417659494,1150011,TCS.NS
2022-11-24,2982.517578125,2993.8118614360064,2919.1199604786734,2926.1346994104915,1296591,TCS.NS
2022-11-25,2990.900146484375,3002.988685816619,2954.149832260228,2985.032521665577,1588981,TCS.NS
2022-11-28,2995.841796875,3015.0331845731166,2969.6356691713404,2970.032689280981,2195437,TCS.NS
2022-11-29,2997.694091796875,3025.620776576068,2985.032104740985,2985.032104740985,1576028,TCS.NS
2022-11-30,2991.914794921875,3013.179601826006,2977.9734243991,2985.0323243680464,3410702,TCS.NS
2022-12-01,3066.783447265625,3070.6218106972183,3017.6800553403696,3022.0918682867737,2180856,TCS.NS
2022-12-02,3034.5771484375,3060.827434912216,3011.503453385087,3051.298091486406,2411749,TCS.NS
2022-12-05,3022.885986328125,3034.5772909373013,3006.2094191292977,3029.1508470416434,1475065,TCS.NS
2022-12-06,2987.1064453125,3007.047711696257,2971.797367361695,3000.0771330182374,1166999,TCS.NS
2022-12-07,2982.9150390625,2994.473859666086,2959.4441081486752,2972.061936190009,1167505,TCS.NS
2022-12-08,2956.399658203125,2982.914693880783,2946.6053484812223,2964.737940576892,1285619,TCS.NS
2022-12-09,2905.3994140625,2977.1796968244453,2890.928753775441,2977.1796968244453,1797896,TCS.NS
2022-12-12,2899.840576171875,2908.2671822385046,2855.413747710101,2872.5314962917028,1527610,TCS.NS
2022-12-13,2940.120361328125,2943.958509197416,2883.3844058485947,2891.6785277132994,1378016,TCS.NS
2022-12-14,2969.459228515625,2979.738667213562,2947.885289399966,2954.8560835830112,1213311,TCS.NS
2022-12-15,2916.296630859375,2968.9294722548675,2910.869971774407,2963.6794580212227,1415694,TCS.NS
2022-12-16,2859.0751953125,2904.737456359463,2845.7955961171497,2889.7372933102192,2703680,TCS.NS
2022-12-19,2825.369384765625,2863.70799907164,2818.7075036309825,2847.384289941205,2120965,TCS.NS
2022-12-20,2862.339599609375,2866.7955730239714,2791.485852458228,2822.589128527509,1529971,TCS.NS
2022-12-21,2884.046142578125,2896.840399494086,2858.8546488077627,2866.7959117211176,1432566,TCS.NS
2022-12-22,2876.236572265625,2906.5016446182144,2863.354210925507,2906.5016446182144,1384101,TCS.NS
2022-12-23,2848.5751953125,2882.54615313989,2838.56029430426,2838.56029430426,1360281,TCS.NS
2022-12-26,2870.23681640625,2887.090025891861,2845.6631506643457,2848.574989923709,870157,TCS.NS
2022-12-27,2876.06103515625,2888.67886403657,2851.354881149692,2884.6199097101226,835883,TCS.NS
2022-12-28,2873.94287109375,2881.884133279231,2846.501312262378,2867.501582014755,910795,TCS.NS
2022-12-29,2884.222900390625,2886.6493976682004,2848.266622550191,2851.0020329222307,1037927,TCS.NS
2022-12-30,2873.590087890625,2910.9140670266365,2864.32528106923,2899.487515031026,1163131,TCS.NS
2023-01-02,2877.78173828125,2882.546626036524,2854.619717780908,2877.384718156788,709547,TCS.NS
2023-01-03,2921.811279296875,2929.443629089992,2863.531190519576,2869.4429764459805,1245178,TCS.NS
2023-01-04,2924.72265625,2935.9288318835124,2899.6194872236865,2917.707917742617,1231668,TCS.NS
2023-01-05,2921.5908203125,2944.708676788832,2895.8698218927307,2938.4438163122472,1826057,TCS.NS
2023-01-06,2833.751708984375,2913.1643446061225,2823.5603776621383,2911.7966394640803,2488376,TCS.NS
2023-01-09,2929.399169921875,2935.619868272381,2842.221716863226,2849.1483482571443,2885060,TCS.NS
2023-01-10,2899.7958984375,2910.031389127808,2850.1190643433856,2898.5606771633866,3864655,TCS.NS
2023-01-11,2937.120361328125,2955.473546603415,2886.340350306403,2903.061294014139,2720512,TCS.NS
2023-01-12,2942.105712890625,2955.914600902742,2925.5172535387624,2937.384986986636,2250391,TCS.NS
2023-01-13,2977.575927734375,2981.502397129478,2916.2075828685784,2949.649029950219,1742837,TCS.NS
2023-01-16,3008.7099609375,3025.8107560710764,2976.222878557972,2993.323673691548,1843607,TCS.NS
2023-01-17,3048.732177734375,3051.8005344403805,2996.933416683974,3005.0551874608955,1688475,TCS.NS
2023-01-18,3059.2001953125,3076.3009900989787,3043.182259186601,3050.1760059457965,2421189,TCS.NS
2023-01-19,3043.949462890625,3056.4929982286035,3033.030105416692,3050.1760655484736,1585044,TCS.NS
2023-01-20,3034.925048828125,3063.3961884764685,3028.1569071715403,3036.639556587615,1529349,TCS.NS
2023-01-23,3081.670654296875,3085.3706604429835,3028.157382125828,3057.395670541336,1067916,TCS.NS
2023-01-24,3100.982421875,3115.105190952916,3083.8364610513177,3090.7850432164355,1387863,TCS.NS
2023-01-25,3095.071533203125,3099.80923290407,3072.736663184384,3091.055812758132,874110,TCS.NS
2023-01-27,3078.1962890625,3109.7357881786565,3052.251743528508,3091.6874086767493,1785879,TCS.NS
2023-01-30,3098.591064453125,3120.971100823279,3055.1848405969054,3086.27313262084,1953798,TCS.NS
2023-01-31,3030.95458984375,3112.4430679566062,3024.0060077479234,3112.4430679566062,2820375,TCS.NS
2023-02-01,3075.759521484375,3085.370194566108,3027.615385425356,3034.83473656795,2205161,TCS.NS
2023-02-02,3122.730712890625,3130.49160464965,3086.3634023563964,3092.590005515812,1813847,TCS.NS
2023-02-03,3142.49365234375,3162.0761001103447,3115.9624021902155,3162.0761001103447,1804469,TCS.NS
2023-02-06,3122.32470703125,3134.236594271582,3101.4789594399563,3134.236594271582,1138714,TCS.NS
2023-02-07,3133.695068359375,3152.149492409252,3123.632964557196,3130.4011068970385,1455647,TCS.NS
2023-02-08,3176.605224609375,3194.472944637688,3138.658461421749,3138.658461421749,1986946,TCS.NS
2023-02-09,3195.329833984375,3201.4211611472138,3163.24880019667,3172.002218870959,1655427,TCS.NS
2023-02-10,3192.352294921875,3196.683950073236,3165.821044818,3176.5147978181903,1187821,TCS.NS
2023-02-13,3142.583984375,3202.6851807113194,3134.462212995343,3202.6851807113194,1087939,TCS.NS
2023-02-14,3158.55712890625,3180.892001269694,3153.954703443889,3162.9788942978053,1579818,TCS.NS
2023-02-15,3177.101806640625,3181.9298370897927,3122.505449537978,3146.735491188913,1429449,TCS.NS
2023-02-16,3210.851806640625,3226.147763863208,3182.831654026723,3183.012093754283,1618931,TCS.NS
2023-02-17,3159.50390625,3193.570220400415,3149.4420234423537,3182.064379197295,1061369,TCS.NS
2023-02-20,3147.005615234375,3178.319508405955,3135.950983213372,3160.271129596154,1296082,TCS.NS
2023-02-21,3114.247802734375,3166.497771917962,3108.6076842854936,3153.0518176626792,1139541,TCS.NS
2023-02-22,3069.62353515625,3110.638436535389,3063.712646370074,3081.7158621873755,1218430,TCS.NS
2023-02-23,3080.677978515625,3115.5112191854573,3075.443904333321,3087.175351151494,1441570,TCS.NS
2023-02-24,3068.630615234375,3098.861651446193,3052.2517986673643,3088.5289980581183,977592,TCS.NS
2023-02-27,3006.724853515625,3059.200430591992,2992.4214241424907,3059.200430591992,1128022,TCS.NS
2023-02-28,2989.578857421875,3061.005232790108,2977.892355176233,3003.701626574845,4116217,TCS.NS
2023-03-01,3055.319580078125,3058.297606467113,2991.518608863523,2998.737959955803,1669307,TCS.NS
2023-03-02,2997.33935546875,3041.0615092127086,2994.22605417747,3033.0300687433623,1556538,TCS.NS
2023-03-03,3016.01953125,3030.3229603301693,3006.047977690829,3026.713284379806,1043190,TCS.NS
2023-03-06,3042.8212890625,3072.691222785889,3031.225117945004,3033.8420446565137,1334132,TCS.NS
2023-03-08,3059.561279296875,3064.614913806922,3005.8224042793245,3035.7375059029696,1844590,TCS.NS
2023-03-09,3011.236328125,3054.687706188105,3005.821815204135,3054.687706188105,1648500,TCS.NS
2023-03-10,3005.95751953125,3011.597637963273,2968.958342617176,2989.6236484252595,1024404,TCS.NS
2023-03-13,2961.69384765625,3040.9714410429538,2952.7148231102783,3007.7623794090946,1901233,TCS.NS
2023-03-14,2901.23193359375,2981.953269458917,2896.223464056832,2959.9343338825,2670334,TCS.NS
2023-03-15,2886.747802734375,2942.201621769472,2880.521200296672,2932.861497795797,1780522,TCS.NS
2023-03-16,2874.20458984375,2905.608815924938,2862.4731425382656,2894.960227384223,1901060,TCS.NS
2023-03-17,2869.060546875,2907.0522516200167,2837.205114597425,2843.0708376396906,6739966,TCS.NS
2023-03-20,2836.573486328125,2860.3520931076205,2793.031772654829,2860.3520931076205,2289468,TCS.NS
2023-03-21,2803.003662109375,2848.711094996725,2795.197605797223,2836.5736038648693,1815297,TCS.NS
2023-03-22,2825.29345703125,2836.754134299332,2803.003751733395,2824.616642779389,1123939,TCS.NS
2023-03-23,2819.743408203125,2839.326076534462,2798.4012872223343,2810.944823053039,1372218,TCS.NS
2023-03-24,2815.998291015625,2860.668028367099,2802.9132164379207,2841.6269006823486,1329577,TCS.NS
2023-03-27,2817.62255859375,2845.1011698701245,2802.913086548761,2829.083234491425,1524217,TCS.NS
2023-03-28,2811.846923828125,2842.213451587019,2806.6580152242736,2821.8638616076223,1303530,TCS.NS
2023-03-29,2832.602783203125,2842.619721778148,2801.1987796733742,2823.6689236329594,1740616,TCS.NS
2023-03-31,2893.06494140625,2899.472204338833,2844.424646148771,2878.671402631456,2382581,TCS.NS
2023-04-03,2887.740966796875,2910.256278083939,2864.052466678619,2910.256278083939,1521830,TCS.NS
2023-04-05,2923.6572265625,2945.8116578814243,2874.655829017467,2874.655829017467,2655065,TCS.NS
2023-04-06,2906.420654296875,2939.4944408464216,2901.276910369909,2910.301099826736,1703464,TCS.NS
2023-04-10,2944.953857421875,2952.7147483714607,2901.276869197508,2905.78896386189,2203187,TCS.NS
2023-04-11,2900.194091796875,2953.572085045166,2880.656589162442,2945.495479433064,2348779,TCS.NS
2023-04-12,2925.325927734375,2942.7426553096243,2886.8378525565763,2912.9628337609006,2417727,TCS.NS
2023-04-13,2877.678955078125,2914.813409301973,2869.6924586935834,2896.765029058617,4174070,TCS.NS
2023-04-17,2833.144287109375,2854.7120118386847,2770.651774963389,2828.2713129172603,5505048,TCS.NS
2023-04-18,2825.247802734375,2848.801022746983,2807.064151110326,2847.0862947489463,2617302,TCS.NS
2023-04-19,2788.114013671875,2833.59584613262,2771.7801405720834,2825.248469834299,3298034,TCS.NS
2023-04-20,2801.830322265625,2809.230113386837,2777.6454510133904,2788.474478112857,2419999,TCS.NS
2023-04-21,2852.410888671875,2855.659464544931,2798.2205892743714,2806.5227991505576,1929184,TCS.NS
2023-04-24,2865.0,2870.5497889454005,2821.097181701511,2843.612712906917,1640676,TCS.NS
2023-04-25,2866.08251953125,2879.799243193542,2840.363580045532,2872.399452036514,2024090,TCS.NS
2023-04-26,2886.0712890625,2895.3210839802464,2870.5948910586885,2870.5948910586885,2000029,TCS.NS
2023-04-27,2876.866943359375,2887.0191582964057,2861.255048770553,2874.2048510615423,2434446,TCS.NS
2023-04-28,2905.1123046875,2912.331656535757,2884.3566681237626,2888.101618768192,2931312,TCS.NS
2023-05-02,2905.24755859375,2919.325382723846,2896.7649083596743,2919.325382723846,2321159,TCS.NS
2023-05-03,2869.60205078125,2902.179464363176,2863.510722614443,2902.179464363176,2468285,TCS.NS
2023-05-04,2906.420654296875,2909.804725343185,2867.8874093796485,2869.827521986016,1953253,TCS.NS
2023-05-05,2915.44482421875,2927.447040179334,2896.809961242115,2905.788985628069,1710027,TCS.NS
2023-05-08,2933.403076171875,2937.238356642924,2915.9863466752167,2928.349442012585,928235,TCS.NS
2023-05-09,2962.866943359375,2976.177622538405,2929.251838314028,2935.2078913616624,1107375,TCS.NS
2023-05-10,2966.07080078125,2983.8484109430083,2947.345606610052,2968.9584975056696,1559987,TCS.NS
2023-05-11,2961.8740234375,2986.735707515424,2952.7145599800533,2986.104058366136,1719623,TCS.NS
2023-05-12,2954.790283203125,2968.958216036899,2941.885648717414,2959.166882729505,1027479,TCS.NS
2023-05-15,2937.4189453125,2970.7632825646147,2931.372782209103,2963.5439307236315,1150390,TCS.NS
2023-05-16,2940.216552734375,2964.446592461722,2933.2679700818376,2938.456879642463,986306,TCS.NS
2023-05-17,2895.591552734375,2959.9340659758723,2886.161319057114,2938.230846825033,1588815,TCS.NS
2023-05-18,2887.60498046875,2913.865236223911,2883.2281610176747,2911.1579797346926,1369364,TCS.NS
2023-05-19,2908.361083984375,2918.8741769245094,2890.4931442019483,2896.764912019686,1152449,TCS.NS
2023-05-22,2976.809326171875,2985.607910874877,2903.126907529479,2914.813188789529,1333243,TCS.NS
2023-05-23,2975.32080078125,3003.205461561012,2969.049032388337,2983.397407291097,1687418,TCS.NS
2023-05-24,2981.005615234375,2993.5039850346407,2956.324369747154,2956.324369747154,1016555,TCS.NS
2023-05-25,2972.11669921875,2983.396935666369,2948.2929279682253,2972.567908676655,1374917,TCS.NS
2023-05-26,3004.0625,3012.861085188572,2969.860908265637,2972.1169557498865,1791115,TCS.NS
2023-05-29,2996.346923828125,3042.956775636512,2988.8116372799896,3032.84972720672,1210372,TCS.NS
2023-05-30,2992.60205078125,3002.3030557024185,2979.2012598943925,2991.5191919697595,1344224,TCS.NS
2023-05-31,2968.507080078125,3002.9794392550057,2946.5330909329136,2986.1042492714746,5815424,TCS.NS
2023-06-01,2999.64013671875,3014.078837737853,2975.72603815586,2990.6159485818102,1177314,TCS.NS
2023-06-02,2983.0361328125,3010.379250409834,2975.681286269555,3001.670995775546,2030661,TCS.NS
2023-06-05,2967.96533203125,3002.3475790890493,2964.4911515736358,2991.518552654102,1861468,TCS.NS
2023-06-06,2916.888427734375,2967.920256624881,2906.330171488742,2959.9337618540158,2022849,TCS.NS
2023-06-07,2955.332275390625,2958.8970071531967,2924.740355479615,2935.5693848735536,1567196,TCS.NS
2023-06-08,2920.633544921875,2950.9097424591514,2917.52024384417,2942.7879725257776,1759366,TCS.NS
2023-06-09,2896.133056640625,2932.8614622739865,2892.568546003746,2928.349367716642,1775689,TCS.NS
2023-06-12,2930.063720703125,2936.8318621815274,2897.6669716200145,2901.2766470751626,2324605,TCS.NS
2023-06-13,2927.17626953125,2946.3978370029945,2922.9349445796934,2941.885742306206,1371928,TCS.NS
2023-06-14,2933.809326171875,2938.140981423725,2911.068411496085,2927.176458412748,1658544,TCS.NS
2023-06-15,2924.0361328125,2952.3554558246337,2918.30856693486,2950.4009142583286,2273810,TCS.NS
2023-06-16,2886.3974609375,2908.6711514374,2869.2149884769683,2906.489327680883,4156189,TCS.NS
2023-06-19,2918.671875,2922.7629614182097,2886.488750625675,2900.1257053530403,1468186,TCS.NS
2023-06-20,2934.400390625,2938.7642612974137,2910.1721522414337,2921.945347504992,1528452,TCS.NS
2023-06-21,2962.12890625,2965.0380794151984,2930.991187092349,2954.674080653028,1645987,TCS.NS
2023-06-22,2944.21875,2970.7198119240816,2936.5821435529915,2963.7650532654006,1529603,TCS.NS
2023-06-23,2924.08154296875,2954.1281240159637,2917.535626765662,2943.1277797551047,1119505,TCS.NS
2023-06-26,2899.807373046875,2921.853782825176,2884.6704423318647,2913.76261193622,1978803,TCS.NS
2023-06-27,2906.807861328125,2917.989986483776,2893.125405885089,2911.035228452272,863542,TCS.NS
2023-06-28,2923.262939453125,2937.354458913725,2903.2165722164345,2916.489963200286,1575872,TCS.NS
2023-06-30,3002.17578125,3009.2215416572035,2922.036027465169,2927.3998078961317,2672406,TCS.NS
2023-07-03,2974.947509765625,3017.2220741820643,2971.720052392161,3013.130987303054,1687264,TCS.NS
2023-07-04,3008.176513671875,3013.767577408775,2979.4934022921266,2991.0393151357075,1656681,TCS.NS
2023-07-05,3018.267333984375,3026.495008241709,3004.6758793147637,3018.312834894104,1453008,TCS.NS
2023-07-06,3020.949462890625,3025.9951812448,3001.9487253976645,3006.085313308048,1848238,TCS.NS
2023-07-07,3026.72216796875,3051.8595329506525,3001.9483663386086,3001.9483663386086,1789326,TCS.NS
2023-07-10,2974.62890625,3022.6310315390187,2968.492276589758,3022.6310315390187,1407431,TCS.NS
2023-07-11,2975.038330078125,2995.5847665765177,2964.4925502644905,2995.5847665765177,1110172,TCS.NS
2023-07-12,2963.674072265625,2990.266136197233,2954.764772000077,2982.811311383607,1515240,TCS.NS
2023-07-13,3036.995361328125,3061.4508783669453,2975.356280703942,2985.583996893055,4585146,TCS.NS
2023-07-14,3195.27490234375,3204.548209497131,3047.4049393977743,3059.223633971811,6306101,TCS.NS
2023-07-17,3174.409912109375,3227.3212459776464,3161.091243305709,3191.047039355257,2743228,TCS.NS
2023-07-18,3179.092529296875,3203.775329331685,3150.136639084645,3160.137072859517,2600090,TCS.NS
2023-07-19,3154.72802734375,3197.275374973218,3132.545112140107,3181.9564387643286,2405370,TCS.NS
2023-07-20,3156.77880859375,3170.9979886535184,3131.940584552698,3147.4816096060504,1715404,TCS.NS
2023-07-21,3070.186767578125,3130.8921637786366,3061.7554440058743,3102.772693816824,3770223,TCS.NS
2023-07-24,3094.2958984375,3111.340800775556,3073.650637395516,3081.7628492870426,1680132,TCS.NS
2023-07-25,3098.306640625,3105.2797075197404,3081.033863241791,3096.8027636160755,1272980,TCS.NS
2023-07-26,3088.416259765625,3118.0854444919646,3085.408283992545,3099.3998108666037,1066803,TCS.NS
2023-07-27,3096.255126953125,3109.699668869432,3085.454052221402,3094.477757443632,1701769,TCS.NS
2023-07-28,3058.42822265625,3093.338502704607,3036.1878482954903,3085.4085459262187,2599831,TCS.NS
2023-07-31,3118.63232421875,3123.37205037006,3063.4412963787145,3066.6315266292045,2743678,TCS.NS
2023-08-01,3146.5244140625,3153.770750326194,3112.753500683223,3112.753500683223,1956167,TCS.NS
2023-08-02,3136.133544921875,3141.374638434765,3111.477796074465,3130.9380706417523,1914899,TCS.NS
2023-08-03,3099.03564453125,3129.3884555329005,3069.913440103345,3117.3111535491207,2026351,TCS.NS
2023-08-04,3138.777099609375,3163.7975804799803,3100.2208356691253,3100.2208356691253,2248493,TCS.NS
2023-08-07,3175.692138671875,3179.2924970791487,3136.6801334786755,3148.2560679609046,1853889,TCS.NS
2023-08-08,3163.432861328125,3181.070146163837,3150.671938487,3175.692417693925,1634225,TCS.NS
2023-08-09,3156.049560546875,3160.1512856075137,3121.9141376043485,3158.237058232752,1794589,TCS.NS
2023-08-10,3137.455078125,3158.236973179639,3126.471525696296,3144.6557951355157,1096701,TCS.NS
2023-08-11,3143.562255859375,3159.8322990598804,3111.842202957112,3133.80930927876,1679974,TCS.NS
2023-08-14,3144.51904296875,3149.213150112812,3109.107396536846,3136.1787356940604,1190425,TCS.NS
2023-08-16,3152.312255859375,3159.239702558436,3131.165629535196,3144.6557916406823,1328445,TCS.NS
2023-08-17,3131.6669921875,3154.499972197025,3111.112748256115,3149.2132599891765,1843241,TCS.NS
2023-08-18,3069.0927734375,3108.1957927852245,3059.4308441300896,3108.1957927852245,2526749,TCS.NS
2023-08-21,3100.5849609375,3107.968154886351,3073.559239908139,3076.293723217665,1375579,TCS.NS
2023-08-22,3082.81103515625,3109.1077405028677,3067.2246127209246,3099.0813009996327,1222012,TCS.NS
2023-08-23,3097.486083984375,3100.904188248317,3077.2053320183186,3088.143265662933,1330046,TCS.NS
2023-08-24,3087.915283203125,3110.9761369975763,3079.1194508870794,3106.3730455778173,1152881,TCS.NS
2023-08-25,3082.03662109375,3086.1383466415105,3053.7346703076323,3076.294160820315,1158046,TCS.NS
2023-08-28,3076.795166015625,3093.6121942799687,3062.712621128665,3093.6121942799687,1037485,TCS.NS
2023-08-29,3077.341796875,3089.555955621917,3067.1787231057706,3081.8082530524075,944517,TCS.NS
2023-08-30,3090.83203125,3106.464294438142,3083.6313141767887,3097.2581115677926,1188200,TCS.NS
2023-08-31,3059.704345703125,3114.940771005091,3047.718061218018,3099.992352350308,3417652,TCS.NS
2023-09-01,3080.1220703125,3089.054760630272,3059.704683185733,3068.090387808054,1277950,TCS.NS
2023-09-04,3115.943603515625,3129.023637156642,3071.7817443830672,3079.028080349797,1828332,TCS.NS
2023-09-05,3125.833740234375,3141.921529082659,3103.775395395284,3117.311177679923,1501842,TCS.NS
2023-09-06,3126.3349609375,3139.0958842003674,3097.3496132666887,3130.07217747762,1314818,TCS.NS
2023-09-07,3149.44140625,3153.771005173287,3119.4077066466084,3127.155409983017,1885092,TCS.NS
2023-09-08,3137.2724609375,3158.3280704200915,3131.0288578677555,3149.4410000920693,1518917,TCS.NS
2023-09-11,3172.593505859375,3177.1965979731763,3140.098813249198,3155.594221035914,1783604,TCS.NS
2023-09-12,3263.879638671875,3272.174105327243,3174.7354296463814,3182.938880368982,4476016,TCS.NS
2023-09-13,3252.075927734375,3271.217313334427,3231.248188199273,3255.038285029621,1754929,TCS.NS
2023-09-14,3244.966064453125,3279.283743631725,3231.79501333232,3254.081009523971,2604721,TCS.NS
2023-09-15,3279.830810546875,3288.079880546778,3247.153642645778,3252.075846625595,2952897,TCS.NS
2023-09-18,3286.985595703125,3298.971881144957,3258.820506435336,3263.195724267092,1395753,TCS.NS
2023-09-20,3286.89404296875,3304.166815331304,3263.1495721065016,3263.1495721065016,1649396,TCS.NS
2023-09-21,3267.980712890625,3285.937106943507,3215.7520425233542,3270.9430695057613,2004073,TCS.NS
2023-09-22,3284.70703125,3312.143104423616,3249.523477440977,3266.7962535271386,1989083,TCS.NS
2023-09-25,3260.55224609375,3299.6098718496296,3243.689598958607,3283.658719154224,1238778,TCS.NS
2023-09-26,3268.345703125,3276.7770270409974,3223.0444721045315,3251.847786603666,1726062,TCS.NS
2023-09-27,3271.62646484375,3294.1403290609915,3241.000168012029,3272.2644663334145,1541134,TCS.NS
2023-09-28,3223.72802734375,3283.9322808574702,3215.160068443675,3281.38005186612,1755753,TCS.NS
2023-09-29,3216.29931640625,3252.622235715334,3195.28932540776,3224.1380349399456,2243791,TCS.NS
2023-10-03,3202.854736328125,3221.40351413728,3172.091799849083,3221.40351413728,1948148,TCS.NS
2023-10-04,3224.63916015625,3233.981977311674,3169.539370804724,3177.7428200143645,1788138,TCS.NS
2023-10-05,3271.67333984375,3303.256539766282,3236.8996861827254,3239.4519156537986,2990768,TCS.NS
2023-10-06,3300.886474609375,3313.237271017721,3258.638833173577,3273.1771276214918,2075691,TCS.NS
2023-10-09,3316.3359375,3353.388098061812,3309.636364246382,3322.4429058385053,4233074,TCS.NS
2023-10-10,3307.7216796875,3325.1313103750044,3282.610188963508,3317.884974969973,1848148,TCS.NS
2023-10-11,3290.403564453125,3326.954579116268,3285.9373308805875,3326.954579116268,2426417,TCS.NS
2023-10-12,3229.01513671875,3271.034902918443,3224.959030384727,3258.5930910385287,4241281,TCS.NS
2023-10-13,3254.810302734375,3260.4159050312583,3213.018189889624,3217.575662499397,2890357,TCS.NS
2023-10-16,3212.152099609375,3258.2735858136334,3207.6402465342494,3250.3892477395666,1671104,TCS.NS
2023-10-17,3196.65673828125,3221.3581049971613,3193.284253235353,3217.5754919446927,1672065,TCS.NS
2023-10-18,3178.60888671875,3210.9213191020517,3175.646529881174,3200.2568789933416,1408245,TCS.NS
2023-10-19,3157.955810546875,3177.3296712861907,3154.5288620352453,3170.612762959945,1514545,TCS.NS
2023-10-20,3193.5048828125,3198.0284103099434,3147.355308667436,3153.158141056141,1481211,TCS.NS
2023-10-23,3116.375244140625,3179.248365587948,3108.2877801873806,3173.810985687688,1106272,TCS.NS
2023-10-25,3098.052978515625,3129.9463572629693,3086.2641415822154,3098.418430452583,1518537,TCS.NS
2023-10-26,3049.298828125,3083.065649974906,3043.1303207181386,3077.9024700555783,1984471,TCS.NS
2023-10-27,3062.275634765625,3072.373754935252,3049.5274301662507,3061.4075190461317,1108851,TCS.NS
2023-10-30,3087.498046875,3091.4276593319496,3046.557388528169,3061.4074995333685,910972,TCS.NS
2023-10-31,3078.541748046875,3106.185796396684,3061.452744597805,3106.185796396684,999811,TCS.NS
2023-11-01,3043.72412109375,3081.14657643751,3025.767000563393,3065.9765288100825,1563475,TCS.NS
2023-11-02,3070.637451171875,3085.1218868690776,3055.193202126613,3055.193202126613,1245384,TCS.NS
2023-11-03,3062.2294921875,3096.0420483703,3056.198197111951,3090.6504056818926,1402598,TCS.NS
2023-11-06,3089.05126953125,3100.063241613325,3069.631895379179,3084.253541799562,1099852,TCS.NS
2023-11-07,3080.095703125,3110.8925036423684,3076.0291020236123,3086.99533768145,1191144,TCS.NS
2023-11-08,3090.239501953125,3108.8820129756928,3079.273266502525,3081.009497872084,992899,TCS.NS
2023-11-09,3059.076904296875,3099.3321699375438,3054.142187785448,3098.0528650963947,2112352,TCS.NS
2023-11-10,3046.283203125,3059.077144977572,3036.139568807074,3050.441278848814,1338557,TCS.NS
2023-11-13,3044.547119140625,3066.890781193562,3040.389043215429,3066.890781193562,1030990,TCS.NS
2023-11-15,3111.02978515625,3118.9802615645867,3066.936378294108,3091.6561463483945,2059802,TCS.NS
2023-11-16,3196.52099609375,3225.3073673120084,3120.077054215627,3134.561714373673,3951984,TCS.NS
2023-11-17,3200.72412109375,3220.874622639635,3191.6770664120663,3196.5205315189637,2021292,TCS.NS
2023-11-20,3216.396728515625,3229.464646386725,3190.4889097792343,3190.4889097792343,1475621,TCS.NS
2023-11-21,3207.806396484375,3234.171141823176,3199.398994448308,3216.396747586853,1807236,TCS.NS
2023-11-22,3226.038330078125,3228.3229627561427,3181.2140154223466,3198.485749224696,1798051,TCS.NS
2023-11-23,3206.02490234375,3238.695148266586,3198.485614823096,3225.901205807293,2729804,TCS.NS
2023-11-24,3159.281005859375,3202.643282111628,3155.5341196594813,3193.230552452981,1989733,TCS.NS
2023-11-28,3171.20654296875,3181.350399374295,3137.25699707058,3159.2809411434478,1689195,TCS.NS
2023-11-29,3211.05078125,3214.934656261117,3176.37010665481,3181.122097340804,1441634,TCS.NS
2023-11-30,3187.1533203125,3213.700567379736,3181.121802199618,3197.9823428265554,3266235,TCS.NS
2023-12-01,3209.131591796875,3213.9750570070746,3189.3925021316686,3198.4852942750963,1172141,TCS.NS
2023-12-04,3209.862548828125,3242.1673378334053,3196.657419148335,3239.288567355795,1625213,TCS.NS
2023-12-05,3227.36328125,3233.21185109275,3201.044270740349,3233.21185109275,1377656,TCS.NS
2023-12-06,3293.617919921875,3301.614134238469,3221.469041972652,3228.277425791993,1896572,TCS.NS
2023-12-07,3303.487060546875,3317.788993602691,3282.285715953096,3294.440005254403,1967653,TCS.NS
2023-12-08,3314.270263671875,3330.993816342727,3291.7438789584367,3320.027581556413,1641155,TCS.NS
2023-12-11,3329.07470703125,3338.304710750083,3303.5782998526,3310.797648664154,1102503,TCS.NS
2023-12-12,3355.759765625,3379.7939215758247,3318.2003172411905,3325.4654041320105,2236866,TCS.NS
2023-12-13,3283.9765625,3335.5635208236117,3256.058308135486,3329.6692134701866,3850968,TCS.NS
2023-12-14,3351.327392578125,3361.151312264597,3315.093210605896,3317.286368548256,3290396,TCS.NS
2023-12-15,3528.385986328125,3560.325100013102,3350.8243262846063,3350.8243262846063,8531230,TCS.NS
2023-12-18,3526.740966796875,3590.5279420252045,3500.193496184867,3525.73586250062,2521612,TCS.NS
2023-12-19,3487.445556640625,3522.994569990396,3463.5026541544757,3513.7645660221524,2004435,TCS.NS
2023-12-20,3454.40966796875,3562.9296988605265,3442.072653930527,3497.543479836221,2586083,TCS.NS
2023-12-21,3461.21826171875,3478.764194819794,3420.8717407298955,3432.6603552689257,1517562,TCS.NS
2023-12-22,3494.57373046875,3514.632758384625,3437.914846763452,3472.6412593570217,2413058,TCS.NS
2023-12-26,3468.57470703125,3503.712309330165,3463.639767096589,3490.7813789656334,1285231,TCS.NS
2023-12-27,3482.87646484375,3489.273435762688,3443.3980603657437,3471.7275030067567,1293976,TCS.NS
2023-12-28,3472.549560546875,3507.367445431527,3465.421686382815,3494.5735047759663,1682889,TCS.NS
2023-12-29,3466.610107421875,3493.294795252036,3441.02222175028,3465.330802381758,1574996,TCS.NS
2024-01-01,3482.78515625,3501.8845941510544,3447.967268719188,3463.5027692673525,825907,TCS.NS
2024-01-02,3457.28857421875,3482.785206409597,3442.7126637044803,3482.785206409597,1344068,TCS.NS
2024-01-03,3373.716796875,3446.9165110740164,3369.421732416939,3442.484234801416,1803075,TCS.NS
2024-01-04,3350.916259765625,3398.619342238505,3336.477337594187,3382.8553778250566,3598144,TCS.NS
2024-01-05,3415.890625,3424.892165201283,3358.2723788278463,3358.4093675177683,1963127,TCS.NS
2024-01-08,3361.425048828125,3417.581262942363,3356.033183042012,3415.8905458931986,1067805,TCS.NS
2024-01-09,3372.0263671875,3429.0966701233606,3365.4924069544254,3390.349165935751,1370944,TCS.NS
2024-01-10,3393.181640625,3407.9860133570014,3370.289580280384,3372.1172861265227,1292227,TCS.NS
2024-01-11,3413.74365234375,3447.9674029085904,3387.6531043154373,3403.188605468219,1777909,TCS.NS
2024-01-12,3548.308349609375,3568.824304124089,3492.3805925763054,3516.5062216937445,6813450,TCS.NS
2024-01-15,3567.499267578125,3623.4270246995534,3550.318787126801,3618.857759851257,2801505,TCS.NS
2024-01-16,3528.660888671875,3563.1131046413147,3523.406233541922,3563.1131046413147,1432672,TCS.NS
2024-01-17,3549.953125,3573.1191625440915,3484.109977812694,3490.004284496285,3458696,TCS.NS
2024-01-18,3566.40283203125,3572.068676049219,3529.3003107278364,3562.19901895834,2239110,TCS.NS
2024-01-19,3628.471435546875,3647.3359347309056,3602.705290319906,3630.265818585448,2941975,TCS.NS
2024-01-23,3550.436279296875,3620.050782713324,3536.172879483721,3588.8554368581126,2618854,TCS.NS
2024-01-24,3535.29931640625,3573.8103676439687,3501.9874154730123,3570.4516563376,2657709,TCS.NS
2024-01-25,3506.312255859375,3552.9673375819,3477.2332310375527,3533.550617096936,2205154,TCS.NS
2024-01-29,3497.754150390625,3515.2383200453005,3479.211818227295,3497.570151432114,1646747,TCS.NS
2024-01-30,3497.340087890625,3540.820457055553,3484.871069366822,3503.6895122527035,1411621,TCS.NS
2024-01-31,3511.51123046875,3528.1212358360917,3493.566951882729,3507.140188249078,2459358,TCS.NS
2024-02-01,3546.663818359375,3593.3649569612444,3501.481176697016,3515.2384129880293,2363107,TCS.NS
2024-02-02,3649.866455078125,3666.522292350957,3563.089715877142,3565.896430136547,2826510,TCS.NS
2024-02-05,3656.308349609375,3701.12299635316,3646.001935675944,3665.234434230392,1691523,TCS.NS
2024-02-06,3806.028076171875,3818.8190381100662,3671.6760212586514,3678.1175581380526,4474396,TCS.NS
2024-02-07,3757.623779296875,3823.511577697095,3748.927750966108,3821.6711389112,2124267,TCS.NS
2024-02-08,3804.279052734375,3826.272206190014,3760.0624663137096,3763.697287955064,2345173,TCS.NS
2024-02-09,3803.9111328125,3850.8881536905233,3772.8995591447865,3806.533398655103,2100596,TCS.NS
2024-02-12,3791.948974609375,3827.745426137828,3778.007288616118,3800.506836908833,1013716,TCS.NS
2024-02-13,3818.45068359375,3837.315182693321,3755.875759751269,3796.319585112178,1257415,TCS.NS
2024-02-14,3772.991943359375,3786.611011801424,3726.4287482560735,3779.3413678448446,1391283,TCS.NS
2024-02-15,3775.844482421875,3815.505579737829,3757.255870513131,3798.66574417786,1091582,TCS.NS
2024-02-16,3798.94189453125,3817.024566750078,3772.991974825108,3785.092771105926,1307556,TCS.NS
2024-02-19,3776.396484375,3798.941861408623,3731.489953932272,3794.110709187132,772291,TCS.NS
2024-02-20,3709.082763671875,3771.059638965151,3690.0803202172415,3756.4282382838414,1193648,TCS.NS
2024-02-21,3673.056396484375,3739.174262144983,3663.026093083457,3692.841117146886,1885939,TCS.NS
2024-02-22,3761.029296875,3768.2528853223134,3654.191720544143,3654.191720544143,2982052,TCS.NS
2024-02-23,3728.8212890625,3800.5062936958448,3723.5758585151752,3800.5062936958448,2538072,TCS.NS
2024-02-26,3681.84423828125,3726.888937419443,3665.004176668466,3714.005864549352,1379284,TCS.NS
2024-02-27,3776.94873046875,3794.985122078048,3679.957687485479,3679.957687485479,2960475,TCS.NS
2024-02-28,3790.338134765625,3823.4197548467,3762.7773821335977,3768.850920451233,1939225,TCS.NS
2024-02-29,3768.390869140625,3807.9603066412574,3740.278119193048,3771.979635234801,3772719,TCS.NS
2024-03-01,3767.70068359375,3809.708612609149,3760.752981650241,3779.525593669568,2043265,TCS.NS
2024-03-04,3755.1396484375,3789.371768720034,3750.722549928762,3777.501027099328,1749271,TCS.NS
2024-03-05,3692.012451171875,3739.771749545229,3662.473317714078,3737.9313106921063,2070859,TCS.NS
2024-03-06,3740.047607421875,3747.133251594711,3642.642297841256,3675.4021970769513,1744204,TCS.NS
2024-03-07,3780.813720703125,3794.985010362576,3715.570026925066,3740.692062833141,2688905,TCS.NS
2024-03-11,3793.46630859375,3821.670941666717,3762.776903557719,3762.776903557719,2304068,TCS.NS
2024-03-12,3857.790283203125,3892.482738841845,3792.270473640545,3793.467028612257,4039801,TCS.NS
2024-03-13,3817.990966796875,3902.651166590877,3802.2551224047543,3869.5232623236575,2837260,TCS.NS
2024-03-14,3871.915771484375,3887.9275013882175,3760.0169871413623,3822.0859739649063,2919608,TCS.NS
2024-03-15,3882.6357421875,3900.810075518828,3843.756472149597,3858.111984798,3373143,TCS.NS
2024-03-18,3821.211181640625,3915.3036183228055,3789.3256682682727,3878.9549508514497,1526904,TCS.NS
2024-03-19,3659.989013671875,3734.250681402964,3650.142710085243,3728.039199860463,8931209,TCS.NS
2024-03-20,3654.099365234375,3697.441791681991,3644.253061941232,3667.994768950826,1817913,TCS.NS
2024-03-21,3655.98583984375,3688.607574600137,3633.026409367597,3671.721682393882,3829582,TCS.NS
2024-03-22,3598.886474609375,3623.8245137694216,3547.4462926818487,3586.095512991223,5852485,TCS.NS
2024-03-26,3568.15087890625,3631.830019227125,3562.583506361182,3565.8503303060525,3440925,TCS.NS
2024-03-27,3534.470947265625,3584.254911511496,3523.888423136644,3578.2734848298974,1968575,TCS.NS
2024-03-28,3567.04638671875,3602.65883138375,3534.1024883599725,3542.9366841718333,4311783,TCS.NS
2024-04-01,3604.26953125,3619.499208082045,3577.8592779642013,3586.73930579266,1569676,TCS.NS
2024-04-02,3573.948486328125,3597.9202488822098,3564.0100709420926,3579.653802211397,2142666,TCS.NS
2024-04-03,3632.38232421875,3663.39367512938,3543.7651451703696,3543.7651451703696,3973090,TCS.NS
2024-04-04,3683.9150390625,3707.242470298033,3621.294052569057,3658.700888118243,3394637,TCS.NS
2024-04-05,3661.783203125,3682.7181953650174,3644.529088641468,3660.632928826098,1636819,TCS.NS
2024-04-08,3655.61767578125,3710.9227277310406,3644.068877210029,3665.2339237190768,2302538,TCS.NS
2024-04-09,3631.6923828125,3695.4636403269888,3611.9076631803114,3666.1545588206272,1876992,TCS.NS
2024-04-10,3666.75244140625,3671.859704425388,3605.419903259126,3640.756241235992,2101965,TCS.NS
2024-04-12,3682.166015625,3693.162817777665,3630.725838259486,3654.191434223399,4354821,TCS.NS
2024-04-15,3626.76904296875,3739.956041297144,3606.386270939839,3682.166211852168,4200329,TCS.NS
2024-04-16,3563.825927734375,3615.2661050786087,3554.669789147579,3590.6962907179723,3051420,TCS.NS
2024-04-18,3553.887451171875,3621.983689231616,3542.844817972998,3567.5067437164125,3476284,TCS.NS
2024-04-19,3520.943603515625,3545.191475811575,3497.6620065717075,3531.8022379238537,2957749,TCS.NS
2024-04-22,3556.2802734375,3568.6111245390066,3507.876639180684,3530.8821260588365,1728883,TCS.NS
2024-04-23,3565.57421875,3584.254718312047,3552.599259445536,3567.736824298885,1807586,TCS.NS
2024-04-24,3525.406982421875,3587.0156333989958,3519.3334438187635,3579.653877353025,1317312,TCS.NS
2024-04-25,3544.869384765625,3564.6080473941747,3506.9563876693583,3507.1403866301107,2856271,TCS.NS
2024-04-26,3516.48046875,3567.50658918022,3499.1802992219077,3547.5837045158246,2039178,TCS.NS
2024-04-29,3561.432861328125,3568.426618209879,3514.5016747694726,3531.8018433746597,1110693,TCS.NS
2024-04-30,3515.83642578125,3572.061925224906,3506.036178297648,3563.089785398555,2203078,TCS.NS
2024-05-02,3555.083984375,3562.261741296734,3476.635273211625,3476.635273211625,2491044,TCS.NS
2024-05-03,3536.771728515625,3582.9669296548414,3494.625852857069,3579.7919924770404,2962234,TCS.NS
2024-05-06,3608.22705078125,3625.619111082604,3545.6060630532284,3545.6060630532284,2053831,TCS.NS
2024-05-07,3661.50732421875,3669.835355602748,3601.27900304698,3617.198845284469,2062112,TCS.NS
2024-05-08,3659.6669921875,3666.43069555621,3624.3767082288086,3644.989535707688,1247685,TCS.NS
2024-05-09,3644.2529296875,3654.191344431184,3598.104015290975,3645.909369588605,1726486,TCS.NS
2024-05-10,3583.24267578125,3656.5843507790983,3575.098867879944,3646.4619361248674,1672489,TCS.NS
2024-05-13,3632.842529296875,3639.468064658985,3561.2494084020914,3574.592590940032,931326,TCS.NS
2024-05-14,3589.9599609375,3631.001836986879,3582.322094809196,3621.98364172682,1058317,TCS.NS
2024-05-15,3570.819580078125,3613.6558418017335,3566.310594491623,3592.9969594097643,1115021,TCS.NS
2024-05-16,3615.8212890625,3623.746396782986,3562.5704760290078,3606.691382121437,2599399,TCS.NS
2024-05-17,3553.857666015625,3633.478964020062,3550.057253111438,3632.552056121077,2765804,TCS.NS
2024-05-21,3540.97314453125,3563.728776359017,3531.5651208470945,3550.613121462056,1908117,TCS.NS
2024-05-22,3551.910888671875,3560.4847863024115,3538.517115470372,3554.691612227725,1311168,TCS.NS
2024-05-23,3608.868896484375,3619.574726144816,3545.885560785401,3560.2062401149506,2095742,TCS.NS
2024-05-24,3568.1318359375,3599.92482105189,3563.311960285678,3594.780437128097,1309452,TCS.NS
2024-05-27,3565.860595703125,3622.6800874842297,3560.5772666527496,3573.2294672441094,1841538,TCS.NS
2024-05-28,3559.23291015625,3587.132923412234,3550.05661412632,3576.0100306264594,1801993,TCS.NS
2024-05-29,3525.6328125,3567.57539103945,3522.2496895007944,3567.57539103945,1568095,TCS.NS
2024-05-30,3463.020263671875,3517.058806463482,3443.8794821472998,3500.930701533928,2919230,TCS.NS
2024-05-31,3402.63232421875,3475.7190986563346,3386.6895544695403,3466.635356473782,10956800,TCS.NS
2024-06-03,3432.200439453125,3477.340801445973,3425.8510308716222,3459.961281200074,2156773,TCS.NS
2024-06-04,3443.46240234375,3471.269635740873,3328.989291525593,3429.5587856451884,3395997,TCS.NS
2024-06-05,3472.61376953125,3507.2338672517226,3429.558946395804,3444.389471569407,2799670,TCS.NS
2024-06-06,3550.42724609375,3559.2328694484427,3468.02524016659,3504.63809516768,4328036,TCS.NS
2024-06-07,3609.33251953125,3628.8439736397463,3556.8232840964106,3556.8232840964106,4552445,TCS.NS
2024-06-10,3576.658935546875,3620.408936648928,3561.08683988795,3610.305732562661,1734661,TCS.NS
2024-06-11,3570.54150390625,3596.355749469534,3560.2527371623205,3563.9603682346064,1419898,TCS.NS
2024-06-12,3551.586181640625,3608.9155195936296,3547.693214139478,3591.211490093849,2177001,TCS.NS
2024-06-13,3594.6875,3605.671448272076,3570.4489508339425,3574.898153664247,1932323,TCS.NS
2024-06-14,3551.957275390625,3604.7446322415462,3548.2032533352126,3604.7446322415462,1860730,TCS.NS
2024-06-18,3536.24609375,3561.179823442644,3517.661546809407,3546.395689059985,1774045,TCS.NS
2024-06-19,3523.8251953125,3553.625415653325,3515.714752390912,3547.8784064893566,1509050,TCS.NS
2024-06-20,3510.43115234375,3531.471911667912,3503.7574622284674,3518.5415946390854,2846526,TCS.NS
2024-06-21,3532.2138671875,3594.363079879569,3520.4421834921905,3547.276118802484,4642195,TCS.NS
2024-06-24,3537.82177734375,3575.083426076877,3514.185628169532,3530.3601242080126,1702154,TCS.NS
2024-06-25,3557.889404296875,3566.416911288198,3515.668706319215,3538.0072761024458,1338808,TCS.NS
2024-06-26,3574.01708984375,3584.3056293758546,3560.2524201950137,3563.4965970944363,1639845,TCS.NS
2024-06-27,3646.59423828125,3653.870555044415,3539.0267689087714,3550.9837890347926,4526556,TCS.NS
2024-06-28,3618.787109375,3670.555002133022,3612.94777109011,3631.4395370159273,2731571,TCS.NS
2024-07-01,3687.42431640625,3709.2066482395257,3600.109652784797,3600.109652784797,2658723,TCS.NS
2024-07-02,3723.75927734375,3729.320724102144,3691.45667653292,3701.699052905465,2307449,TCS.NS
2024-07-03,3675.421142578125,3731.8235725519535,3665.9203376575206,3726.169344471108,1821198,TCS.NS
2024-07-04,3727.0498046875,3751.520305935504,3691.039573096493,3707.4921862442698,2518001,TCS.NS
2024-07-05,3718.569091796875,3732.426319394209,3696.5086389132935,3716.90061234762,1668616,TCS.NS
2024-07-08,3701.328125,3736.597011508885,3687.285562563459,3728.023114490228,1758882,TCS.NS
2024-07-09,3694.19091796875,3714.073044379492,3684.551167677433,3693.7274640836704,1305801,TCS.NS
2024-07-10,3623.42138671875,3710.68988827446,3616.794086739857,3692.522405623858,2669716,TCS.NS
2024-07-11,3636.907958984375,3689.092911509367,3610.861986517304,3643.6744309405326,4872189,TCS.NS
2024-07-12,3878.135986328125,3892.9665108049135,3681.0289111762886,3689.092963601374,13509164,TCS.NS
2024-07-15,3864.4638671875,3930.088753065226,3853.2015762580986,3926.103230885339,4848030,TCS.NS
2024-07-16,3873.0380859375,3887.960939474929,3841.940057628319,3867.059349578485,2029521,TCS.NS
2024-07-18,4000.116943359375,4008.8764034741735,3855.936610046835,3855.936610046835,5613364,TCS.NS
2024-07-19,3997.18994140625,4049.5425931033,3981.2566440139753,4011.125849383663,3903354,TCS.NS
2024-07-22,3983.20849609375,4013.4959657428576,3962.443898651249,3994.9147516811863,1896386,TCS.NS
2024-07-23,3997.143798828125,4052.283633900068,3963.6508933891937,3979.166386228548,2365208,TCS.NS
2024-07-24,4000.7666015625,4031.286328369162,3965.323035780266,3983.346717956277,1809793,TCS.NS
2024-07-25,4015.86474609375,4034.910489828839,3970.991297189703,3990.315577668631,2810342,TCS.NS
2024-07-26,4076.578369140625,4108.723954458355,4029.3818216621617,4041.413337076802,3552210,TCS.NS
2024-07-29,4070.307861328125,4116.667898821432,4060.924257672868,4101.802927848481,1746803,TCS.NS
2024-07-30,4055.6748046875,4086.008542726552,4020.323776464771,4079.598115277588,1797906,TCS.NS
2024-07-31,4074.255859375,4100.873353963842,4036.768174665359,4041.413477513075,2330091,TCS.NS
2024-08-01,4085.17236328125,4105.797235952523,4055.3956995339786,4087.309021156136,2202244,TCS.NS
2024-08-02,3979.212890625,4086.008589910765,3967.0888310411474,4055.349589577192,2811282,TCS.NS
2024-08-05,3860.29296875,3938.2877856411073,3818.9035015045465,3938.2877856411073,2787771,TCS.NS
2024-08-06,3875.298095703125,3956.172646561628,3865.63550170226,3875.065830532775,2203067,TCS.NS
2024-08-07,3902.472412109375,3943.815604925389,3883.751479863816,3928.0678477776632,1237666,TCS.NS
2024-08-08,3876.551513671875,3931.7843462117903,3864.891984934085,3884.402256973416,2441283,TCS.NS
2024-08-09,3928.76513671875,3951.898655663078,3907.210748658729,3917.848674322901,1302536,TCS.NS
2024-08-12,3898.01318359375,3938.288053067427,3889.373101098671,3929.926507307199,936912,TCS.NS
2024-08-13,3899.220947265625,3933.642459984778,3886.260370835221,3914.132187982019,1495593,TCS.NS
2024-08-14,3990.54736328125,4000.7207578523953,3891.044886752686,3910.415890122992,3226545,TCS.NS
2024-08-16,4102.77734375,4112.950737444536,4018.279565434088,4041.4130806152543,3457058,TCS.NS
2024-08-19,4171.4814453125,4175.429952248486,4078.900661647877,4107.376273881194,2055210,TCS.NS
2024-08-20,4202.41943359375,4241.161440255413,4180.772504085293,4185.417806867609,2212298,TCS.NS
2024-08-21,4228.6201171875,4236.51713377458,4173.851803046981,4197.496581226656,1896990,TCS.NS
2024-08-22,4182.630859375,4237.39916370202,4178.171549911448,4236.516374666815,1829872,TCS.NS
2024-08-23,4147.2333984375,4186.346939264392,4138.964850071652,4180.772575829952,1809253,TCS.NS
2024-08-26,4183.04931640625,4229.223358650871,4166.837026562577,4170.553269172667,1844164,TCS.NS
2024-08-27,4178.125,4190.06352004845,4168.509131570201,4185.4182168111465,930697,TCS.NS
2024-08-28,4186.3935546875,4238.83920976465,4141.101848062617,4179.611593409034,1848058,TCS.NS
2024-08-29,4191.7353515625,4232.8000107357375,4143.61019488178,4143.61019488178,2133641,TCS.NS
2024-08-30,4230.708984375,4266.477811363402,4169.43726681697,4180.771985657425,3637222,TCS.NS
2024-09-02,4200.32958984375,4262.530383589784,4191.921772178967,4251.381655472286,1216500,TCS.NS
2024-09-03,4192.24658203125,4232.706988670382,4176.963354094572,4200.329136859027,1717263,TCS.NS
2024-09-04,4161.4951171875,4168.695337572208,4121.963766080883,4159.358459046624,1265505,TCS.NS
2024-09-05,4158.42822265625,4179.842884159766,4138.174433050109,4163.119796381398,1688793,TCS.NS
2024-09-06,4140.59130859375,4198.379066063604,4125.02954174146,4156.5713342216295,1649179,TCS.NS
2024-09-09,4133.90185546875,4171.714807408975,4116.203430594168,4138.965417739988,1184938,TCS.NS
2024-09-10,4188.06591796875,4217.88885396822,4125.447324234446,4127.305445435125,1385591,TCS.NS
2024-09-11,4161.587890625,4226.622135770557,4154.062408672436,4200.701434505407,1325919,TCS.NS
2024-09-12,4197.216796875,4211.05970757852,4116.945606864631,4190.295114701829,2742216,TCS.NS
2024-09-13,4201.77001953125,4224.439009920338,4185.418460455492,4208.644977994091,1458786,TCS.NS
2024-09-16,4193.08251953125,4223.555524057743,4175.6163626806965,4205.857102070119,1155120,TCS.NS
2024-09-17,4186.02197265625,4214.033060161901,4149.184809090063,4193.0829242332575,1699364,TCS.NS
2024-09-18,4037.8369140625,4178.032077529696,4014.471129091784,4178.032077529696,2961779,TCS.NS
2024-09-19,3991.3837890625,4108.492155250461,3978.051678112328,4078.6224926759214,2927551,TCS.NS
2024-09-20,3980.93115234375,4023.482394431351,3927.603171623188,4010.661087646397,5447908,TCS.NS
2024-09-23,3965.694580078125,4003.693062226499,3951.294142924274,3994.959984616595,1702319,TCS.NS
2024-09-24,3968.296142578125,3986.598816855598,3939.216728843565,3950.0401935138234,3012026,TCS.NS
2024-09-25,3971.501708984375,3985.29834930729,3939.2168538730334,3950.69084274909,2713073,TCS.NS
2024-09-26,3987.99267578125,4010.5686671887433,3957.798205900553,3957.798205900553,3964251,TCS.NS
2024-09-27,4003.04345703125,4067.4271730367495,3995.006720191253,4027.47756855055,3012477,TCS.NS
2024-09-30,3965.694580078125,3993.798659039672,3957.843837721002,3982.789201841877,2503416,TCS.NS
2024-10-01,3983.718994140625,3991.01221083208,3941.9579909083504,3953.663791959934,1823365,TCS.NS
2024-10-03,3932.48095703125,3975.450006529258,3911.3448299808783,3960.213504570964,3350119,TCS.NS
2024-10-04,3950.59814453125,3993.102669221074,3924.398452773479,3925.281241847147,2965463,TCS.NS
2024-10-07,3969.73583984375,3992.404822983552,3929.367983813684,3970.7111718113024,1472619,TCS.NS
2024-10-08,3951.526611328125,3975.821452918664,3905.7241096750513,3969.504022912318,1541867,TCS.NS
2024-10-09,3951.248291015625,3990.315106115447,3945.441662514293,3957.7979865079874,1082504,TCS.NS
2024-10-10,3927.510498046875,3989.246753361262,3900.7537355297673,3951.526804113441,2378875,TCS.NS
2024-10-11,3854.85791015625,3941.0282693428026,3820.714937648371,3849.097553745416,5759183,TCS.NS
2024-10-14,3843.198974609375,3869.9094705731295,3829.77431925857,3846.311418780695,2137590,TCS.NS
2024-10-15,3824.756591796875,3874.1365268299264,3804.5032516700458,3837.995705676313,2759474,TCS.NS
2024-10-16,3804.45654296875,3823.084252796845,3778.67511210238,3795.2124356440127,2359151,TCS.NS
2024-10-17,3817.510009765625,3836.974010815032,3802.5985417542856,3821.0402585925135,2522659,TCS.NS
2024-10-18,3839.908203125,3861.4219511234783,3799.814751434331,3809.128022883925,2361000,TCS.NS
2024-10-21,3799.67529296875,3855.6481475353057,3790.501629279664,3848.802801800323,1595450,TCS.NS
2024-10-22,3739.744140625,3808.941792786158,3731.222588221232,3786.776161320197,1928049,TCS.NS
2024-10-23,3787.0087890625,3831.06037862844,3720.7913418501,3724.935929310656,1966476,TCS.NS
2024-10-24,3769.9189453125,3798.8833095961822,3729.033775833075,3729.033775833075,2676744,TCS.NS
2024-10-25,3778.90673828125,3810.990914951962,3755.763166335102,3778.441074679716,1759676,TCS.NS
2024-10-28,3809.91943359375,3850.106105696772,3772.8059589205664,3789.5232343448033,1532534,TCS.NS
2024-10-29,3795.390869140625,3821.7008604425623,3781.281354135695,3814.5762988806255,1445885,TCS.NS
2024-10-30,3804.1455078125,3824.960761415852,3781.234995410785,3795.158291397516,1935002,TCS.NS
2024-10-31,3695.92529296875,3798.231674391787,3688.0556237919313,3790.501613341708,3740372,TCS.NS
2024-11-01,3710.59326171875,3724.330335982368,3703.003037058592,3715.855396081881,154895,TCS.NS
2024-11-04,3691.920654296875,3717.7649842744486,3644.5161904410857,3693.923144215517,2269192,TCS.NS
2024-11-05,3698.626220703125,3712.2700726947455,3670.453574014962,3670.453574014962,967590,TCS.NS
2024-11-06,3855.368408203125,3864.8212879793314,3702.258313204772,3728.661529286281,3792017,TCS.NS
2024-11-07,3865.845703125,3916.975471746434,3804.517947878228,3883.354926064752,3724349,TCS.NS
2024-11-08,3862.21337890625,3883.401069856363,3834.878838313008,3869.663995504092,1648039,TCS.NS
2024-11-11,3910.36376953125,3943.518654670436,3834.8794257124823,3844.7052007056577,1406487,TCS.NS
2024-11-12,3909.152099609375,3928.3375279408815,3878.3719222634713,3926.4748738261633,1587640,TCS.NS
2024-11-13,3865.333740234375,3908.5472291817673,3847.358853332509,3891.178068728994,1098813,TCS.NS
2024-11-14,3861.189208984375,3874.3210129831054,3833.761896778277,3851.0378338185446,1825432,TCS.NS
2024-11-18,3743.4697265625,3923.681541984777,3716.181793791039,3923.681541984777,3313944,TCS.NS
2024-11-19,3762.142822265625,3848.383584240519,3738.440590588596,3743.842106428696,1776233,TCS.NS
2024-11-21,3793.155517578125,3811.409391578864,3747.660099623591,3767.124744280575,2384347,TCS.NS
2024-11-22,3953.111083984375,3962.7504103811857,3775.6000484761134,3791.4326091135326,3096553,TCS.NS
2024-11-25,4018.77001953125,4030.87727291392,3960.189630652715,3986.080344448122,4052167,TCS.NS
2024-11-26,4053.787841796875,4066.733198149224,4014.0199908462,4024.3109738880953,2060669,TCS.NS
2024-11-27,4035.021240234375,4076.791353638208,4027.104959501749,4059.6086406624336,1558993,TCS.NS
2024-11-28,3953.390869140625,4041.9137952346714,3942.308166049447,4022.4023078590976,2558544,TCS.NS
2024-11-29,3977.55859375,4003.496145463694,3907.5226111522825,3930.200517886687,2017425,TCS.NS
2024-12-02,3982.9599609375,3993.71706181836,3939.5600270221935,3976.766726657372,1670944,TCS.NS
2024-12-03,4007.26806640625,4027.990096381856,3972.529744122267,4018.071552759184,2010905,TCS.NS
2024-12-04,4055.371337890625,4085.686313112437,3994.509010381187,4017.326528295617,3302642,TCS.NS
2024-12-05,4157.49072265625,4180.727516616581,4060.586315983135,4098.584281260393,3746747,TCS.NS
2024-12-06,4140.21435546875,4158.375232745017,4109.713394915021,4147.199308267314,1842087,TCS.NS
2024-12-09,4146.408203125,4162.473596939852,4112.321537472264,4126.198676219265,2066639,TCS.NS
2024-12-10,4128.154296875,4185.198089234919,4109.108928030726,4122.193893602826,2087828,TCS.NS
2024-12-11,4123.404296875,4143.148158287083,4104.358476029229,4127.502045111503,1635256,TCS.NS
2024-12-12,4149.01611328125,4177.002312539005,4122.054010099808,4125.825703197917,1914642,TCS.NS
2024-12-13,4166.6640625,4186.221930852545,4092.623560879653,4130.389146191078,1967048,TCS.NS
2024-12-16,4111.99609375,4167.689279201268,4095.04575656938,4152.788043789598,1646224,TCS.NS
2024-12-17,4031.249755859375,4128.5270630912055,4021.470820330549,4107.1529221069295,3225027,TCS.NS
2024-12-18,4049.27099609375,4062.449184824082,3995.021187516033,4015.60360927398,1575404,TCS.NS
2024-12-19,3978.53662109375,4064.31194816325,3969.3165726562265,3987.94311687329,3015763,TCS.NS
2024-12-20,3883.913818359375,4081.075977540209,3867.3363753390495,4031.7156336767607,4116989,TCS.NS
2024-12-23,3872.737548828125,3927.406635038312,3832.318041020475,3911.620457771177,2195338,TCS.NS
2024-12-24,3892.481201171875,3928.337290714911,3872.7368868483727,3872.7368868483727,1181886,TCS.NS
2024-12-26,3882.796142578125,3911.5276763317006,3858.628020945553,3892.4818540644487,1208464,TCS.NS
2024-12-27,3878.838134765625,3893.832593461187,3862.446685286308,3877.115088515739,858100,TCS.NS
2024-12-30,3873.203125,3910.921874141445,3829.617196780828,3865.938955213331,1527169,TCS.NS
2024-12-31,3813.5986328125,3855.648191973117,3755.157851490963,3851.0379404710175,1555429,TCS.NS
2025-01-01,3830.036376953125,3850.106294386639,3804.890317466962,3813.22564967337,763161,TCS.NS
2025-01-02,3888.9892578125,3895.741379495824,3815.6008619680624,3837.06777038556,1720835,TCS.NS
2025-01-03,3818.348388671875,3892.901405684608,3811.2704382055863,3892.901405684608,1791953,TCS.NS
2025-01-06,3813.784423828125,3864.68135821697,3787.148378172113,3823.563358248197,2085593,TCS.NS
2025-01-07,3751.664794921875,3856.020036180541,3736.065066859607,3832.3644200987096,2669054,TCS.NS
2025-01-08,3826.2646484375,3842.656098411184,3741.839927142883,3757.812097968954,2181277,TCS.NS
2025-01-09,3761.49072265625,3853.5988861539504,3748.871194392968,3819.3726136468736,2392472,TCS.NS
2025-01-10,3972.7158203125,4001.91301928068,3883.634463672431,3911.574279957844,7894300,TCS.NS
2025-01-13,3996.418212890625,4026.08107496772,3937.0924887364367,3953.4839382998034,4003771,TCS.NS
2025-01-14,3942.3544921875,4017.6523885968354,3929.315911155568,4006.569685669616,3441709,TCS.NS
2025-01-15,3957.768310546875,3964.147993059357,3918.5129585242826,3928.338278958004,1653474,TCS.NS
2025-01-16,3917.44140625,3999.118983314416,3903.984001105146,3967.4538586211943,2637705,TCS.NS
2025-01-17,3911.75048828125,3946.1800146177866,3888.7502327632087,3945.5159044693314,1761466,TCS.NS
2025-01-20,3867.647216796875,3932.142548432362,3858.447160711793,3932.142548432362,1287799,TCS.NS
2025-01-21,3827.85888671875,3899.135870393051,3822.3102791739225,3884.245030505511,1971591,TCS.NS
2025-01-22,3942.385986328125,3948.598240960883,3835.778482129901,3841.279620243455,2409223,TCS.NS
2025-01-23,3931.810791015625,3975.3452017162494,3926.6887142484056,3953.19847178088,1822998,TCS.NS
2025-01-24,3938.35498046875,3962.682991900412,3892.4966488174464,3892.4966488174464,1910099,TCS.NS
2025-01-27,3855.6484375,3942.1485418020825,3832.790593439213,3890.59942943467,1551782,TCS.NS
2025-01-28,3832.07958984375,3890.599779117484,3820.69802052405,3861.007745197988,2468272,TCS.NS
2025-01-29,3888.512939453125,3896.148353343233,3845.073468836012,3845.073468836012,1217089,TCS.NS
2025-01-30,3888.75048828125,3917.062237495437,3849.3419857109207,3888.608311273599,1531251,TCS.NS
2025-01-31,3900.463623046875,3915.686749530312,3874.7129156799374,3898.187401859017,1492943,TCS.NS
2025-02-01,3863.236083984375,3922.752200523697,3846.970018860413,3901.032467350315,437172,TCS.NS
2025-02-03,3858.96826171875,3866.8880293594016,3792.623246059982,3823.1637429283855,1265713,TCS.NS
2025-02-04,3895.38916015625,3906.581314014397,3856.502364977536,3873.242663132477,2547132,TCS.NS
2025-02-05,3880.261474609375,3936.1259160718655,3865.939574435885,3936.1259160718655,1693912,TCS.NS
2025-02-06,3872.341796875,3926.1671344471406,3842.749763323274,3893.8244160755,2284536,TCS.NS
2025-02-07,3821.741455078125,3879.218476720966,3801.4444143514993,3879.218476720966,1548940,TCS.NS
2025-02-10,3828.902099609375,3843.176530616503,3807.466949898956,3831.794961424154,1339511,TCS.NS
2025-02-11,3759.28466796875,3831.794697050472,3751.175254166984,3811.307781294286,1810908,TCS.NS
2025-02-12,3746.575439453125,3814.485562859376,3737.090798282343,3766.445947952812,1678002,TCS.NS
2025-02-13,3708.63671875,3779.10764599597,3701.143945163747,3763.505458238132,2277310,TCS.NS
2025-02-14,3732.064208984375,3744.536419785488,3699.010141125482,3722.721744594235,1681975,TCS.NS
2025-02-17,3703.2783203125,3731.258013089865,3657.467454978852,3657.7520405391615,1799806,TCS.NS
2025-02-18,3673.591064453125,3722.1523795147264,3665.33947318774,3697.492313192335,2149879,TCS.NS
2025-02-19,3589.08349609375,3675.251330310773,3573.95530675462,3672.6430537431497,4366672,TCS.NS
2025-02-20,3584.625,3592.781883594646,3557.973298668796,3567.647585834546,2888572,TCS.NS
2025-02-21,3590.88525390625,3620.287642408916,3580.4521483085296,3581.4955514917533,1833931,TCS.NS
2025-02-24,3486.1748046875,3569.260122487774,3480.8633130033377,3550.24337061046,2508516,TCS.NS
2025-02-25,3442.497802734375,3469.4815591448155,3434.6255046618817,3438.1822449152423,4101954,TCS.NS
2025-02-27,3426.3740234375,3450.512388419143,3415.1346312530945,3425.5677363307773,3823856,TCS.NS
2025-02-28,3303.7373046875,3414.470479257877,3278.840124109578,3400.196049414815,7085018,TCS.NS
2025-03-03,3313.03271484375,3341.6762855972443,3297.0035319217445,3305.397532195103,4990439,TCS.NS
2025-03-04,3350.022705078125,3367.996053645755,3285.7642616440216,3294.964317196664,2797737,TCS.NS
2025-03-05,3364.249755859375,3414.802940559025,3339.400041837824,3339.400041837824,2501894,TCS.NS
2025-03-06,3415.98828125,3423.433585251506,3353.863884772035,3373.6866911774378,2786513,TCS.NS
2025-03-07,3425.093505859375,3438.1823567291294,3390.189980726236,3414.4707542689284,2051315,TCS.NS
2025-03-10,3404.654052734375,3435.4318979249574,3397.96756609828,3420.635765390215,1004626,TCS.NS
2025-03-11,3391.0439453125,3403.8007419067008,3355.3341308822914,3374.6354690920352,1995450,TCS.NS
2025-03-12,3325.5048828125,3385.305592458114,3307.15224085139,3381.2746199098347,3174167,TCS.NS
2025-03-13,3330.10498046875,3342.672130004524,3304.5439188567675,3321.8059194545594,1693004,TCS.NS
2025-03-17,3317.442626953125,3348.504824268339,3298.141522671048,3309.1910361154605,2690906,TCS.NS
2025-03-18,3317.442626953125,3317.442626953125,3317.442626953125,3317.442626953125,0,TCS.NS
2025-03-19,3316.8740234375,3364.2022912119846,3284.294187734508,3364.2022912119846,3051244,TCS.NS
2025-03-20,3379.52001953125,3394.505799750347,3331.0061697900237,3331.0061697900237,2845192,TCS.NS
2025-03-21,3393.69970703125,3429.8835221492395,3286.428317800792,3295.912959410607,4161925,TCS.NS
2025-03-24,3441.9287109375,3461.6568103088644,3382.792113898217,3414.470721860925,1834751,TCS.NS
2025-03-25,3469.24462890625,3518.8018790902024,3450.5124625687754,3457.1517113972477,3135390,TCS.NS
2025-03-26,3448.426025390625,3490.822326860632,3438.988853348252,3459.7601257453803,1734499,TCS.NS
2025-03-27,3463.0322265625,3474.2241497420814,3424.429782321536,3428.5556939598323,2528474,TCS.NS
2025-03-28,3420.303955078125,3472.279837617975,3406.7883407304835,3462.8426654904715,2051919,TCS.NS
2025-04-01,3367.80615234375,3399.2951120927096,3343.335733852344,3388.577422151902,2618493,TCS.NS
2025-04-02,3361.3095703125,3380.421262394588,3348.126010889205,3361.3570398330285,1764313,TCS.NS
2025-04-03,3227.765380859375,3321.521146037298,3221.1261324235493,3311.088041352429,4537821,TCS.NS
2025-04-04,3129.36279296875,3224.446332182128,3125.6638750891457,3189.305917649939,5317367,TCS.NS
2025-04-07,3105.31884765625,3121.7745604042666,2898.5536795332505,2940.238629272013,6623955,TCS.NS
2025-04-08,3123.244873046875,3176.4063332063806,3087.535291604866,3131.875989149625,5557558,TCS.NS
2025-04-09,3079.28369140625,3101.4776590955958,3046.5142098890965,3092.5147195117684,2990265,TCS.NS
2025-04-11,3064.961669921875,3128.935525710177,3040.7758359181594,3120.020055994998,7108961,TCS.NS
2025-04-15,3080.80078125,3143.5890530173965,3071.695665599668,3143.5890530173965,3512160,TCS.NS
2025-04-16,3105.08154296875,3109.159984550683,3062.590308725503,3080.800771527295,2384391,TCS.NS
2025-04-17,3128.888427734375,3133.346394679939,3052.157767289551,3078.2405325476198,2932346,TCS.NS
2025-04-21,3150.41845703125,3181.148601343861,3114.851053170071,3120.5418377878595,2432946,TCS.NS
2025-04-22,3143.589599609375,3162.084651201983,3125.189487058646,3151.367191167024,2710498,TCS.NS
2025-04-23,3237.108154296875,3244.6009284823726,3165.3094642241085,3191.581874951358,3543923,TCS.NS
2025-04-24,3226.295654296875,3236.633820616935,3213.1118640484187,3225.8214222352462,2252175,TCS.NS
2025-04-25,3270.304443359375,3298.568721809185,3229.520484233953,3243.7474467195657,2742991,TCS.NS
2025-04-28,3266.0361328125,3279.5992157727555,3229.520264912607,3257.9741879514845,1593296,TCS.NS
2025-04-29,3293.541748046875,3314.8821913387555,3253.611314863949,3276.943625486524,1578332,TCS.NS
2025-04-30,3275.710205078125,3329.013837756505,3192.5299551721982,3293.0671433029925,2809332,TCS.NS
2025-05-02,3254.1806640625,3311.5627480542757,3243.7475578821773,3293.0676961891577,1721761,TCS.NS
2025-05-05,3276.279541015625,3323.892391856476,3268.7865357954893,3272.201099131072,1284443,TCS.NS
2025-05-06,3281.685791015625,3294.01582433447,3259.871116682284,3281.685791015625,1324763,TCS.NS
2025-05-07,3267.5537109375,3281.211501134211,3244.3163408615387,3244.3163408615387,1477128,TCS.NS
2025-05-08,3271.15771484375,3297.809648457028,3251.9987864937443,3270.304189784248,2543591,TCS.NS
2025-05-09,3263.001220703125,3268.597066494612,3222.976080385976,3223.8296054868374,2531757,TCS.NS
2025-05-12,3433.8193359375,3443.3989159735165,3321.7109255991563,3324.3666713915923,2228678,TCS.NS
2025-05-13,3333.851318359375,3436.2854413701325,3329.5832299005933,3433.819342081611,3062887,TCS.NS
2025-05-14,3365.814453125,3377.4806076856794,3327.7811822404,3339.542044274439,2119499,TCS.NS
2025-05-15,3395.40625,3414.470469410984,3332.9975027782,3380.3257647168743,3548330,TCS.NS
2025-05-16,3377.765380859375,3408.685172821976,3363.3487722739774,3408.685172821976,1666727,TCS.NS
2025-05-19,3337.45556640625,3367.0476004136544,3323.133665679634,3367.0476004136544,2537377,TCS.NS
2025-05-20,3318.01220703125,3374.6354708973117,3313.9337648440714,3349.785756293493,2038374,TCS.NS
2025-05-21,3344.09521484375,3354.717967864812,3318.0124486248405,3327.2125053066898,1440153,TCS.NS
2025-05-22,3297.81005859375,3317.538160476014,3273.434574705347,3314.882414375944,2034383,TCS.NS
2025-05-23,3333.47216796875,3352.820743852965,3286.9974249846496,3297.8098235860703,1274331,TCS.NS
2025-05-26,3355.001953125,3362.3050800477968,3329.203777101799,3339.5419426934536,967470,TCS.NS
2025-05-27,3318.391357421875,3357.5629717372003,3303.5954561426133,3349.9752588067204,2467680,TCS.NS
2025-05-28,3317.442626953125,3347.1295977218288,3312.984892276097,3338.593421360396,1222933,TCS.NS
2025-05-29,3317.822265625,3350.449337105284,3306.819989757275,3324.0819895702,3188072,TCS.NS
2025-05-30,3284.91064453125,3325.979188538535,3275.141649033021,3310.139883545045,3404365,TCS.NS
2025-06-02,3272.011474609375,3281.6857620470387,3242.41944121709,3272.201121116267,1877585,TCS.NS
2025-06-03,3229.7099609375,3294.490106360913,3225.252225904789,3268.407343175387,2848125,TCS.NS
2025-06-04,3235.1640625,3248.465034332547,3224.734007376861,3242.9150002967904,2544807,TCS.NS
2025-06-05,3225.786865234375,3262.053070221624,3218.7057063727016,3262.053070221624,3584683,TCS.NS
2025-06-06,3238.322021484375,3244.7331673196672,3213.9212139850256,3225.7868448606714,2070390,TCS.NS
2025-06-09,3274.396728515625,3285.975243758928,3244.7330032516397,3253.440835404879,1718678,TCS.NS
2025-06-10,3313.62939453125,3335.54241560308,3275.640735062478,3291.716607076208,2419874,TCS.NS
2025-06-11,3322.24169921875,3338.604687522634,3300.424692969312,3320.423693236899,2847013,TCS.NS
2025-06-12,3286.166748046875,3324.9209717927824,3275.640909498604,3322.2416207116808,4060134,TCS.NS
2025-06-13,3297.1708984375,3301.76403815699,3246.933943792306,3246.933943792306,2178493,TCS.NS
2025-06-16,3345.590087890625,3357.7426005937496,3278.511693987469,3291.716884024651,1934088,TCS.NS
2025-06-17,3363.770751953125,3368.268108670322,3337.743272382211,3358.6991651797816,2111940,TCS.NS
2025-06-18,3302.625244140625,3385.4923927635227,3294.683207501011,3367.4071820205213,2696327,TCS.NS
2025-06-19,3276.40625,3302.242397415304,3265.880412164136,3301.2855030665887,2672768,TCS.NS
2025-06-20,3287.60205078125,3297.745224890876,3263.871022884297,3277.3633274014865,2351248,TCS.NS
2025-06-23,3247.317138671875,3277.3635313225304,3224.73433592903,3267.7945867055305,3123421,TCS.NS
2025-06-24,3244.254638671875,3293.726265410323,3236.2168192617623,3286.549557502439,3403048,TCS.NS
2025-06-25,3296.31005859375,3301.285863026253,3253.441140373699,3260.426516604334,1757699,TCS.NS
2025-06-26,3293.439208984375,3302.625255099875,3268.081507258558,3296.3098921986184,2879106,TCS.NS
2025-06-27,3292.76953125,3316.978773543857,3283.1048040170426,3306.0702704397795,1778433,TCS.NS
2025-06-30,3312.7685546875,3315.543455119632,3282.147932576004,3291.621094095025,1468351,TCS.NS
2025-07-01,3281.860595703125,3334.776901436363,3266.35895353028,3306.0700701470973,2375183,TCS.NS
2025-07-02,3275.736572265625,3339.4655976963195,3272.57877409358,3336.8820295980254,3090585,TCS.NS
2025-07-03,3254.20654296875,3287.2193999790024,3251.144527592608,3282.147812903343,2531870,TCS.NS
2025-07-04,3272.3876953125,3279.27728864699,3243.967976797223,3261.096294049881,1109320,TCS.NS
2025-07-07,3264.63671875,3278.416138875185,3261.4789203702617,3270.952315509477,1639174,TCS.NS
2025-07-08,3259.37353515625,3277.363195918518,3247.125240576613,3258.225308643081,2325242,TCS.NS
2025-07-09,3237.939208984375,3266.837372173034,3221.8633368794976,3263.009794701244,2034938,TCS.NS
2025-07-10,3236.216796875,3252.484001353674,3211.33754296644,3234.303008112803,3035012,TCS.NS
2025-07-11,3125.21728515625,3191.2430024482837,3120.528595780786,3157.655913683438,7635550,TCS.NS
2025-07-14,3083.78369140625,3130.9586344245786,3062.062234156067,3125.217267735536,3924009,TCS.NS
2025-07-15,3112.10791015625,3118.901720676558,3067.8036497758007,3067.8036497758007,2590889,TCS.NS
2025-07-16,3104.234375,3115.563860083304,3092.2326031663256,3098.3774165813243,2540733,TCS.NS
2025-07-17,3081.286865234375,3112.779561598228,3076.3902829424,3095.593117992358,2947640,TCS.NS
2025-07-18,3062.75634765625,3100.1060057073505,3059.972030096825,3096.4574198500977,3432645,TCS.NS
2025-07-21,3032.319580078125,3070.149305076437,3026.3667482040605,3062.8521341278406,3844346,TCS.NS
2025-07-22,3033.6640625,3053.3469689942053,3028.8633535989743,3033.6640625,3198036,TCS.NS
2025-07-23,3052.386962890625,3055.1712804131357,3031.7439136986445,3033.6641973444102,1922875,TCS.NS
2025-07-24,3022.5263671875,3047.2019644087272,3014.8452328363246,3038.944885626984,2934778,TCS.NS
2025-07-25,3010.812744140625,3031.0715957495104,3001.019344529776,3014.845292873372,2568917,TCS.NS
2025-07-28,2956.56494140625,2993.72238532356,2947.5394670779647,2986.0412502746217,3374473,TCS.NS
2025-07-29,2934.193115234375,2951.475666305782,2919.9829708048537,2938.033682139132,4785312,TCS.NS
2025-07-30,2931.88916015625,2946.675250444812,2925.7441118523307,2938.033974050545,2880121,TCS.NS
2025-07-31,2915.758544921875,2937.841805411508,2894.827407662822,2920.4631457840837,2968371,TCS.NS
2025-08-01,2883.305908203125,2915.7587488570334,2880.4254827204045,2909.133629601001,2053847,TCS.NS
2025-08-04,2951.85986328125,2956.660572292837,2872.360309577052,2889.162791117609,2519252,TCS.NS
2025-08-05,2941.778564453125,2954.8365875722943,2920.751551387464,2951.86005402892,1927996,TCS.NS
2025-08-06,2911.43798828125,2944.562879940478,2905.389048139816,2940.914294267104,1487081,TCS.NS
2025-08-07,2925.552001953125,2929.9687479023937,2890.890789951502,2895.7876067904904,2543076,TCS.NS
2025-08-08,2915.374267578125,2937.841724801216,2904.428745573524,2926.608113394472,2762140,TCS.NS
2025-08-11,2919.599365234375,2928.336515366356,2900.876599282036,2915.3746004762743,1884215,TCS.NS
2025-08-12,2914.414306640625,2972.9829560524563,2906.253101394714,2919.791194448837,3358232,TCS.NS
2025-08-13,2915.182373046875,2923.0554886191444,2907.8854362960733,2915.0864995163706,2148166,TCS.NS
2025-08-14,2901.836669921875,2934.0972944331475,2898.764262979319,2913.070282335708,3342174,TCS.NS
2025-08-18,2891.17919921875,2927.472609378642,2883.6900456286708,2925.072254664491,2945609,TCS.NS
2025-08-19,2895.9794921875,2904.42878644818,2891.0829099205744,2891.178783449569,2650784,TCS.NS
2025-08-20,2975.095458984375,2979.7039520714934,2890.890836056874,2890.890836056874,4952358,TCS.NS
2025-08-21,2978.935791015625,3005.2435803513467,2960.213027495864,3005.2435803513467,3230726,TCS.NS
2025-08-22,2932.273193359375,2972.3110613966,2928.432625981039,2962.997732386061,1593791,TCS.NS
2025-08-25,3015.421630859375,3026.367154341553,2954.452622515248,2964.246022642929,3448370,TCS.NS
2025-08-26,3031.35986328125,3035.9685911364395,2995.6426326203955,3004.283909445262,5522097,TCS.NS
2025-08-28,2970.390625,3021.086158669707,2963.4776509563167,3019.645945976872,3116051,TCS.NS
2025-08-29,2961.74951171875,2990.8418565958136,2954.548447858567,2969.7187359392783,2271789,TCS.NS
2025-09-01,2988.53759765625,3006.3002217717835,2966.8382982161247,2966.8382982161247,1246862,TCS.NS
2025-09-02,2987.481201171875,3029.247369338668,2979.416103841445,2996.698656186325,2185229,TCS.NS
2025-09-03,2974.0390625,3016.6692623196923,2964.917715899919,3005.1475613511693,1799774,TCS.NS
2025-09-04,2972.310546875,2993.7217531847627,2967.60594641478,2991.8014698280053,1481391,TCS.NS
2025-09-05,2926.80029296875,2979.703965451406,2907.885546409113,2973.655259644998,2802055,TCS.NS
2025-09-08,2898.66796875,2942.7383816988518,2895.7875434746607,2928.4323632618416,2626187,TCS.NS
2025-09-09,2927.856201171875,2938.0337976334035,2909.997705008497,2911.2459361835317,2489301,TCS.NS
2025-09-10,2986.041015625,2998.2347696750494,2931.696895660388,2934.5773210773896,2079428,TCS.NS
2025-09-11,2999.6748046875,3013.884949451512,2986.1369466753263,3013.884949451512,2263446,TCS.NS
2025-09-12,3008.50830078125,3023.198517586115,2996.602635914744,3018.685897890405,1447167,TCS.NS
2025-09-15,2987.865234375,3009.0844623500607,2972.599073208612,3009.0844623500607,1732539,TCS.NS
2025-09-16,3020.318115234375,3024.4467719955323,2985.1770648150605,3003.3236516831826,2573429,TCS.NS
2025-09-17,3046.337890625,3055.555111079816,3017.149439827381,3026.366894691811,2418271,TCS.NS
2025-09-18,3050.082275390625,3075.334050504916,3035.392059613066,3058.0514988629902,2633138,TCS.NS
2025-09-19,3042.88134765625,3053.730996885227,3018.685821162444,3043.649507978673,4901694,TCS.NS
2025-09-22,2951.283935546875,2983.06448873766,2942.8346407567424,2971.638894989272,3634901,TCS.NS
2025-09-23,2940.338134765625,2957.9087764692863,2930.352753876681,2947.6353061603577,3177741,TCS.NS
2025-09-24,2914.414306640625,2935.153463147022,2912.1100600997443,2928.432470591566,1625714,TCS.NS
2025-09-25,2839.523193359375,2908.845617084501,2833.3783797594588,2901.548445826189,4974361,TCS.NS
2025-09-26,2783.54736328125,2837.027218062639,2776.0582098827367,2823.7772134975207,3934636,TCS.NS
2025-09-29,2780.6669921875,2812.543655718772,2778.6506004758216,2799.7737218339657,3110035,TCS.NS
2025-09-30,2773.2734375,2799.101392157332,2770.105157137798,2794.9727356006983,2253458,TCS.NS
2025-10-01,2798.044921875,2808.2225177556543,2752.3423171660024,2775.7696811050214,1952902,TCS.NS
2025-10-03,2786.2353515625,2807.454578770542,2775.866007814296,2807.454578770542,2899519,TCS.NS
2025-10-06,2869.287841796875,2874.28076699856,2780.1868646812827,2786.3316788238635,2112774,TCS.NS
2025-10-07,2855.173583984375,2884.745997894136,2837.699050349848,2875.624650921264,3062943,TCS.NS
2025-10-08,2906.541015625,2921.711301932003,2849.70067174965,2856.421663900003,4121889,TCS.NS
2025-10-09,2939.666015625,2943.794672125363,2899.628150625765,2913.070135429991,3211304,TCS.NS
2025-10-10,2907.597412109375,2947.635277630445,2887.0502372807746,2928.4324419455565,8817365,TCS.NS
2025-10-13,2887.338134765625,2914.510192335436,2878.6968592818434,2906.348987711864,2866865,TCS.NS
2025-10-14,2842.307861328125,2906.5412549765147,2837.699133735008,2900.5884226064827,3611416,TCS.NS
2025-10-15,2862.06396484375,2871.6047262713414,2843.9459294866183,2863.220385125294,4282226,TCS.NS
2025-10-16,2862.93115234375,2867.075207263124,2836.332545372744,2862.1601270799792,3251495,TCS.NS
2025-10-17,2854.73974609375,2880.374867719902,2848.1863837329997,2862.2568312933195,4374683,TCS.NS
2025-10-20,2905.81689453125,2913.333979311689,2870.4483153754104,2877.1943748710046,3133039,TCS.NS
2025-10-21,2897.625244140625,2921.814780103732,2887.313457420898,2921.140221212513,310644,TCS.NS
2025-10-23,2961.712890625,2985.613263353556,2925.958915568601,2944.1731825516827,5564758,TCS.NS
2025-10-24,2952.07568359375,2977.903502125272,2947.35353590782,2968.2662739630537,2684318,TCS.NS
2025-10-27,2972.98828125,2981.95095007438,2949.184375870237,2955.2558763824863,1946312,TCS.NS
2025-10-28,2946.968017578125,2978.096312781555,2929.9101701396817,2964.4114953280427,3470737,TCS.NS
2025-10-29,2946.678955078125,2964.4113606511696,2935.596142774,2946.96788369373,2895420,TCS.NS
2025-10-30,2925.187744140625,2952.653842834952,2922.778437237614,2938.487165302022,2241536,TCS.NS
2025-10-31,2947.064208984375,2956.1231088421955,2915.357824198127,2924.898585437403,1868085,TCS.NS
2025-11-03,2907.35888671875,2947.0642176101555,2900.805524854993,2936.3668007969727,2194877,TCS.NS
2025-11-04,2881.723876953125,2919.4055326440957,2868.039060214524,2910.0574685167057,2670720,TCS.NS
2025-11-06,2901.6728515625,2914.2977142131544,2881.531139384038,2881.627605776501,2542721,TCS.NS
2025-11-07,2883.265869140625,2895.023240036059,2853.1012989769483,2892.1320716871546,1830520,TCS.NS
2025-11-10,2915.4541015625,2937.3305615709287,2883.458552382941,2884.422275161144,1556656,TCS.NS
2025-11-11,2936.46337890625,2944.847720230334,2908.5154176367123,2934.5359333014544,2806868,TCS.NS
2025-11-12,3018.18701171875,3022.619995280987,2946.1969680097523,2948.991669923252,4460315,TCS.NS
2025-11-13,2993.03369140625,3018.2831803470704,2989.4679642954256,3018.186949242595,1740435,TCS.NS
2025-11-14,2993.322998046875,3000.1655239975616,2965.6642009169345,2977.9034333434784,2210794,TCS.NS
2025-11-17,2989.660888671875,3010.188231818854,2974.626953832486,2993.323082448971,2232853,TCS.NS
2025-11-18,2975.108642578125,2992.3591859617445,2966.338671301208,2989.468017666129,2548350,TCS.NS
2025-11-19,3033.51025390625,3040.5454775036865,2971.639296317787,2984.6495543039355,3151053,TCS.NS
2025-11-20,3030.715576171875,3049.7008686990343,3024.258680324472,3033.79944214396,2700767,TCS.NS
2025-11-21,3036.30517578125,3055.0013041600305,3021.463703354114,3030.715536432949,4177037,TCS.NS
2025-11-24,3027.245849609375,3063.578150159984,3017.415924634444,3043.4364388360186,6703764,TCS.NS
2025-11-25,3006.04443359375,3035.534448554938,3001.9968444557608,3031.197695489111,2737920,TCS.NS
2025-11-26,3048.15869140625,3062.71099952004,3003.923909850209,3005.658657913636,2508527,TCS.NS
2025-11-27,3022.81298828125,3064.6384631299097,3011.6337098367826,3064.6384631299097,2836233,TCS.NS
2025-11-28,3023.680419921875,3033.124950840084,3011.6338843843378,3026.089727029382,1616690,TCS.NS
2025-12-01,3019.72900390625,3039.581788202742,3008.935355329588,3024.0657566161144,1747647,TCS.NS
2025-12-02,3021.94580078125,3029.9447477765,3007.2007935969305,3017.416350282513,2512003,TCS.NS
2025-12-03,3064.63818359375,3095.380843586067,3025.125552924774,3026.0892756240173,3952112,TCS.NS
2025-12-04,3112.0537109375,3132.0991928283806,3071.770049646805,3078.130714428876,5025905,TCS.NS
2025-12-05,3120.72705078125,3152.915532717371,3105.5001838412545,3112.824571063191,5244013,TCS.NS
2025-12-08,3119.0888671875,3141.6398867746047,3092.2010949656524,3125.353065437683,2544725,TCS.NS
2025-12-09,3091.911865234375,3116.390329915732,3065.794883587669,3112.824602659864,2734893,TCS.NS
2025-12-10,3073.504638671875,3108.005961204973,3062.8074569989867,3108.005961204973,1386849,TCS.NS
2025-12-11,3076.10693359375,3092.0083609433445,3038.714674477584,3088.73179730002,1914362,TCS.NS
2025-12-12,3103.66943359375,3106.078740715,3070.131831409176,3081.696505591174,1146554,TCS.NS
2025-12-15,3113.017333984375,3120.727116365754,3081.31094805451,3094.610369719165,1562190,TCS.NS
2025-12-16,3088.828125,3103.187500999765,3075.336005430436,3103.187500999765,1734623,TCS.NS
2025-12-17,3101.067138671875,3119.474102184826,3084.394687896739,3084.394687896739,1376350,TCS.NS
2025-12-18,3161.78173828125,3168.5277977297296,3104.1510690788923,3110.897128527372,2307422,TCS.NS
2025-12-19,3162.938232421875,3197.5357868591877,3159.854366515901,3179.321520036492,3902511,TCS.NS
2025-12-22,3204.281982421875,3207.8479451634685,3171.6118722001,3189.9226061933546,2632816,TCS.NS
2025-12-23,3189.92236328125,3199.4631245744918,3174.0209376032617,3199.4631245744918,2365420,TCS.NS
2025-12-24,3198.59619140625,3206.4024407323423,3176.5270318942603,3184.2368148202168,1367708,TCS.NS
2025-12-26,3161.0107421875,3199.5596536775915,3153.108262388808,3192.910060559104,1176664,TCS.NS
2025-12-29,3133.544677734375,3168.7205598617948,3125.2565675579217,3161.010777477703,2079473,TCS.NS
2025-12-30,3129.01513671875,3148.96415100114,3121.9799134409154,3132.099002526,2807593,TCS.NS
