Date,Close,High,Low,Open,Volume,Company
2015-01-02,24.19260597229004,24.659508126434403,23.754469685489944,24.648443422251393,212818400,AAPL
2015-01-05,23.51106071472168,24.042134423807454,23.32518584507189,23.96247328303275,257142000,AAPL
2015-01-06,23.51327133178711,23.7721691658831,23.15258296070491,23.57522961465761,263188400,AAPL
2015-01-07,23.84297752380371,23.942553088747736,23.610632287952324,23.721272554884127,160423600,AAPL
2015-01-08,24.759084701538086,24.816618126764887,24.053199089993452,24.170479219019555,237458000,AAPL
2015-01-09,24.78563117980957,25.060018548160507,24.38732557394823,24.93167544313448,214798000,AAPL
2015-01-12,24.174903869628906,24.922831637875944,24.075328281845096,24.916193490455274,198603200,AAPL
2015-01-13,24.389545440673828,24.960449733893075,24.099668425353194,24.657294735965763,268367600,AAPL
2015-01-14,24.296611785888672,24.449294259620693,24.008946316023966,24.128438048664517,195826400,AAPL
2015-01-15,23.637191772460938,24.35414038758057,23.601787757118135,24.34086409285663,240056000,AAPL
2015-01-16,23.453523635864258,23.805360567456344,23.27871180910595,23.68365559685356,314053200,AAPL
2015-01-20,24.057619094848633,24.112939226436037,23.566376056234642,23.862891151189643,199599600,AAPL
2015-01-21,24.241287231445312,24.57541967816757,23.958046682410192,24.108517538238907,194303600,AAPL
2015-01-22,24.871938705444336,24.887428279247118,24.278906655479844,24.39839837691712,215185600,AAPL
2015-01-23,25.00027847290039,25.170663761693863,24.679420647171945,24.849807624202118,185859200,AAPL
2015-01-26,25.026838302612305,25.305652362292435,24.960455128179923,25.16845776728601,222460000,AAPL
2015-01-27,24.150556564331055,24.88963440186182,24.126215571319666,24.8763564222506,382274800,AAPL
2015-01-28,25.515865325927734,26.13766495700858,25.515865325927734,26.029236247987182,585908400,AAPL
2015-01-29,26.310260772705078,26.37443234220827,25.571182772424184,25.739356482562314,337745600,AAPL
2015-01-30,25.925228118896484,26.553664023772246,25.856630005500925,26.199615507769245,334982000,AAPL
2015-02-02,26.25051498413086,26.3700067016786,25.68625050976509,26.122173528901243,250956400,AAPL
2015-02-03,26.25494384765625,26.352306164841792,26.02481181826284,26.22175141960428,207662800,AAPL
2015-02-04,26.4563045501709,26.666522105734966,26.179703836194584,26.221747684954753,280598800,AAPL
2015-02-05,26.645137786865234,26.709562617574388,26.491851062250362,26.662908809726655,168984800,AAPL
2015-02-06,26.420766830444336,26.71400994878048,26.314132198822115,26.662913799380256,174826400,AAPL
2015-02-09,26.596263885498047,26.62292126746555,26.309685165049736,26.336344241916905,155559200,AAPL
2015-02-10,27.107208251953125,27.13608933316212,26.694003707869587,26.696224025732484,248034000,AAPL
2015-02-11,27.74257469177246,27.751461049965634,27.213849091024947,27.27382989020448,294247200,AAPL
2015-02-12,28.093576431274414,28.320174313577628,27.895859634991865,28.004714549879026,297898000,AAPL
2015-02-13,28.231313705444336,28.27574380069617,27.913633609185215,28.27574380069617,217088800,AAPL
2015-02-17,28.397920608520508,28.631182776050874,28.19575983734099,28.322387435312024,252609600,AAPL
2015-02-18,28.59564208984375,28.608970777658705,28.313505768499276,28.3534935268434,179566800,AAPL
2015-02-19,28.53566551208496,28.664515170633745,28.50900813093667,28.54232985737203,149449600,AAPL
2015-02-20,28.768932342529297,28.768932342529297,28.446809839820006,28.573435810214793,195793600,AAPL
2015-02-23,29.546457290649414,29.546457290649414,28.804464364721515,28.88443987343099,283896400,AAPL
2015-02-24,29.362079620361328,29.679761449931537,29.139925727442076,29.53313906705298,276912400,AAPL
2015-02-25,28.611194610595703,29.235449814940566,28.469016273438623,29.22656176210634,298846800,AAPL
2015-02-26,28.973308563232422,29.07327713106697,28.126902824541162,28.61119665484146,365150000,AAPL
2015-02-27,28.537891387939453,29.00663625092877,28.489017258922594,28.880006901257964,248059200,AAPL
2015-03-02,28.677841186523438,28.942204824251785,28.502341127333437,28.713386617938777,192386800,AAPL
2015-03-03,28.73782730102539,28.773372736921615,28.455690912023037,28.64896710108417,151265200,AAPL
2015-03-04,28.555660247802734,28.782258170449772,28.506789509388113,28.680069276765426,126665200,AAPL
2015-03-05,28.082468032836914,28.602307210529034,27.93806769628933,28.56454146409485,226068400,AAPL
2015-03-06,28.124675750732422,28.74004114058892,28.049144258829877,28.524551645020985,291368400,AAPL
2015-03-09,28.244638442993164,28.78447402467503,27.782558059471576,28.426804519875816,354114000,AAPL
2015-03-10,27.660377502441406,28.26241425789635,27.502648465689692,28.08247017418936,275426400,AAPL
2015-03-11,27.156084060668945,27.71813298675404,27.12720467255403,27.71369065585145,275756000,AAPL
2015-03-12,27.647050857543945,27.747021124712568,27.020576957239324,27.17164166982553,193450800,AAPL
2015-03-13,27.45600128173828,27.858101016618875,27.231627050037343,27.635947103719044,207309200,AAPL
2015-03-16,27.758121490478516,27.758121490478516,27.29604279372521,27.520416950669613,143497200,AAPL
2015-03-17,28.222431182861328,28.284634002627094,27.91363740266719,27.969175876729444,204092400,AAPL
2015-03-18,28.540111541748047,28.693398273706446,28.073588695017833,28.213545040566977,261083600,AAPL
2015-03-19,28.32461929321289,28.713388577629537,28.302404244511855,28.602311639224784,183238000,AAPL
2015-03-20,27.96917152404785,28.52455448333958,27.80477814097911,28.491232760007673,274780400,AAPL
2015-03-23,28.26019287109375,28.402371208638087,28.106906162375846,28.240199836860707,150838800,AAPL
2015-03-24,28.144672393798828,28.444578063759085,28.115791307952733,28.264635678722573,131369200,AAPL
2015-03-25,27.409343719482422,28.17355357044147,27.409343719482422,28.11135075836797,206620800,AAPL
2015-03-26,27.60039520263672,27.74257353801557,27.23606300636597,27.27160843766041,190291600,AAPL
2015-03-27,27.380462646484375,27.70258505848325,27.304931149287167,27.67370566747833,158184800,AAPL
2015-03-30,28.07358169555664,28.08024603964981,27.54707647850533,27.558184848593484,188398800,AAPL
2015-03-31,27.642614364624023,28.100250931083995,27.627063656877326,28.011389017574285,168362400,AAPL
2015-04-01,27.60261344909668,27.795887891861717,27.347136204954168,27.729241064729163,162485600,AAPL
2015-04-02,27.84033203125,27.893648502925753,27.589298686164092,27.775907184479266,128880400,AAPL
2015-04-06,28.291297912597656,28.3268433490019,27.620393902014577,27.651495311418447,148776000,AAPL
2015-04-07,27.993616104125977,28.462359318870586,27.986951757669406,28.35572638576562,140049200,AAPL
2015-04-08,27.902523040771484,28.080246797583147,27.76256672633937,27.95806150291271,149316800,AAPL
2015-04-09,28.115793228149414,28.12023725469051,27.693702231319484,27.958064183930947,129936000,AAPL
2015-04-10,28.235759735107422,28.26019679916635,27.826997381575723,27.980282416700256,160752000,AAPL
2015-04-13,28.180219650268555,28.56232629417243,28.126903193051565,28.51789280584231,145460400,AAPL
2015-04-14,28.058032989501953,28.2779648347118,27.971393120331427,28.213540012397917,102098400,AAPL
2015-04-15,28.164670944213867,28.24242446960834,27.99361318834602,28.082475086611023,115881600,AAPL
2015-04-16,28.029155731201172,28.235758915493303,28.01582704024673,28.053592794550752,113476000,AAPL
2015-04-17,27.713687896728516,28.02248155814222,27.649263088209956,27.89141162332448,207828000,AAPL
2015-04-20,28.346832275390625,28.462351537154245,27.806998326302168,27.895860209527733,188217200,AAPL
2015-04-21,28.193552017211914,28.480129054206348,28.14023386134807,28.457915698279347,129740400,AAPL
2015-04-22,28.57343101501465,28.6289694851199,28.062478106986084,28.211320800092256,150618000,AAPL
2015-04-23,28.806692123413086,28.973307527112027,28.46679697105117,28.50234240405872,183083600,AAPL
2015-04-24,28.942203521728516,29.019958725725385,28.70894129953666,28.98885732208639,178103600,AAPL
2015-04-27,29.468713760375977,29.57535007404952,29.135482907195097,29.393182247206862,387816800,AAPL
2015-04-28,29.004409790039062,29.888581275967137,28.784479620133364,29.870811948737703,475696000,AAPL
2015-04-29,28.57787322998047,29.233226457714377,28.502341728977694,28.915548055956197,253544400,AAPL
2015-04-30,27.80255126953125,28.577867636730353,27.675923658298736,28.577867636730353,332781600,AAPL
2015-05-01,28.64674186706543,28.90888520558984,27.835881568938238,28.013603654255334,234050400,AAPL
2015-05-04,28.591201782226562,29.00663181534385,28.49345353914014,28.768925552401967,203953200,AAPL
2015-05-05,27.94695281982422,28.535659120311355,27.942508794028523,28.46901229256979,197085600,AAPL
2015-05-06,27.771455764770508,28.1580030240195,27.40490154027082,28.115793246349376,288564000,AAPL
2015-05-07,27.9432315826416,28.126158622234403,27.666608877322254,27.833920256290526,175763600,AAPL
2015-05-08,28.469707489013672,28.469707489013672,28.132853405005918,28.26000999669395,222201600,AAPL
2015-05-11,28.179697036743164,28.456318032718876,28.02577002755684,28.41839452963739,168143200,AAPL
2015-05-12,28.07931137084961,28.304622800272487,27.84507476175054,28.01907832189072,192640000,AAPL
2015-05-13,28.110546112060547,28.373782779218352,28.079314787311276,28.141777436809814,138776800,AAPL
2015-05-14,28.766399383544922,28.766399383544922,28.36708443215777,28.422854885946716,180814000,AAPL
2015-05-15,28.72625160217285,28.88687081110001,28.601326307220393,28.793176839885668,152832000,AAPL
2015-05-18,29.04302215576172,29.161255245868418,28.634782024202263,28.63924461362847,203531600,AAPL
2015-05-19,29.016252517700195,29.196948238276978,28.920325569814313,29.154562149952394,178532800,AAPL
2015-05-20,29.014019012451172,29.219253864567587,28.853399840541243,29.000634648785045,145819600,AAPL
2015-05-21,29.31072235107422,29.36426321724016,28.962715230892304,29.016256097058246,158921600,AAPL
2015-05-22,29.56726837158203,29.66319534191092,29.312955186093877,29.357574281479813,182384000,AAPL
2015-05-26,28.915861129760742,29.64980214028677,28.804320232449268,29.58064732858694,282790400,AAPL
2015-05-27,29.455726623535156,29.504804903930342,29.01179591081366,29.07648815099333,183332800,AAPL
2015-05-28,29.39771842956543,29.43564192592671,29.246024444120316,29.415565381492744,122933200,AAPL
2015-05-29,29.063095092773438,29.32410037647806,28.978322923995577,29.275022110760137,203538000,AAPL
2015-06-01,29.12109375,29.310714622542058,29.011785857509594,29.063093713249128,128451200,AAPL
2015-06-02,28.99171257019043,29.147869151254092,28.848940352652487,28.969403028342118,134670400,AAPL
2015-06-03,29.02741050720215,29.210339266134035,28.97833222573062,29.147876617708278,123934000,AAPL
2015-06-04,28.85786247253418,29.13002254734294,28.75747634093119,28.906940742021543,153800400,AAPL
2015-06-05,28.6994686126709,28.931475561819386,28.63477639651774,28.889089480496622,142507200,AAPL
2015-06-08,28.509859085083008,28.824405288183716,28.293469433641413,28.75524706027214,210699200,AAPL
2015-06-09,28.42508316040039,28.57231796852488,28.02353693293006,28.26446398862062,224301600,AAPL
2015-06-10,28.75078773498535,28.853403471979494,28.521012017263367,28.53662767749891,156349200,AAPL
2015-06-11,28.686084747314453,29.040783954061457,28.661545615806045,28.817702178151478,141563600,AAPL
2015-06-12,28.369312286376953,28.62808799304955,28.355927922921154,28.59685667699997,147544800,AAPL
2015-06-15,28.31354331970215,28.384929431838998,28.04361452999784,28.130616300977774,175955600,AAPL
2015-06-16,28.46524429321289,28.52101475683673,28.1908545652921,28.33808770422971,125976400,AAPL
2015-06-17,28.398313522338867,28.52769967147499,28.273386558306026,28.492007468879212,131672400,AAPL
2015-06-18,28.52770233154297,28.62362758155856,28.380469216390665,28.38270051112941,141628800,AAPL
2015-06-19,28.242155075073242,28.514315138913368,28.197539396598714,28.489776005158664,218867600,AAPL
2015-06-22,28.467466354370117,28.56785247553917,28.349233282155343,28.440695927801535,136157200,AAPL
2015-06-23,28.338083267211914,28.467471131035477,28.304620653881102,28.438471107204354,121075600,AAPL
2015-06-24,28.579011917114258,28.956020735183053,28.358161393253585,28.378237939977645,221123600,AAPL
2015-06-25,28.44293785095215,28.82217634150635,28.44293785095215,28.746329324187336,127752400,AAPL
2015-06-26,28.275619506835938,28.552240475555756,28.222080348820942,28.480854364209378,176267200,AAPL
2015-06-29,27.78038215637207,28.21316148452477,27.76922908520098,27.987848342323893,196645600,AAPL
2015-06-30,27.98115348815918,28.13508049264948,27.85399691548697,28.012384807623985,177482800,AAPL
2015-07-01,28.242155075073242,28.318003770854787,28.106075043153183,28.309080294764073,120955200,AAPL
2015-07-02,28.206464767456055,28.26223522028511,28.05699866037003,28.20423347278873,108844000,AAPL
2015-07-06,28.108312606811523,28.159622180282202,27.851768143416965,27.871846394593984,112241600,AAPL
2015-07-07,28.03915023803711,28.141767655400127,27.61083191524409,28.08376591446313,187787200,AAPL
2015-07-08,27.3431396484375,27.804918965307255,27.336447465899855,27.769226757780043,243046400,AAPL
2015-07-09,26.785436630249023,27.675532700928322,26.595817405444773,27.628685718469345,314380000,AAPL
2015-07-10,27.501523971557617,27.628680529200455,27.039744714646353,27.202595177161108,245418000,AAPL
2015-07-13,28.032459259033203,28.054767098202955,27.733528767825597,27.89191663850359,165762000,AAPL
2015-07-14,28.02130889892578,28.19085156686366,27.8941523234672,28.11723415423519,127072400,AAPL
2015-07-15,28.291234970092773,28.36485237559187,28.014614003283636,28.045845320408258,134596800,AAPL
2015-07-16,28.668243408203125,28.681631176702723,28.40946938252491,28.496471156000958,144889600,AAPL
2015-07-17,28.915861129760742,28.915861129760742,28.62362452343796,28.795398458405888,184658800,AAPL
2015-07-20,29.462427139282227,29.66319948069564,29.156802632249523,29.21703569625736,235600800,AAPL
2015-07-21,29.167951583862305,29.652038784847903,29.072028023261137,29.63642482556907,307025600,AAPL
2015-07-22,27.93430519104004,27.9967678270227,27.213750178573314,27.213750178573314,461802400,AAPL
2015-07-23,27.920921325683594,28.351467603111896,27.898611782166114,28.152924920056645,203998000,AAPL
2015-07-24,27.773685455322266,28.050306424266896,27.639836709186422,27.95661247216972,168649200,AAPL
2015-07-27,27.387752532958984,27.575142134749033,27.242750720858233,27.4591386426935,177822000,AAPL
2015-07-28,27.523836135864258,27.642070937846118,27.338679506679952,27.523836135864258,134472400,AAPL
2015-07-29,27.436838150024414,27.550610377936973,27.276218934613638,27.47253206543995,148046800,AAPL
2015-07-30,27.298524856567383,27.343140542930758,27.151290028005434,27.28737008398687,134513200,AAPL
2015-07-31,27.059831619262695,27.358760509299714,26.972829825775527,27.34983703022672,171540000,AAPL
2015-08-03,26.421812057495117,27.343139387606957,26.216575483749125,27.10444190149192,279904000,AAPL
2015-08-04,25.57410430908203,26.256734256444705,25.264020659660453,26.194271607925184,496554400,AAPL
2015-08-05,25.743642807006836,26.198729931797953,25.007472107672537,25.197091317507358,397250400,AAPL
2015-08-06,25.799665451049805,26.10667156042228,25.57333416463095,25.98790328524178,211612000,AAPL
2015-08-07,25.88706398010254,26.05065161995523,25.658491272988158,25.67641901345925,154681600,AAPL
2015-08-10,26.8282527923584,26.888756786005377,26.11339987694189,26.11339987694189,219806400,AAPL
2015-08-11,25.432161331176758,26.483151735429242,25.396307555575877,26.400237207971514,388331200,AAPL
2015-08-12,25.824316024780273,25.864652581979026,24.567161986716236,25.217027981725828,404870000,AAPL
2015-08-13,25.80414581298828,26.084260288357925,25.667449812233247,26.00358718267682,194143200,AAPL
2015-08-14,25.985666275024414,26.064098006803345,25.54868826248213,25.618156123531538,171718000,AAPL
2015-08-17,26.254573822021484,26.364378232100474,25.882580929145096,26.00359060358621,163538800,AAPL
2015-08-18,26.106664657592773,26.31731125428901,25.996860280662577,26.09097831803132,138242800,AAPL
2015-08-19,25.772769927978516,26.11114694123252,25.69881930534041,26.017028899520128,193146000,AAPL
2015-08-20,25.24391746520996,25.62487247693871,25.01534309042622,25.56436850107426,274006400,AAPL
2015-08-21,23.699928283691406,25.07585058188817,23.67527807072019,24.746435653712144,513102000,AAPL
2015-08-24,23.10832405090332,24.38116427748664,20.616425097540755,21.25956853943907,648825200,AAPL
2015-08-25,23.24726104736328,24.898816679691027,23.19347954452205,24.898816679691027,414406400,AAPL
2015-08-26,24.580612182617188,24.625429826094532,23.540827124854484,23.99797255931064,387098400,AAPL
2015-08-27,25.304418563842773,25.376127794709205,24.65455269741909,25.149796549911265,338464400,AAPL
2015-08-28,25.387331008911133,25.39181208749257,24.995170810247867,25.13634786628084,212657600,AAPL
2015-08-31,25.2685604095459,25.66520164981461,25.098250374720585,25.104972846807453,224917200,AAPL
2015-09-01,24.13914680480957,25.07136694780219,24.058473694109427,24.68368944719395,307383600,AAPL
2015-09-02,25.17445182800293,25.17445182800293,24.455117931311904,24.70162008162507,247555200,AAPL
2015-09-03,24.73299217224121,25.273052075556876,24.659041528939685,25.208065302020685,212935600,AAPL
2015-09-04,24.486492156982422,24.750920354159977,24.31618374568287,24.419265692422123,199985200,AAPL
2015-09-08,25.167726516723633,25.223749415539015,24.721784720864484,25.0422357704758,219374400,AAPL
2015-09-09,24.683687210083008,25.55092050698643,24.59853131779331,25.492657928736982,340043200,AAPL
2015-09-10,25.225990295410156,25.38509511963697,24.627666158595982,24.710578952953487,251571200,AAPL
2015-09-11,25.593502044677734,25.593502044677734,25.04447829538313,25.05120076999505,199662000,AAPL
2015-09-14,25.839996337890625,26.19406140070157,25.73915582327062,26.124593566615918,233453600,AAPL
2015-09-15,26.0573673248291,26.113390216982477,25.640556870433343,25.978935617750974,173364800,AAPL
2015-09-16,26.086503982543945,26.11563527506457,25.8691348569455,26.050648505887892,148694000,AAPL
2015-09-17,25.528514862060547,26.10443021019383,25.483697225582045,25.91843548009313,256450400,AAPL
2015-09-18,25.423187255859375,25.6136664530352,25.069123884043652,25.14531419516762,297141200,AAPL
2015-09-21,25.81759262084961,25.853448096928165,25.470251672175387,25.472491357167897,200888000,AAPL
2015-09-22,25.4119815826416,25.5867727144517,25.21477992855201,25.40749879431258,201384800,AAPL
2015-09-23,25.618152618408203,25.70778960375562,25.38957992997141,25.463528861425985,143026800,AAPL
2015-09-24,25.770532608032227,25.88257840198019,25.18117234735185,25.378372329214343,200878000,AAPL
2015-09-25,25.705547332763672,26.149249454783625,25.550923581051936,26.09322655456149,224607600,AAPL
2015-09-28,25.19685935974121,25.67417383915858,25.19685935974121,25.51282761803632,208436000,AAPL
2015-09-29,24.439430236816406,25.436638918856183,24.17052099091989,25.28425655693261,293461600,AAPL
2015-09-30,24.717300415039062,24.995173478183187,24.36547672478694,24.688167417260352,265892000,AAPL
2015-10-01,24.555959701538086,24.564923571343716,24.04727077558962,24.441672498620512,255716400,AAPL
2015-10-02,24.735225677490234,24.876404453917548,24.101047864608606,24.204129776630648,232079200,AAPL
2015-10-05,24.82486343383789,24.95707834695101,24.44166706073994,24.623180682290823,208258800,AAPL
2015-10-06,24.943632125854492,25.0399915694046,24.59853090266767,24.791249789767882,192787200,AAPL
2015-10-07,24.82486343383789,25.04671360569818,24.5178590822946,25.03999113226044,187062400,AAPL
2015-10-08,24.538026809692383,24.69265053942736,24.248948480471036,24.69265053942736,247918400,AAPL
2015-10-09,25.125152587890625,25.161006357395998,24.53579054393031,24.650077746740173,211064400,AAPL
2015-10-12,25.00861930847168,25.266324960425933,24.972765545678314,25.2618438812079,121868800,AAPL
2015-10-13,25.05120277404785,25.19910235639154,24.802460935408405,24.833833625895956,132197200,AAPL
2015-10-14,24.6971378326416,24.990697314846262,24.55147793418035,24.939157198421825,177849600,AAPL
2015-10-15,25.066879272460938,25.120660762215397,24.75987325365055,24.858474076269335,150694000,AAPL
2015-10-16,24.883134841918945,25.09826260191621,24.768847631716707,25.048962169684522,156930400,AAPL
2015-10-19,25.03774642944336,25.04222750760942,24.67471754941777,24.829341246227624,119036800,AAPL
2015-10-20,25.494897842407227,25.584534814719742,24.83382837725812,24.95035524448626,195871200,AAPL
2015-10-21,25.492658615112305,25.900505222254605,25.479211957730133,25.546440115591764,167180800,AAPL
2015-10-22,25.882579803466797,25.882579803466797,25.568851221488128,25.62039304175565,166616400,AAPL
2015-10-23,26.684825897216797,26.718439976330387,26.068574048972295,26.151486839811653,237467600,AAPL
2015-10-26,25.83327865600586,26.47193935630753,25.752605545474786,26.46073580242905,265335200,AAPL
2015-10-27,25.66968536376953,26.115627028340736,25.54419294478424,25.860162821727467,279537600,AAPL
2015-10-28,26.72740364074707,26.73412782469506,26.00806982979809,26.203030131893545,342205600,AAPL
2015-10-29,27.009756088256836,27.04561155934761,26.503308672038912,26.599668113491663,204909200,AAPL
2015-10-30,26.778945922851562,27.164383744411797,26.76774065909424,27.112841924684606,197461200,AAPL
2015-11-02,27.15542221069336,27.195758770132144,26.80359844046524,27.07026801173741,128813200,AAPL
2015-11-03,27.466909408569336,27.67307328574472,27.047857469579135,27.068026604130726,182076000,AAPL
2015-11-04,27.339168548583984,27.747015092970628,27.25401437678732,27.592391379490792,179544400,AAPL
2015-11-05,27.213138580322266,27.611479403044942,27.04660149199245,27.422435864210172,158210800,AAPL
2015-11-06,27.244646072387695,27.413434152400676,27.145624899674193,27.255899297855684,132169200,AAPL
2015-11-09,27.134374618530273,27.41343712700554,27.017348959170107,27.222144292300733,135485600,AAPL
2015-11-10,26.27918243408203,26.57174917506117,26.119396564378523,26.3084401383808,236511600,AAPL
2015-11-11,26.130645751953125,26.425461719222053,25.92809971005032,26.189159434503082,180872000,AAPL
2015-11-12,26.042879104614258,26.290434643627425,26.02712561714073,26.1644067438392,130102400,AAPL
2015-11-13,25.282207489013672,26.009122369930957,25.266454000795722,25.925852951063824,183249600,AAPL
2015-11-16,25.696306228637695,25.709808730253343,24.980644453978773,25.066163159214113,152426800,AAPL
2015-11-17,25.586029052734375,25.892098314595156,25.502759628683492,25.86284060822513,110467600,AAPL
2015-11-18,26.396209716796875,26.441219192006294,25.993368560767326,26.051882252140704,186698800,AAPL
2015-11-19,26.731536865234375,26.94983644140062,26.276934951724414,26.474979060688888,173183200,AAPL
2015-11-20,26.84855842590332,26.988088808986056,26.747284545890412,26.826051974566337,137148400,AAPL
2015-11-23,26.499731063842773,26.94533239262618,26.407459413897218,26.841807516150237,129930000,AAPL
2015-11-24,26.754039764404297,26.859813920179256,26.35795157371696,26.405212037935286,171212800,AAPL
2015-11-25,26.562747955322266,26.83280996896848,26.537992227812992,26.828307991056892,85553200,AAPL
2015-11-27,26.51323699951172,26.64826886737804,26.465976532559118,26.62126215040447,52185600,AAPL
2015-11-30,26.623516082763672,26.873322662131574,26.49973742920238,26.553749152119256,156721200,AAPL
2015-12-01,26.407455444335938,26.738280337384804,26.299432040687964,26.72477784117907,139409600,AAPL
2015-12-02,26.168903350830078,26.580746673425974,26.123893883475812,26.4074566184097,133546400,AAPL
2015-12-03,25.925853729248047,26.283685425226995,25.7053048875768,26.22967370928731,166278000,AAPL
2015-12-04,26.787797927856445,26.837309381309492,25.90559915524301,25.946108370159006,231108000,AAPL
2015-12-07,26.619009017944336,26.97458970295678,26.513234864567096,26.77654561210243,128336800,AAPL
2015-12-08,26.607757568359375,26.691025267759507,26.29943734579293,26.447969985021057,137238000,AAPL
2015-12-09,26.02037811279297,26.486233271703043,25.89885045607709,26.474980043173172,185445600,AAPL
2015-12-10,26.14415168762207,26.31744176954201,25.99561904869208,26.114895700999856,116850800,AAPL
2015-12-11,25.47124481201172,25.96860678023174,25.39697764992883,25.923597315515394,187544800,AAPL
2015-12-14,25.31371307373047,25.358722543968117,24.708325912127094,25.24619715137277,257274800,AAPL
2015-12-15,24.865863800048828,25.385732344645458,24.834356823649205,25.192188508475535,213292400,AAPL
2015-12-16,25.057153701782227,25.20343705615663,24.485526216013525,24.996390745011965,224954000,AAPL
2015-12-17,24.526039123535156,25.261954549588157,24.526039123535156,25.2101921054981,179091200,AAPL
2015-12-18,23.862138748168945,24.647565648243024,23.812627291848816,24.51028622435749,385813200,AAPL
2015-12-21,24.154705047607422,24.163707286494162,23.758615121598442,24.143451819748623,190362400,AAPL
2015-12-22,24.1322021484375,24.2424765784534,23.95666105226723,24.170460378871354,131157600,AAPL
2015-12-23,24.442764282226562,24.496775986299763,24.125441872169134,24.141195357398864,130629600,AAPL
2015-12-24,24.31224250793457,24.530542102280638,24.29423802825616,24.530542102280638,54281600,AAPL
2015-12-28,24.03992462158203,24.235719421321342,23.89589225752135,24.213212969373373,106816800,AAPL
2015-12-29,24.47202491760254,24.62731052796695,24.048930007408522,24.071434745301563,123724800,AAPL
2015-12-30,24.15245246887207,24.46302196351547,24.12094549334309,24.43601696563428,100855200,AAPL
2015-12-31,23.6888484954834,24.087187669568237,23.58982559067075,24.082687408895573,163649200,AAPL
2016-01-04,23.709104537963867,23.71360651607352,22.955184602744627,23.09246574606234,270597600,AAPL
2016-01-05,23.114971160888672,23.82163064861039,23.047456940285645,23.79912590840938,223164000,AAPL
2016-01-06,22.66261100769043,23.03844708450596,22.475820180471928,22.631104038424606,273829600,AAPL
2016-01-07,21.706144332885742,22.534331168517,21.701644073328392,22.20800826507846,324377600,AAPL
2016-01-08,21.820926666259766,22.30478625858172,21.775917190369956,22.178758352489098,283192000,AAPL
2016-01-11,22.17425537109375,22.293532022104593,21.906444365766593,22.273278273971293,198957600,AAPL
2016-01-12,22.496074676513672,22.66036249346139,22.2440171969641,22.628855523142832,196616800,AAPL
2016-01-13,21.917699813842773,22.772893639718973,21.897446063656986,22.577098802915323,249758400,AAPL
2016-01-14,22.39706039428711,22.61311072662906,21.546368434822075,22.04598160898453,252680400,AAPL
2016-01-15,21.85918426513672,21.989714145273158,21.46084509223923,21.649886945952915,319335600,AAPL
2016-01-19,21.753416061401367,22.201266773710493,21.492356250325585,22.14725505028168,212350800,AAPL
2016-01-20,21.782669067382812,22.09774055868971,21.024247186087106,21.40233263225508,289337600,AAPL
2016-01-21,21.672388076782227,22.027966959568353,21.366318917092187,21.843425411843562,208646000,AAPL
2016-01-22,22.824655532836914,22.833657772379347,22.13825150849246,22.196763490015815,263202000,AAPL
2016-01-25,22.37905502319336,22.84941043244113,22.327292576954793,22.84715944338687,207178000,AAPL
2016-01-26,22.502826690673828,22.70312174465863,22.07072961131343,22.48932419350668,300308000,AAPL
2016-01-27,21.024248123168945,21.746661081313626,21.006243644691438,21.61388191579554,533478800,AAPL
2016-01-28,21.175031661987305,21.271803587071275,20.792445939749225,21.107517443534352,222715200,AAPL
2016-01-29,21.906442642211914,21.906442642211914,21.233541274149022,21.332564169235646,257666000,AAPL
2016-02-01,21.701650619506836,21.764664574323376,21.46984854985964,21.710652858337983,163774000,AAPL
2016-02-02,21.262805938720703,21.613884729731595,21.217794736666875,21.474352578867418,149428800,AAPL
2016-02-03,21.683643341064453,21.79391774774974,21.17277880164377,21.379825117012427,183857200,AAPL
2016-02-04,21.857868194580078,22.02304746382955,21.538825669478815,21.6904274489689,185886800,AAPL
2016-02-05,21.274093627929688,21.93028280241884,21.19942517660604,21.839773653124055,185672400,AAPL
2016-02-08,21.49810218811035,21.654228686840714,21.052346092950472,21.072709743355976,216085600,AAPL
2016-02-09,21.493579864501953,21.70853933097506,21.25373206268932,21.33519013242165,177324800,AAPL
2016-02-10,21.33066177368164,21.801307972120107,21.292195946026556,21.7040109380806,169374400,AAPL
2016-02-11,21.201677322387695,21.432475637825412,20.95051536363836,21.222042692016988,200298800,AAPL
2016-02-12,21.26730728149414,21.382706498346476,21.045561662323756,21.312562722572782,161405600,AAPL
2016-02-16,21.866928100585938,21.91444501811858,21.407596171451875,21.500366802924592,196231600,AAPL
2016-02-17,22.20180320739746,22.222166853211807,21.756047212737066,21.873707861072806,179452800,AAPL
2016-02-18,21.780946731567383,22.376041566489526,21.742479173334242,22.364727274129432,156084000,AAPL
2016-02-19,21.731164932250977,21.89408106229437,21.67686013100935,21.722113844324287,141496800,AAPL
2016-02-22,21.921236038208008,21.925762446040597,21.704015072850826,21.79226103607972,137123200,AAPL
2016-02-23,21.425695419311523,21.83524717134706,21.394017478619176,21.812620317469428,127770400,AAPL
2016-02-24,21.744741439819336,21.808097331140345,21.115705481248508,21.26504584763537,145022800,AAPL
2016-02-25,21.894079208374023,21.894079208374023,21.55240800492678,21.7334262954955,110330800,AAPL
2016-02-26,21.92801856994629,22.179178881360585,21.853348401686738,21.993635925463597,115964400,AAPL
2016-02-29,21.878238677978516,22.226697740378793,21.86918759146339,21.916704500929125,140865200,AAPL
2016-03-01,22.74712371826172,22.80142851449741,22.043417665277012,22.09546098447838,201628400,AAPL
2016-03-02,22.796903610229492,22.82858155158241,22.54574155641827,22.74259881452711,132678400,AAPL
2016-03-03,22.966604232788086,23.014121137835684,22.729017981232012,22.758434441250582,147822800,AAPL
2016-03-04,23.308279037475586,23.475719832914706,22.93719309822221,23.16346509661175,184220400,AAPL
2016-03-07,23.05032730102539,23.267548195392372,22.84441896990525,23.167987971438176,143315600,AAPL
2016-03-08,22.860261917114258,23.02544125138635,22.717711165909574,22.80369391208277,126247600,AAPL
2016-03-09,22.88062286376953,22.98470776570407,22.68829030286975,22.923613365367988,108806800,AAPL
2016-03-10,22.89194107055664,23.13405207582251,22.661144357421886,22.94624760120367,134054400,AAPL
2016-03-11,23.138572692871094,23.143097372800096,22.966605508160118,23.13404628662392,109632800,AAPL
2016-03-14,23.197406768798828,23.28565444495634,23.029965957093875,23.059382424585884,100304400,AAPL
2016-03-15,23.663522720336914,23.799285555257,23.498343424866768,23.52323347933923,160270800,AAPL
2016-03-16,23.978042602539062,24.054974249049753,23.665786157407254,23.670312563859795,153214000,AAPL
2016-03-17,23.939577102661133,24.091178920822344,23.749507734406702,23.876219495697473,137682800,AAPL
2016-03-18,23.966732025146484,24.097970211506816,23.80155441672617,24.061765859551475,176820800,AAPL
2016-03-21,23.964466094970703,24.3581788545761,23.790235704617366,23.968990774965118,142010800,AAPL
2016-03-22,24.147750854492188,24.276725840064824,23.80607961237857,23.815130700563138,129777600,AAPL
2016-03-23,24.01424789428711,24.226944136945665,23.962206298520723,24.093444479153383,102814000,AAPL
2016-03-24,23.910160064697266,24.041398229347966,23.73366819390685,23.86490635855755,104532000,AAPL
2016-03-28,23.801549911499023,24.02782188943492,23.772133449523714,23.984829661205282,77645600,AAPL
2016-03-29,24.364965438842773,24.38985549328066,23.73140324167166,23.733666444707314,124760400,AAPL
2016-03-30,24.790359497070312,24.984953553052407,24.57313858659879,24.584452877002676,182404400,AAPL
2016-03-31,24.661386489868164,24.867294852638533,24.636496430053757,24.826565820789366,103553600,AAPL
2016-04-01,24.887659072875977,24.88992227645211,24.48263194867367,24.613870134993224,103496000,AAPL
2016-04-04,25.143346786499023,25.385457772131094,24.951014193778747,24.98495534110106,149424800,AAPL
2016-04-05,24.846923828125,25.055095347121583,24.758677900221766,24.779043274678404,106314800,AAPL
2016-04-06,25.10714340209961,25.111669809286663,24.70890415924688,24.941965792461293,105616400,AAPL
2016-04-07,24.559558868408203,24.98494953386156,24.464525059049166,24.878601435918707,127207600,AAPL
2016-04-08,24.586713790893555,24.83787409655263,24.475839279478535,24.643281785008824,94326800,AAPL
2016-04-11,24.66817283630371,25.027946216262748,24.62518232992853,24.65686027202324,117630000,AAPL
2016-04-12,24.98948097229004,25.003056740270104,24.58671707657627,24.740580383866106,108929200,AAPL
2016-04-13,25.351512908935547,25.419393467312176,25.070936136412072,25.070936136412072,133029200,AAPL
2016-04-14,25.365087509155273,25.430706587658513,25.190858851715603,25.256477930218843,101895600,AAPL
2016-04-15,24.85598373413086,25.410351278747903,24.828832193644583,25.367359037886366,187756000,AAPL
2016-04-18,24.319719314575195,24.652337759106935,24.197532207345343,24.63876198929872,243286000,AAPL
2016-04-19,24.190738677978516,24.437374312312617,24.036873659551965,24.41022105271326,129539600,AAPL
2016-04-20,24.240522384643555,24.45774333015846,23.99841137727936,24.12964957133585,122444000,AAPL
2016-04-21,23.978042602539062,24.195263501668265,23.876219173175897,24.195263501668265,126210000,AAPL
2016-04-22,23.912424087524414,24.09344237092434,23.67257632939006,23.760822267809996,134732400,AAPL
2016-04-25,23.776653289794922,23.905628212548674,23.64767836704117,23.758551122242675,112126400,AAPL
2016-04-26,23.611478805541992,23.826438204469056,23.511920316512022,23.511920316512022,224064800,AAPL
2016-04-27,22.133926391601562,22.33530832822501,21.649704462381326,21.722111431433373,458408400,AAPL
2016-04-28,21.457374572753906,22.147503149777744,21.326136396000567,22.086410468223406,328970800,AAPL
2016-04-29,21.21074104309082,21.43248840706545,20.932427394109794,21.26730905441592,274126000,AAPL
2016-05-02,21.1881103515625,21.287670585909353,20.907533549506745,21.26278052732264,192640400,AAPL
2016-05-03,21.53656578063965,21.663277529105528,21.197157831833383,21.31481849450626,227325200,AAPL
2016-05-04,21.312557220458984,21.699482078619248,21.228835970816146,21.541090665212643,164102000,AAPL
2016-05-05,21.226051330566406,21.41500094311543,21.09856809165568,21.399065538251588,143562000,AAPL
2016-05-06,21.107675552368164,21.273858822090435,20.90961973417624,21.255648170316455,174799600,AAPL
2016-05-09,21.123613357543945,21.346709064369357,21.078082380864863,21.171419580435106,131745600,AAPL
2016-05-10,21.267032623291016,21.301180422551738,20.96881209919443,21.246544985832113,134747200,AAPL
2016-05-11,21.059871673583984,21.30117977046872,21.048488495235805,21.280692133636997,114876400,AAPL
2016-05-12,20.56587028503418,21.121336033753508,20.367816184370167,21.107677609384716,305258800,AAPL
2016-05-13,20.60684585571289,20.86864330441437,20.488468800183266,20.488468800183266,177571200,AAPL
2016-05-16,21.371746063232422,21.487847857715877,20.864088374636538,21.032548609984925,245039200,AAPL
2016-05-17,21.2829647064209,21.5584205669201,21.173693850052576,21.52427450982309,187667600,AAPL
2016-05-18,21.526546478271484,21.674519071535453,21.374021657030653,21.43548802410475,168249600,AAPL
2016-05-19,21.444591522216797,21.544757901520605,21.301172900164293,21.544757901520605,121768400,AAPL
2016-05-20,21.676799774169922,21.724605991860695,21.51744397837169,21.544762561407413,128104000,AAPL
2016-05-23,21.952255249023438,22.125269464843562,21.779241033203313,21.824772004118582,152074400,AAPL
2016-05-24,22.286893844604492,22.33014608301443,22.045584112927113,22.132092063403853,140560800,AAPL
2016-05-25,22.678462982177734,22.705779833695008,22.334711460341055,22.462194732299846,152675200,AAPL
2016-05-26,22.858301162719727,22.93114897797213,22.455360327707282,22.692116161484822,225324800,AAPL
2016-05-27,22.844640731811523,22.871959313517372,22.59422647840904,22.637480465236077,145364800,AAPL
2016-05-31,22.733095169067383,22.856026193792353,22.496339314429928,22.67390577120075,169228800,AAPL
2016-06-01,22.414382934570312,22.66024495809652,22.38478910717191,22.541866174845136,116693200,AAPL
2016-06-02,22.24591827392578,22.273235113230708,21.997779316991924,22.21859969779231,160766400,AAPL
2016-06-03,22.291460037231445,22.371137091406847,22.184464391554684,22.261866199060446,114019600,AAPL
2016-06-06,22.45308494567871,23.19522331053951,22.207224637192535,22.307389304787257,93170000,AAPL
2016-06-07,22.544139862060547,22.735366431348574,22.5282044593556,22.594223052512856,89638000,AAPL
2016-06-08,22.52366065979004,22.66480235461189,22.464471254668045,22.541871314818184,83392400,AAPL
2016-06-09,22.68528938293457,22.76268943507791,22.41438572677468,22.423491921761386,106405600,AAPL
2016-06-10,22.49860954284668,22.616986566211928,22.41893253319425,22.43031397067114,126851600,AAPL
2016-06-13,22.15941619873047,22.564634036521227,22.10478076879256,22.466744617100094,152082000,AAPL
2016-06-14,22.18673324584961,22.41893684645813,22.025102213221146,22.15486243585689,127727600,AAPL
2016-06-15,22.113893508911133,22.403009623936104,22.08885190093796,22.268695386913684,117780800,AAPL
2016-06-16,22.20722198486328,22.252751215893166,21.8702997700241,21.956806003712416,125307200,AAPL
2016-06-17,21.70184326171875,22.002340753928593,21.69501404957316,21.995511541783003,244032800,AAPL
2016-06-20,21.64948272705078,21.9841280114565,21.63354732002332,21.85436777228174,137647600,AAPL
2016-06-21,21.833877563476562,21.934042222919945,21.553867745183094,21.613057137237522,142185600,AAPL
2016-06-22,21.751920700073242,22.056970340567723,21.706389736457794,21.91127473065563,116876400,AAPL
2016-06-23,21.87713050842285,21.920384496701352,21.683628657792593,21.840707468421712,128960800,AAPL
2016-06-24,21.262475967407227,21.54931498992115,21.091738743477556,21.150928134085255,301245600,AAPL
2016-06-27,20.952871322631836,21.18279792612506,20.8299403188878,21.171414750344976,181958400,AAPL
2016-06-28,21.305727005004883,21.32166414568785,20.975635752241036,21.148649948964444,161779600,AAPL
2016-06-29,21.490129470825195,21.524277269128728,21.314838250054,21.392240041997287,146124000,AAPL
2016-06-30,21.7633056640625,21.802005686783623,21.467362168347563,21.499232979627187,143345600,AAPL
2016-07-01,21.829317092895508,21.961354260119847,21.701833889687666,21.738256917677745,104106000,AAPL
2016-07-05,21.62444305419922,21.717780258564805,21.503788999251906,21.715503275406576,110820800,AAPL
2016-07-06,21.74736976623535,21.776965330917307,21.483297087776542,21.535655532195683,123796400,AAPL
2016-07-07,21.840709686279297,21.968192944472257,21.767861862050584,21.786072515485913,100558400,AAPL
2016-07-08,22.00916862487793,22.056974843812966,21.86574996807282,21.965914634819505,115648400,AAPL
2016-07-11,22.077457427978516,22.229982232471176,22.0205450319593,22.0250972594363,95179600,AAPL
2016-07-12,22.17763328552246,22.241374923423862,22.10933941784069,22.1207208607063,96670000,AAPL
2016-07-13,22.05242156982422,22.234540242351116,22.045590621589493,22.17535258561507,103568800,AAPL
2016-07-14,22.489511489868164,22.53504072991015,22.154866191389104,22.17080159908672,155676000,AAPL
2016-07-15,22.48723602294922,22.605614833966396,22.423494387861187,22.519106840493237,120548000,AAPL
2016-07-18,22.726261138916016,22.79455498028692,22.446251352492066,22.469015966282367,145975600,AAPL
2016-07-19,22.73536491394043,22.764958735037713,22.614709173708775,22.66479236081842,95119600,AAPL
2016-07-20,22.755857467651367,22.869682285959044,22.705774269703365,22.764963661535447,105104000,AAPL
2016-07-21,22.635204315185547,22.99261418904708,22.56690872682313,22.726264520725785,130808000,AAPL
2016-07-22,22.45990753173828,22.60560311838251,22.38022879234326,22.596496927113698,113254800,AAPL
2016-07-25,22.15941619873047,22.50089067529316,22.063803762131876,22.366578214856425,161531600,AAPL
2016-07-26,22.006885528564453,22.302830691373085,21.9499731308573,22.041033314554454,224959200,AAPL
2016-07-27,23.4365291595459,23.755238994973727,23.39099992741144,23.737026607388394,369379200,AAPL
2016-07-28,23.752960205078125,23.778001801895453,23.406933551428555,23.4092105339107,159479200,AAPL
2016-07-29,23.723369598388672,23.800771381822965,23.602715562898634,23.718817369635584,110934800,AAPL
2016-08-01,24.142240524291992,24.16500513669012,23.768895323111177,23.768895323111177,152671600,AAPL
2016-08-02,23.784833908081055,24.14679598308204,23.675561322388425,24.142243754724728,135266400,AAPL
2016-08-03,24.083051681518555,24.094433119558012,23.850848114107098,23.859954306635846,120810400,AAPL
2016-08-04,24.231830596923828,24.261584742018446,24.09678879267462,24.16545435364713,109634800,AAPL
2016-08-05,24.600332260131836,24.639241929922044,24.302783823087015,24.323382443715563,162213600,AAPL
2016-08-08,24.804033279418945,24.804033279418945,24.52708526060686,24.60948147407652,112148800,AAPL
2016-08-09,24.904739379882812,24.93449526442655,24.721634169460142,24.771988669853517,105260800,AAPL
2016-08-10,24.719345092773438,24.92533998446069,24.664413703735963,24.881851688927448,96034000,AAPL
2016-08-11,24.70332908630371,24.932211964247323,24.685018036971154,24.83836914609631,109938000,AAPL
2016-08-12,24.760549545288086,24.820059581873906,24.6689960458263,24.6689960458263,74641600,AAPL
2016-08-15,25.05809211730957,25.071824527831648,24.73765581730807,24.751388227830148,103472800,AAPL
2016-08-16,25.035207748413086,25.22975958534201,24.99629807952239,25.09242846604213,135177600,AAPL
2016-08-17,24.998584747314453,25.032917523500135,24.79716672501847,24.971118177118402,101424000,AAPL
2016-08-18,24.966548919677734,25.085567267764063,24.95281475726303,25.00088170635739,87938800,AAPL
2016-08-19,25.030630111694336,25.10616187580563,24.801747248014788,24.895588314079816,101472400,AAPL
2016-08-22,24.836082458496094,24.971122523094618,24.685018915482996,24.91619111937978,103280800,AAPL
2016-08-23,24.91390037536621,25.021475605068048,24.840657925859944,24.854390339443075,85030800,AAPL
2016-08-24,24.72622299194336,24.891018983230445,24.646114314578302,24.849819985408672,94700400,AAPL
2016-08-25,24.620935440063477,24.69188858590681,24.417229782571646,24.579736444939392,100344800,AAPL
2016-08-26,24.47673225402832,24.70790267255723,24.33253494260801,24.58430747167917,111065200,AAPL
2016-08-29,24.449270248413086,24.591178268907836,24.327962596069156,24.40349436889239,99881200,AAPL
2016-08-30,24.26158332824707,24.37602475904069,24.14714189745345,24.215807454424684,99455600,AAPL
2016-08-31,24.284467697143555,24.392042905682008,24.17918180583116,24.18376044028327,118649600,AAPL
2016-09-01,24.428672790527344,24.44469452374681,24.1746126307344,24.29363097090216,106806000,AAPL
2016-09-02,24.657550811767578,24.71934841445918,24.44926657489614,24.650682859257305,107210000,AAPL
2016-09-06,24.650684356689453,24.788015475435525,24.607197798908395,24.696461978350715,107521600,AAPL
2016-09-07,24.801748275756836,24.893301774270007,24.506489159826664,24.68044063237792,169457200,AAPL
2016-09-08,24.15172004699707,24.552265075682133,24.0876331218055,24.547688186556055,212008000,AAPL
2016-09-09,23.604692459106445,24.197500068374616,23.604692459106445,23.950306121353805,186228000,AAPL
2016-09-12,24.133411407470703,24.19749833442346,23.46736138898784,23.494827963212362,181171200,AAPL
2016-09-13,24.707904815673828,24.900167332164877,24.54539818951082,24.60719754154775,248704800,AAPL
2016-09-14,25.582237243652344,25.87063014465147,24.85667897528379,24.886434865548,443554800,AAPL
2016-09-15,26.451995849609375,26.488617950649573,25.975919013514144,26.060606312491185,359934400,AAPL
2016-09-16,26.303213119506836,26.58016112072855,26.101796867592135,26.3489907310129,319547600,AAPL
2016-09-19,25.996517181396484,26.5916123030239,25.920985414072987,26.365018747291153,188092000,AAPL
2016-09-20,25.99422836303711,26.120114644327742,25.75161307135455,25.875210034920507,138057200,AAPL
2016-09-21,25.98965072631836,26.090358002216576,25.735590599557394,26.058314539943815,144012800,AAPL
2016-09-22,26.234556198120117,26.307798649490568,26.092648184610844,26.172756842947617,124296000,AAPL
2016-09-23,25.79738998413086,26.27346680818627,25.531886743255473,26.188779511350944,209924800,AAPL
2016-09-26,25.8362979888916,25.953028742676437,25.53188509596385,25.552483716270608,119477600,AAPL
2016-09-27,25.88435935974121,25.90495972324331,25.712697230919463,25.86376074247659,98429600,AAPL
2016-09-28,26.081201553344727,26.23913128768944,25.96218323287002,26.021693266226208,118564400,AAPL
2016-09-29,25.676082611083984,26.04687352067809,25.589107741729357,25.900388611113527,143548000,AAPL
2016-09-30,25.875211715698242,25.94845417150556,25.589108099851238,25.740169900974752,145516400,AAPL
2016-10-03,25.7539005279541,25.875209919491997,25.698969126471315,25.797388833340097,86807200,AAPL
2016-10-04,25.863758087158203,26.16359401592136,25.77907081698845,25.877490497258105,118947200,AAPL
2016-10-05,25.875211715698242,26.01483041993061,25.792813734635274,25.955320378887826,85812400,AAPL
2016-10-06,26.067462921142578,26.17045948647575,25.893511497730966,26.023974628730365,115117200,AAPL
2016-10-07,26.106382369995117,26.220823817166742,25.98049782584907,26.163603093580928,97433600,AAPL
2016-10-10,26.56185531616211,26.722072611914108,26.25744070799575,26.326104514930513,144944000,AAPL
2016-10-11,26.619081497192383,27.166111478807935,26.596191810607298,26.939516154528587,256164000,AAPL
2016-10-12,26.85711669921875,27.003603351129488,26.722076636210637,26.859406016999273,150347200,AAPL
2016-10-13,26.774717330932617,26.880003235410353,26.486324442696798,26.731229029386608,140769600,AAPL
2016-10-14,26.923492431640625,27.0470893958653,26.809050992125677,26.9807131513981,142608800,AAPL
2016-10-17,26.905179977416992,26.97155446787286,26.72893920331153,26.85482547052972,94499600,AAPL
2016-10-18,26.886871337890625,27.056244174757325,26.88229270254308,27.049377967973744,98214000,AAPL
2016-10-19,26.8067569732666,26.95324184091527,26.046866067500126,26.83651111173864,80138400,AAPL
2016-10-20,26.79302978515625,26.866272238030678,26.625946258085435,26.747253906948913,96503200,AAPL
2016-10-21,26.687740325927734,26.75869519784017,26.61449788277504,26.735805515536914,92770800,AAPL
2016-10-24,26.92807388305664,26.94867250612925,26.779299646881928,26.802187587930813,94154800,AAPL
2016-10-25,27.065401077270508,27.090578334250715,26.850250607162486,26.996735513463065,192516000,AAPL
2016-10-26,26.456567764282227,26.481745017453612,25.934715146252724,26.163597996001634,264536800,AAPL
2016-10-27,26.2025089263916,26.51836662459886,26.115532327492296,26.410791407794477,138248000,AAPL
2016-10-28,26.02855682373047,26.3695917661158,25.966757479086073,26.06288959895097,151446800,AAPL
2016-10-31,25.987356185913086,26.145285894116228,25.909535117292197,26.012533436387134,105677600,AAPL
2016-11-01,25.51815414428711,26.040006879184247,25.29842676886926,25.969053738668325,175303200,AAPL
2016-11-02,25.541034698486328,25.714986141889998,25.458638484492432,25.4975481473135,113326800,AAPL
2016-11-03,25.267274856567383,25.642268828441438,25.20285888644949,25.531841952583203,107730400,AAPL
2016-11-04,25.039514541625977,25.363897198636803,24.871573166671375,24.96819711570307,123348000,AAPL
2016-11-07,25.400707244873047,25.423712696207485,25.182151069187302,25.32478767578631,130240000,AAPL
2016-11-08,25.55023956298828,25.70207867743133,25.237360559169108,25.377696072141084,97016800,AAPL
2016-11-09,25.508838653564453,25.610064767949662,24.857775637070315,25.278780579200834,236705600,AAPL
2016-11-10,24.797954559326172,25.557144983620535,24.34704104396992,25.557144983620535,228538000,AAPL
2016-11-11,24.9451904296875,25.0464165171127,24.51268199694924,24.643814994203094,136575600,AAPL
2016-11-14,24.31943130493164,24.80255276055703,23.944437391630697,24.779547311280258,204702000,AAPL
2016-11-15,24.64151382446289,24.772646821194414,24.422959414978134,24.517282287264077,129058000,AAPL
2016-11-16,25.304079055786133,25.359294239810122,24.524182572280637,24.547188021355673,235362000,AAPL
2016-11-17,25.294879913330078,25.386903477159905,25.037216040850755,25.262671929270162,110528000,AAPL
2016-11-18,25.32018280029297,25.43061141206758,25.22816100488457,25.241963923155183,113715600,AAPL
2016-11-21,25.704378128051758,25.76419193736113,25.308678133159383,25.333984650637593,117058400,AAPL
2016-11-22,25.720481872558594,25.86311669131896,25.62845833307263,25.754989164063183,103862000,AAPL
2016-11-23,25.58934783935547,25.653763787766714,25.38229532288865,25.61925474248842,109705600,AAPL
2016-11-25,25.71817970275879,25.736584760910358,25.52493010257322,25.566340605812773,45903600,AAPL
2016-11-28,25.667570114135742,25.874622658112738,25.626159605340344,25.635362135650787,108776000,AAPL
2016-11-29,25.642263412475586,25.773396396862534,25.322482946072274,25.48582390871544,114115200,AAPL
2016-11-30,25.426010131835938,25.812507653355425,25.3684956301527,25.674473200356314,144649200,AAPL
2016-12-01,25.189048767089844,25.522633904830364,25.083222302593835,25.391500921084965,148347600,AAPL
2016-12-02,25.283374786376953,25.327084613245596,25.041813182047214,25.11543167252432,106112000,AAPL
2016-12-05,25.10162353515625,25.313276431872552,24.90377355403361,25.306374974075723,137298000,AAPL
2016-12-06,25.294879913330078,25.38920454893661,25.12003707277725,25.191354501023707,104782000,AAPL
2016-12-07,25.543333053588867,25.580143166855443,25.11312582480331,25.136131267993516,119994800,AAPL
2016-12-08,25.79410171508789,25.86541912823378,25.44441259761754,25.504228164722253,108273200,AAPL
2016-12-09,26.215105056762695,26.38764853477176,25.837810125265783,25.837810125265783,137610400,AAPL
2016-12-12,26.065570831298828,26.45666871015022,25.879222666845706,26.063269759954103,105497600,AAPL
2016-12-13,26.500377655029297,26.66831898723114,26.16909362245155,26.189797996886163,174935200,AAPL
2016-12-14,26.500377655029297,26.732734936853927,26.45206569281221,26.465868609101953,136127200,AAPL
2016-12-15,26.64531707763672,26.85467069689595,26.509583702233826,26.544090997537463,186098000,AAPL
2016-12-16,26.679826736450195,26.801757196511677,26.606208246118552,26.79485573729359,177404400,AAPL
2016-12-19,26.833965301513672,27.00420773209918,26.629213819473506,26.640717421692816,111117600,AAPL
2016-12-20,26.9052791595459,27.031811746397484,26.843164279311598,26.856967195985213,85700000,AAPL
2016-12-21,26.93058967590332,27.008810310809384,26.866173714923793,26.870775857967068,95132800,AAPL
2016-12-22,26.753440856933594,26.80405388987019,26.603902829221738,26.767243773115222,104343600,AAPL
2016-12-23,26.80635643005371,26.80635643005371,26.592402427489088,26.592402427489088,56998000,AAPL
2016-12-27,26.97660255432129,27.100834089471928,26.799456904953356,26.806358364372283,73187600,AAPL
2016-12-28,26.861572265625,27.151444078578333,26.732738593553627,27.03641507988799,83623600,AAPL
2016-12-29,26.85466957092285,26.942090974031995,26.778750014031598,26.790251860249484,60158000,AAPL
2016-12-30,26.64531707763672,26.962796480852713,26.555594599440823,26.836265635931866,122345200,AAPL
2017-01-03,26.72123908996582,26.762649603333717,26.401458585981693,26.64071913486251,115127600,AAPL
2017-01-04,26.69133186340332,26.804061561829098,26.62921696760427,26.652222419559344,84472400,AAPL
2017-01-05,26.82706069946289,26.884575193415053,26.643013616734745,26.668320134489942,88774400,AAPL
2017-01-06,27.12614631652832,27.183660830721415,26.794862153110923,26.86617958904518,127007600,AAPL
2017-01-09,27.37459945678711,27.475825533009875,27.133039622896174,27.135338939026216,134247600,AAPL
2017-01-10,27.402210235595703,27.46432512719422,27.21586380559681,27.32398959799397,97848400,AAPL
2017-01-11,27.54944610595703,27.590856617075996,27.284879049097164,27.317087029389327,110354400,AAPL
2017-01-12,27.434419631958008,27.445923235352577,27.195159074019244,27.353899673806367,108344800,AAPL
2017-01-13,27.38610076904297,27.519534811964093,27.333186664021486,27.402204756622897,104447600,AAPL
2017-01-17,27.606956481933594,27.662169903440613,27.19745357495073,27.225059408102727,137759200,AAPL
2017-01-18,27.604656219482422,27.721986279424815,27.540240266636584,27.60695729071351,94852000,AAPL
2017-01-19,27.556344985961914,27.627662399190104,27.462022125421704,27.468923584095,102389200,AAPL
2017-01-20,27.606956481933594,27.710481866659634,27.544841602138572,27.710481866659634,130391600,AAPL
2017-01-23,27.62535858154297,27.793299899237432,27.554039424733126,27.606953524611214,88200800,AAPL
2017-01-24,27.600061416625977,27.629968327868966,27.491933864527088,27.503437467807007,92844000,AAPL
2017-01-25,28.039470672607422,28.090083717527474,27.671378193920752,27.703586176105624,129510400,AAPL
2017-01-26,28.05327033996582,28.16829932872382,27.97504971490478,27.991153703122777,105350400,AAPL
2017-01-27,28.055574417114258,28.14759797477796,27.975054462359783,28.099286001925275,82251600,AAPL
2017-01-30,27.98195457458496,27.98195457458496,27.75879978364072,27.820914672830703,121510000,AAPL
2017-01-31,27.91753578186035,27.926738311770396,27.749594437810618,27.871524887513246,196804000,AAPL
2017-02-01,29.619966506958008,30.020268677283774,29.21966609183543,29.224266479391765,447940000,AAPL
2017-02-02,29.569360733032227,29.76721079542723,29.396817196422887,29.442829859307547,134841600,AAPL
2017-02-03,29.695880889892578,29.721187405049676,29.484227995126766,29.51873528379291,98029200,AAPL
2017-02-06,29.97425651550293,30.0225702420806,29.65447602268937,29.70739189237126,107383600,AAPL
2017-02-07,30.259531021118164,30.388362950360797,30.011067938833033,30.03177231808843,152735200,AAPL
2017-02-08,30.37686538696289,30.41827766411424,30.188219598895046,30.21812827070394,92016400,AAPL
2017-02-09,30.596355438232422,30.603286818135548,30.295982715136457,30.41844179425914,113399600,AAPL
2017-02-10,30.52704620361328,30.716513372844734,30.510874154762057,30.605607739377785,80262000,AAPL
2017-02-13,30.797382354736328,30.919844998644407,30.672613950957338,30.748862679899332,92141600,AAPL
2017-02-14,31.19710922241211,31.213281271299813,30.788140070695363,30.838972553987908,132904800,AAPL
2017-02-15,31.310325622558594,31.485930037012633,31.104686394284805,31.3126384336709,142492400,AAPL
2017-02-16,31.27336311340332,31.400440817000145,31.155522552837894,31.347299039552723,90338400,AAPL
2017-02-17,31.35884666442871,31.384262905527905,31.21559341039314,31.21559341039314,88792800,AAPL
2017-02-21,31.58528709411621,31.59684057458886,31.41892684706637,31.476690723802363,98028800,AAPL
2017-02-22,31.679996490478516,31.682305774557555,31.448941160090847,31.522877032490136,83347600,AAPL
2017-02-23,31.545995712280273,31.765497652688055,31.492853953694905,31.742394226428523,83152800,AAPL
2017-02-24,31.57603645324707,31.57603645324707,31.257178826160466,31.402744877765418,87106400,AAPL
2017-02-27,31.63841438293457,31.756254893905698,31.48822978245742,31.68693756844485,81029600,AAPL
2017-02-28,31.65228271484375,31.75625694694413,31.585274669836803,31.673076856138653,93931600,AAPL
2017-03-01,32.29922866821289,32.38240874255942,31.793220368698762,31.860224874821586,145658400,AAPL
2017-03-02,32.107460021972656,32.41245131747088,32.06124612134738,32.34775608734624,104844000,AAPL
2017-03-03,32.296932220458984,32.308485698692934,32.021975656373144,32.06587675828622,84432400,AAPL
2017-03-06,32.19526290893555,32.29461857758971,32.02428414639865,32.20219428981536,87000000,AAPL
2017-03-07,32.23685836791992,32.343141903855376,32.06818534575366,32.130571306357986,69785200,AAPL
2017-03-08,32.1167106628418,32.30155574588277,32.0751223701116,32.105157184096726,74828800,AAPL
2017-03-09,32.04277420043945,32.068190445792496,31.66615614282426,32.0566404915996,88623600,AAPL
2017-03-10,32.149051666259766,32.199884141766816,32.03352395385757,32.17446790401329,78451200,AAPL
2017-03-13,32.16291809082031,32.21605985740259,32.07511941682055,32.082050798304046,69686800,AAPL
2017-03-14,32.1143913269043,32.266885211484286,32.07973090151632,32.18601793683025,61236400,AAPL
2017-03-15,32.45404815673828,32.52105268203677,32.12363704927191,32.211439243327874,102767200,AAPL
2017-03-16,32.50719451904297,32.58344324693821,32.407838833981906,32.51412590106739,76928000,AAPL
2017-03-17,32.345458984375,32.57882375766877,32.32235202535992,32.57882375766877,175540000,AAPL
2017-03-20,32.68510437011719,32.694345036519806,32.400903638062616,32.44018264011968,86168000,AAPL
2017-03-21,32.31079864501953,32.99472444181787,32.285382400275715,32.83529559075455,158119600,AAPL
2017-03-22,32.67585754394531,32.717449353469824,32.2923046950709,32.313102362646134,103440800,AAPL
2017-03-23,32.56032943725586,32.71282686095234,32.488702820993375,32.63888743408401,81385200,AAPL
2017-03-24,32.495643615722656,32.74980606218235,32.428639075634344,32.69435147596562,89582400,AAPL
2017-03-27,32.551090240478516,32.62964824085136,32.02890271013015,32.20681637913718,94300400,AAPL
2017-03-28,33.22577667236328,33.281227727729544,32.49101845812078,32.55802651752383,133499200,AAPL
2017-03-29,33.299713134765625,33.38520605590323,33.08483324044029,33.19804816408955,116760000,AAPL
2017-03-30,33.25581359863281,33.38751691474966,33.15646143437077,33.3158902799325,84829200,AAPL
2017-03-31,33.19342041015625,33.33436434857821,33.043232281161146,33.20728317039026,78646800,AAPL
2017-04-03,33.202674865722656,33.29971775329288,33.05249019997456,33.20498767713941,79942800,AAPL
2017-04-04,33.449893951416016,33.47761947345894,33.080203871256245,33.098688727826826,79565600,AAPL
2017-04-05,33.276615142822266,33.60933563737764,33.22809193502159,33.3228255391489,110871600,AAPL
2017-04-06,33.19342041015625,33.3921281999704,33.14489722371151,33.33898291823909,84596000,AAPL
2017-04-07,33.119483947753906,33.313569659625706,33.10331190124426,33.209595422953385,66688800,AAPL
2017-04-10,33.080204010009766,33.24425490924556,33.017818059525624,33.17955967379013,75733600,AAPL
2017-04-11,32.72438430786133,33.121799961435954,32.36162556132028,33.02706638137571,121517600,AAPL
2017-04-12,32.7636604309082,32.844527715419915,32.58112466824049,32.717450050383505,81400000,AAPL
2017-04-13,32.59037780761719,32.89768203463652,32.59037780761719,32.78908567149333,71291600,AAPL
2017-04-17,32.770591735839844,32.782145212350784,32.548776973958354,32.68972092588931,66328400,AAPL
2017-04-18,32.62502670288086,32.81911242204733,32.60423255989005,32.67354989548555,58790000,AAPL
2017-04-19,32.504878997802734,32.80987388395424,32.45173723150411,32.782148358168236,69313600,AAPL
2017-04-20,32.91154479980469,33.02245044863824,32.615794052497215,32.62965681789803,93278400,AAPL
2017-04-21,32.87225341796875,32.96698345443212,32.775210571057656,32.91153241369759,69283600,AAPL
2017-04-24,33.18878936767578,33.260415959992535,33.08250235849221,33.156441760641606,68537200,AAPL
2017-04-25,33.394432067871094,33.47992142586403,33.24193467878224,33.25117886785588,75486000,AAPL
2017-04-26,33.19804763793945,33.4106217690531,33.12873381869219,33.380583430294884,80164800,AAPL
2017-04-27,33.223453521728516,33.30894641485601,33.11254791988466,33.253491851121325,56985200,AAPL
2017-04-28,33.19111251831055,33.341300669562116,33.103313848608956,33.2927774759267,83441600,AAPL
2017-05-01,33.868125915527344,34.01137924090334,33.49381701986582,33.52616465868067,134411600,AAPL
2017-05-02,34.082977294921875,34.216989836275026,33.928170615848046,34.0899086741621,181408800,AAPL
2017-05-03,33.97899627685547,34.07835190211285,33.334353457218626,33.639344659593995,182788000,AAPL
2017-05-04,33.85654830932617,33.99749224780387,33.690188135200835,33.854239024494824,93487600,AAPL
2017-05-05,34.41801452636719,34.42263309599607,33.90968981713678,33.90968981713678,109310800,AAPL
2017-05-08,35.35377883911133,35.51320759924264,34.434179507149146,34.434179507149146,195009600,AAPL
2017-05-09,35.580238342285156,35.78587759988999,35.45546639573149,35.55250928436923,156521600,AAPL
2017-05-10,35.41156768798828,35.56868727474601,35.145855250524285,35.497060627723236,103222800,AAPL
2017-05-11,35.717803955078125,35.74564745729754,35.3373091330769,35.36979026885097,109020400,AAPL
2017-05-12,36.21662139892578,36.29086246895266,35.88484654986236,35.89180653954682,130108000,AAPL
2017-05-15,36.12382507324219,36.34423306457839,35.973020537111836,36.19574734555601,104038800,AAPL
2017-05-16,36.070465087890625,36.20734964530216,35.896458214516294,36.179509678419514,80194000,AAPL
2017-05-17,34.859378814697266,35.86166015777353,34.73409541690228,35.63661097305999,203070800,AAPL
2017-05-18,35.39067077636719,35.57627878653499,35.06354059689483,35.09602173316082,134272800,AAPL
2017-05-19,35.51131820678711,35.72476618959249,35.411555976421134,35.585562830464724,107843200,AAPL
2017-05-22,35.72710037231445,35.863984959827846,35.47652999473182,35.72941919000496,91865600,AAPL
2017-05-23,35.68299865722656,35.938206531456125,35.569312928958254,35.938206531456125,79675600,AAPL
2017-05-24,35.57627868652344,35.768846686765585,35.420832996246155,35.69228325002992,76712000,AAPL
2017-05-25,35.69924545288086,35.8106123896768,35.50435862375579,35.666764314693346,76942400,AAPL
2017-05-26,35.63892364501953,35.78509053405886,35.569320195944684,35.72940706676329,87710400,AAPL
2017-05-30,35.65285110473633,35.82917681122101,35.57396883132312,35.59484880837146,80507600,AAPL
2017-05-31,35.44171905517578,35.76885283009231,35.35355797909039,35.722451704755954,97804800,AAPL
2017-06-01,35.539154052734375,35.573957543617595,35.3164272878654,35.536835236080066,65616400,AAPL
2017-06-02,36.06582260131836,36.06582260131836,35.47187972823621,35.631966612345444,111082800,AAPL
2017-06-05,35.71316146850586,35.83380719987951,35.60412044112713,35.80828605555389,101326800,AAPL
2017-06-06,35.83381652832031,36.14934914931527,35.67837080520811,35.70621077347326,106499600,AAPL
2017-06-07,36.04725646972656,36.188782177000014,35.8407684909353,35.96605540041843,84278400,AAPL
2017-06-08,35.9590950012207,36.086697185851556,35.82220692905555,36.01941609832216,85003200,AAPL
2017-06-09,34.56472396850586,36.00550242241281,33.87797883138676,36.00550242241281,259530800,AAPL
2017-06-12,33.73876953125,33.89421523399402,33.06362206785271,33.81301415713416,289229200,AAPL
2017-06-13,34.01022720336914,34.209755253603035,33.676133394588724,34.14247414441947,136661600,AAPL
2017-06-14,33.67845153808594,34.221352139331366,33.37219773829891,34.221352139331366,126124800,AAPL
2017-06-15,33.47661209106445,33.52069441363203,32.99403598132496,33.251566382479645,128661600,AAPL
2017-06-16,33.00794219970703,33.525321604147315,32.99169986019783,33.358274735777414,201444400,AAPL
2017-06-19,33.952213287353516,34.04501905813801,33.330430553899184,33.330430553899184,130165600,AAPL
2017-06-20,33.64364242553711,34.075179545849174,33.62740362744633,34.075179545849174,99600400,AAPL
2017-06-21,33.843162536621094,33.88956718362495,33.55083237745546,33.7619614847194,85063200,AAPL
2017-06-22,33.7874870300293,34.03573493101668,33.66916012098944,33.81996816306067,76425200,AAPL
2017-06-23,33.938297271728516,34.14246645112893,33.66684699830492,33.671488172430905,141757600,AAPL
2017-06-26,33.83156967163086,34.40231009217581,33.729485098153745,34.14477984187781,102769600,AAPL
2017-06-27,33.34666442871094,33.910448339947045,33.321143288034776,33.643635771027576,99047600,AAPL
2017-06-28,33.83390808105469,33.89887038539939,33.21444383165191,33.5230165473793,88329600,AAPL
2017-06-29,33.33507537841797,33.67149150233917,33.010263961048665,33.57404807712838,125997600,AAPL
2017-06-30,33.4139518737793,33.63204099616929,33.358268414814425,33.513714088391175,92096400,AAPL
2017-07-03,33.29330062866211,33.710917651203445,33.20049841928731,33.61347426930669,57111200,AAPL
2017-07-05,33.430198669433594,33.59260437172023,33.11234725637412,33.33739642246375,86278400,AAPL
2017-07-06,33.11466979980469,33.29331786251225,33.040428701910386,33.18195444558119,96515200,AAPL
2017-07-07,33.45107650756836,33.58332341824197,33.15410508801684,33.15410508801684,76806800,AAPL
2017-07-10,33.65525436401367,33.86174241272838,33.263158245175966,33.434846329571144,84362400,AAPL
2017-07-11,33.764305114746094,33.838549772373426,33.49749589928063,33.57869701085788,79127200,AAPL
2017-07-12,33.81301498413086,33.91509603695035,33.59956698976132,33.84317376647763,99538000,AAPL
2017-07-13,34.28398895263672,34.451035803707775,33.74340727350098,33.75732725439386,100797600,AAPL
2017-07-14,34.57863235473633,34.64591697166014,34.181898803216576,34.330384475511416,80528400,AAPL
2017-07-17,34.69929122924805,35.01018267036603,34.46960441447506,34.527606707527475,95174000,AAPL
2017-07-18,34.8199348449707,34.831536010902305,34.49280108266514,34.61576565314673,71475200,AAPL
2017-07-19,35.03802490234375,35.13082715177635,34.78977339783427,34.91273797141296,83692000,AAPL
2017-07-20,34.88025665283203,35.2050716045532,34.845456694516386,35.14938813106929,68974800,AAPL
2017-07-21,34.864009857177734,34.90345098095028,34.54151733675225,34.79904758976671,105010400,AAPL
2017-07-24,35.28626251220703,35.36746711176589,34.77816202624112,34.93593005219546,85972800,AAPL
2017-07-25,35.43708038330078,35.69228833526864,35.21899120640794,35.21899120640794,75415600,AAPL
2017-07-26,35.60411834716797,35.71315936813375,35.51131258227014,35.57859720434331,63124000,AAPL
2017-07-27,34.931304931640625,35.727098336417974,34.174956206611974,35.671414853401714,129905200,AAPL
2017-07-28,34.685359954833984,34.85472560416631,34.61343770128921,34.775843360935134,68854800,AAPL
2017-07-31,34.506717681884766,34.877933714220624,34.36751432489266,34.778167945206754,79383600,AAPL
2017-08-01,34.8129768371582,34.85241797143003,34.432481938100516,34.59256883261376,141474400,AAPL
2017-08-02,36.45791244506836,37.06345638107044,36.23054450202435,36.954411813041766,279747200,AAPL
2017-08-03,36.09366226196289,36.47415709575455,35.96605653168981,36.43703478509722,108389200,AAPL
2017-08-04,36.283912658691406,36.51824063755716,36.12150695352806,36.209671567836246,82239600,AAPL
2017-08-07,36.845375061035156,36.870896210885,36.348875587739144,36.4393590208106,87481200,AAPL
2017-08-08,37.1400260925293,37.54604211525849,36.720090086877995,36.79665353312838,144823600,AAPL
2017-08-09,37.367401123046875,37.4161246126443,36.91498389183977,36.94978385570976,104526000,AAPL
2017-08-10,36.177162170410156,37.26722684980881,36.0164466859676,37.243933411395794,163217200,AAPL
2017-08-11,36.68028259277344,36.9341683844951,36.351867717935605,36.47531517491972,105028400,AAPL
2017-08-14,37.232295989990234,37.31614740550101,36.97608234424056,37.10884856633273,88490800,AAPL
2017-08-15,37.63991928100586,37.77966931882692,37.299854102886464,37.42097364559657,117862000,AAPL
2017-08-16,37.48851013183594,37.85186512027864,37.30217323789386,37.71910243792333,110686400,AAPL
2017-08-17,36.76879119873047,37.43261533993221,36.76413179853818,37.388359923307966,111762400,AAPL
2017-08-18,36.68494415283203,37.150784713502915,36.5032666184969,36.768795595916046,109712400,AAPL
2017-08-21,36.61738967895508,36.77577372401931,36.12825579092864,36.684934979566464,105474000,AAPL
2017-08-22,37.21599578857422,37.26723852587376,36.806057444258705,36.85496870453865,86418400,AAPL
2017-08-23,37.26258087158203,37.376713074383446,37.006370727162285,37.050626143637956,77596400,AAPL
2017-08-24,37.09721755981445,37.43961068868213,36.92951465775347,37.36740240950668,79275600,AAPL
2017-08-25,37.23463821411133,37.397681708539366,37.09721609409924,37.185723388742105,101920400,AAPL
2017-08-28,37.60962677001953,37.733074197574055,37.250927654646475,37.29984246277203,103864000,AAPL
2017-08-29,37.945030212402344,37.993941463572725,37.267231584971434,37.290525026344106,118067600,AAPL
2017-08-30,38.04751968383789,38.17329503991752,37.87515744009567,38.15233307291767,109078400,AAPL
2017-08-31,38.19892501831055,38.320044556194304,38.07780548042678,38.11507357732661,107140400,AAPL
2017-09-01,38.21056365966797,38.417862517958746,38.11273759156137,38.385253828589875,66364400,AAPL
2017-09-05,37.751708984375,38.25714542591725,37.397669261394455,38.140685318075796,117874000,AAPL
2017-09-06,37.71211242675781,37.963666682533365,37.388353473821574,37.8984493074153,86606800,AAPL
2017-09-07,37.56071472167969,37.78897910426357,37.35108793792291,37.75403893758368,87714000,AAPL
2017-09-08,36.94813537597656,37.535091767309375,36.92484193250823,37.467546467779975,114446000,AAPL
2017-09-11,37.61662673950195,37.74473360949304,37.24162493139071,37.38370645009327,126323200,AAPL
2017-09-12,37.46754455566406,38.18959861736738,36.980742177111466,37.875154916994575,286856000,AAPL
2017-09-13,37.18571853637695,37.25792680327699,36.78043955369521,37.23696127852219,179629600,AAPL
2017-09-14,36.866615295410156,37.127484826851486,36.822359881166186,37.03199022957224,95042800,AAPL
2017-09-15,37.23928451538086,37.493166692687424,36.80139338088487,36.91086616450887,196458400,AAPL
2017-09-18,36.95745086669922,37.383695295624975,36.80139474584889,37.292856552023125,113077600,AAPL
2017-09-19,36.97142791748047,37.213666952238235,36.903882613105765,37.153105416508424,83242400,AAPL
2017-09-20,36.35185241699219,36.861944600765995,35.83010995989348,36.77809319791226,211805600,AAPL
2017-09-21,35.727638244628906,36.28897691957961,35.57856942162137,36.28897691957961,150046800,AAPL
2017-09-22,35.37826156616211,35.46677241081668,35.068477163952586,35.29673804565591,186581600,AAPL
2017-09-25,35.0661506652832,35.36428835466453,34.74239160162309,34.935715870439076,177549200,AAPL
2017-09-26,35.669403076171875,35.851080567151044,35.33166946109935,35.352631428347586,146640000,AAPL
2017-09-27,35.92329406738281,36.03742628493576,35.76257850428549,35.82314005216649,102016800,AAPL
2017-09-28,35.702003479003906,35.934923649693694,35.56690935351426,35.844084925287866,88022000,AAPL
2017-09-29,35.89767074584961,35.90000222315323,35.40388091253344,35.68571600201449,105199200,AAPL
2017-10-02,35.82545852661133,35.974527325485546,35.571576339386255,35.93027191496218,74795200,AAPL
2017-10-03,35.98151779174805,36.123599280752316,35.84875510265796,35.872044994281765,64921200,AAPL
2017-10-04,35.748592376708984,35.83710319267838,35.51101632449689,35.783532540208626,80655200,AAPL
2017-10-05,36.193477630615234,36.20512435397174,35.88136534751433,35.91164256334408,85135200,AAPL
2017-10-06,36.172515869140625,36.216771285701384,36.000153603083184,36.09565175944262,69630400,AAPL
2017-10-09,36.29828643798828,36.50558529280248,36.21676649297357,36.29129911567504,65051600,AAPL
2017-10-10,36.31227111816406,36.801405139755445,36.125937732873545,36.34953921685477,62468000,AAPL
2017-10-11,36.463661193847656,36.563815182604465,36.277324306816766,36.32856703960228,67622400,AAPL
2017-10-12,36.3355598449707,36.654659457585346,36.27267038086556,36.41708335599889,64500400,AAPL
2017-10-13,36.56615447998047,36.63369979450911,36.431060296841906,36.50559293514657,65576800,AAPL
2017-10-16,37.23928451538086,37.267233803427715,36.719869885307716,36.77809993812558,96486000,AAPL
2017-10-17,37.376705169677734,37.46987182902115,37.08788283918476,37.215989661342135,75989200,AAPL
2017-10-18,37.21133041381836,37.43260745030128,37.17406588237725,37.36505860103378,65496800,AAPL
2017-10-19,36.33089828491211,36.5871119722712,36.107296843290385,36.51024786606347,170336800,AAPL
2017-10-20,36.393775939941406,36.743156188964846,36.326230655591935,36.47762734187022,95896400,AAPL
2017-10-23,36.37514877319336,36.729188487574625,36.21909265896591,36.542851608738154,87937200,AAPL
2017-10-24,36.59177017211914,36.666302798854936,36.38213982913323,36.403101797207604,71028800,AAPL
2017-10-25,36.43104934692383,36.69657823284768,36.16552046099998,36.54750944696201,84828400,AAPL
2017-10-26,36.663970947265625,36.761797008544235,36.51723007830754,36.62204346152888,68002000,AAPL
2017-10-27,37.97764587402344,38.10575271694487,36.96444140755853,37.10186349629206,177816800,AAPL
2017-10-30,38.83246612548828,39.146909898881574,38.13370534379751,38.173301361603585,178803200,AAPL
2017-10-31,39.37283706665039,39.51491855976353,38.883706679435335,39.10730812671052,144187200,AAPL
2017-11-01,38.87205123901367,39.58245854526735,38.57391367345149,39.566152425643104,134551200,AAPL
2017-11-02,39.156219482421875,39.247058228740606,38.49705481387086,38.80451121930693,165573600,AAPL
2017-11-03,40.17874526977539,40.5886836521891,39.85731417031122,40.52812566342561,237594400,AAPL
2017-11-06,40.58634948730469,40.758711734467276,39.9970615983004,40.148458323966565,140105200,AAPL
2017-11-07,40.71678161621094,40.81926707795538,40.43495015049409,40.50715484742848,97446000,AAPL
2017-11-08,41.04986572265625,41.04986572265625,40.60498719669403,40.68185130490328,97638000,AAPL
2017-11-09,40.96601486206055,41.0172576015806,40.327812095180505,40.78666527374036,117930400,AAPL
2017-11-10,40.8304328918457,40.996402330142,40.73693129386803,40.93328678973554,100582000,AAPL
2017-11-13,40.66680908203125,40.790700322015965,40.5335655408074,40.55694272704739,67928400,AAPL
2017-11-14,40.05202102661133,40.55226208172439,40.01461895951602,40.449408180641015,99130000,AAPL
2017-11-15,39.523719787597656,39.813580380903474,39.36009024575425,39.731763826553525,116632400,AAPL
2017-11-16,39.99591064453125,40.17590135574992,39.80890392663494,40.01460810615006,94550000,AAPL
2017-11-17,39.77384567260742,40.063706318434406,39.654630606275354,39.98188974925974,87598000,AAPL
2017-11-20,39.73411178588867,39.869691608046615,39.63593403195173,39.80657606378088,65049600,AAPL
2017-11-21,40.4727783203125,40.60368196550586,39.921110410671325,39.921110410671325,100525200,AAPL
2017-11-22,40.898223876953125,40.907572609846746,40.451746085565624,40.524210357777335,102355600,AAPL
2017-11-24,40.90055465698242,41.0244458605575,40.82575053648445,40.93094427679182,56106800,AAPL
2017-11-27,40.69484329223633,40.92626450683943,40.51952516304331,40.91925206702023,82867200,AAPL
2017-11-28,40.456424713134766,40.877185489404816,40.173576481492574,40.7439455280813,105715200,AAPL
2017-11-29,39.61722946166992,40.421356022358474,39.07491378830195,40.35356790075893,166665600,AAPL
2017-11-30,40.171234130859375,40.23902224712282,39.37412007422577,39.839295289727644,166108800,AAPL
2017-12-01,39.98423385620117,40.12916241108595,39.38815132748786,39.727099097349935,159037200,AAPL
2017-12-04,39.692020416259766,40.35121464843306,39.65228207308407,40.31848874423801,130169600,AAPL
2017-12-05,39.65462875366211,40.09409406815887,39.36476812137704,39.51904895308636,109400800,AAPL
2017-12-06,39.50736999511719,39.785542104908174,38.9112909791169,39.154397309411614,114240000,AAPL
2017-12-07,39.579833984375,39.84164132481947,39.48399252337033,39.51204229074438,102693200,AAPL
2017-12-08,39.59151840209961,39.972544381752805,39.4629545923694,39.853329305384676,93420800,AAPL
2017-12-11,40.3629150390625,40.41434198453013,39.45593461920474,39.5517760691087,141095200,AAPL
2017-12-12,40.136165618896484,40.29745887898939,40.08006609667753,40.24135578991373,77636800,AAPL
2017-12-13,40.26942825317383,40.56629787760068,40.20631269382944,40.32319150979988,95273600,AAPL
2017-12-14,40.25773620605469,40.47045648892587,40.12449265518216,40.29981086410406,81906000,AAPL
2017-12-15,40.66680908203125,40.713559887653396,40.31383639769752,40.587332355787815,160677200,AAPL
2017-12-18,41.2395133972168,41.421844031172604,40.87485212930518,40.879528279802386,117684400,AAPL
2017-12-19,40.800052642822266,40.9987480427545,40.6948624292115,40.91459515849426,109745600,AAPL
2017-12-20,40.755615234375,41.00573386583977,40.49848059748987,40.87716654739721,93902400,AAPL
2017-12-21,40.909908294677734,41.146005707313414,40.69719163107256,40.713552805108094,83799600,AAPL
2017-12-22,40.909908294677734,41.00574974798811,40.79069322605128,40.83276787373455,65397600,AAPL
2017-12-26,39.872032165527344,40.08241256095756,39.66398449497271,39.92579541025149,132742000,AAPL
2017-12-27,39.8790397644043,39.92111441163747,39.67099568597355,39.76216098850259,85992800,AAPL
2017-12-28,39.991241455078125,40.17123576447634,39.850985500534065,39.97254042334844,65920800,AAPL
2017-12-29,39.55878829956055,39.87669870309674,39.55645200818158,39.86033752972982,103999600,AAPL
2018-01-02,40.267066955566406,40.27641925330551,39.56579443310673,39.77617832995853,102223600,AAPL
2018-01-03,40.260066986083984,40.80238628352514,40.19695500765061,40.33019497342311,118071600,AAPL
2018-01-04,40.44706726074219,40.5499211500562,40.224998308918046,40.33252478094121,89738400,AAPL
2018-01-05,40.907569885253906,40.9940590344742,40.451743391332485,40.54290869011677,94640000,AAPL
2018-01-08,40.755615234375,41.05014835465228,40.65743396076007,40.755615234375,82271200,AAPL
2018-01-09,40.75094985961914,40.921591854561065,40.53589336412295,40.802376800591794,86336000,AAPL
2018-01-10,40.74161911010742,40.74395896938899,40.44007331205385,40.47747539197235,95839600,AAPL
2018-01-11,40.973018646240234,41.02210929584681,40.788351771134415,40.8117253834916,74670800,AAPL
2018-01-12,41.39613342285156,41.4592489749362,41.05952190087746,41.1834131462071,101672400,AAPL
2018-01-16,41.185733795166016,41.93375706907156,41.174045206993554,41.58545711592752,118263600,AAPL
2018-01-17,41.86598587036133,41.901048082180715,40.923943066330935,41.176398125146065,137547200,AAPL
2018-01-18,41.90338134765625,42.09974042023661,41.6672874824555,41.929094823419305,124773600,AAPL
2018-01-19,41.71637725830078,41.97818459371661,41.470931097919724,41.75143946684489,129700400,AAPL
2018-01-22,41.37508773803711,41.5574183478053,41.28158614164321,41.44521571876117,108434400,AAPL
2018-01-23,41.38444519042969,41.94546558756909,41.333021798378475,41.44522445106315,130756400,AAPL
2018-01-24,40.72523880004883,41.44521244943131,40.486805111138345,41.43352385908979,204420400,AAPL
2018-01-25,39.998252868652344,40.89588096747637,39.86267306723772,40.79302707903376,166116000,AAPL
2018-01-26,40.091758728027344,40.206301219057266,39.75281097181956,40.206301219057266,156572000,AAPL
2018-01-29,39.26192092895508,39.7761868421077,39.05387684544463,39.7761868421077,202561600,AAPL
2018-01-30,39.0305061340332,39.124007745796824,38.499875391787135,38.693894624711604,184192800,AAPL
2018-01-31,39.13802719116211,39.374124613366014,38.92063436894064,39.007123526143936,129915600,AAPL
2018-02-01,39.2198600769043,39.41621565609654,38.98142626396581,39.07726776102113,188923200,AAPL
2018-02-02,37.518089294433594,38.990762671698725,37.42458769489759,38.80375590576933,346375200,AAPL
2018-02-05,36.580726623535156,38.30819507475602,36.46618412011472,37.19083407744985,290954000,AAPL
2018-02-06,38.109500885009766,38.27079419819336,35.998670062167655,36.192689296369814,272975200,AAPL
2018-02-07,37.29367446899414,38.19597867026354,37.183811712279685,38.12351440723926,206434400,AAPL
2018-02-08,36.267486572265625,37.634969821723445,36.23943680447615,37.46900037296808,217562000,AAPL
2018-02-09,36.711090087890625,37.058460813619604,35.26292594672998,36.865999961496776,282690400,AAPL
2018-02-12,38.18976593017578,38.46672273816519,36.96926786105699,37.20163266035302,243278000,AAPL
2018-02-13,38.572349548339844,38.66858177983185,37.94097729101988,38.01139120629208,130196800,AAPL
2018-02-14,39.28351593017578,39.32341630642415,38.22966752219258,38.26721850010876,162579600,AAPL
2018-02-15,40.60259246826172,40.62606138201437,39.66609578151257,39.851515600178224,204588800,AAPL
2018-02-16,40.471153259277344,41.032115117639805,40.31624696133215,40.454725377080166,160704400,AAPL
2018-02-20,40.335018157958984,40.900667983713674,40.23409073734247,40.381959561813375,135722000,AAPL
2018-02-21,40.15193176269531,40.86779600830932,40.13784612263408,40.565021002863894,149886400,AAPL
2018-02-22,40.48758316040039,40.827912853294784,40.302163340873086,40.32328643776861,123967600,AAPL
2018-02-23,41.19171905517578,41.22692422009872,40.73168460558105,40.762198136114456,135249600,AAPL
2018-02-26,42.00617218017578,42.10475023951389,41.35837196963928,41.391231322751985,152648800,AAPL
2018-02-27,41.87002944946289,42.36057381022389,41.81604700695905,42.03667557380085,155712400,AAPL
2018-02-28,41.8066520690918,42.39342858513631,41.790224188970356,42.07422201715211,151128400,AAPL
2018-03-01,41.0743522644043,42.19626857117151,40.52513035651895,41.90522615725141,195208000,AAPL
2018-03-02,41.35835647583008,41.37947957033199,40.47584232615504,40.55799246886187,153816000,AAPL
2018-03-05,41.501529693603516,41.71746301418378,40.96169460145311,41.12364548723818,113605600,AAPL
2018-03-06,41.46631622314453,41.83715935575729,41.33957409039291,41.75735862101,95154000,AAPL
2018-03-07,41.081398010253906,41.273862430596104,40.903019234965775,41.06027491477236,126814000,AAPL
2018-03-08,41.52970504760742,41.571951247634466,41.090797256346484,41.18702590576379,95096400,AAPL
2018-03-09,42.243221282958984,42.24791649869535,41.63532156620826,41.76910835419292,128740800,AAPL
2018-03-12,42.65161895751953,42.808874660866046,42.29720717069979,42.315980870782745,128828400,AAPL
2018-03-13,42.240867614746094,43.06939575890961,42.069529876916704,42.85580825010609,126774000,AAPL
2018-03-14,41.88176345825195,42.36996197589975,41.73389462212503,42.323020568345115,117473600,AAPL
2018-03-15,41.93104553222656,42.30423809273555,41.79491654145905,41.89584037623486,90975200,AAPL
2018-03-16,41.78318405151367,42.04136357525891,41.68929765809745,41.931049301369676,157618800,AAPL
2018-03-19,41.14476776123047,41.65408931941201,40.75984253110528,41.61888416294302,133787200,AAPL
2018-03-20,41.13068389892578,41.49683183577984,41.060270007669395,41.13068389892578,78597600,AAPL
2018-03-21,40.198890686035156,41.09548343216158,40.196541287634304,41.08374718435731,148219600,AAPL
2018-03-22,39.630882263183594,40.529820619288714,39.57220461907548,39.90079799352127,165963200,AAPL
2018-03-23,38.71316146850586,39.882019088604274,38.71316146850586,39.522912207842715,164115200,AAPL
2018-03-26,40.55094528198242,40.62840019813181,39.06522697707837,39.44780634373773,150164800,AAPL
2018-03-27,39.51117706298828,41.1095554946715,39.17788847855881,40.76453066529328,163690400,AAPL
2018-03-28,39.07461166381836,39.90548902283633,38.771836627789,39.25533979150965,166674000,AAPL
2018-03-29,39.379756927490234,40.31155859759741,39.173210386589695,39.38679796125724,153594000,AAPL
2018-04-02,39.12155532836914,39.652003498357566,38.60284698433149,39.112168481567124,150347200,AAPL
2018-04-03,39.522926330566406,39.607422308079656,38.69909323586246,39.3468933425305,121112000,AAPL
2018-04-04,40.27867889404297,40.37256168443263,38.673259541147125,38.699077845714115,138422000,AAPL
2018-04-05,40.55799102783203,40.893625455435775,40.388999115021946,40.50635441106232,107732800,AAPL
2018-04-06,39.52057647705078,40.482887897857516,39.478326701909054,40.12847614077942,140021200,AAPL
2018-04-09,39.91255187988281,40.62607077179569,39.865610460128146,39.872651494021305,116070800,AAPL
2018-04-10,40.66360855102539,40.83964148847571,40.25990606129403,40.60493090520861,113634400,AAPL
2018-04-11,40.47350311279297,40.82087385529702,40.29981595084088,40.42421230284707,89726400,AAPL
2018-04-12,40.87250518798828,41.07435645439156,40.61432208628652,40.70116744671329,91557200,AAPL
2018-04-13,41.0109748840332,41.27150374722492,40.80443202790385,41.022711128238015,100497200,AAPL
2018-04-16,41.26681900024414,41.35366077533175,41.03445421925359,41.08139562250636,86313600,AAPL
2018-04-17,41.83482360839844,41.999120331657075,41.40530272955087,41.42408000955185,106421600,AAPL
2018-04-18,41.74093246459961,41.970951432420364,41.515612292995044,41.73389143307444,83018000,AAPL
2018-04-19,40.55799102783203,41.16589060178529,40.5251316881967,40.78331119064587,139235200,AAPL
2018-04-20,38.8962516784668,40.18716033557367,38.828183580053235,40.041640869366155,261964400,AAPL
2018-04-23,38.78357696533203,39.17788901493464,38.51365765341196,39.156765922577186,146062000,AAPL
2018-04-24,38.24374008178711,39.039408754872795,37.840037622972055,38.88449892224397,134768000,AAPL
2018-04-25,38.410396575927734,38.82583543069064,38.119357660993536,38.16864489208386,113528400,AAPL
2018-04-26,38.54417419433594,38.89858590345385,38.344668756042076,38.520701702278025,111852000,AAPL
2018-04-27,38.09823226928711,38.56999935976334,37.70157072022894,38.49254441988215,142623200,AAPL
2018-04-30,38.78828430175781,39.25770564498742,37.98557423460327,38.05364233495592,169709600,AAPL
2018-05-01,39.68955993652344,39.71302884534446,38.790617998357064,39.058187912431194,214277600,AAPL
2018-05-02,41.44285202026367,41.71980880691432,40.79270266081835,41.128337096986456,266157600,AAPL
2018-05-03,41.51796340942383,41.66113703771084,40.94292307926782,41.28090696121748,136272800,AAPL
2018-05-04,43.14685821533203,43.245436256270295,41.818395107706486,41.83717238903761,224805200,AAPL
2018-05-07,43.45901870727539,44.04814106669595,43.36278649476054,43.463710341007975,169805600,AAPL
2018-05-08,43.667911529541016,43.70781190513855,43.109299108375836,43.41911884558,113611200,AAPL
2018-05-09,43.97538757324219,43.98477442343587,43.47310692497295,43.78527251956743,92844800,AAPL
2018-05-10,44.604400634765625,44.68185556216297,44.04344244670562,44.064569122468185,111957200,AAPL
2018-05-11,44.43476104736328,44.78111639096404,44.16615931102086,44.646817320397844,104848800,AAPL
2018-05-14,44.331092834472656,44.656243653269094,44.26276586287573,44.53372248173257,83115200,AAPL
2018-05-15,43.928199768066406,44.07663883685339,43.61247553480892,44.008308257959634,94780800,AAPL
2018-05-16,44.33814239501953,44.404118071374505,43.824502106780066,43.840996924671,76732400,AAPL
2018-05-17,44.057777404785156,44.510159080061804,43.90933837555642,44.29574794788918,69176000,AAPL
2018-05-18,43.897560119628906,44.25098366663279,43.85515101968935,44.10490308433846,73190800,AAPL
2018-05-21,44.20856857299805,44.59497812152537,44.038925005819245,44.29574521897252,73603200,AAPL
2018-05-22,44.09782028198242,44.50307943581472,44.00828519595627,44.385271625868334,60962800,AAPL
2018-05-23,44.38056564331055,44.41355169174006,43.76796349223717,43.90697946331335,80233600,AAPL
2018-05-24,44.331092834472656,44.49366824387088,43.874001393175,44.47717701426208,92936000,AAPL
2018-05-25,44.43239974975586,44.68450662598143,44.21327532554309,44.34993283409535,69844000,AAPL
2018-05-29,44.272193908691406,44.47246871582709,44.02950999616362,44.20151206637124,90056400,AAPL
2018-05-30,44.17792510986328,44.295732910156254,44.008281589824705,44.229760829608885,74762000,AAPL
2018-05-31,44.02948760986328,44.34992498123116,43.857489222317014,44.111954510921706,109931200,AAPL
2018-06-01,44.82352828979492,44.82823801484715,44.23684395189632,44.293393009412675,93770000,AAPL
2018-06-04,45.19815444946289,45.57278250226014,45.0850599344167,45.15338689688778,105064800,AAPL
2018-06-05,45.546875,45.6953140564857,45.323040781395484,45.49032952721355,86264000,AAPL
2018-06-06,45.70472717285156,45.72829017819991,45.219359462438206,45.62226384455202,83734400,AAPL
2018-06-07,45.582210540771484,45.756563841147845,45.3183185372882,45.74242747573462,85388800,AAPL
2018-06-08,45.167537689208984,45.23822313189476,44.71280102613651,45.04266163172219,106627200,AAPL
2018-06-11,45.05678176879883,45.23113865191412,44.816456383543546,45.08505809281272,73234000,AAPL
2018-06-12,45.304176330566406,45.38192992552389,45.037929498912845,45.0944785484845,67644400,AAPL
2018-06-13,44.93191146850586,45.44555554341027,44.870652683238966,45.33717074386563,86553600,AAPL
2018-06-14,44.95546340942383,45.136888453145275,44.8188059111202,45.13217513383571,86440400,AAPL
2018-06-15,44.49365997314453,44.80467436726028,44.35700246014303,44.774043181267466,246876800,AAPL
2018-06-18,44.47011184692383,44.583206384745495,44.10726162839729,44.267482185920976,73939600,AAPL
2018-06-19,43.7514762878418,43.90227017955534,43.223695869239414,43.62188694452313,134314000,AAPL
2018-06-20,43.942325592041016,44.10725585377342,43.76090050653034,43.90698467710195,82514800,AAPL
2018-06-21,43.697288513183594,44.37821773005367,43.57476734474176,44.11903902665944,102847600,AAPL
2018-06-22,43.57005310058594,43.859859393539764,43.51821736100589,43.85279121043432,108801600,AAPL
2018-06-25,42.92211151123047,43.5700546843232,42.58282432899554,43.21191781471853,126652400,AAPL
2018-06-26,43.454593658447266,43.94938797353978,43.009280212947836,43.115310134188796,98276800,AAPL
2018-06-27,43.3909912109375,44.12611109590688,43.36036001732693,43.64309815806819,101141200,AAPL
2018-06-28,43.706703186035156,43.873991879852326,43.306157299059485,43.37684271328096,69460800,AAPL
2018-06-29,43.61481475830078,44.104895760187524,43.096461027816034,43.89283951007356,90950800,AAPL
2018-07-02,44.102542877197266,44.13081920457902,43.216629182120954,43.31087761470998,70925200,AAPL
2018-07-03,43.334434509277344,44.283965391794474,43.244899402321124,44.24626602094871,55819200,AAPL
2018-07-05,43.683143615722656,43.92111774246245,43.41925521678168,43.65015756585503,66416800,AAPL
2018-07-06,44.28867721557617,44.39705840908352,43.636020811298415,43.6878565456575,69940800,AAPL
2018-07-09,44.90363693237305,44.92719634335544,44.6020491482026,44.649171565377365,79026400,AAPL
2018-07-10,44.84944152832031,45.06856236255624,44.809383703042094,44.93426330823316,63756400,AAPL
2018-07-11,44.2674674987793,44.71513577573598,44.20385026945704,44.41354804479918,75326000,AAPL
2018-07-12,45.00966262817383,45.09919773617647,44.60440337487018,44.65623911158645,72164400,AAPL
2018-07-13,45.08034896850586,45.20051167231687,44.97903235551187,45.02144504787517,50055600,AAPL
2018-07-16,44.98139190673828,45.391360903359555,44.86593892521994,45.12511762037944,60172400,AAPL
2018-07-17,45.108619689941406,45.207577840766284,44.57848442788754,44.708073766542675,62138000,AAPL
2018-07-18,44.861228942871094,45.191093088092565,44.750489273536566,45.186379767318016,65573600,AAPL
2018-07-19,45.20994186401367,45.36780395227822,44.693942903525354,44.693942903525354,81147200,AAPL
2018-07-20,45.106266021728516,45.33952324227363,44.80703310367688,45.18637448948724,82704800,AAPL
2018-07-23,45.14632034301758,45.22878726865295,44.66330748260312,44.92719589230041,63957600,AAPL
2018-07-24,45.473819732666016,45.62932692206322,45.24998558773883,45.34423040816834,74791600,AAPL
2018-07-25,45.902652740478516,45.909720923914165,45.339527761896065,45.48796680446535,66839600,AAPL
2018-07-26,45.75893020629883,46.17125771308381,45.617559337316905,45.85317505547975,76304000,AAPL
2018-07-27,44.997886657714844,45.98983036478812,44.79054728056739,45.942707942491445,96096000,AAPL
2018-07-30,44.74577713012695,45.2853354853208,44.547860810814726,45.21465005836353,84118000,AAPL
2018-07-31,44.835296630859375,45.27118698424911,44.6114625015008,44.83765508809221,157492000,AAPL
2018-08-01,47.47655487060547,47.53781364713079,46.489324692851646,46.918146914157724,271742800,AAPL
2018-08-02,48.864349365234375,49.09761024779304,47.20561609711678,47.25980671197794,249616000,AAPL
2018-08-03,49.005706787109375,49.182418547865296,48.41430912684515,48.7795141514494,133789600,AAPL
2018-08-06,49.260169982910156,49.302579077921635,48.78893864166359,49.008059489642534,101701600,AAPL
2018-08-07,48.79836654663086,49.36148791169574,48.715899615615555,49.31907881246056,102349600,AAPL
2018-08-08,48.831356048583984,48.963300271358555,48.188126164952756,48.548617914751276,90102000,AAPL
2018-08-09,49.21540832519531,49.427461016071646,48.81957208162651,49.368557091360415,93970400,AAPL
2018-08-10,49.068809509277344,49.44002519266483,48.86546923859156,49.0286148009558,98444800,AAPL
2018-08-13,49.385643005371094,49.87744283435731,49.10900627803238,49.48967807024764,103563600,AAPL
2018-08-14,49.59370422363281,49.785221646005944,49.24140438229996,49.69064629919543,82992000,AAPL
2018-08-15,49.709571838378906,49.82779284898479,49.25796671198787,49.46839996655359,115230400,AAPL
2018-08-16,50.43780517578125,50.553659437598704,50.00038606730865,50.06658953343815,114001600,AAPL
2018-08-17,51.44506072998047,51.532543132376475,50.39998732105406,50.46619080521633,141708000,AAPL
2018-08-20,50.943790435791016,51.82335127939345,50.86103429992759,51.56799711668782,121150800,AAPL
2018-08-21,50.84449005126953,51.3528425555406,50.60568491149106,51.26063031267377,104639200,AAPL
2018-08-22,50.84685516357422,51.15659362058982,50.5607587429564,50.622235974791955,76072400,AAPL
2018-08-23,50.950897216796875,51.31974622714638,50.74046394254264,50.75228315845391,75532800,AAPL
2018-08-24,51.10930633544922,51.28427111585805,50.861041500529375,51.21334139829706,73905600,AAPL
2018-08-27,51.5301628112793,51.71931710624487,51.14949110049513,51.343371637166726,82100400,AAPL
2018-08-28,51.94631576538086,52.14492621424723,51.761891261745056,51.783170179590904,91107200,AAPL
2018-08-29,52.721839904785156,52.8424276423776,51.8777437807323,52.0527085641898,109019200,AAPL
2018-08-30,53.206546783447266,53.970253487975114,52.58470312439228,52.78568028191906,195175200,AAPL
2018-08-31,53.8213005065918,54.11448631513181,53.43589884273721,53.55648297936392,173360400,AAPL
2018-09-04,53.993896484375,54.18777705269031,53.584852825321335,54.005719306205876,109560400,AAPL
2018-09-05,53.6416015625,54.303639960299556,53.223101771937806,54.14286111353829,133332000,AAPL
2018-09-06,52.75020980834961,53.75508827339755,52.32461350158914,53.49027078929188,137160000,AAPL
2018-09-07,52.32461929321289,53.286936430190956,52.18511936850075,52.45466312464746,150479200,AAPL
2018-09-10,51.62238311767578,52.45465998116174,51.18260084633692,52.24186001307081,158066000,AAPL
2018-09-11,52.92754364013672,53.033941819572114,51.20387942357245,51.54671960522813,142996000,AAPL
2018-09-12,52.270240783691406,53.19945622059127,51.97941449205581,53.18527027618349,197114800,AAPL
2018-09-13,53.532833099365234,53.991531148163254,52.62489670197329,52.84951587627025,166825600,AAPL
2018-09-14,52.92517852783203,53.63450455616086,52.613076951433094,53.37678363174455,127997200,AAPL
2018-09-17,51.5159912109375,52.71475044000342,51.371761426756805,52.52559609238329,148780400,AAPL
2018-09-18,51.601112365722656,52.45466827869166,51.336294826285084,51.49471056093672,126286800,AAPL
2018-09-19,51.63182830810547,51.927380750420156,50.9059533858459,51.66256691660792,108495200,AAPL
2018-09-20,52.02433776855469,52.55633231761007,51.81626763486653,52.073992180573526,106435200,AAPL
2018-09-21,51.46397018432617,52.33880492393241,51.37648418489235,52.20166812140533,384986800,AAPL
2018-09-24,52.20403289794922,52.31516093786843,51.2204368199305,51.26536138174706,110773600,AAPL
2018-09-25,52.53504943847656,52.68400905547717,51.946307549786276,51.958130371548314,98217600,AAPL
2018-09-26,52.116539001464844,52.903891200651834,51.9604864341698,52.25367577807399,95938800,AAPL
2018-09-27,53.1876220703125,53.539921915292425,52.85423801645415,52.920445089288755,120724800,AAPL
2018-09-28,53.37442398071289,53.39806601850307,52.96774340940435,53.14980117088278,91717600,AAPL
2018-10-01,53.73381042480469,54.244526037328285,53.51865093552065,53.89695599056796,94403200,AAPL
2018-10-02,54.21141815185547,54.38165667005677,53.584848333349555,53.731441209871306,99152800,AAPL
2018-10-03,54.87110137939453,55.20211876466658,54.329647132562286,54.39348748822865,114619200,AAPL
2018-10-04,53.906410217285156,54.93729743069975,53.60849100299046,54.56608177727491,128168000,AAPL
2018-10-05,53.03157043457031,54.00571385150835,52.15437270372623,53.899315681414315,134322000,AAPL
2018-10-08,52.908634185791016,53.15216918862936,52.06453440498348,52.53978519538805,118655600,AAPL
2018-10-09,53.6416015625,53.73618053808223,52.54924055121309,52.87789482474594,107564000,AAPL
2018-10-10,51.156585693359375,53.51864231494605,51.08328925859234,53.30820910217498,167962400,AAPL
2018-10-11,50.704986572265625,51.89901940310349,50.20136756167063,50.721539244147124,212497600,AAPL
2018-10-12,52.51613235473633,52.69819370350563,51.27008201426514,52.11654480060176,161351600,AAPL
2018-10-15,51.39303970336914,52.44993586441361,51.371760786579564,52.291520137503866,123164000,AAPL
2018-10-16,52.525596618652344,52.72421066994395,51.251174194641926,51.764252977522055,116736000,AAPL
2018-10-17,52.298606872558594,52.64144705306185,51.86118772679396,52.56105763845365,91541600,AAPL
2018-10-18,51.076202392578125,51.955766930543895,50.36214653480621,51.51125481132157,130325200,AAPL
2018-10-19,51.854087829589844,52.315148949225154,51.40957577177829,51.55853536728283,132314800,AAPL
2018-10-22,52.17091751098633,52.811676815922965,51.766603776043624,51.96757727920233,115168400,AAPL
2018-10-23,52.66272735595703,52.785678210129554,50.76409832307149,51.03127894622945,155071200,AAPL
2018-10-24,50.856300354003906,53.01737972593883,50.726256554329126,52.631981784125564,163702000,AAPL
2018-10-25,51.9699592590332,52.34353810184047,51.24881034120332,51.475796278943854,119423200,AAPL
2018-10-26,51.14239501953125,52.06215406994389,50.28410957792078,51.0478160738919,189033600,AAPL
2018-10-29,50.182456970214844,51.94394934491909,48.728336343503514,51.82572833174674,183742000,AAPL
2018-10-30,50.43308639526367,50.8775949642934,49.480225290241705,49.924733859271434,146640000,AAPL
2018-10-31,51.74770736694336,52.123649361726414,51.21807587449459,51.279553116688625,153435600,AAPL
2018-11-01,52.54214096069336,52.57524269602282,51.26298888864335,51.79262026173322,233292800,AAPL
2018-11-02,49.056983947753906,50.51583061906915,48.572277138067086,49.54642060751403,365314800,AAPL
2018-11-05,47.66435623168945,48.32639475211834,46.85572478172848,48.305115831602976,264654800,AAPL
2018-11-06,48.179786682128906,48.40440585745062,47.68798689600997,47.74236754506671,127531600,AAPL
2018-11-07,49.64100646972656,49.66701523890736,48.26491564822979,48.69996814378195,133697600,AAPL
2018-11-08,49.467796325683594,49.85453905967433,49.054950457423345,49.821321825704445,101450400,AAPL
2018-11-09,48.51397705078125,48.879366587122874,47.98724409420614,48.7702258096886,137463200,AAPL
2018-11-12,46.07014465332031,47.41782343812402,45.97998201189665,47.21614498875257,204542000,AAPL
2018-11-13,45.60984420776367,46.784315386331606,45.42477619758487,45.46748614938422,187531600,AAPL
2018-11-14,44.32147979736328,46.14368876236647,44.115055029309836,46.006073457133304,243204000,AAPL
2018-11-15,45.415279388427734,45.54814833515879,44.34520285307609,44.698732002376936,185915200,AAPL
2018-11-16,45.91829299926758,46.25995813873549,44.95261796519588,45.1993741101405,147713200,AAPL
2018-11-19,44.09844207763672,45.24681341876194,43.892020958745455,45.080727252963975,167701200,AAPL
2018-11-20,41.991512298583984,43.056842423109295,41.642729521839435,42.32131328103685,271300800,AAPL
2018-11-21,41.94406509399414,42.77212832849176,41.889494691042145,42.64400210541268,124496800,AAPL
2018-11-23,40.878726959228516,41.901350698379524,40.83364927354388,41.507486637209176,94496000,AAPL
2018-11-26,41.43156433105469,41.50986287918792,40.39708001756018,41.341405328689035,179994000,AAPL
2018-11-27,41.34140396118164,41.467155183306716,40.54418668522253,40.693662435434945,165549600,AAPL
2018-11-28,42.93109130859375,43.014132585864616,41.505114329859374,41.932195651447095,184250000,AAPL
2018-11-29,42.601287841796875,43.37240554234032,42.16234247178632,43.33918830928703,167080000,AAPL
2018-11-30,42.37114715576172,42.78636446319983,42.00338253080645,42.776871754458696,158126000,AAPL
2018-12-03,43.8516845703125,43.88015544911543,42.99515063572571,43.76626831349695,163210000,AAPL
2018-12-04,41.922706604003906,43.27512777330079,41.823054898940676,42.9334627157085,165377200,AAPL
2018-12-06,41.455291748046875,41.469527189200136,40.43504289397928,40.75297981442607,172393600,AAPL
2018-12-07,39.97711944580078,41.40072149253783,39.93203813505562,41.16345448474832,169126400,AAPL
2018-12-10,40.240478515625,40.35673701084698,38.75281363862703,39.149049033793,248104000,AAPL
2018-12-11,40.01033401489258,40.76009495801711,39.623587659446784,40.72925271093741,189126800,AAPL
2018-12-12,40.121864318847656,40.79095559587656,40.1028825181677,40.43030862377407,142510800,AAPL
2018-12-13,40.5608024597168,40.945177551940816,40.22863002980266,40.45166164149128,127594400,AAPL
2018-12-14,39.262935638427734,40.11709814501256,39.21548297037447,40.098116353709955,162814800,AAPL
2018-12-17,38.897560119628906,39.943908661901204,38.61046540084833,39.25583205591823,177151600,AAPL
2018-12-18,39.40293502807617,39.74934284350836,39.00432455915935,39.239220208007154,135366000,AAPL
2018-12-19,38.17388153076172,39.73035222871584,37.746800273297104,39.38631585646059,196189200,AAPL
2018-12-20,37.21058654785156,38.4633561025011,36.84756830306149,38.05762791222595,259092000,AAPL
2018-12-21,35.763248443603516,37.52614386743345,35.50225695564013,37.21769609037985,382978400,AAPL
2018-12-24,34.837921142578125,35.95782190038735,34.7809757476291,35.15111176377815,148676800,AAPL
2018-12-26,37.291259765625,37.30549520857778,34.811819953403344,35.186702306259825,234330000,AAPL
2018-12-27,37.04924011230469,37.19634811223778,35.606659957323785,36.97568792254167,212468400,AAPL
2018-12-28,37.06821823120117,37.61156162757762,36.66961145378511,37.3695483010569,169165600,AAPL
2018-12-31,37.42650604248047,37.81087750774478,37.12754724024566,37.613945420363905,140014000,AAPL
2019-01-02,37.46919250488281,37.68985262858801,36.59367696901874,36.7502740090152,148158800,AAPL
2019-01-03,33.73699188232422,34.57454401761466,33.69191057763836,34.16169817620422,365248800,AAPL
2019-01-04,35.177207946777344,35.24601741169735,34.11899903898665,34.29220295413125,234428400,AAPL
2019-01-07,35.098907470703125,35.31244995449789,34.61725572428317,35.28160408429917,219111200,AAPL
2019-01-08,35.768001556396484,36.021878993464554,35.238897140785376,35.48565323681881,164101200,AAPL
2019-01-09,36.375404357910156,36.66487039683081,35.50226350768915,35.89612398881753,180396400,AAPL
2019-01-10,36.491661071777344,36.531996022628334,35.79409559379819,36.18321328363876,143122800,AAPL
2019-01-11,36.133392333984375,36.467939696000656,35.948324350827995,36.27338262516767,108092800,AAPL
2019-01-14,35.59005355834961,35.891383692191056,35.40498556947879,35.79173197667657,129756800,AAPL
2019-01-15,36.3184700012207,36.39439357653171,35.601922478356784,35.654121520311584,114843600,AAPL
2019-01-16,36.76215362548828,36.98518520942271,36.30185501531,36.320836811858406,122278800,AAPL
2019-01-17,36.98042297363281,37.40750416153968,36.36352752216668,36.586559010318375,119284800,AAPL
2019-01-18,37.208213806152344,37.45971625451414,37.00890676859886,37.369553633249645,135004000,AAPL
2019-01-22,36.3730354309082,37.18685958381331,36.21169197229735,37.11093601889627,121576000,AAPL
2019-01-23,36.52013397216797,36.80959998409829,35.99340097474768,36.57470436511674,92522400,AAPL
2019-01-24,36.23066329956055,36.6529981897714,36.002889050218684,36.565210574963224,101766000,AAPL
2019-01-25,37.431251525878906,37.51904280334224,36.615055849143104,36.8902828978478,134142000,AAPL
2019-01-28,37.084835052490234,37.091952773285364,36.458450279667375,36.963826558158345,104768400,AAPL
2019-01-29,36.700462341308594,37.519036488429236,36.565222017267494,37.07297331497307,166348800,AAPL
2019-01-30,39.20836639404297,39.42190521671021,38.01728520303353,38.73383245886544,244439200,AAPL
2019-01-31,39.490718841552734,40.09812176355808,39.044655736776996,39.41242029951825,162958400,AAPL
2019-02-01,39.50970458984375,40.09337942283648,39.36971429863973,39.61410265633867,130672400,AAPL
2019-02-04,40.631980895996094,40.729261252002615,39.69003045070155,39.72087632465673,125982000,AAPL
2019-02-05,41.327171325683594,41.54071383411568,40.89297582806122,41.01398071522067,144406400,AAPL
2019-02-06,41.34140396118164,41.6569695100412,41.01160297138825,41.43868068103189,112958400,AAPL
2019-02-07,40.55841827392578,41.27021921626802,40.41605663729461,40.904826038437854,126966800,AAPL
2019-02-08,40.606082916259766,40.665654071185585,40.13189521411374,40.26771919259328,95280000,AAPL
2019-02-11,40.37255096435547,40.79670082315533,40.329661489113064,40.7585744212062,83973600,AAPL
2019-02-12,40.72043991088867,40.746651352517674,40.436880761247586,40.532196747140816,89134000,AAPL
2019-02-13,40.55126953125,41.099324812062115,40.48931684716783,40.83959548318567,89960800,AAPL
2019-02-14,40.69900894165039,40.80861781758018,40.36064525814671,40.43927960962729,87342800,AAPL
2019-02-15,40.608455657958984,40.91345961424227,40.44880543364929,40.80623228578758,98507200,AAPL
2019-02-19,40.729984283447266,40.85151175450796,40.38685751910222,40.43928042114127,75891200,AAPL
2019-02-20,40.99209976196289,41.29948893444707,40.74428537587072,40.791941569049854,104457600,AAPL
2019-02-21,40.76097106933594,41.07312337466057,40.5798760468402,40.93730301677255,68998800,AAPL
2019-02-22,41.21609878540039,41.22324703447373,40.83722704077164,40.884883246572386,75652800,AAPL
2019-02-25,41.516326904296875,41.90711352229098,41.449607503854075,41.499648872153486,87493600,AAPL
2019-02-26,41.5401496887207,41.771286013409664,41.26373871380323,41.39241441823523,68280800,AAPL
2019-02-27,41.6688232421875,41.69980140101289,41.158894387635335,41.273273603636405,111341600,AAPL
2019-02-28,41.25897216796875,41.67835534148874,41.20416773449612,41.53776831669921,112861600,AAPL
2019-03-01,41.69266128540039,41.73555077281449,41.19702882720667,41.52824431177665,103544800,AAPL
2019-03-04,41.90235137939453,42.35509069759693,41.45437513566205,41.86422496802693,109744800,AAPL
2019-03-05,41.82610321044922,41.93809728384338,41.59020010429096,41.92380078697351,78949600,AAPL
2019-03-06,41.585426330566406,41.81656266632499,41.447220836488704,41.62116756354591,83241600,AAPL
2019-03-07,41.104095458984375,41.566368186765395,40.989719863594985,41.43054421304361,99185600,AAPL
2019-03-08,41.201786041259766,41.239912445241174,40.389234781584264,40.58462987503848,95997600,AAPL
2019-03-11,42.62910461425781,42.681527506223055,41.78319736904366,41.81655706066394,128044000,AAPL
2019-03-12,43.10807418823242,43.52745383687402,42.741113814227916,42.8912342977693,129870400,AAPL
2019-03-13,43.29869842529297,43.67757008556457,43.110451545781046,43.42737051589921,124130000,AAPL
2019-03-14,43.780033111572266,43.868200895214414,43.501240536772094,43.82054106149008,94318000,AAPL
2019-03-15,44.34952926635742,44.63785523657547,43.78241438212483,44.04691043760487,156171600,AAPL
2019-03-18,44.802276611328125,44.89044075986763,44.27089927495176,44.27328444822138,104879200,AAPL
2019-03-19,44.44721984863281,45.033401481377794,44.30186611779311,44.880899504425805,126585600,AAPL
2019-03-20,44.83562469482422,45.152543603093804,44.01830674487972,44.37573359295211,124140800,AAPL
2019-03-21,46.486942291259766,46.782416507691266,45.22879987925223,45.27884124565531,204136800,AAPL
2019-03-22,45.52427673339844,47.106486442351226,45.45993886884796,46.54651613890854,169630800,AAPL
2019-03-25,44.973838806152344,45.74587861908732,44.46390988385612,45.63388456100003,175381200,AAPL
2019-03-26,44.50917434692383,45.96033017793337,43.98256747013785,45.66962270436676,199202000,AAPL
2019-03-27,44.90949630737305,45.216881824139065,44.45199033761694,44.97621570071659,119393600,AAPL
2019-03-28,44.96906280517578,45.16922096451442,44.68550359481245,45.0238672363422,83121600,AAPL
2019-03-29,45.26215744018555,45.2931356005877,44.926175293457625,45.23356445269698,94256000,AAPL
2019-04-01,45.56954574584961,45.67438790998863,44.8880516813076,45.66485812631572,111448000,AAPL
2019-04-02,46.23197555541992,46.33682135310815,45.52427005695858,45.5337998404147,91062800,AAPL
2019-04-03,46.54890823364258,46.82293412913364,46.02467909036973,46.0485090099495,93087200,AAPL
2019-04-04,46.629905700683594,46.79193745474998,46.02227935106706,46.415447417089275,76457200,AAPL
2019-04-05,46.94206619262695,46.96589610699699,46.687099925418465,46.81100893546065,74106400,AAPL
2019-04-08,47.68075942993164,47.711733961677744,46.78480682813005,46.80387003624659,103526800,AAPL
2019-04-09,47.53778076171875,48.336035677504945,47.47344289751336,47.73317589155191,143072800,AAPL
2019-04-10,47.804656982421875,47.833253607870596,47.22324195607037,47.342384260292086,86781200,AAPL
2019-04-11,47.40671157836914,47.895195644215804,47.285187764028926,47.85945441527274,83603200,AAPL
2019-04-12,47.38766098022461,47.690283464181285,46.753826657487316,47.4662953407457,111042800,AAPL
2019-04-15,47.47344207763672,47.621181009035936,47.182734561059235,47.31855853470994,70146400,AAPL
2019-04-16,47.47821044921875,47.98337267920693,47.31379347996625,47.528251819139626,102785600,AAPL
2019-04-17,48.402740478515625,48.46231161438307,47.3256933239708,47.54729620414958,115627200,AAPL
2019-04-18,48.57668685913086,48.64578777647388,48.25738644559603,48.400354989181665,96783200,AAPL
2019-04-22,48.73634338378906,48.834040931260986,48.214499587608906,48.33126033721687,77758000,AAPL
2019-04-23,49.43928527832031,49.50362313511346,48.58622601734535,48.71251655805477,93292000,AAPL
2019-04-24,49.363040924072266,49.677574720140036,49.3368294714054,49.41069711912076,70162400,AAPL
2019-04-25,48.91505813598633,49.5060028744457,48.87693173068337,49.28439996099873,74172800,AAPL
2019-04-26,48.6815299987793,48.848328441881975,48.162067834907106,48.82449853461015,74596400,AAPL
2019-04-29,48.75541687011719,49.07948410291866,48.57670340282082,48.70537549946289,88818800,AAPL
2019-04-30,47.81657028198242,48.46708622241454,47.44484688744978,48.38607033097731,186139600,AAPL
2019-05-01,50.163673400878906,51.30505499845377,49.85628424061624,50.01117140720834,259309200,AAPL
2019-05-02,49.837215423583984,50.67121140289478,49.594167784628695,50.001632355540394,127985200,AAPL
2019-05-03,50.45675277709961,50.47819751368422,50.09455924795819,50.251827921445944,83569600,AAPL
2019-05-06,49.67756271362305,49.76334529835149,48.49090665482442,48.6791498523468,129772400,AAPL
2019-05-07,48.33841323852539,49.42499041337888,47.854695800035216,49.05803373574075,155054800,AAPL
2019-05-08,48.34794235229492,48.92935733960514,48.073916525359294,48.109657759852,105358000,AAPL
2019-05-09,47.8284797668457,48.057230920723306,46.8610449825507,47.75222695826382,139634400,AAPL
2019-05-10,47.165897369384766,47.56536833430933,46.11101823277178,47.22330722271242,164834800,AAPL
2019-05-13,44.42463684082031,45.32403587911326,43.73812763352999,44.90065057528068,229722400,AAPL
2019-05-14,45.12788391113281,45.376652571018006,44.35047683033014,44.589679009038655,146118800,AAPL
2019-05-15,45.66848373413086,45.86702199876712,44.49639441030362,44.55619496049758,106178800,AAPL
2019-05-16,45.467559814453125,46.039252991844464,45.17094773855048,45.4268958737944,132125600,AAPL
2019-05-17,45.209224700927734,45.663707510433305,44.673410353458074,44.714074297471804,131516400,AAPL
2019-05-20,43.7955322265625,44.09692935038118,43.12337459318291,43.89839107594167,154449200,AAPL
2019-05-21,44.63513946533203,44.970021141517655,44.18065301915265,44.30503920599439,113459200,AAPL
2019-05-22,43.72138595581055,44.422250430132046,43.666370461560184,44.17108734343066,118994400,AAPL
2019-05-23,42.975067138671875,43.18556258786972,42.53254161888472,43.00855529990352,146118800,AAPL
2019-05-24,42.81002426147461,43.56829490792796,42.726302019305706,43.104241988346736,94858800,AAPL
2019-05-28,42.63301467895508,43.197532117519515,42.55647185928589,42.79806481034798,111792800,AAPL
2019-05-29,42.4296875,42.900916127061286,42.09958729527348,42.20005178150852,113924800,AAPL
2019-05-30,42.64975357055664,42.87220986761559,42.25985281126963,42.56603133944261,84873600,AAPL
2019-05-31,41.877132415771484,42.57560242696121,41.85799580108924,42.15460420382392,108174400,AAPL
2019-06-03,41.453739166259766,42.558852087002684,40.72895684162504,42.003904918771,161584400,AAPL
2019-06-04,42.97027587890625,43.015724873298545,41.74556198761419,41.96562753683477,123872000,AAPL
2019-06-05,43.663970947265625,44.250019297013125,43.32908930449805,44.080184117507756,119093600,AAPL
2019-06-06,44.305030822753906,44.364831371467275,43.57067833258456,43.793138271764924,90105200,AAPL
2019-06-07,45.48429489135742,45.90768378892111,44.43659178289126,44.613599067232066,122737600,AAPL
2019-06-10,46.06556701660156,46.732939648630975,45.83593126422042,45.88138027302039,104883600,AAPL
2019-06-11,46.59898376464844,46.8836349896468,46.309551123217446,46.61094460560243,107731600,AAPL
2019-06-12,46.450679779052734,46.87645943951271,46.25931727268128,46.39326993216043,73012800,AAPL
2019-06-13,46.44110870361328,47.072602406865755,46.30955040496847,46.57267065219424,86698400,AAPL
2019-06-14,46.10383224487305,46.30715192007323,45.520178306772145,45.81918104965697,75046000,AAPL
2019-06-17,46.378929138183594,46.634877325421186,45.967500931552536,46.142117571014545,58676400,AAPL
2019-06-18,47.46966552734375,47.909796603556295,46.69465290399887,46.895581832278275,106204000,AAPL
2019-06-19,47.3309440612793,47.811742879326864,47.1969913965281,47.76389951339883,84496800,AAPL
2019-06-20,47.71128463745117,47.986365777928654,47.3692235058782,47.92895592124832,86056000,AAPL
2019-06-21,47.54861068725586,48.04376096889122,47.39791214068236,47.553395753002754,191202400,AAPL
2019-06-24,47.50077438354492,47.87871430604713,47.402700603352024,47.491204251365325,72881600,AAPL
2019-06-25,46.78077697753906,47.66343004792434,46.713797002206945,47.464891779808674,84281200,AAPL
2019-06-26,47.79261016845703,48.07726142928263,47.206565387311976,47.30702989408513,104270000,AAPL
2019-06-27,47.77825164794922,48.21599213856582,47.737587709468265,47.90980994600214,83598800,AAPL
2019-06-28,47.342891693115234,47.72083154888815,47.13478697915203,47.52468402313428,124442400,AAPL
2019-07-01,48.21120834350586,48.91446345681218,47.99592415477376,48.59871477331292,109012000,AAPL
2019-07-02,48.49346923828125,48.58915232452939,48.16576333648064,48.17772417850372,67740800,AAPL
2019-07-03,48.89532470703125,48.90250048134883,48.48389661312159,48.625025041282115,45448000,AAPL
2019-07-05,48.85226821899414,49.05559156534589,48.534128829376186,48.641772747995475,69062000,AAPL
2019-07-08,47.845237731933594,48.175334373362844,47.460121941985406,48.034205913986874,101354400,AAPL
2019-07-09,48.137046813964844,48.20162877299694,47.55578363312732,47.649072334998095,82312000,AAPL
2019-07-10,48.613059997558594,48.73266109242535,48.21359277869593,48.28296345768267,71588400,AAPL
2019-07-11,48.2590446472168,48.89053831965134,48.24947816503057,48.6321995013914,80767200,AAPL
2019-07-12,48.62981033325195,48.797251151333036,48.36668644059876,48.426486993480296,70380800,AAPL
2019-07-15,49.08668518066406,49.244555859075206,48.797248912027776,48.81877623409258,67789600,AAPL
2019-07-16,48.91686248779297,49.301978274892384,48.67766022623897,48.93838981534798,67467200,AAPL
2019-07-17,48.64177703857422,49.05798660085317,48.622640421352486,48.80921787684371,56430000,AAPL
2019-07-18,49.19432067871094,49.24694544973233,48.72548280504823,48.79724418825336,74162400,AAPL
2019-07-19,48.4599723815918,49.395253851076205,48.404956898073856,49.225418684647934,83717200,AAPL
2019-07-22,49.5674934387207,49.569884147383455,48.70397311967198,48.71353960425987,89111600,AAPL
2019-07-23,49.95499038696289,49.97173629421098,49.5842262186613,49.86409602597792,73420800,AAPL
2019-07-24,49.914329528808594,50.029145578681785,49.5555261792605,49.67512729577653,59966400,AAPL
2019-07-25,49.51963806152344,50.050667211733845,49.45026738292767,49.96694498582467,55638400,AAPL
2019-07-26,49.69187545776367,50.167885587126946,49.54835265146059,49.62968053839526,70475600,AAPL
2019-07-29,50.155906677246094,50.385542354621876,49.85929833764082,49.864083402776956,86693600,AAPL
2019-07-30,49.94063949584961,50.27073972938734,49.589011938368884,49.93585442943909,135742800,AAPL
2019-07-31,50.95963668823242,52.95219151502836,50.54342718307284,51.76814131769529,277125600,AAPL
2019-08-01,49.8569221496582,52.15326516054023,49.45267342174729,51.16535872118057,216071600,AAPL
2019-08-02,48.802032470703125,49.37850698227008,48.2303393750456,49.16322646839944,163448400,AAPL
2019-08-05,46.24735641479492,47.51751962109188,46.0655640412733,47.35964892958403,209572000,AAPL
2019-08-06,47.122840881347656,47.3787890279519,46.4148006509655,46.957790753154114,143299200,AAPL
2019-08-07,47.61081314086914,47.73519932999547,46.36218078247986,46.74251147526255,133457600,AAPL
2019-08-08,48.66089630126953,48.684817978543656,47.694521128324155,47.88827430446387,108038000,AAPL
2019-08-09,48.25992202758789,48.68491595492223,47.851730305039446,48.33435586806552,98478800,AAPL
2019-08-12,48.13746643066406,48.51444257030938,47.81811826695935,47.93097076329877,89927600,AAPL
2019-08-13,50.17601013183594,50.93716177711402,48.13746584722147,48.267127875565244,188874000,AAPL
2019-08-14,48.682533264160156,49.5685439502198,48.644114602739556,48.780979710123496,146189600,AAPL
2019-08-15,48.439998626708984,49.2563746314281,47.942967055319286,48.85298987534668,108909600,AAPL
2019-08-16,49.58293914794922,49.74141334366734,48.94424278130665,49.04989224511873,110481600,AAPL
2019-08-19,50.50737380981445,51.078835764252794,50.43053649544689,50.57220117203168,97654400,AAPL
2019-08-20,50.509769439697266,51.22770292346297,50.50016660809505,50.63462823335315,107537200,AAPL
2019-08-21,51.05721664428711,51.29972750063154,50.807502749106995,51.14125698244228,86141600,AAPL
2019-08-22,51.013999938964844,51.489418835377954,50.6034083940143,51.18927999555581,89014800,AAPL
2019-08-23,48.656105041503906,50.91555099493653,48.262323049739784,50.28645752648354,187272000,AAPL
2019-08-26,49.580535888671875,49.74861290398016,49.23717515529538,49.429264742992345,104174400,AAPL
2019-08-27,49.02107620239258,50.075163637483826,48.869805058122104,49.909486415436,103493200,AAPL
2019-08-28,49.35002899169922,49.395650682194926,48.819385567248915,49.00667191279658,63755200,AAPL
2019-08-29,50.18560028076172,50.26003777056596,49.62134161229388,50.06314498609582,83962000,AAPL
2019-08-30,50.12078094482422,50.5313687808023,49.751007883111264,50.46173818969739,84573600,AAPL
2019-09-03,49.390846252441406,49.69818812822895,49.03548289552534,49.56612630727239,80092000,AAPL
2019-09-04,50.228843688964844,50.298474298793316,49.77983708566578,50.03675406819679,76752400,AAPL
2019-09-05,51.210880279541016,51.376557476754485,50.785882729793876,50.90353845367969,95654800,AAPL
2019-09-06,51.206092834472656,51.48462259504806,51.026009506070324,51.39578265878708,77449200,AAPL
2019-09-09,51.424583435058594,51.96963654756328,50.68024137405337,51.58545739982879,109237600,AAPL
2019-09-10,52.03206253051758,52.05127185370454,50.83391076513622,51.35014804449725,127111600,AAPL
2019-09-11,53.686431884765625,53.71524770381324,52.27938090410862,52.36102145030546,177158400,AAPL
2019-09-12,53.56637954711914,54.365949877044244,53.51115502500784,53.976971102844466,128906800,AAPL
2019-09-13,52.524295806884766,53.014120770564304,52.10890468762575,52.82443464006696,159053200,AAPL
2019-09-16,52.8004264831543,52.85565467101706,52.238567419766575,52.279385864836165,84632400,AAPL
2019-09-17,52.992515563964844,53.02133138546332,52.61313961117362,52.81483570644543,73274800,AAPL
2019-09-18,53.489540100097656,53.50874942392138,52.68996985697935,53.07894858894895,101360000,AAPL
2019-09-19,53.0549430847168,53.72725114264616,52.91327477040642,53.307056774538246,88242400,AAPL
2019-09-20,52.279388427734375,53.43912547264002,52.21696086112126,53.155796135159825,221652400,AAPL
2019-09-23,52.517086029052734,52.78600921665871,52.260165462190585,52.57231054140675,76662000,AAPL
2019-09-24,52.26736068725586,53.422297674096555,52.149708642166644,53.07173400225203,124763200,AAPL
2019-09-25,53.071746826171875,53.18459931647141,52.13771495764018,52.4762724285388,87613600,AAPL
2019-09-26,52.79802703857422,53.05014441394907,52.54350987128694,52.824439404828816,75334000,AAPL
2019-09-27,52.541107177734375,53.05494473156102,52.17133407059121,52.95409485593707,101408000,AAPL
2019-09-30,53.77766799926758,53.924135874983264,53.01411301418795,53.04052537419581,103909600,AAPL
2019-10-01,53.926551818847656,54.798156296373676,53.832908635098924,54.04180778638815,139223200,AAPL
2019-10-02,52.57471466064453,53.68402648733403,52.32739692001443,53.5591677213098,138449200,AAPL
2019-10-03,53.02132034301758,53.05493574126126,51.655087971892826,52.44745145389446,114426000,AAPL
2019-10-04,54.50762176513672,54.62287773588252,53.758476274312926,54.1786707168361,138478800,AAPL
2019-10-07,54.519615173339844,55.20873272385884,54.2266793952243,54.32992905331613,122306000,AAPL
2019-10-08,53.88092041015625,54.75972776925968,53.8641145411307,54.221881339577685,111820000,AAPL
2019-10-09,54.512413024902344,54.694896109411246,54.17865880193493,54.512413024902344,74770400,AAPL
2019-10-10,55.247154235839844,55.33119457436902,54.57724597451074,54.728513454537506,113013600,AAPL
2019-10-11,56.71662521362305,57.05998221097819,55.7801900444844,55.933860949560014,166795600,AAPL
2019-10-14,56.63500213623047,57.17765554935528,56.34686955839495,56.402094083727334,96427600,AAPL
2019-10-15,56.5029411315918,57.062396724114954,56.39729167013194,56.75985808213798,87360000,AAPL
2019-10-16,56.27482986450195,56.48372898515924,55.99390035444989,56.03471879637498,73903200,AAPL
2019-10-17,56.49333190917969,56.70222736637808,56.070737747547255,56.447710219951496,67585200,AAPL
2019-10-18,56.764644622802734,57.045574064199954,56.25560679138777,56.32764082698268,97433600,AAPL
2019-10-21,57.749107360839844,57.864363302867055,56.983156188347394,57.03117766562347,87247200,AAPL
2019-10-22,57.6170539855957,58.1549004377134,57.535413437281406,57.905186536916496,82293600,AAPL
2019-10-23,58.39021301269531,58.40462275566765,57.91959732879052,58.13089626006461,75828800,AAPL
2019-10-24,58.48625183105469,58.7791876143368,58.06125423337426,58.70955335592496,69275200,AAPL
2019-10-25,59.20659255981445,59.24260775751769,58.318182266358356,58.38541307794069,73477200,AAPL
2019-10-28,59.799659729003906,59.84768120784419,59.24020052419486,59.408277532037836,96572800,AAPL
2019-10-29,58.416622161865234,59.96774132739238,58.24374555756727,59.78045498091568,142839600,AAPL
2019-10-30,58.40941619873047,58.89924482176762,57.91719144782321,58.76958279527963,124522000,AAPL
2019-10-31,59.73003387451172,59.82848030145837,56.968756318935924,59.36506765293137,139162000,AAPL
2019-11-01,61.425209045410156,61.45161774300314,59.82606861277858,59.91730831812791,151125200,AAPL
2019-11-04,61.82860565185547,61.9126459988458,61.319571313663445,61.78778354242281,103272000,AAPL
2019-11-05,61.73975372314453,61.99427084278033,61.54526436432109,61.720540736224365,79897600,AAPL
2019-11-06,61.76616287231445,61.826190633565766,61.31715639057186,61.65331038805769,75864400,AAPL
2019-11-07,62.479034423828125,62.70060306371024,62.16113446862657,62.31285978131859,94940400,AAPL
2019-11-08,62.6500129699707,62.7222595989475,61.85767397402951,62.300803780835025,69986400,AAPL
2019-11-11,63.14612579345703,63.21114775923297,62.20206153146034,62.20687552350094,81821200,AAPL
2019-11-12,63.08832550048828,63.288220102882214,62.83786560415839,62.9895835347863,87388800,AAPL
2019-11-13,63.692832946777344,63.767490271321854,62.87400569881237,62.88845502939462,102734400,AAPL
2019-11-14,63.252113342285156,63.791574613561565,63.122062018099385,63.519433306302396,89182800,AAPL
2019-11-15,64.00350189208984,64.00831588526924,63.341214024330995,63.50256731633181,100206400,AAPL
2019-11-18,64.32621765136719,64.40568896392628,63.635031105699284,64.01313169523063,86703200,AAPL
2019-11-19,64.13114929199219,64.5429699152776,63.9144019823477,64.51888524762629,76167200,AAPL
2019-11-20,63.38456726074219,64.08056783760952,62.71264400137363,63.95052386452542,106234400,AAPL
2019-11-21,63.100364685058594,63.582028456160344,62.900470104272074,63.50496048887865,121395200,AAPL
2019-11-22,63.04497146606445,63.38213463998186,62.818588902947205,63.240044707745454,65325200,AAPL
2019-11-25,64.15039825439453,64.16725825293672,63.22319387946589,63.26895253287637,84020400,AAPL
2019-11-26,63.64946746826172,64.3406538731176,63.21837629203759,64.28767055900286,105207600,AAPL
2019-11-27,64.50444030761719,64.538160314546,63.89513565756925,63.96015765000588,65235600,AAPL
2019-11-29,64.36233520507812,64.54295915794552,64.03721061999535,64.20579591584789,46617600,AAPL
2019-12-02,63.6181755065918,64.60317740407082,63.44718686194022,64.36715942230869,94487200,AAPL
2019-12-03,62.48385238647461,62.503115708653056,61.722822542288654,62.20930043557878,114430400,AAPL
2019-12-04,63.035343170166016,63.41345104116114,62.780061927870314,62.87398990266559,67181600,AAPL
2019-12-05,63.96012496948242,64.03478961101634,63.27376001785631,63.529041212761236,74424400,AAPL
2019-12-06,65.19561004638672,65.26545336433453,64.3743722789269,64.4177276122505,106075600,AAPL
2019-12-09,64.2828598022461,65.21728148518294,63.79878528754208,65.02461888758106,128042400,AAPL
2019-12-10,64.6585464477539,65.04146825890689,64.02756074204926,64.68744509771174,90420400,AAPL
2019-12-11,65.21007537841797,65.28955405101115,64.66338940620615,64.73804673524272,78756800,AAPL
2019-12-12,65.37623596191406,65.64115256416365,64.3791955584024,64.48997619221315,137310400,AAPL
2019-12-13,66.2649154663086,66.3010387920999,65.24860425293159,65.37624490379989,133587600,AAPL
2019-12-16,67.39924621582031,67.62322558220565,66.70565616544623,66.71047016003138,128186000,AAPL
2019-12-17,67.53169250488281,67.85922045100963,67.14394921761478,67.32939453528536,114158400,AAPL
2019-12-18,67.3703384399414,67.89053641959352,67.22102378228007,67.38478777135322,116028400,AAPL
2019-12-19,67.43775939941406,67.71712534090744,67.1800748008847,67.31252943237541,98369200,AAPL
2019-12-20,67.29808807373047,68.07115666009031,67.08615475855936,67.97001134578234,275978000,AAPL
2019-12-23,68.3962631225586,68.45647110065944,67.52204210459728,67.56057609253462,98572000,AAPL
2019-12-24,68.4613037109375,68.61062571090498,68.13618642046343,68.5624563754821,48478800,AAPL
2019-12-26,69.81959533691406,69.83645533824492,68.5648628664668,68.59376152611499,93121200,AAPL
2019-12-27,69.79309844970703,70.79737094783557,69.38850252439819,70.11099839799601,146266000,AAPL
2019-12-30,70.20730590820312,70.4890824372006,68.69006802789379,69.71119283116963,144114400,AAPL
2019-12-31,70.72028350830078,70.72750817106555,69.72564661991683,69.82438857743935,100805600,AAPL
2020-01-02,72.33386993408203,72.39407791515757,71.09117632272992,71.34404690340438,135480400,AAPL
2020-01-03,71.6306381225586,72.38925722098051,71.40666619485818,71.56320547713457,146322800,AAPL
2020-01-06,72.20140075683594,72.23993474282962,70.50353879987532,70.7540060340311,118387200,AAPL
2020-01-07,71.86184692382812,72.46633010238772,71.64268897397623,72.21104883104543,108872000,AAPL
2020-01-08,73.01783752441406,73.31887745373415,71.56562119935828,71.56562119935828,132079200,AAPL
2020-01-09,74.56880187988281,74.76146451044018,73.74275001069596,73.99320996049889,170108400,AAPL
2020-01-10,74.73735809326172,75.30091119032697,74.23643098983341,74.80238740809561,140644800,AAPL
2020-01-13,76.3340835571289,76.36057889021191,74.93485068528152,75.05286332420356,121532000,AAPL
2020-01-14,75.30332946777344,76.48100118582082,75.18051017572739,76.27147857331117,161954400,AAPL
2020-01-15,74.98062896728516,75.98249090201921,74.54953765831824,75.10345563091921,121923600,AAPL
2020-01-16,75.91987609863281,76.03066410855739,75.16125678084022,75.52250477498995,108829200,AAPL
2020-01-17,76.76036834716797,76.76277166888072,75.86206254796348,76.16791647174253,137816400,AAPL
2020-01-21,76.24015808105469,76.83019183971173,76.1028821310267,76.38947268651397,110843200,AAPL
2020-01-22,76.51231384277344,77.06381371935198,76.41838585398544,76.72423978617735,101832400,AAPL
2020-01-23,76.88078308105469,76.96025438766408,76.01860061750638,76.56529382668359,104472000,AAPL
2020-01-24,76.65921783447266,77.86819158420508,76.46895853504518,77.1264324079885,146537600,AAPL
2020-01-27,74.40501403808594,75.08415437016195,73.4248264992336,74.67233390344245,161940000,AAPL
2020-01-28,76.50991821289062,76.68090687398296,75.18534222076916,75.28408422213496,162234000,AAPL
2020-01-29,78.11141967773438,78.95674202148273,77.39855929233421,78.13791500924663,216229200,AAPL
2020-01-30,77.99824523925781,78.05122856412287,76.76518678742532,77.19627805111793,126743200,AAPL
2020-01-31,74.5398941040039,77.71164655303768,74.24607885109228,77.29019066933044,199588400,AAPL
2020-02-03,74.33517456054688,75.498389394716,72.78421654858387,73.28514366287956,173788400,AAPL
2020-02-04,76.78926849365234,76.97952779146334,75.53212542449515,75.93672133535755,136616400,AAPL
2020-02-05,77.41544342041016,78.21259669148851,76.81336346644713,77.91396003658885,118826800,AAPL
2020-02-06,78.32095336914062,78.3233640404218,77.12883967256218,77.68516086755363,105425600,AAPL
2020-02-07,77.25636291503906,78.06989154294402,76.76631409771366,77.82124622907054,117684000,AAPL
2020-02-10,77.62329864501953,77.62329864501953,75.7644959675757,75.84415588740227,109348800,AAPL
2020-02-11,77.15496063232422,78.19058359645562,76.93769897957516,78.11816550122239,94323200,AAPL
2020-02-12,78.98724365234375,78.99206907115294,77.60399867366895,77.60399867366895,113730400,AAPL
2020-02-13,78.4247817993164,78.75067811380296,78.05785100076243,78.26062912894116,94747600,AAPL
2020-02-14,78.44408416748047,78.69272952184373,77.93713525426901,78.39338411922328,80113600,AAPL
2020-02-18,77.00770568847656,77.18875828805763,75.94794093607852,76.12899353565957,152531200,AAPL
2020-02-19,78.12298583984375,78.35232207158896,77.24910650127589,77.24910650127589,93984000,AAPL
2020-02-20,77.32154083251953,78.37164756799683,76.81700838375629,77.88401513292217,100566000,AAPL
2020-02-21,75.57137298583984,77.35776502195542,74.95579692410486,76.91599243144344,129554000,AAPL
2020-02-24,71.98170471191406,73.43012593023869,69.82114748147725,71.75961758398634,222195200,AAPL
2020-02-25,69.54351043701172,73.03179362770307,69.07277807692655,72.65037937541128,230673600,AAPL
2020-02-26,70.64672088623047,71.90926363042658,69.16209108503992,69.1693328941365,198054800,AAPL
2020-02-27,66.02867889404297,69.04139705399142,65.8934935311334,67.85852144500781,320605600,AAPL
2020-02-28,65.99004364013672,67.20913548442363,61.88860137685158,62.103453983809466,426510000,AAPL
2020-03-02,72.13377380371094,72.76866613954134,67.04257525684778,68.14337454443714,341397200,AAPL
2020-03-03,69.8428726196289,73.38667475068135,68.99312746023453,73.30701482551375,319475600,AAPL
2020-03-04,73.0824966430664,73.24182384454771,70.76261243598904,71.56165746891385,219178400,AAPL
2020-03-05,70.71189880371094,72.31239742072097,70.34737725228122,71.33954185333918,187572800,AAPL
2020-03-06,69.77285766601562,70.2049720207652,67.88991319528947,68.07579124975517,226176800,AAPL
2020-03-09,64.25436401367188,67.13188921300795,63.48911178224734,63.67016438238683,286744800,AAPL
2020-03-10,68.882080078125,69.14762542571471,65.0268655374001,66.90257561810807,285290000,AAPL
2020-03-11,66.4897689819336,67.88749740945617,65.62795665733853,66.96292517997638,255598800,AAPL
2020-03-12,59.9235954284668,65.17895115078981,59.86807364961435,61.78481820985721,418474000,AAPL
2020-03-13,67.10295867919922,67.57369864386347,61.06303960348822,63.945402847171366,370732000,AAPL
2020-03-16,58.470340728759766,62.54281272853614,57.93683739697829,58.40757346412376,322423600,AAPL
2020-03-17,61.041290283203125,62.1879532458274,57.55059398806874,59.74978006097213,324056000,AAPL
2020-03-18,59.547000885009766,60.35087498179023,57.24159672400037,57.881318208922394,300233600,AAPL
2020-03-19,59.09074020385742,61.036451553451855,58.56689512385312,59.72080339842934,271857200,AAPL
2020-03-20,55.33933639526367,60.7926402539027,55.03999474688709,59.67011183513416,401693200,AAPL
2020-03-23,54.16371154785156,55.160709355187784,51.324807219579434,55.05932030955582,336752800,AAPL
2020-03-24,59.597694396972656,59.79323063321941,56.56083807077307,57.05812866753022,287531200,AAPL
2020-03-25,59.26939392089844,62.34245973328567,58.97488132854125,60.53193331315153,303602000,AAPL
2020-03-26,62.3883171081543,62.4462515869641,59.47216257409066,59.5107880156471,252087200,AAPL
2020-03-27,59.8052978515625,61.767905586340525,59.63872886548187,61.01472792774082,204216800,AAPL
2020-03-30,61.51203155517578,61.68342967850782,60.20603760216864,60.529521124828726,167976400,AAPL
2020-03-31,61.3864860534668,63.365993747799614,60.833673734330254,61.70272768965909,197002000,AAPL
2020-04-01,58.15650939941406,60.04186986399155,57.726811528152915,59.50595387920076,176218400,AAPL
2020-04-02,59.126953125,59.18006218576405,57.1884834576866,58.01891202578832,165934000,AAPL
2020-04-03,58.277225494384766,59.31284498948773,57.68820030765842,58.61277624472143,129880000,AAPL
2020-04-06,63.36117935180664,63.51567376682207,60.201208300554335,60.568138982385115,201820400,AAPL
2020-04-07,62.62731170654297,65.58933753055518,62.52350996388426,65.37206847487805,202887200,AAPL
2020-04-08,64.2302474975586,64.54406918127975,63.061855141740836,63.426369510698045,168895200,AAPL
2020-04-09,64.69371795654297,65.19584133375365,63.899505790640596,64.86511973614601,161834800,AAPL
2020-04-13,65.9635009765625,66.07213548949194,64.17228391165321,64.77096719479518,131022800,AAPL
2020-04-14,69.29488372802734,69.58457092501276,67.12225185179103,67.59299170512948,194994800,AAPL
2020-04-15,68.66239929199219,69.12106449233013,67.7450688913163,68.17235045630129,131154400,AAPL
2020-04-16,69.20796966552734,69.57249130619873,68.16027936470277,69.37453866907585,157125200,AAPL
2020-04-17,68.26890563964844,69.27073604048029,66.83496828577375,68.72516178272222,215250000,AAPL
2020-04-20,66.85189819335938,67.99856531074246,66.83258914657007,67.0981345840063,130015200,AAPL
2020-04-21,64.78544616699219,66.92911009651182,64.07571939662287,66.69494844279068,180991600,AAPL
2020-04-22,66.6515121459961,67.0860355273564,65.71003990834832,66.05041238241853,116862400,AAPL
2020-04-23,66.39320373535156,68.01543553598502,66.35457829164004,66.59598178954948,124814400,AAPL
2020-04-24,68.30995178222656,68.31960998543786,66.86877252729914,66.91705617630512,126161200,AAPL
2020-04-27,68.35823059082031,68.68895219864656,67.58091104598891,68.02750161594408,117087600,AAPL
2020-04-28,67.25019073486328,69.00036629064134,67.1584635837108,68.81931364694016,112004800,AAPL
2020-04-29,69.45904541015625,69.92736888191205,68.53205667132409,68.73483476728254,137280800,AAPL
2020-04-30,70.92436981201172,71.10059707992315,69.60872470353117,69.99738093637826,183064000,AAPL
2020-05-01,69.78251647949219,72.17965163700352,69.00519685948858,69.1017567929507,240616800,AAPL
2020-05-04,70.76985168457031,70.89779524622708,69.11865261133845,69.80665406694762,133568000,AAPL
2020-05-05,71.83203125,72.66245995311394,71.0836788601292,71.2285224464027,147751200,AAPL
2020-05-06,72.5731430053711,73.20320267035598,72.14827044329485,72.5321011645588,142333600,AAPL
2020-05-07,73.32389068603516,73.66910326152602,72.89660917840814,73.19836352852457,115215200,AAPL
2020-05-08,75.06913757324219,75.12239040799929,73.65552559886389,73.98230402182824,133838400,AAPL
2020-05-11,76.25037384033203,76.74416477518758,74.36958632362644,74.57775917368724,145946400,AAPL
2020-05-12,75.37897491455078,77.3832066763356,75.25794640867731,76.93297679324957,162301200,AAPL
2020-05-13,74.46884155273438,76.47791927324582,73.39410778103768,75.55809815483286,200622400,AAPL
2020-05-14,74.92630767822266,74.98682191354754,72.98742921457588,73.70876155896555,158929200,AAPL
2020-05-15,74.48333740234375,74.52932881095421,72.66791038979864,72.70180190645536,166348400,AAPL
2020-05-18,76.2382583618164,76.611028150083,75.11511790410643,75.80498172029709,135178400,AAPL
2020-05-19,75.7977294921875,77.0999898949941,75.76626090152799,76.25521336264156,101729600,AAPL
2020-05-20,77.2718505859375,77.34204178986873,76.61587086677298,76.65460086911052,111504800,AAPL
2020-05-21,76.69574737548828,77.67365953830173,76.45852890117943,77.1338698714014,102688800,AAPL
2020-05-22,77.18956756591797,77.27186606725144,76.3326836366315,76.43434344951643,81803200,AAPL
2020-05-26,76.6667251586914,78.48456841631166,76.61104938291827,78.30544857938091,125522000,AAPL
2020-05-27,77.000732421875,77.14596806852482,75.78560919845494,76.52388732434491,112945200,AAPL
2020-05-28,77.03463745117188,78.29091382648822,76.4004493161322,76.67639044487011,133560800,AAPL
2020-05-29,76.95960235595703,77.73660324937043,76.60377827424547,77.27669643163954,153532400,AAPL
2020-06-01,77.90604400634766,78.02707250180976,76.78289602270274,76.91360886615988,80791200,AAPL
2020-06-02,78.2667007446289,78.29090791932163,77.19922860751555,77.63977407114822,87642800,AAPL
2020-06-03,78.69754791259766,78.95897353375568,78.01494559700772,78.58620379313693,104491200,AAPL
2020-06-04,78.01981353759766,78.81859867793425,77.64704369151033,78.52087329742372,87560400,AAPL
2020-06-05,80.24188232421875,80.30239656428226,78.24007392223491,78.26911957554665,137250400,AAPL
2020-06-08,80.71631622314453,80.75020774515244,79.23009024878114,79.93931540745123,95654400,AAPL
2020-06-09,83.26517486572266,83.65730597576551,80.36533708864444,80.3968056767083,147712400,AAPL
2020-06-10,85.40737915039062,85.87454732273147,83.77349462695621,84.21161714524366,166651600,AAPL
2020-06-11,81.30694580078125,84.97653085136815,81.20528599627451,84.55293109627195,201662400,AAPL
2020-06-12,82.0089111328125,84.18742419889422,80.90029328946143,83.44189186655679,200146000,AAPL
2020-06-15,83.02311706542969,83.6742509001126,80.50330314287096,80.6654845616587,138808800,AAPL
2020-06-16,85.22342681884766,85.4945368687229,83.4418908130573,85.07335265810912,165428800,AAPL
2020-06-17,85.10481262207031,86.02704912393895,84.98378413219785,85.96653487900272,114406400,AAPL
2020-06-18,85.13871765136719,85.55505601805591,84.53115217198582,85.06125763268233,96820400,AAPL
2020-06-19,84.65216064453125,86.30782937031772,83.54595856056092,85.84308414219812,264476000,AAPL
2020-06-22,86.86699676513672,87.0098095125726,84.99831637895207,85.04430780115948,135445200,AAPL
2020-06-23,88.72113800048828,90.1371727058119,87.6899729783668,88.1087341820106,212155600,AAPL
2020-06-24,87.155029296875,89.26818923809188,86.78225950639512,88.35079128217394,192623200,AAPL
2020-06-25,88.31206512451172,88.35079512662277,86.55231359048508,87.3099530977363,137522400,AAPL
2020-06-26,85.5986099243164,88.42825657527817,85.45095132716905,88.20798383985682,205256800,AAPL
2020-06-29,87.57137298583984,87.6657787527797,85.02977472321102,85.50662726415537,130646000,AAPL
2020-06-30,88.30240631103516,88.58803923582462,87.14053545970367,87.15989677286147,140223200,AAPL
2020-07-01,88.1353759765625,88.92206127344404,88.08696900587378,88.37985592496987,110737200,AAPL
2020-07-02,88.1353759765625,89.67486242954287,88.02161627129679,89.04067423366814,114041600,AAPL
2020-07-06,90.49299621582031,90.96016437699369,89.5296068531223,89.56107543992535,118655600,AAPL
2020-07-07,90.21221160888672,91.64760765010688,90.10086747244101,90.87060685450933,112424400,AAPL
2020-07-08,92.31327056884766,92.34473915860562,91.10056271828748,91.18770707353977,117092000,AAPL
2020-07-09,92.71025085449219,93.25729463316677,91.66456287634601,93.20404179945581,125642800,AAPL
2020-07-10,92.87244415283203,92.93054286610042,91.69605047382157,92.30603156067943,90257200,AAPL
2020-07-13,92.44398498535156,96.77922651804644,92.23097365442625,94.17469096863013,191649200,AAPL
2020-07-14,93.9737777709961,94.16499745387678,90.89481289415856,91.82672629574613,170989200,AAPL
2020-07-15,94.62007904052734,96.09420527190387,93.42431687945134,95.84488685944433,153198000,AAPL
2020-07-16,93.45579528808594,94.31025628529977,92.85791414474407,93.49452529827339,110577600,AAPL
2020-07-17,93.26695251464844,94.06089892749817,92.79493855947327,93.90598633783999,92186800,AAPL
2020-07-20,95.23247528076172,95.37044953138843,93.01039399095433,93.35411815070974,90318000,AAPL
2020-07-21,93.9180908203125,96.09660323624759,93.66877247263514,96.02156617732469,103433200,AAPL
2020-07-22,94.18196105957031,94.86214066616996,93.53325004616464,93.62038702393836,89001600,AAPL
2020-07-23,89.89512634277344,93.99314942038049,89.08665688068213,93.91568941051719,197004400,AAPL
2020-07-24,89.67243957519531,90.01616378626149,86.31268703007238,88.0966534330444,185438800,AAPL
2020-07-27,91.79769897460938,91.88968182119616,90.50996128337569,90.73264959796012,121214000,AAPL
2020-07-28,90.2896728515625,91.54594911832494,90.2848269844815,91.36924487069622,103625600,AAPL
2020-07-29,92.02037048339844,92.20433612820618,90.73504867705178,90.77135574195019,90329200,AAPL
2020-07-30,93.13385009765625,93.23793283077006,90.7883172670131,91.1949712384762,158130000,AAPL
2020-07-31,102.8838882446289,103.03396237192649,97.62156512089064,99.61611941491957,374336800,AAPL
2020-08-03,105.47633361816406,108.09054616095987,104.4645371706777,104.76226254133908,308151200,AAPL
2020-08-04,106.18071746826172,107.26997389606046,104.94380243901392,105.6651349105181,173071600,AAPL
2020-08-05,106.56558990478516,106.88510690463526,105.43760344433963,105.90235611566642,121776800,AAPL
2020-08-06,110.28357696533203,110.77737527223312,106.30900549573542,106.89720218347466,202428800,AAPL
2020-08-07,107.77618408203125,110.26174118969138,106.98080610359243,109.80585245809037,198045600,AAPL
2020-08-10,109.34269714355469,110.35874505613272,106.69709332777636,109.21902314455248,212403600,AAPL
2020-08-11,106.09087371826172,109.10506522291367,105.83140397675015,108.60795666047292,187902400,AAPL
2020-08-12,109.61671447753906,109.87375687982836,106.98565970661953,107.17965145918507,165598000,AAPL
2020-08-13,111.55665588378906,112.55815472074357,110.50665541102485,110.99406946976315,210082000,AAPL
2020-08-14,111.457275390625,111.54699679095017,109.65069606942879,111.38210300655183,165565200,AAPL
2020-08-17,111.16625213623047,112.60181637912858,110.54062239475888,112.57756555807367,119561600,AAPL
2020-08-18,112.09257507324219,112.51693852673742,110.58426581680665,110.91890789561272,105633600,AAPL
2020-08-19,112.23323822021484,113.64455185030188,112.1386696245519,112.49998249055456,145538000,AAPL
2020-08-20,114.72364044189453,114.837612647254,112.25747906222769,112.27445537799255,126907200,AAPL
2020-08-21,120.63562774658203,121.1181872782855,115.66935990258521,115.68148161330981,338054800,AAPL
2020-08-24,122.07845306396484,124.91805616382935,120.21610549023623,124.83317459173283,345937600,AAPL
2020-08-25,121.07696533203125,121.42130925505194,119.35768781992573,120.95329871627834,211495600,AAPL
2020-08-26,122.7235107421875,123.17939961788298,121.32674608479081,122.39129589562363,163022400,AAPL
2020-08-27,121.25640869140625,123.65709200762272,120.11425938434616,123.32487721481381,155552400,AAPL
2020-08-28,121.05998229980469,122.64588380173389,120.83688511649021,122.2287948592591,187630000,AAPL
2020-08-31,125.16539001464844,127.06654483126823,122.21667670793738,123.74923681098468,225702700,AAPL
2020-09-01,130.1510772705078,130.75247109042868,126.61067882372832,128.77371625173845,151948100,AAPL
2020-09-02,127.45449829101562,133.83692501161136,123.18662126963814,133.4586359792648,200119000,AAPL
2020-09-03,117.25040435791016,124.97139321089942,116.88181705951085,123.09935129507485,257599600,AAPL
2020-09-04,117.32803344726562,119.98575966617278,107.56039728695785,116.46475733163177,332607200,AAPL
2020-09-08,109.43244171142578,115.41717816603585,109.29664597406735,110.52850942019397,231366600,AAPL
2020-09-09,113.79730224609375,115.56265389882519,111.79915900187885,113.7391061983007,176940500,AAPL
2020-09-10,110.08230590820312,116.88182317054356,109.12203408038299,116.74602745349068,182274400,AAPL
2020-09-11,108.63705444335938,111.77007275174712,106.6971070425851,111.12988655734183,180860300,AAPL
2020-09-14,111.89614868164062,112.4490333059739,109.41301877590674,111.27536620520715,140150100,AAPL
2020-09-15,112.07075500488281,115.26196916143692,110.1987055878256,114.7769823425134,184642000,AAPL
2020-09-16,108.7631607055664,112.51696201625585,108.67586661477294,111.7700854383201,154679000,AAPL
2020-09-17,107.02689361572266,108.83104527474275,105.4458391619844,106.42551466292394,178011000,AAPL
2020-09-18,103.63197326660156,107.55066740012516,102.90449308489,107.08508422800398,287104900,AAPL
2020-09-21,106.77470397949219,106.88140167582651,100.0042844680874,101.40104892896447,195713800,AAPL
2020-09-22,108.45275115966797,109.47122644967507,105.8823269140235,109.29663089711133,183055400,AAPL
2020-09-23,103.90361022949219,108.74377807666536,103.56411343314068,108.26849292221257,150718700,AAPL
2020-09-24,104.97055053710938,106.93959588038079,101.84723417179123,102.01212791770884,167743300,AAPL
2020-09-25,108.90863037109375,109.06382969318265,104.43705165768294,105.17423363698332,149981400,AAPL
2020-09-28,111.5081787109375,111.85736984450415,109.39363569114487,111.55668035738763,137672400,AAPL
2020-09-29,110.66431427001953,111.84768356471079,110.15993111834311,111.11050875843858,99382200,AAPL
2020-09-30,112.33264923095703,113.73911550361659,110.20841190929694,110.37330565840851,142675200,AAPL
2020-10-01,113.2832260131836,114.18530182393523,112.35205217632898,114.10770215411938,116120400,AAPL
2020-10-02,109.62642669677734,111.90587086149135,108.85045216012577,109.50033277715342,144712000,AAPL
2020-10-05,113.00193786621094,113.14743540361185,110.14051836534591,110.48970949498322,106243800,AAPL
2020-10-06,109.76221466064453,112.63333559022071,108.87953514429641,112.22594105943094,161498200,AAPL
2020-10-07,111.62458801269531,112.08047688818796,110.70310845150664,111.17840094740609,96849000,AAPL
2020-10-08,111.51786804199219,112.90493061170089,111.1492733309645,112.7594330889432,83477200,AAPL
2020-10-09,113.45780944824219,113.48690747123634,111.46936067345082,111.81855175000258,100506900,AAPL
2020-10-12,120.66471862792969,121.42129686008033,115.69845107798898,116.45502931013961,240226800,AAPL
2020-10-13,117.46380615234375,121.62499394990238,116.05734733652297,121.50859444916024,262330500,AAPL
2020-10-14,117.55111694335938,119.33586502763562,116.028258506117,117.36681956932418,150712000,AAPL
2020-10-15,117.08554077148438,117.56082587869557,114.60241012120682,115.15529491131747,112559200,AAPL
2020-10-16,115.44624328613281,117.90028246955836,115.24254973816036,117.63838547908625,115393800,AAPL
2020-10-19,112.49755096435547,116.80422908289772,112.1871596819352,116.35804207693808,120639300,AAPL
2020-10-20,113.98159790039062,115.40746025257594,112.15804282671203,112.71092747344602,124423700,AAPL
2020-10-21,113.3608169555664,115.14556482205545,112.95342242055368,113.16681779596242,89946000,AAPL
2020-10-22,112.27444458007812,114.49568501963495,111.14927164811971,113.92339674553574,101988000,AAPL
2020-10-23,111.58577728271484,113.05043966735408,110.84859518576691,112.89524032049677,82572600,AAPL
2020-10-26,111.595458984375,113.05041929759861,109.49061077367527,110.58668561250266,111850700,AAPL
2020-10-27,113.09893035888672,113.75851276167866,111.10078693291935,112.02225897491293,92276800,AAPL
2020-10-28,107.86106872558594,111.96406058991157,107.76407283902445,111.59547326085323,143937800,AAPL
2020-10-29,111.85736083984375,113.41901900582575,108.83104039265947,108.99594153712782,146129200,AAPL
2020-10-30,105.59132385253906,108.62733847489969,104.48555457025763,107.72526275511105,190272600,AAPL
2020-11-02,105.5040512084961,107.35670479307674,104.09759210211661,105.8338461619083,122866900,AAPL
2020-11-03,107.12386322021484,108.14233083630143,105.4652096166084,106.36728516246205,107624400,AAPL
2020-11-04,111.49845123291016,112.1192336829344,108.97652160464787,110.71277506341616,138235500,AAPL
2020-11-05,115.4559555053711,116.02824377297978,113.3608163942021,114.40838224963099,126387100,AAPL
2020-11-06,115.32478332519531,115.8203179514325,112.837361996159,114.96527127109147,114457900,AAPL
2020-11-09,113.02197265625,118.53120907039039,112.75963124213385,117.08345719402648,154515300,AAPL
2020-11-10,112.68193054199219,114.25599431151727,110.89409578251818,112.27384048419532,138023400,AAPL
2020-11-11,116.10209655761719,116.23812654293447,113.13857769111563,113.86731293234887,112295000,AAPL
2020-11-12,115.83003234863281,117.11260602974937,115.20817889191434,116.22841115754073,103162300,AAPL
2020-11-13,115.8786392211914,116.27701069114,114.52805029862242,116.0535360017511,81581900,AAPL
2020-11-16,116.88916015625,117.55959167779801,114.80011721095168,115.54828228699445,91183000,AAPL
2020-11-17,116.00495147705078,117.24865863043144,115.58714291023577,116.16041857776305,74271000,AAPL
2020-11-18,114.68350219726562,116.42275133775613,114.65435397133162,115.24705927558566,76322100,AAPL
2020-11-19,115.27620697021484,115.68429695756758,113.49809106564801,114.25597458875419,74113000,AAPL
2020-11-20,114.01304626464844,115.40250165957605,113.96446836639701,115.27619022842907,73604300,AAPL
2020-11-23,110.62200927734375,114.28512261237464,110.52484606012634,113.85759556092404,127959300,AAPL
2020-11-24,111.90460205078125,112.56532241854126,109.39775058959653,110.68033196208322,113874200,AAPL
2020-11-25,112.74018859863281,113.439775552587,111.90457167175171,112.27380223804838,76499200,AAPL
2020-11-27,113.28433227539062,114.158816151439,112.92482759135008,113.26490259506915,46691300,AAPL
2020-11-30,115.67459106445312,117.54015173092947,113.49809620715159,113.65356330256418,169410200,AAPL
2020-12-01,119.24053955078125,119.9692749139944,116.60737666127397,117.57902381222483,127728200,AAPL
2020-12-02,119.59033203125,119.87211059203429,117.46242241782213,118.56038101970898,89004200,AAPL
2020-12-03,119.45429229736328,120.27047227200518,118.74498667961886,120.0178419599632,78967600,AAPL
2020-12-04,118.78385925292969,119.3765645833526,118.07455360054387,119.12393425897255,78260400,AAPL
2020-12-07,120.24132537841797,121.03807568238211,118.78385476777048,118.84215122001115,86712000,AAPL
2020-12-08,120.85347747802734,121.43647173529656,119.60005168582639,120.84376634333147,82225500,AAPL
2020-12-09,118.3271713256836,122.37893756571138,117.56928784632052,120.99920059491815,115089200,AAPL
2020-12-10,119.74577331542969,120.35791566525569,116.74338766599487,117.08346263085474,81312200,AAPL
2020-12-11,118.93932342529297,119.27939842297663,117.13205925122674,118.95875310526962,86939800,AAPL
2020-12-14,118.3271713256836,119.85265683014165,118.09397811966689,119.12392157489586,79184500,AAPL
2020-12-15,124.25423431396484,124.27367140820184,120.61055751786674,120.81460252887871,157243700,AAPL
2020-12-16,124.18620300292969,124.73032296084445,122.97164423038534,123.79755012617825,98208600,AAPL
2020-12-17,125.05097198486328,125.90602613060179,124.40968137555939,125.24529842903367,94359800,AAPL
2020-12-18,123.0688247680664,125.43964605507787,122.5441344465272,125.30361605465058,192541500,AAPL
2020-12-21,124.59432220458984,124.67205576340992,119.94984955475292,121.47533543446605,121251600,AAPL
2020-12-22,128.1408233642578,130.59908932336018,125.97403967211778,127.87847449783371,168904800,AAPL
2020-12-23,127.24693298339844,128.6752408300138,127.07202876522139,128.41290674198933,88223700,AAPL
2020-12-24,128.22824096679688,129.6760001670091,127.38291291879534,127.59667642019997,54930100,AAPL
2020-12-28,132.81442260742188,133.44598718799116,129.7245776284665,130.19097883452193,124486200,AAPL
2020-12-29,131.04605102539062,134.8549062093824,130.53107920371312,134.13589678161503,121047300,AAPL
2020-12-30,129.92869567871094,132.13433949873422,129.61776138418642,131.7359604936859,96452100,AAPL
2020-12-31,128.92784118652344,130.9197204767935,127.98534242224186,130.27842990655225,99116600,AAPL
2021-01-04,125.74085235595703,129.82176713240116,123.16598610776015,129.7343224533574,143301900,AAPL
2021-01-05,127.29547119140625,128.0047841932833,124.78862009202955,125.2355842462787,97664900,AAPL
2021-01-06,123.01052856445312,127.33436285992687,122.79676500387103,124.09877604874403,155088000,AAPL
2021-01-07,127.20806121826172,127.89793731653697,124.23482288794177,124.72064653214206,109578200,AAPL
2021-01-08,128.30596923828125,128.86952618923627,126.53756485844092,128.67518495872093,105158200,AAPL
2021-01-11,125.32304382324219,126.47930629071162,124.85665734789745,125.52709624591981,100384500,AAPL
2021-01-12,125.14814758300781,126.01291289609365,123.26314986487158,124.85665049211372,91951100,AAPL
2021-01-13,127.1788558959961,127.722975761063,124.84690938109378,125.1092433563661,88636800,AAPL
2021-01-14,125.2550048828125,127.28574333654583,125.10924895276466,127.09141692263707,90221800,AAPL
2021-01-15,123.53520202636719,126.52787663913662,123.39917203606663,125.1287025525268,111598500,AAPL
2021-01-19,124.20565032958984,125.0607045202907,123.34088500532488,124.15706500945309,90757300,AAPL
2021-01-20,128.2865753173828,128.7335395413519,124.90524730001776,125.01212908230433,104319500,AAPL
2021-01-21,132.9893341064453,135.7099489572785,129.80233279797613,130.00638521290585,120150900,AAPL
2021-01-22,135.12696838378906,135.88485193048166,131.19179469063414,132.4160646907934,114459400,AAPL
2021-01-25,138.8677978515625,140.97627022018892,132.6686847833474,139.01355380816258,157611700,AAPL
2021-01-26,139.10098266601562,140.2086596098709,137.36172630104042,139.5285097015661,98390600,AAPL
2021-01-27,138.03221130371094,140.20870656534407,136.42899920964183,139.363363343346,140843800,AAPL
2021-01-28,133.2030792236328,137.96415826033868,132.8241374993332,135.564189064389,142621100,AAPL
2021-01-29,128.21856689453125,132.86303917443942,126.51818434944722,131.97883669271752,177523800,AAPL
2021-02-01,130.33673095703125,131.54157860190338,127.21773749244758,129.9577892114423,106239800,AAPL
2021-02-02,131.16261291503906,132.44517904055598,130.7933823696511,131.88162209144176,83305400,AAPL
2021-02-03,130.1423797607422,131.92049525214782,129.82173452529324,131.91076929503612,89880900,AAPL
2021-02-04,133.49456787109375,133.50427900274144,130.77395356806818,132.43547630144383,84183100,AAPL
2021-02-05,133.08102416992188,133.7232731231055,132.20524094162676,133.65516390896917,75693800,AAPL
2021-02-08,133.2269744873047,133.2756324021585,131.29050232328603,132.3706427004726,71297200,AAPL
2021-02-09,132.35121154785156,134.1709170758531,132.1955269668042,132.9448026300194,76774200,AAPL
2021-02-10,131.74789428710938,133.30485887781032,130.78452077617774,132.80856880476307,73046600,AAPL
2021-02-11,131.49485778808594,132.72095704438246,130.17144270344224,132.24413324277845,64280000,AAPL
2021-02-12,131.72840881347656,131.88410821935858,130.0936095966532,130.73585850968206,60145100,AAPL
2021-02-16,129.60702514648438,132.3511559058319,129.21777673672364,131.84515524560578,80576300,AAPL
2021-02-17,127.32025146484375,128.66313264506522,125.98711077615506,127.71922556162117,97918500,AAPL
2021-02-18,126.22066497802734,126.50285712605177,123.98253453613503,125.72437503561389,96856700,AAPL
2021-02-19,126.37635040283203,127.1937647700894,125.3351422926217,126.73640709556466,87668800,AAPL
2021-02-22,122.6104736328125,126.23040308983671,122.22123254914695,124.56639727156255,103916400,AAPL
2021-02-23,122.4742431640625,123.30137584564321,115.20519230196524,120.43073670834654,158273000,AAPL
2021-02-24,121.97795867919922,122.18230857916163,118.94189453786483,121.57899194807914,111039900,AAPL
2021-02-25,117.73523712158203,123.05808944115938,117.29734557401017,121.32597453863157,148199500,AAPL
2021-02-26,117.99798583984375,121.49140765726709,117.93959485190196,119.29220185674814,164560400,AAPL
2021-03-01,124.35233306884766,124.48856634693102,119.4868376397081,120.42101187120407,116307900,AAPL
2021-03-02,121.75416564941406,125.25732102772348,121.64712415132996,124.95566267357219,102260900,AAPL
2021-03-03,118.7764663696289,122.32827934815643,118.56238339310273,121.45248872789318,112966300,AAPL
2021-03-04,116.89838409423828,120.27503892466773,115.42900990064756,118.47480719948628,178155000,AAPL
2021-03-05,118.15369415283203,118.65970985611862,114.40726400079701,117.72553558561702,153766600,AAPL
2021-03-08,113.22979736328125,117.74497601487798,113.08383103215061,117.67685938357114,154376600,AAPL
2021-03-09,117.83256530761719,118.77647261328785,115.59444185391254,115.8279835568737,129525800,AAPL
2021-03-10,116.75244140625,118.88352353506721,116.23669261108125,118.4164400921035,111943300,AAPL
2021-03-11,118.67916870117188,119.89554261056912,117.99800228157227,119.24356797692991,103026500,AAPL
2021-03-12,117.77418518066406,117.91041846338683,115.95449457965704,117.16113540841165,88105100,AAPL
2021-03-15,120.65453338623047,120.66426645422422,117.18057052802266,118.14394380720245,92403800,AAPL
2021-03-16,122.19206237792969,123.79767749192085,121.36492956895167,122.3185625972274,115227900,AAPL
2021-03-17,121.40383911132812,122.47424657756945,119.04893377660937,120.71293967926185,111932600,AAPL
2021-03-18,117.2876205444336,119.86633436304555,117.08327064661763,119.57440169521924,121229700,AAPL
2021-03-19,116.76216888427734,118.16343408346621,116.46051051329101,116.67459352140682,185549500,AAPL
2021-03-22,120.0706787109375,120.53776947303844,117.02488167357409,117.09299830303091,111912300,AAPL
2021-03-23,119.24356079101562,120.89782623844285,118.8543196786337,120.0123099463268,95467100,AAPL
2021-03-24,116.85945892333984,119.59387224546333,116.84000020937296,119.51602254128295,88530500,AAPL
2021-03-25,117.34601593017578,118.38723908571315,115.79879193762964,116.32426633816141,98844700,AAPL
2021-03-26,117.94933319091797,118.21207408800578,115.72093550893463,117.11246742653448,94071200,AAPL
2021-03-29,118.1244888305664,119.28247903408416,117.48224734126221,118.37749665321657,80819200,AAPL
2021-03-30,116.6745834350586,117.16113298447573,115.66255948137214,116.87893335491496,85671900,AAPL
2021-03-31,118.86404418945312,120.19718506636265,117.89094519064328,118.3774946900482,118323800,AAPL
2021-04-01,119.69116973876953,120.83942678607517,119.19488720011346,120.33341860340158,75089100,AAPL
2021-04-05,122.51317596435547,122.76618380455446,119.75930377924526,120.53778601486208,88651200,AAPL
2021-04-06,122.81481170654297,123.71006091586875,122.26987869637169,123.09701127942607,80171300,AAPL
2021-04-07,124.4593734741211,124.47883218903853,121.77361794195266,122.44505868103397,83466700,AAPL
2021-04-08,126.85322570800781,126.88241749922669,125.06272655443682,125.48115212745219,88844600,AAPL
2021-04-09,129.42218017578125,129.46109760648577,125.9871415439433,126.30826602843275,106686700,AAPL
2021-04-12,127.70954132080078,129.27623158953074,127.1159502289636,128.95510707935833,91420000,AAPL
2021-04-13,130.81369018554688,131.0375136441806,128.38094270892825,128.87723269707828,91266500,AAPL
2021-04-14,128.47825622558594,131.36836136344672,128.11821435701262,131.3099778007929,87222800,AAPL
2021-04-15,130.88182067871094,131.36837019796266,130.04495491166549,130.22012045971883,89347100,AAPL
2021-04-16,130.5509796142578,131.04725481288563,129.69464764958488,130.68721289515452,84922400,AAPL
2021-04-19,131.21266174316406,131.82571884662076,129.75301328602865,129.91843832937323,94264200,AAPL
2021-04-20,129.5292205810547,131.88411859918818,128.2641887932471,131.38784340823202,94812300,AAPL
2021-04-21,129.90872192382812,130.15199668398512,127.76790700410929,128.7993896114448,68847100,AAPL
2021-04-22,128.39068603515625,130.54122653689166,127.8749447465964,129.46108603950333,84566500,AAPL
2021-04-23,130.70664978027344,131.4851170121257,128.60475261832673,128.60475261832673,78657500,AAPL
2021-04-26,131.0959014892578,131.426751593288,129.9671030596472,131.20294297565732,66905100,AAPL
2021-04-27,130.77476501464844,131.7673300838562,130.5022985012677,131.3780816016613,66015800,AAPL
2021-04-28,129.98655700683594,131.38782184344353,129.50000754125335,130.69691506905932,107760100,AAPL
2021-04-29,129.88925170898438,133.38268843991688,128.886960916459,132.79882309453924,151101000,AAPL
2021-04-30,127.9236068725586,129.96710595621136,127.54409883928643,128.23499084555246,109839500,AAPL
2021-05-03,128.9745330810547,130.46338819019584,128.28364111599663,128.48798358801744,75135100,AAPL
2021-05-04,124.41070556640625,127.95279275381809,123.29164023246338,127.66086008438737,137564700,AAPL
2021-05-05,124.65399169921875,126.94076551104096,124.5274840738415,125.72439172337612,84000900,AAPL
2021-05-06,126.24986267089844,126.25958831497178,123.71006640231249,124.44962368045476,78128300,AAPL
2021-05-07,126.9224624633789,127.9459401484153,126.21088280565189,127.54630313860244,78973300,AAPL
2021-05-10,123.64727783203125,126.26935540308767,123.60828686336556,126.14264776926625,88071200,AAPL
2021-05-11,122.73101043701172,123.0819142652862,119.67028275042819,120.38185488141869,126142800,AAPL
2021-05-12,119.67028045654297,121.49306907963458,119.1634127705143,120.28437887697672,112172300,AAPL
2021-05-13,121.81475067138672,122.96495825371117,121.12267768901388,121.43459801116457,105861300,AAPL
2021-05-14,124.23211669921875,124.66100988052594,122.67251527187383,123.06241748790161,81918000,AAPL
2021-05-17,123.08191680908203,123.72525662054227,122.0096912267483,123.61803331863223,74244600,AAPL
2021-05-18,121.69778442382812,123.78375308679564,121.62955208202142,123.3646094337638,63342900,AAPL
2021-05-19,121.54182434082031,121.76601312715728,119.75802646818856,120.05045503106065,92612000,AAPL
2021-05-20,124.09566497802734,124.49531683623646,121.94146411990351,122.06818662946591,76857100,AAPL
2021-05-21,122.26313781738281,124.76825004025154,122.04869119774337,124.59279439116175,79295400,AAPL
2021-05-24,123.89097595214844,124.70977148763245,122.76026751533502,122.82849985689472,63092900,AAPL
2021-05-25,123.69602966308594,125.08018314804377,123.13067172111496,124.59279971373591,72009500,AAPL
2021-05-26,123.64727783203125,124.17364475386753,123.22813421483384,123.75450113667013,56575900,AAPL
2021-05-27,122.11692810058594,124.41734339161216,121.92198067731965,123.24764397847942,94625600,AAPL
2021-05-28,121.46382904052734,122.6237861257757,121.40534630909178,122.3995899273286,71311100,AAPL
2021-06-01,121.14215850830078,122.1851426884376,120.81074644955004,121.92196296159237,67637100,AAPL
2021-06-02,121.90247344970703,122.07792909380578,120.91797935921073,121.14216813753484,59278900,AAPL
2021-06-03,120.42084503173828,121.69776758173275,120.02119320163122,121.53206155124437,76229200,AAPL
2021-06-04,122.71151733398438,122.97470451422886,120.72302254551224,120.93746915555829,75169300,AAPL
2021-06-07,122.72125244140625,123.13064641036082,121.67826831853665,122.98443215380105,71057600,AAPL
2021-06-08,123.54004669189453,125.21662849111421,123.0234294041827,123.40358202860334,74403800,AAPL
2021-06-09,123.92022705078125,124.52457600687696,123.32562769760736,123.99820900061968,56877900,AAPL
2021-06-10,122.92595672607422,124.95344236430199,122.7602506959565,123.81297704481983,71186400,AAPL
2021-06-11,124.13465118408203,124.22238272093318,122.91621132668672,123.33535493510138,53522400,AAPL
2021-06-14,127.18560791015625,127.24409063710856,123.86170821216966,124.592772046137,96906500,AAPL
2021-06-15,126.3668441772461,127.30261260822043,126.12315618593904,126.65927274152149,62746300,AAPL
2021-06-16,126.86396789550781,127.58528973592168,125.21664949570912,127.07841452715692,91815000,AAPL
2021-06-17,128.46253967285156,129.20336059736883,126.37657131032402,126.52279301183641,96721700,AAPL
2021-06-18,127.16614532470703,128.1896229684165,126.95169870686416,127.40983331102534,108953300,AAPL
2021-06-21,128.9596710205078,129.066894317528,125.94769141357571,127.01016734634604,79663300,AAPL
2021-06-22,130.5972442626953,130.6947253937975,128.29682937988724,128.79396232556323,74783600,AAPL
2021-06-23,130.32431030273438,130.9286665216875,129.8661757752273,130.39255006678223,60214200,AAPL
2021-06-24,130.0416717529297,131.240612583958,129.57378007008424,131.0554073186903,68711000,AAPL
2021-06-25,129.74923706054688,130.50954241745376,129.4568084909208,130.09040620403312,70783700,AAPL
2021-06-28,131.37705993652344,131.83519451956099,129.98317185834844,130.04165459260284,62111300,AAPL
2021-06-29,132.88792419433594,133.0438880631515,130.9579196567259,131.3965550234282,64556100,AAPL
2021-06-30,133.50204467773438,133.94068011687085,132.439553660315,132.7319822442512,63261400,AAPL
2021-07-01,133.80421447753906,133.86269721920397,132.33232940247316,133.15113240638843,52485800,AAPL
2021-07-02,136.42625427246094,136.46523779604922,134.272046474327,134.41825327969627,78852600,AAPL
2021-07-06,138.43426513671875,139.53572463895688,136.53350195950557,136.53350195950557,108181800,AAPL
2021-07-07,140.91986083984375,141.23177365056304,139.05808151749494,139.91585290212097,104911600,AAPL
2021-07-08,139.62350463867188,140.42279367497855,137.11838445022283,138.00541248474633,105575500,AAPL
2021-07-09,141.4462890625,141.97264869395812,139.04839216165382,139.14587332881246,99890800,AAPL
2021-07-12,140.8516387939453,142.62569425576672,140.36426288116348,142.51847096001342,76299700,AAPL
2021-07-13,141.96286010742188,143.7369156295679,140.00361422588887,140.39350901995923,100827100,AAPL
2021-07-14,145.3842315673828,145.79364043052715,143.95134516697595,144.3607540301203,127050800,AAPL
2021-07-15,144.73114013671875,146.21276700697837,143.37623575739534,145.47196100861444,106820300,AAPL
2021-07-16,142.6939239501953,145.97883295333372,142.19680585690423,144.71166743629377,93251400,AAPL
2021-07-19,138.85337829589844,140.43248618215895,138.09307315098926,140.12055849525734,121434600,AAPL
2021-07-20,142.45997619628906,143.3860023478585,139.35053030452949,139.83790622702588,96350000,AAPL
2021-07-21,141.72894287109375,142.4405225803077,140.97839449756518,141.8556653977963,74993500,AAPL
2021-07-22,143.09356689453125,144.45821346206498,142.1285572602189,142.25527975346566,77338200,AAPL
2021-07-23,144.80914306640625,144.9651069434816,143.2105505102186,143.82464898024415,71447400,AAPL
2021-07-26,145.22828674316406,146.04707474588002,143.97084849928373,144.5264642055409,72434100,AAPL
2021-07-27,143.06431579589844,145.44271240050767,141.8751174935938,145.35497344078965,104818600,AAPL
2021-07-28,141.31951904296875,143.25928057886588,138.94112214929507,141.15381301329907,118931200,AAPL
2021-07-29,141.96286010742188,142.8498878684949,140.92962551695572,141.03684881635502,56699500,AAPL
2021-07-30,142.17730712890625,142.63544169374407,140.47149137109437,140.73467853831747,70440600,AAPL
2021-08-02,141.84591674804688,143.2398049839172,141.58272954059322,142.66470486730785,62880000,AAPL
2021-08-03,143.6394500732422,144.30227426975748,141.51448305654833,142.12858155366985,64786600,AAPL
2021-08-04,143.23974609375,144.0585338763827,142.58666429996944,143.5516737481982,56368300,AAPL
2021-08-05,143.34701538085938,144.107320690727,142.47948676454712,143.26903344221475,46397700,AAPL
2021-08-06,142.6636505126953,143.6105775396916,142.16578765248929,142.86866162914254,54126800,AAPL
2021-08-09,142.61485290527344,143.21034301067533,142.05841963396023,142.72223685529076,48908700,AAPL
2021-08-10,142.13656616210938,144.1963754257306,141.84369939131616,142.9565812036722,69023100,AAPL
2021-08-11,142.39031982421875,143.22986295766566,142.0681679932176,142.57580253562702,48493500,AAPL
2021-08-12,145.3482666015625,145.50446416374155,142.37081574173467,142.71249604702388,72282600,AAPL
2021-08-13,145.55328369140625,145.88519235268876,144.74302556240244,145.42637130499,59375000,AAPL
2021-08-16,147.52517700195312,147.59351900321374,142.9857964116818,145.0065478391044,103296000,AAPL
2021-08-17,146.61732482910156,148.07187159409528,145.5434853619502,146.65636676617194,92229700,AAPL
2021-08-18,142.87844848632812,147.13473517673972,142.67343732669485,146.2366215497856,86326000,AAPL
2021-08-19,143.2103729248047,144.47945217305653,141.06270837166667,141.5800998127829,86960300,AAPL
2021-08-20,144.66493225097656,144.96755574158394,143.288469055807,143.9327728785443,60549600,AAPL
2021-08-23,146.14874267578125,146.6173203855108,144.3720292286724,144.78203658666285,60131800,AAPL
2021-08-24,146.0608673095703,147.27137582254224,145.6020463753851,145.8949130199866,48606400,AAPL
2021-08-25,144.8308563232422,146.74423897086186,144.28417982272728,146.24636116832204,58991300,AAPL
2021-08-26,144.03036499023438,145.57278230599707,144.00107981111,144.82110951404735,48597200,AAPL
2021-08-27,145.06515502929688,145.21158091727293,143.33725507209095,143.97178711441077,55802400,AAPL
2021-08-30,149.4776153564453,149.83882401907485,145.07490345956626,145.45562564226032,90956700,AAPL
2021-08-31,148.21829223632812,149.1652192116683,147.69112933468762,149.0285501067643,86453100,AAPL
2021-09-01,148.8821258544922,151.293371319359,148.71617155840954,149.1945209265185,80313700,AAPL
2021-09-02,149.9950408935547,151.03959539227287,148.7747752992504,150.20980882981786,71115500,AAPL
2021-09-03,150.6295928955078,150.95174481050074,149.4483692072004,150.10242979976638,57808700,AAPL
2021-09-07,152.9626922607422,153.5191254698615,150.71740121777114,151.2836060822293,82278300,AAPL
2021-09-08,151.42030334472656,153.3043860941943,150.31717858511598,153.24581573453693,74420200,AAPL
2021-09-09,150.40504455566406,152.39651120399355,150.28788894400816,151.79126431107525,57305700,AAPL
2021-09-10,145.42633056640625,151.7814665359228,145.16274910531013,151.3128888573864,140893200,AAPL
2021-09-13,145.9925537109375,147.81806596111582,145.21158088499752,147.04686479158386,102404300,AAPL
2021-09-14,144.59658813476562,147.47642687466802,143.4153793726529,146.77355269563384,109296300,AAPL
2021-09-15,145.4849090576172,145.88515965134906,142.88818092204215,145.02608811276684,83281300,AAPL
2021-09-16,145.25059509277344,145.42632102057476,143.71794980690362,144.9089297875281,68034100,AAPL
2021-09-17,142.58555603027344,145.27991132028194,142.29268938190515,145.27991132028194,129868800,AAPL
2021-09-20,139.53977966308594,141.39457695669392,137.90950701335717,140.37932278347847,123478900,AAPL
2021-09-21,140.01812744140625,141.16030897663776,139.38359538478255,140.5062336067531,75834000,AAPL
2021-09-22,142.38058471679688,142.94677480134484,140.28171911608493,141.01387841720836,76404300,AAPL
2021-09-23,143.33726501464844,143.581318108749,142.1755699033987,143.16153904107028,64838200,AAPL
2021-09-24,143.4251251220703,143.96204492535793,142.09747565204063,142.19510285111807,53477900,AAPL
2021-09-27,141.9119873046875,142.48796392317834,140.39887004950094,142.00961449990794,74150700,AAPL
2021-09-28,138.53427124023438,141.30671020043195,138.3195033733077,139.84239196001295,108972300,AAPL
2021-09-29,139.4324188232422,141.013878143942,138.65144592439347,139.08098176355122,74602000,AAPL
2021-09-30,138.13406372070312,140.9455603850025,137.91929578685694,140.24268621892764,89056700,AAPL
2021-10-01,139.2567138671875,139.52029542569983,135.80092800506898,138.5245544569587,94639600,AAPL
2021-10-04,135.83021545410156,138.82719517325862,134.98091529074117,138.38788760314102,98322000,AAPL
2021-10-05,137.75335693359375,138.85648190904183,136.044984928838,136.17189733013998,80861100,AAPL
2021-10-06,138.6221466064453,138.76857249312508,135.07849119061893,136.15233067899587,83221100,AAPL
2021-10-07,139.88143920898438,140.78932429837576,139.32500600229986,139.65691457441454,61732700,AAPL
2021-10-08,139.500732421875,140.7502829805711,139.16882381318146,140.60385709315267,58773200,AAPL
2021-10-11,139.4128875732422,141.36531233280488,138.43667519346084,138.88573944232053,64452200,AAPL
2021-10-12,138.14381408691406,139.84242905892054,137.68499305819657,139.82290063970592,73035900,AAPL
2021-10-13,137.55807495117188,138.0364094315763,135.88874541033104,137.88022678873125,78762700,AAPL
2021-10-14,140.3402862548828,140.45744186952987,138.1438084019397,138.72954178771872,69907100,AAPL
2021-10-15,141.39459228515625,141.45316264244676,140.0962280805495,140.35005282323274,67940300,AAPL
2021-10-18,143.06390380859375,143.34699879821167,139.75454497889402,140.03763996851194,85589200,AAPL
2021-10-19,145.22134399414062,145.62159463310732,143.06392303976392,143.51297237963328,76378900,AAPL
2021-10-20,145.7094268798828,146.1877762179813,144.5965455732881,145.1627504339508,58418800,AAPL
2021-10-21,145.92422485351562,146.0804224119474,144.35252229936606,145.27016433537898,61421000,AAPL
2021-10-22,145.15298461914062,146.60753116579318,145.10417103326708,146.12919675335147,58883400,AAPL
2021-10-25,145.10418701171875,145.8168177773373,144.10844635434742,145.14322894722775,50720600,AAPL
2021-10-26,145.76805114746094,147.25188335627817,145.46541277347194,145.77780790953028,60893400,AAPL
2021-10-27,145.3092498779297,146.1683068273683,144.95781274994326,145.80711293598463,56094900,AAPL
2021-10-28,148.9407196044922,149.52643805425132,146.1585085567286,146.256135746264,100077900,AAPL
2021-10-29,146.23660278320312,146.37327190681347,142.92724374395107,143.7179733088264,124953200,AAPL
2021-11-01,145.4165802001953,146.13896771640327,144.28417043944881,145.44586537540286,74588300,AAPL
2021-11-02,146.45135498046875,147.96448683414823,145.11393416867705,145.12370582377017,69122000,AAPL
2021-11-03,147.88641357421875,148.35499132920407,146.25614074482093,146.81257403590004,54511500,AAPL
2021-11-04,147.36904907226562,148.8040677773685,147.056653914814,147.97429607005193,60394600,AAPL
2021-11-05,147.8969268798828,148.79635114627666,146.7042085245969,148.49328605752575,65463900,AAPL
2021-11-08,147.07571411132812,148.18044870579655,146.80197694204415,148.02402320404659,55020900,AAPL
2021-11-09,147.43746948242188,148.04359979638906,146.7042415538898,146.84111017051336,56787900,AAPL
2021-11-10,144.61209106445312,146.77267581374304,144.54366421842147,146.6651351263565,65187100,AAPL
2021-11-11,144.56317138671875,146.0882826457482,144.37741797894228,145.6288070022433,41000000,AAPL
2021-11-12,146.6358184814453,147.03663842202138,144.18193940351156,145.11069182006318,63804000,AAPL
2021-11-15,146.6455535888672,148.48351596746593,146.08829332480207,147.00727451410145,59222800,AAPL
2021-11-16,147.62319946289062,148.102247003654,146.00031832566742,146.58690654221206,59256200,AAPL
2021-11-17,150.05752563476562,151.53375230300938,147.61343285568483,147.6232038564801,88807000,AAPL
2021-11-18,154.33958435058594,155.12169711619316,149.62738067059388,150.27262482103686,137827700,AAPL
2021-11-19,156.9596710205078,157.41916174351337,153.02956490955935,154.1245139086052,117305600,AAPL
2021-11-22,157.4191131591797,161.9944471367291,157.39955624235793,158.06434223873075,117467900,AAPL
2021-11-23,157.8004150390625,158.18169292863084,155.502961782972,157.51689191338718,96041900,AAPL
2021-11-24,158.3185272216797,158.51405162465102,156.06995929361992,157.15513688529995,69463600,AAPL
2021-11-26,153.30328369140625,156.8618824271744,152.8633499442556,156.00157185337474,76959800,AAPL
2021-11-29,156.6565399169922,157.5852919747901,155.23895449884512,155.80598568259293,88748200,AAPL
2021-11-30,161.60342407226562,161.8185054389282,156.34373142534065,156.41217318635103,174048100,AAPL
2021-12-01,161.08523559570312,166.4915664393558,160.85059737024878,163.7346232310991,152052500,AAPL
2021-12-02,160.0978546142578,160.52801734787488,154.27114554315142,155.1901268526862,136739200,AAPL
2021-12-03,158.2207794189453,161.27101721338744,156.14819360952984,160.35203598315746,118023100,AAPL
2021-12-06,161.62295532226562,164.12570364495514,160.60620449270007,160.61597549233863,107497000,AAPL
2021-12-07,167.3518829345703,167.74294665807957,164.57539762665544,165.29885432698077,120405400,AAPL
2021-12-08,171.16470336914062,172.02502878126478,166.88264814477856,168.2806769394803,116998900,AAPL
2021-12-09,170.6563262939453,172.79735388590385,170.03063915946248,170.9985052389604,108923700,AAPL
2021-12-10,175.43699645996094,175.61297891700764,170.78344865474102,171.29182418696914,115402700,AAPL
2021-12-13,171.80995178222656,178.05705234389498,171.60464142456377,177.06962931153166,153237000,AAPL
2021-12-14,170.43145751953125,173.76520322122326,168.35887188331523,171.3308817563336,139380400,AAPL
2021-12-15,175.29034423828125,175.4858686850592,168.45665517933287,171.19404218690133,131063300,AAPL
2021-12-16,168.40773010253906,177.08915070687198,166.93150372687032,175.27074544292535,150185800,AAPL
2021-12-17,167.31280517578125,169.59070130648584,165.89523442801953,166.12985777423478,195432700,AAPL
2021-12-20,165.9539031982422,166.76534380811088,163.71512072913166,164.51677542044033,107499100,AAPL
2021-12-21,169.12142944335938,169.3267248588515,165.33796412188073,167.72340078083394,91185900,AAPL
2021-12-22,171.71218872070312,171.92727008747283,168.30022969109157,169.1703261593658,92135300,AAPL
2021-12-23,172.33782958984375,172.89508977696892,171.350421702329,171.91745288802377,68356600,AAPL
2021-12-27,176.29730224609375,176.3852860059842,173.1102106304085,173.12975263201184,74919600,AAPL
2021-12-28,175.28054809570312,177.2749361221624,174.5375492742612,176.1311025117923,79144300,AAPL
2021-12-29,175.3685302734375,176.59057652650236,174.1562550200767,175.31964543980357,62348900,AAPL
2021-12-30,174.21493530273438,176.53194546765312,174.10739462067014,175.45653864701075,59773000,AAPL
2021-12-31,173.59906005859375,175.22192661622364,173.295979969142,174.1074207067375,64062300,AAPL
2022-01-03,177.93972778320312,178.79028222604728,173.73590007898758,173.85321176039008,104487900,AAPL
2022-01-04,175.68136596679688,178.84891521802436,175.11433471652768,178.54585013474667,99310400,AAPL
2022-01-05,171.00830078125,176.1408961877194,170.73456355297643,175.59342173117227,94537600,AAPL
2022-01-06,168.15357971191406,171.3797850968752,167.80162976232634,168.83792269234627,96904000,AAPL
2022-01-07,168.31980895996094,170.2457555978546,167.2053030557917,169.0237089960216,86709100,AAPL
2022-01-10,168.33935546875,168.6424206204467,164.40924966346103,165.29890311477462,106765600,AAPL
2022-01-11,171.16470336914062,171.26245812752686,166.99997473942338,168.46643037323963,76138300,AAPL
2022-01-12,171.60462951660156,173.21772467571947,170.91051556767007,172.1814317936139,74805200,AAPL
2022-01-13,168.33935546875,172.6702811972984,167.9482916298187,171.84906951188285,84505800,AAPL
2022-01-14,169.1996612548828,169.89377524696252,167.26392904254132,167.50833831927105,80440800,AAPL
2022-01-18,166.0027618408203,168.68147761318977,165.62148401611884,167.6745127192973,90956700,AAPL
2022-01-19,162.51263427734375,167.25418085979933,162.22912604138475,166.19833085017333,94815000,AAPL
2022-01-20,160.8310546875,165.8854360990158,160.50843269303434,163.24581922868165,91420500,AAPL
2022-01-21,158.77804565429688,162.61038131219433,158.67050497614542,160.74309086318223,122848900,AAPL
2022-01-24,158.0056915283203,158.67049246380245,151.2404450916643,156.44148123567246,162294600,AAPL
2022-01-25,156.2068328857422,159.1201868610098,153.50856023591945,155.424720331175,115798400,AAPL
2022-01-26,156.11888122558594,160.71377291639465,154.29070450112417,159.84367643647036,108275300,AAPL
2022-01-27,155.6593780517578,160.1760566161972,154.74039680395836,158.8171416631375,121954600,AAPL
2022-01-28,166.52088928222656,166.54044619647436,159.15928486994983,162.00421173203972,179935700,AAPL
2022-01-31,170.8714141845703,171.0864955438015,165.71926239899202,166.35473547583268,115541600,AAPL
2022-02-01,170.70521545410156,170.93006781127377,168.45664712970438,170.1186272242385,86213900,AAPL
2022-02-02,171.90771484375,171.94682868403083,169.45385093947993,170.84209391826516,84914300,AAPL
2022-02-03,169.03343200683594,172.2987509371964,168.27087633720052,170.57810026310062,89418100,AAPL
2022-02-04,168.7495880126953,170.4234840013588,167.07569202403184,168.05457472378333,82465400,AAPL
2022-02-07,168.0349884033203,170.27662295458384,167.3399751947351,169.20964451994723,77251200,AAPL
2022-02-08,171.13804626464844,171.64706939744136,167.80983647215697,168.1035042386361,74829200,AAPL
2022-02-09,172.55743408203125,172.91961588647231,171.20657123174874,172.3322952525055,71285000,AAPL
2022-02-10,168.48526000976562,171.77430598076174,167.92730472233933,170.46260694632986,90865900,AAPL
2022-02-11,165.0787811279297,169.4250227899619,164.4914455219278,168.690860750742,98670700,AAPL
2022-02-14,165.31370544433594,165.99892030677,163.04269054419584,163.83558309476697,86185500,AAPL
2022-02-15,169.14109802246094,169.29772280484622,166.6547430824804,167.35953966665278,62527400,AAPL
2022-02-16,168.9062042236328,169.67951494494773,166.45899759893967,168.2209893560315,61177400,AAPL
2022-02-17,165.31370544433594,168.27971865617212,164.91235997613748,167.4182971510757,69589300,AAPL
2022-02-18,163.76707458496094,166.93864489391834,162.68051421778296,166.23386310925557,82772700,AAPL
2022-02-22,160.84999084472656,163.16993775264925,158.72580252665216,161.4960419882263,91162800,AAPL
2022-02-23,156.68975830078125,162.6413518716535,156.37650867254357,162.04423283731927,90009200,AAPL
2022-02-24,159.30337524414062,159.4110529381091,148.7901697172211,149.3579234730035,141147500,AAPL
2022-02-25,161.3688201904297,161.6331077669388,157.47285626304333,160.38013909716133,91974200,AAPL
2022-02-28,161.63311767578125,161.92678549313706,158.99992064321486,159.61662156600548,95056600,AAPL
2022-03-01,159.753662109375,163.08187242749526,158.54964050687724,161.2219862371019,83474400,AAPL
2022-03-02,163.0426788330078,163.82578787806702,159.50891214996344,160.91850544375748,79724800,AAPL
2022-03-03,162.71966552734375,165.34307890598984,162.0540324670775,164.91236813214016,76678400,AAPL
2022-03-04,159.72427368164062,162.05401907314567,158.67687705595137,161.01640589639365,83737200,AAPL
2022-03-07,155.93601989746094,161.5352302369313,155.68150083148916,159.91028134097652,96418800,AAPL
2022-03-08,154.11532592773438,159.4404512853576,152.50995857167746,155.4661891073489,131148300,AAPL
2022-03-09,159.5089111328125,159.959203685233,156.04367342146804,158.06995256595388,91454900,AAPL
2022-03-10,155.1724853515625,157.0029911685478,152.6861150001443,156.81700107101284,105342000,AAPL
2022-03-11,151.4625244140625,155.9164439341305,151.23738556277695,155.57382899544626,96970100,AAPL
2022-03-14,147.43927001953125,150.86535859871933,146.93026189923282,148.25174424641173,108732100,AAPL
2022-03-15,151.8148956298828,152.28477002224423,147.2043670461277,147.71337523300835,92964300,AAPL
2022-03-16,156.21986389160156,156.62120932527256,151.19820652447248,153.73350876565036,102300200,AAPL
2022-03-17,157.22808837890625,157.60006847550426,154.30123952375973,155.26054010615638,75615400,AAPL
2022-03-18,160.51719665527344,161.00663805311925,156.3863100625295,157.12047215929823,123511700,AAPL
2022-03-21,161.8876190185547,162.83713639325782,159.56765695852218,160.05709828830467,95811400,AAPL
2022-03-22,165.2549591064453,165.8422796739602,161.42752475473955,162.01484532225444,81532000,AAPL
2022-03-23,166.61561584472656,168.9942934206818,164.1096638130363,164.4424952526729,98062700,AAPL
2022-03-24,170.3940887451172,170.46260275503545,166.6156015912022,167.44764277770662,90131400,AAPL
2022-03-25,171.03038024902344,171.57855215101324,169.1019802060181,170.20812239603873,80546200,AAPL
2022-03-28,171.89181518554688,172.01905978493204,168.3678313455488,168.53423961902578,90371900,AAPL
2022-03-29,175.18081665039062,175.2297488255487,172.6161343745908,172.95874922006587,100589400,AAPL
2022-03-30,174.01596069335938,175.8171010585222,172.96854916161706,174.77948791199498,92633200,AAPL
2022-03-31,170.9226837158203,174.2704602652505,170.71711180695456,174.08447018974397,103049300,AAPL
2022-04-01,170.62901306152344,171.18698327855927,168.30906622272897,170.35492714540266,78751300,AAPL
2022-04-04,174.67184448242188,174.720791608407,170.75631338866327,170.88357292891146,76468400,AAPL
2022-04-05,171.36318969726562,174.53477477488693,170.73670541562527,173.7516656886956,73401800,AAPL
2022-04-06,168.20144653320312,169.96343869896893,166.53734862975602,168.72025326304427,89058800,AAPL
2022-04-07,168.50486755371094,169.69910564386342,166.26323274049562,167.54556668896316,77594700,AAPL
2022-04-08,166.4981231689453,168.15243700693318,165.6269183292227,168.15243700693318,76575500,AAPL
2022-04-11,162.24978637695312,165.46052001953282,162.0050657338506,165.1472853633742,72246700,AAPL
2022-04-12,164.11947631835938,166.28279871101802,163.12101178667447,164.47187468621496,79265200,AAPL
2022-04-13,166.80157470703125,167.4280589196407,163.24824133176645,163.85514371182387,70618900,AAPL
2022-04-14,161.79949951171875,167.65322825491936,161.55477886000992,167.01694559853848,75329400,AAPL
2022-04-18,161.5841522216797,163.0818413516457,160.11582837374732,160.45842830966066,69023900,AAPL
2022-04-19,163.86497497558594,164.27611889634176,160.44868355818875,161.5352440651779,67723800,AAPL
2022-04-20,163.69851684570312,165.31368193809578,162.59238977382873,165.19620588083708,67929800,AAPL
2022-04-21,162.90567016601562,167.90776176039836,162.40644532626558,165.3430936610523,87227800,AAPL
2022-04-22,158.37338256835938,164.32498956486253,158.08951323432865,162.94477668345723,84882400,AAPL
2022-04-25,159.44041442871094,159.7242838315626,155.11375480994548,157.71757136622622,96046400,AAPL
2022-04-26,153.48880004882812,158.91180327087787,153.41048764569481,158.82370741856425,95623200,AAPL
2022-04-27,153.26365661621094,156.41564486229873,152.0987839265491,152.61759051221244,88063200,AAPL
2022-04-28,160.18434143066406,161.0457628626786,155.57379800357486,155.88704759214835,130216800,AAPL
2022-04-29,154.3208465576172,162.69029635210208,153.92929946524063,158.42236732431553,131747600,AAPL
2022-05-02,154.6243133544922,154.88860092145774,150.0333512355366,153.4007100151784,123055300,AAPL
2022-05-03,156.11219787597656,157.31623426694395,153.0189401124905,154.81028218380573,88966500,AAPL
2022-05-04,162.51414489746094,162.9644226715747,155.89688686657877,156.2982324444477,108256500,AAPL
2022-05-05,153.45947265625,160.615104090122,151.67789865233715,160.38996521087574,130525300,AAPL
2022-05-06,154.1848602294922,156.30235682996496,151.1458596477854,152.93984857664353,116124600,AAPL
2022-05-09,149.0675811767578,152.7633948486293,148.50880608897836,151.8810971374127,131577900,AAPL
2022-05-10,151.46934509277344,153.6554710112095,149.92043660074285,152.4594785674708,115366700,AAPL
2022-05-11,143.6169891357422,152.39085681137783,142.94056542836282,150.4792343504193,142689800,AAPL
2022-05-12,139.7545623779297,143.32293029647687,136.0685607235715,139.96043637411066,182602000,AAPL
2022-05-13,144.21502685546875,145.1855500570958,140.2937427481442,141.744613679471,113990900,AAPL
2022-05-16,142.67587280273438,144.61691862288893,141.34263600841436,142.68568558350242,86643800,AAPL
2022-05-17,146.30308532714844,146.82265416778552,143.79345144967377,145.93055862687706,78336300,AAPL
2022-05-18,138.04879760742188,144.46008977155722,137.14688920750964,143.9601314929513,109742900,AAPL
2022-05-19,134.64707946777344,138.87226008655338,133.91183880440775,137.12729010884627,136095600,AAPL
2022-05-20,134.88233947753906,137.93113785871375,130.00034593006458,136.3528207232791,137426100,AAPL
2022-05-23,140.29368591308594,140.44072802413697,134.9411286932433,135.07837298305947,117726300,AAPL
2022-05-24,137.5978546142578,139.17617200488684,134.62748321427134,138.03899606760518,104132700,AAPL
2022-05-25,137.7547149658203,138.99971190055481,135.61760734755066,135.70583264997845,92482700,AAPL
2022-05-26,140.95053100585938,141.49950829001511,134.44120114221013,134.68628135538745,90601500,AAPL
2022-05-27,146.69520568847656,146.73441193920726,142.4013957458045,142.5288422380691,90978500,AAPL
2022-05-31,145.9109649658203,147.69515625482543,143.95032308788612,146.13644955191023,103718400,AAPL
2022-06-01,145.7835235595703,148.75389460714223,144.7737792988703,146.95009283292427,74286600,AAPL
2022-06-02,148.23434448242188,148.29316134885798,143.96994216366954,144.92085472708317,72348100,AAPL
2022-06-03,142.51904296875,145.05807025566116,141.61714962601158,144.00911981753086,88570300,AAPL
2022-06-06,143.26409912109375,145.64628674294468,142.04849579123675,144.13658414441952,71598400,AAPL
2022-06-07,145.7835235595703,146.06781003090646,141.26424373812605,141.50932395629872,67808200,AAPL
2022-06-08,145.04830932617188,146.92071116560922,144.5581488005419,145.65610359122917,53950200,AAPL
2022-06-09,139.83294677734375,145.03844740252498,139.72511089989996,144.18557316361037,69473000,AAPL
2022-06-10,134.431396484375,137.98995082700978,134.36276684809005,137.51940103001422,91437900,AAPL
2022-06-13,129.2847137451172,132.53937106937602,128.85337019356888,130.25522177759234,122207100,AAPL
2022-06-14,130.1473388671875,131.2551057735608,128.89252987523503,130.51006760912125,84784300,AAPL
2022-06-15,132.76486206054688,134.63727870714717,129.55922325217023,131.64729675078482,91533000,AAPL
2022-06-16,127.50054931640625,129.78469908531477,126.50061768881059,129.48080196283757,108123900,AAPL
2022-06-17,128.9710235595703,130.4611156124141,127.25546187351353,127.5103548974603,134520300,AAPL
2022-06-21,133.1962127685547,134.36279718069025,130.69640612370614,130.79442925101708,81000500,AAPL
2022-06-22,132.6864471435547,135.04900927487205,131.2747825760473,132.13745484401576,73409200,AAPL
2022-06-23,135.54896545410156,135.8626603415122,132.9609190593017,134.12750324123766,72433800,AAPL
2022-06-24,138.8722381591797,139.1173183416044,137.01943257838917,137.1468641014651,89116800,AAPL
2022-06-27,138.8722381591797,140.66622688954945,138.19581446232633,139.8917651363233,70207900,AAPL
2022-06-28,134.7353057861328,140.59762053174873,134.61767206581916,139.3330131628478,67083400,AAPL
2022-06-29,136.49008178710938,137.90174634957765,133.98046254650382,134.75492447437682,66242400,AAPL
2022-06-30,134.02944946289062,135.64697266058235,131.13750634293814,134.54901824559195,98964500,AAPL
2022-07-01,136.19595336914062,136.3037892489926,132.99031531614665,133.36282702594735,71051600,AAPL
2022-07-05,138.77423095703125,138.82324999611623,134.23534018265374,135.05882114715405,73353800,AAPL
2022-07-06,140.10743713378906,141.28381901974345,138.30365057809186,138.56834136394644,74064300,AAPL
2022-07-07,143.47000122070312,143.66606245207848,140.46040821637013,140.47020604245932,66253700,AAPL
2022-07-08,144.14637756347656,144.64635079248632,142.1465295229667,142.40140757015126,64547800,AAPL
2022-07-11,142.0190887451172,143.7542609845207,140.95054251842944,142.80334848304327,63141600,AAPL
2022-07-12,142.9896240234375,145.52865186539117,142.19556639366533,142.89158593841137,77588800,AAPL
2022-07-13,142.6268768310547,143.5679764107693,139.32318560371215,140.1760748610569,71185600,AAPL
2022-07-14,145.54824829101562,146.01879814456234,140.4309718883509,141.244640047542,78140700,AAPL
2022-07-15,147.21478271484375,147.8912065060331,145.2835494113212,146.83245817528143,76259900,AAPL
2022-07-18,144.17578125,148.58722466683977,143.81305239727462,147.77355664160174,81420900,AAPL
2022-07-19,148.02845764160156,148.25392726287154,144.01894870347078,145.0090674390563,82982400,AAPL
2022-07-20,150.02830505371094,150.6949310490213,147.41085002655058,148.14609070693865,64823400,AAPL
2022-07-21,152.29286193847656,152.50853373902038,148.94996398855773,151.45958316742,65086600,AAPL
2022-07-22,151.05764770507812,153.20455292364784,150.3910366563313,152.33206789895848,66675400,AAPL
2022-07-25,149.9401092529297,151.9889767618816,149.28329591095286,150.97924722556508,53623900,AAPL
2022-07-26,148.6166534423828,150.07732200029463,147.83239373585778,149.2636538636445,55138700,AAPL
2022-07-27,153.70452880859375,154.23391054533735,149.16565257909815,149.57738561961435,78620700,AAPL
2022-07-28,154.2534942626953,154.53778073211737,151.37134852302864,153.8907653704556,81378700,AAPL
2022-07-29,159.3119659423828,160.4099356728857,156.36120501340108,158.06696899861157,101786900,AAPL
2022-08-01,158.33163452148438,160.37070393464464,157.72384030664722,157.84147403635484,67829400,AAPL
2022-08-02,156.86114501953125,159.21392420256825,156.48863324172908,156.94938527079637,59907000,AAPL
2022-08-03,162.8607177734375,163.311657015849,157.58658648416494,157.67481177613547,82507500,AAPL
2022-08-04,162.54701232910156,163.89986001020398,161.19416464799912,162.74307352499065,55474100,AAPL
2022-08-05,162.3212127685547,162.81205403488926,160.01425282506756,160.22041274781424,56697000,AAPL
2022-08-08,161.85000610351562,164.73615535552312,161.1922805564501,163.32253000929188,60276900,AAPL
2022-08-09,161.89906311035156,162.78258627702198,160.2596552644257,161.01555492296612,63135500,AAPL
2022-08-10,166.13998413085938,166.23814341245296,163.8428352480907,164.60854654925055,70170500,AAPL
2022-08-11,165.40370178222656,167.85790820975464,165.10919401506573,166.9449356294848,57149200,AAPL
2022-08-12,168.9475555419922,169.01626552422525,166.2970009450499,166.7093207555899,68039400,AAPL
2022-08-15,170.01759338378906,170.21392688656005,168.21130119143814,168.37818541775778,54091700,AAPL
2022-08-16,169.86056518554688,170.52811724537264,168.51566461022102,169.61514449782814,56377100,AAPL
2022-08-17,171.3527069091797,172.92339013736907,169.4089794863745,169.60531301748716,79542000,AAPL
2022-08-18,170.9600372314453,171.69629926083016,169.9489052427666,170.56737014082248,62290100,AAPL
2022-08-19,168.3782196044922,170.55755638009072,168.17205964818893,169.86055507755876,70346300,AAPL
2022-08-22,164.5005340576172,166.74858025975374,164.0784028181707,166.58169604206546,69026800,AAPL
2022-08-23,164.16680908203125,165.61971039901564,163.59743126526018,164.01956265497435,54147100,AAPL
2022-08-24,164.4613037109375,165.03068148199358,163.20475103663767,164.2551587296091,53841500,AAPL
2022-08-25,166.91551208496094,167.0234977835924,165.26629230145085,165.68840868200775,51218200,AAPL
2022-08-26,160.62289428710938,167.91680343416758,160.56399573070382,167.44560000363606,78961000,AAPL
2022-08-29,158.4239501953125,159.91609703205498,156.89252766433086,158.19815240165843,73314000,AAPL
2022-08-30,155.9991912841797,159.58232691391927,154.83098655063566,159.1602105704912,77906200,AAPL
2022-08-31,154.3401641845703,157.63861884578063,154.26162776653078,157.37356030730842,87991100,AAPL
2022-09-01,155.06658935546875,155.5181549609377,151.83684522830168,153.77076113952282,74229900,AAPL
2022-09-02,152.95599365234375,157.4226533584457,152.13138370086696,156.82382625526336,76957800,AAPL
2022-09-06,151.69940185546875,154.21250676362826,150.8747921160952,153.60386838160778,73714800,AAPL
2022-09-07,153.10324096679688,153.80022729759784,150.79628062278962,151.9841232844313,87449600,AAPL
2022-09-08,151.6306915283203,153.49588236025656,149.88328282837716,151.80738719524012,84923800,AAPL
2022-09-09,154.4873809814453,154.92915012061422,151.91537744584716,152.62219009337275,68028800,AAPL
2022-09-12,160.43641662597656,161.2512151668514,156.38207675156147,156.6667581794377,104956000,AAPL
2022-09-13,151.02203369140625,157.5993035102858,150.5606417135221,156.97102730327344,122656600,AAPL
2022-09-14,152.46511840820312,154.22233860679495,150.79626102566698,151.95463927472932,87965400,AAPL
2022-09-15,149.57896423339844,152.39640331677907,148.6071081028978,151.81719923234522,90481100,AAPL
2022-09-16,147.93954467773438,148.5776472684102,145.65222273370736,148.44021232229758,162278800,AAPL
2022-09-19,151.6503448486328,151.7288812650201,146.368901915373,146.57504690151106,81474200,AAPL
2022-09-20,154.02597045898438,155.1843635395565,150.2759512881002,150.59008188296497,107689800,AAPL
2022-09-21,150.9042510986328,155.83230196535132,150.78645397951445,154.4579373320565,101696800,AAPL
2022-09-22,149.9422149658203,151.64052177438083,148.14573389948876,149.58880860884872,86652500,AAPL
2022-09-23,147.6744842529297,148.69544239271363,145.83874285871622,148.42057250414538,96029900,AAPL
2022-09-26,148.00830078125,150.95334879982894,146.89899456754617,146.91863241520423,93339400,AAPL
2022-09-27,148.9801483154297,151.88593544780034,147.20330517830297,149.9422080635759,84442700,AAPL
2022-09-28,147.0952911376953,147.88064007446383,142.18687900699845,144.9355927960457,146691400,AAPL
2022-09-29,139.8701171875,144.03245634378814,138.103085707034,143.4238179924611,128138200,AAPL
2022-09-30,135.66848754882812,140.47873968885042,135.47215408948253,138.69207075645514,124925300,AAPL
2022-10-03,139.84071350097656,140.44936703001858,135.16790871082608,135.67838796700266,114311700,AAPL
2022-10-04,143.42384338378906,143.5416405102459,141.61753589548164,142.37343574191996,87830100,AAPL
2022-10-05,143.7183380126953,144.68039782185656,140.39043433471556,141.43103055560152,79471000,AAPL
2022-10-06,142.76608276367188,144.8374334955695,142.5599378213271,143.13912691743977,68402200,AAPL
2022-10-07,137.52391052246094,140.47878470691822,136.8956342636469,139.9290298735793,85925600,AAPL
2022-10-10,137.8478546142578,139.2909290851068,136.0317509799681,137.8478546142578,74899000,AAPL
2022-10-11,136.43426513671875,138.76086345268553,135.68819163523887,137.33741147407548,77033700,AAPL
2022-10-12,135.80596923828125,137.78897231294513,135.62927355780315,136.58150689181417,70433700,AAPL
2022-10-13,140.37075805664062,140.9597584515342,131.90864640933543,132.51729962379363,113224000,AAPL
2022-10-14,135.84523010253906,141.87276009592642,135.65870802953629,141.66660017858484,88598000,AAPL
2022-10-17,139.8014373779297,140.282452315822,137.7006369919499,138.48598615048115,85250900,AAPL
2022-10-18,141.11685180664062,144.01281203046764,138.03436952113134,142.8249846575733,99136600,AAPL
2022-10-19,141.22488403320312,142.2949146585481,138.9081120945048,139.09463421767856,61758300,AAPL
2022-10-20,140.7634735107422,143.21768011702426,140.0370229627389,140.40025572638473,64522000,AAPL
2022-10-21,144.5723876953125,145.14176534962488,140.03700430524796,140.25297565616944,86548600,AAPL
2022-10-24,146.7124786376953,147.47818995640918,143.32567626964715,144.4938810962025,75981900,AAPL
2022-10-25,149.5495147705078,149.69677613929844,146.62410499116672,147.3407290522299,74732300,AAPL
2022-10-26,146.6143035888672,149.20594507644813,145.32828678897533,148.19481318791426,88194300,AAPL
2022-10-27,142.1476593017578,146.3198108162611,141.48993368404496,145.35776595535313,109180200,AAPL
2022-10-28,152.8872528076172,154.61500878306214,145.11232844918345,145.4853576495381,164762400,AAPL
2022-10-31,150.53121948242188,151.41474288743174,149.13723186575905,150.35452378899333,97943200,AAPL
2022-11-01,147.8905029296875,152.60258320946681,146.39835590820144,152.2393653788708,80379300,AAPL
2022-11-02,142.3734130859375,149.38262560122348,142.34396380900958,146.22160672381153,93604600,AAPL
2022-11-03,136.3360595703125,140.18425286730874,136.20843606207234,139.45780248243508,97918500,AAPL
2022-11-04,136.07054138183594,140.2889377423714,132.13729852649516,139.71861572785127,140814800,AAPL
2022-11-07,136.60157775878906,136.8277351131925,133.40581664759068,134.82178704829124,83374600,AAPL
2022-11-08,137.17190551757812,139.069688836373,135.19545550623369,138.06672226567503,89908500,AAPL
2022-11-09,132.61915588378906,136.23774833279379,132.3438299914245,136.18857977969958,74917800,AAPL
2022-11-10,144.4188995361328,144.4188995361328,137.171901375878,138.88286812786214,118854000,AAPL
2022-11-11,147.20167541503906,147.5064994693465,141.9606252113591,143.3864383750097,93979700,AAPL
2022-11-14,145.80535888671875,147.77198095425382,144.96953850636208,146.48384590068005,73374100,AAPL
2022-11-15,147.53599548339844,151.02675299903876,146.0806992107757,149.67962155098414,89868300,AAPL
2022-11-16,146.3068389892578,147.36881668355312,144.83187247009243,146.6411761367448,64218300,AAPL
2022-11-17,148.2046356201172,148.9519465811487,143.71089713297823,143.98622301357588,80389400,AAPL
2022-11-18,148.76512145996094,150.15159363499748,147.4671586821555,149.76810292744864,74829600,AAPL
2022-11-21,145.5398712158203,147.8604860232478,145.2547175972566,147.65399909356225,58724100,AAPL
2022-11-22,147.67364501953125,147.9096450709946,144.47788413446048,145.65786938764137,51804100,AAPL
2022-11-23,148.548828125,149.29613922514196,146.84768896962234,146.95585380028717,58301400,AAPL
2022-11-25,145.63819885253906,146.3953525551104,144.66471552066162,145.8348580598712,35195900,AAPL
2022-11-28,141.81314086914062,144.19275214587688,140.98716307142482,142.7177853624681,69246000,AAPL
2022-11-29,138.8140411376953,142.393293327039,138.00773375100172,141.88196729880755,83763800,AAPL
2022-11-30,145.55953979492188,146.23802684928043,138.2043770255708,139.04018245155586,111380900,AAPL
2022-12-01,145.83486938476562,146.64119170281938,144.16324348642758,145.73654727553216,71250400,AAPL
2022-12-02,145.34320068359375,145.53003217962117,143.21924526160134,143.52408428382984,65447400,AAPL
2022-12-05,144.18292236328125,148.40132070138284,143.33727415278167,145.30389650239576,68826400,AAPL
2022-12-06,140.5249786376953,144.84171332835018,139.55149534602168,144.61555599946504,64727200,AAPL
2022-12-07,138.58787536621094,140.97731424983792,137.66356048798676,139.8170142991394,69721100,AAPL
2022-12-08,140.2693328857422,141.12482380942538,138.7452125702619,139.98417924727298,62128300,AAPL
2022-12-09,139.78750610351562,143.14060047218985,138.54852454565471,139.96449489513216,76097000,AAPL
2022-12-12,142.07864379882812,142.08847150955347,138.70587850686456,140.31850830999085,70462700,AAPL
2022-12-13,143.04226684570312,147.4671667934874,141.83279839446703,147.00500937638787,93886200,AAPL
2022-12-14,140.81997680664062,144.21239680146076,138.80418622868987,142.9242617747897,82291200,AAPL
2022-12-15,134.2219696044922,139.43352160827794,133.7598121718234,138.75503452609877,98931900,AAPL
2022-12-16,132.26516723632812,135.35276341025192,131.49818579850947,134.40879318099954,160156900,AAPL
2022-12-19,130.16085815429688,132.94362978303496,129.12839371956332,132.85513540362356,79592600,AAPL
2022-12-20,130.092041015625,131.02618341248566,127.72225803734129,129.19722445474264,77432800,AAPL
2022-12-21,133.18946838378906,134.52677190815584,130.53453175568677,130.76068907847488,85928000,AAPL
2022-12-22,130.02322387695312,132.31434056379908,128.12544063659777,132.10785363301125,77852100,AAPL
2022-12-23,129.65939331054688,130.21004508793624,127.47644161865645,128.73507853958517,63814900,AAPL
2022-12-27,127.85995483398438,129.2169290987198,126.57181955561124,129.18743096288975,69007800,AAPL
2022-12-28,123.93653106689453,128.84325132058044,123.76936998157427,127.50594763388183,85438400,AAPL
2022-12-29,127.44693756103516,128.30241331797103,125.59831560715067,125.8539710621533,75703700,AAPL
2022-12-30,127.76158142089844,127.78125184057714,125.30331160781724,126.26695961626481,77034200,AAPL
2023-01-03,122.98271179199219,128.71540946850325,122.09773035328112,128.10576142344397,112117500,AAPL
2023-01-04,124.25118255615234,126.51280092971427,122.9925456360047,124.77233620258212,89113600,AAPL
2023-01-05,122.93354797363281,125.63765344479737,122.67789249421179,125.0083349534918,80962700,AAPL
2023-01-06,127.45679473876953,128.11561145155684,122.80573689838651,123.90704815865084,87754700,AAPL
2023-01-09,127.9779281616211,131.18353181246084,127.72227268810083,128.2925949020793,70790800,AAPL
2023-01-10,128.54823303222656,129.06938662217883,125.9817909176488,128.0860756971166,63896200,AAPL
2023-01-11,131.26219177246094,131.28184718963053,128.28276062052532,129.05956971451124,69458900,AAPL
2023-01-12,131.18353271484375,132.0193381171801,129.24640871746402,131.6456901154858,71379600,AAPL
2023-01-13,132.51101684570312,132.66835024455597,129.46276101465787,129.82658137088367,57809700,AAPL
2023-01-17,133.67129516601562,134.99875596810472,131.8915047175872,132.5798193932039,63646600,AAPL
2023-01-18,132.9534912109375,136.29674271738915,132.7764874230637,134.53662257229425,69672800,AAPL
2023-01-19,133.01248168945312,133.97612225756075,131.53751520588366,131.8423392118264,58280400,AAPL
2023-01-20,135.56907653808594,135.71658218378784,131.97999755468973,133.02230476612493,80223600,AAPL
2023-01-23,138.75503540039062,140.92815961902411,135.59860004292767,135.81492969380113,81760300,AAPL
2023-01-24,140.15133666992188,140.77082749424633,137.95855701188813,137.96838472187488,66435100,AAPL
2023-01-25,139.49249267578125,140.05297211797858,136.49339126221906,138.53867984910516,65799300,AAPL
2023-01-26,141.55747985839844,141.8426334902846,139.53184628445516,140.78065564701856,54105100,AAPL
2023-01-27,143.49456787109375,144.77287517943125,140.69214050710963,140.77080718806803,70555800,AAPL
2023-01-30,140.61349487304688,143.12094131391822,140.46600420175812,142.54079133466578,64015300,AAPL
2023-01-31,141.88197326660156,141.93114182979278,139.90552306108117,140.31851198443744,65874500,AAPL
2023-02-01,143.0029296875,144.16324461699494,138.961535368266,141.56730384751015,77663600,AAPL
2023-02-02,148.30300903320312,148.6569866770964,145.69722523392414,146.41503824093917,118339000,AAPL
2023-02-03,151.92153930664062,154.7534795979514,145.36285717719954,145.55951636317744,154357300,AAPL
2023-02-06,149.19778442382812,150.54493079230497,148.26364190831887,150.02377712562708,69858300,AAPL
2023-02-07,152.06906127929688,152.63938353904294,148.12598902287087,148.12598902287087,83322600,AAPL
2023-02-08,149.38462829589844,152.00023955919008,148.64714493246836,151.3119247541495,64120100,AAPL
2023-02-09,148.35214233398438,151.75440537570756,147.9096553354024,151.213581264491,56007100,AAPL
2023-02-10,148.71652221679688,149.04151212756338,146.95371454850684,147.19007494553122,57450700,AAPL
2023-02-13,151.51341247558594,151.91717418893083,148.62790397291747,148.65744714640496,62199000,AAPL
2023-02-14,150.87326049804688,151.43461079325414,148.56880303013764,149.8096612758476,61707600,AAPL
2023-02-15,152.97096252441406,153.1383788845789,150.55817435125667,150.7846770706503,65573800,AAPL
2023-02-16,151.37551879882812,153.95572244720177,151.02098573800205,151.17854429955682,68167900,AAPL
2023-02-17,150.23316955566406,150.67633223329352,148.55899109181487,150.03621003527854,59144100,AAPL
2023-02-21,146.2249755859375,149.00215442484804,146.15604651567105,147.9188545173904,58867200,AAPL
2023-02-22,146.6484375,147.67263591965713,144.9250155718982,146.60903658364012,51011300,AAPL
2023-02-23,147.1309814453125,148.05670759936388,145.00379786650186,147.8105044744373,48394200,AAPL
2023-02-24,144.48182678222656,144.95453250364176,143.50685714395402,144.87574571223192,55469600,AAPL
2023-02-27,145.67344665527344,146.90446214048941,145.21058363066865,145.46664446890208,44998500,AAPL
2023-02-28,145.1712188720703,146.81585399639758,144.60002580056587,144.81668575965537,50547000,AAPL
2023-03-01,143.10308837890625,144.9939263960711,142.80764165155819,144.60000744430354,55479000,AAPL
2023-03-02,143.6939697265625,144.48182259076125,141.71448733904464,142.18720807379,52238100,AAPL
2023-03-03,148.7362060546875,148.8149928448926,145.0924034132026,145.79161175732688,70732300,AAPL
2023-03-06,151.49366760253906,153.92615502016272,151.12929188498998,151.45426669807628,87558000,AAPL
2023-03-07,149.2975616455078,151.69064849711955,148.83469862838186,151.3656586110283,56182000,AAPL
2023-03-08,150.54824829101562,151.13914166926784,149.52405013269365,150.48916195859897,47204800,AAPL
2023-03-09,148.30291748046875,152.19292402611515,147.94838436334126,151.22781194000862,53833600,AAPL
2023-03-10,146.24465942382812,148.64760438030467,145.3681768808884,147.92869544727571,68572400,AAPL
2023-03-13,148.18472290039062,150.81417020284252,145.4567883472071,145.56511831219402,84457100,AAPL
2023-03-14,150.2725372314453,151.07023295988367,147.82036369988242,148.98243524821328,73695900,AAPL
2023-03-15,150.66644287109375,150.92248866561948,147.64306182318006,148.89377768233683,77167900,AAPL
2023-03-16,153.48304748535156,154.0837837636838,149.33697988783769,149.84908663995225,76161100,AAPL
2023-03-17,152.6459197998047,154.35949876084172,151.93685367986137,153.70951897971963,98944600,AAPL
2023-03-20,155.00949096679688,155.42312546588803,151.80885014610277,152.71489092530072,73641400,AAPL
2023-03-21,156.86093139648438,156.9791040860205,154.16253977805687,154.93070734117964,73938300,AAPL
2023-03-22,155.43292236328125,159.67746084227036,155.41322191031108,156.8805976022137,75701800,AAPL
2023-03-23,156.5162353515625,159.0964541870748,155.28521978995877,156.41776312286146,67622100,AAPL
2023-03-24,157.81617736816406,157.90480687220796,155.45263376473136,156.44728881765926,59196500,AAPL
2023-03-27,155.87612915039062,158.3283178086609,155.4723523985585,157.51092158923748,52390300,AAPL
2023-03-28,155.2556610107422,156.08291480553032,153.61102618902072,155.57080817581272,45992200,AAPL
2023-03-29,158.32830810546875,158.60405440029712,156.92987617396892,156.94956160428092,51305700,AAPL
2023-03-30,159.89413452148438,160.0024644815908,158.82069266127598,159.07673846378026,49501700,AAPL
2023-03-31,162.39556884765625,162.49405610459849,159.45098920585787,159.97293860815142,68749800,AAPL
2023-04-03,163.64627075195312,163.76444342844442,161.725889623748,161.7751332479675,56976200,AAPL
2023-04-04,163.114501953125,164.3061166832112,162.60239523685718,164.06977129650792,46278300,AAPL
2023-04-05,161.27288818359375,162.54330471265868,159.34266411557562,162.2380152446489,51511700,AAPL
2023-04-06,162.1592254638672,162.45467221127325,159.53962067833683,159.96308282888376,45390100,AAPL
2023-04-10,159.56918334960938,159.56918334960938,157.64880179736934,158.96844706639095,47716900,AAPL
2023-04-11,158.3578643798828,159.89416958590462,158.07226031922266,159.88432686993428,47644200,AAPL
2023-04-12,157.66845703125,159.59868074602483,157.35330987869057,158.77144201112134,50133100,AAPL
2023-04-13,163.0455322265625,163.28189260314673,158.96840964951016,159.17522685740187,68445600,AAPL
2023-04-14,162.70083618164062,163.79397836508667,161.33194777417597,162.0902423767061,49386500,AAPL
2023-04-17,162.7205810546875,162.87815467656333,161.53880894471416,162.58270789230806,41516200,AAPL
2023-04-18,163.9417266845703,164.8674527745674,163.13417327770642,163.5773508935462,49923000,AAPL
2023-04-19,165.0841064453125,165.60605581206516,163.0258371209191,163.28189796071484,47720200,AAPL
2023-04-20,164.1189727783203,165.3204450523275,163.04553091898333,163.56748026442403,52456400,AAPL
2023-04-21,162.51376342773438,163.92203809382642,161.99181400338804,162.54330660065614,58337300,AAPL
2023-04-24,162.8190460205078,163.0849495926161,161.40091367199096,162.49405610505224,41949600,AAPL
2023-04-25,161.28274536132812,163.78416246885476,161.24334444666383,162.68117729099055,48714100,AAPL
2023-04-26,161.27288818359375,162.7698073781101,160.32747660698578,160.58352244501583,45498800,AAPL
2023-04-27,165.8522491455078,165.99996498511996,162.68115222078845,162.68115222078845,64902300,AAPL
2023-04-28,167.10296630859375,167.27039764589344,165.33031595199535,165.93105213681218,55275900,AAPL
2023-05-01,167.01437377929688,167.8613132597454,166.07880476680162,166.7090842619925,52472900,AAPL
2023-05-02,165.98025512695312,167.76277797719564,164.99544284655173,167.50671716698386,48425700,AAPL
2023-05-03,164.90682983398438,168.32412999077732,164.62124085601573,166.9256982160475,65136000,AAPL
2023-05-04,163.2720489501953,164.50306450874902,161.81453073644045,162.3857237588548,81235400,AAPL
2023-05-05,170.9339141845703,171.65282310766082,168.1665784150509,168.3832383689214,113453200,AAPL
2023-05-08,170.86497497558594,171.20966537396347,169.49608615179136,169.86046198141287,55962800,AAPL
2023-05-09,169.16122436523438,170.90433143409618,168.99380806621033,170.42178299192224,45326900,AAPL
2023-05-10,170.92404174804688,171.38690478906514,169.28924951921832,170.39224965147537,53724500,AAPL
2023-05-11,171.11114501953125,171.9383837832071,169.55513971049686,171.2096322648924,49514700,AAPL
2023-05-12,170.18414306640625,171.6535334613317,168.63584185680983,171.2196142676148,45533100,AAPL
2023-05-15,169.6910858154297,170.815324358024,169.09937498339835,170.76601261404946,37266700,AAPL
2023-05-16,169.6910858154297,170.74628490689332,169.42481443623242,169.61219003463674,42110300,AAPL
2023-05-17,170.30250549316406,170.53917778241149,168.06388478776768,169.3360585337975,57951600,AAPL
2023-05-18,172.6298828125,172.8172584115987,170.1940301198803,170.60822168470452,65496700,AAPL
2023-05-19,172.7383575439453,173.95134816577144,172.5213979143073,173.95134816577144,55809500,AAPL
2023-05-22,171.7916259765625,172.2945846931845,171.0519949677244,171.57466634347682,43570900,AAPL
2023-05-23,169.1881103515625,170.9829553293692,168.9119826700276,170.7364116817252,50747300,AAPL
2023-05-24,169.4642333984375,170.03621645106807,168.16249079935005,168.7246024757336,45143500,AAPL
2023-05-25,170.5983428955078,171.4957503105663,169.3163129553576,170.02635984381527,56058300,AAPL
2023-05-26,173.00460815429688,173.33991896491864,170.71669083708804,170.92379413047703,54835000,AAPL
2023-05-30,174.84877014160156,176.51540772383512,174.1288668535482,174.51347436884586,55964400,AAPL
2023-05-31,174.79945373535156,176.87042648421155,174.3162227478627,174.87834951174753,99625300,AAPL
2023-06-01,177.60020446777344,177.6297885060057,174.4838886927619,175.24324745233199,68901800,AAPL
2023-06-02,178.4482879638672,179.2668146743205,176.78165050926717,178.52718373632618,61996900,AAPL
2023-06-05,177.0972442626953,182.3929972823034,175.57852688511534,180.10507993454968,121946500,AAPL
2023-06-06,176.7323455810547,177.62975297431,174.97694105936182,177.4818328127375,64848400,AAPL
2023-06-07,175.361572265625,178.70470351330488,174.8684849721747,175.97299569419778,61944600,AAPL
2023-06-08,178.0735626220703,178.33981894141047,175.0065588784877,175.44046308150416,50214900,AAPL
2023-06-09,178.45819091796875,179.71062202681557,178.1327514419261,178.9907186665087,48900000,AAPL
2023-06-12,181.24903869628906,181.34766218390052,178.468033910057,178.76388932505995,54274900,AAPL
2023-06-13,180.7756805419922,181.60406367252176,179.91771337450308,180.27273686584886,54929100,AAPL
2023-06-14,181.40684509277344,181.84076439721946,179.5035350184376,180.83486192307942,57462900,AAPL
2023-06-15,183.43833923339844,183.94129793003785,181.23917400121888,181.4166932611595,65433200,AAPL
2023-06-16,182.3634033203125,184.40479194393566,181.72239585614398,184.14837692000424,101256200,AAPL
2023-06-20,182.45213317871094,183.52707478677846,181.86043752572817,181.86043752572817,49799100,AAPL
2023-06-21,181.41668701171875,182.84663717983523,180.0656175699355,182.34367850052172,49515700,AAPL
2023-06-22,184.4146270751953,184.46393880857786,181.13066426325057,181.1997036995518,51245300,AAPL
2023-06-23,184.09912109375,184.9669598115571,182.4522108345185,182.98475370147636,53117000,AAPL
2023-06-26,182.7085723876953,185.4501365723536,182.6691169769034,184.24700235631448,48088700,AAPL
2023-06-27,185.46002197265625,185.7854614474672,183.10306491069133,183.32002456056532,50730800,AAPL
2023-06-28,186.633544921875,187.27455239917202,185.00636283468697,185.33178721386028,51216800,AAPL
2023-06-29,186.96884155273438,187.4422162021352,186.32783407243755,186.4658979165552,46347300,AAPL
2023-06-30,191.28831481933594,191.7912585176698,188.6157746627016,188.9806695476879,85213200,AAPL
2023-07-03,189.79916381835938,191.19952989799955,189.10882958307744,191.10090642215079,31458200,AAPL
2023-07-05,188.68478393554688,190.311965971159,187.98459336367247,188.92147125163748,46920300,AAPL
2023-07-06,189.15814208984375,189.36524537083605,186.5842258571581,187.2153769807983,45094300,AAPL
2023-07-07,188.0437469482422,190.00623962579556,187.6098428072387,188.76366516963594,46815000,AAPL
2023-07-10,186.00238037109375,187.36330604998784,184.45407912216882,186.6433878022031,59922200,AAPL
2023-07-11,185.47970581054688,186.68283993061024,184.02017173211044,186.5447760995126,46638100,AAPL
2023-07-12,187.1463623046875,189.04967210294507,185.86433228601203,187.05759515232103,60750200,AAPL
2023-07-13,187.90570068359375,188.54672319895087,187.15621340871894,187.8662603208446,41342300,AAPL
2023-07-14,188.05368041992188,188.53689645518494,187.00833750955647,187.60003337784804,41616200,AAPL
2023-07-17,191.30801391601562,191.63345333608896,189.15814548736353,189.24689758888442,50520200,AAPL
2023-07-18,191.05160522460938,191.64331601668746,189.75971887799713,190.6768691009351,48288200,AAPL
2023-07-19,192.40264892578125,195.48936484547627,189.98650938817815,190.43029994672796,80507300,AAPL
2023-07-20,190.4599151611328,193.7537348839622,189.8386203157028,192.39280905028917,59581200,AAPL
2023-07-21,189.2863311767578,192.27443863277517,188.58614067832426,191.4164716546598,71951700,AAPL
2023-07-24,190.08514404296875,192.21528467718613,189.59205676918674,190.73602285584008,45377800,AAPL
2023-07-25,190.94313049316406,191.75180092732498,190.25281124926505,190.65714646634552,37283200,AAPL
2023-07-26,191.81097412109375,192.93521264770516,190.64729522856234,190.9924473358141,47471900,AAPL
2023-07-27,190.54867553710938,194.4736466049838,189.88794029801272,193.3099676892758,47460200,AAPL
2023-07-28,193.12258911132812,193.9115318637554,191.45595149688123,191.97862287270013,48291400,AAPL
2023-07-31,193.7340087890625,193.77346420221568,192.56045853696887,193.34940127389015,38824100,AAPL
2023-08-01,192.90562438964844,194.01013518521242,192.5801849485631,193.52691923606866,35175100,AAPL
2023-08-02,189.91749572753906,192.48154051645844,189.19759252290805,192.34347668203839,50389300,AAPL
2023-08-03,188.52699279785156,189.7103992851957,188.05363321247987,188.92147165885288,61235200,AAPL
2023-08-04,179.4739532470703,184.78943469803295,179.40491378965757,182.95514900922737,115956800,AAPL
2023-08-07,176.3773193359375,180.59814508763776,174.89805755245857,179.61197056531847,97576100,AAPL
2023-08-08,177.31419372558594,177.77769698523286,175.12488493894773,177.205713919119,67823000,AAPL
2023-08-09,175.7264862060547,178.4285954688005,174.56279214243577,178.36942738973787,60378500,AAPL
2023-08-10,175.50949096679688,178.25105509162734,175.14461118800062,176.99860916334498,54686900,AAPL
2023-08-11,175.5687713623047,176.38840355314576,174.34427296435433,175.10465717699176,52036700,AAPL
2023-08-14,177.21791076660156,177.44503302668653,175.0947628987085,175.746520759633,43675600,AAPL
2023-08-15,175.2329864501953,177.23762299403361,174.8379899652799,176.6451282666605,43622600,AAPL
2023-08-16,174.36399841308594,176.30937200366554,174.29486573787133,174.91699954220002,46964900,AAPL
2023-08-17,171.8261260986328,175.29226839022536,171.31261851419777,174.92689581745674,66062900,AAPL
2023-08-18,172.30999755859375,172.9123770667114,169.8116075662743,170.14735612669347,61172200,AAPL
2023-08-21,173.64309692382812,173.92948217703207,171.56934282132403,172.88272795365145,46311900,AAPL
2023-08-22,175.0157470703125,175.46012191641384,174.04799506153495,174.8478727981476,42038900,AAPL
2023-08-23,178.85714721679688,179.2817827873095,176.10201110060572,176.28963972003098,52722800,AAPL
2023-08-24,174.17636108398438,178.83739189345877,173.81097351698816,178.41275636104422,54945800,AAPL
2023-08-25,176.3784637451172,176.91171040496442,173.62332837763665,175.1638354706922,51449600,AAPL
2023-08-28,177.93875122070312,178.33374768816518,176.31924159506977,177.83999456976295,43820700,AAPL
2023-08-29,181.81964111328125,182.58989476243158,177.25736718090633,177.4548654120463,53003900,AAPL
2023-08-30,185.30557250976562,185.5030858470339,182.43194029759772,182.62943856671393,60813900,AAPL
2023-08-31,185.52281188964844,186.75719481874472,185.13768501849643,185.4931879048022,60794500,AAPL
2023-09-01,187.0929412841797,187.54718572230075,185.92767607044595,187.1225652663115,45766500,AAPL
2023-09-05,187.3299560546875,187.60645663383806,185.26607135025952,185.92769881238064,45280000,AAPL
2023-09-06,180.62477111816406,186.49056063180015,179.2027597126584,186.0461707664675,81755800,AAPL
2023-09-07,175.3416290283203,175.98351721110967,171.3718491931888,172.99135904079122,112488800,AAPL
2023-09-08,175.95384216308594,177.98811753082185,175.56871535945672,176.12173147198052,65551300,AAPL
2023-09-11,177.119140625,178.0473990105972,175.12437356668377,177.82027676778657,58953100,AAPL
2023-09-12,174.0973663330078,177.87951732730735,172.6358612060169,177.24751388848827,90370200,AAPL
2023-09-13,172.03350830078125,175.0848996684252,171.80637096422893,174.30476112108144,84267900,AAPL
2023-09-14,173.54437255859375,173.89987544974738,171.41135521167203,171.82610607332606,60895800,AAPL
2023-09-15,172.82347106933594,174.29486087176767,171.6483512368518,174.27510652680778,109259500,AAPL
2023-09-18,175.74649047851562,177.13887792290447,173.9689761950564,174.2751007250675,67257600,AAPL
2023-09-19,176.832763671875,177.38576479928514,174.91699900323943,175.30212586469654,51826900,AAPL
2023-09-20,173.2974853515625,177.45487842056565,173.20859833310675,177.0203732393163,58436200,AAPL
2023-09-21,171.75698852539062,174.0973890433764,171.68787090976878,172.36925276684747,63149100,AAPL
2023-09-22,172.60621643066406,174.86761425499944,171.87547142547365,172.48772049861157,56725400,AAPL
2023-09-25,173.88011169433594,174.75899170155245,171.97421669351675,172.02359502231215,46172700,AAPL
2023-09-26,169.8115692138672,173.01107959102313,169.51531434646242,172.63583748924898,64588900,AAPL
2023-09-27,168.30067443847656,170.87806622328196,166.93792612877573,170.46331542744704,66921800,AAPL
2023-09-28,168.5574493408203,169.88070413963854,165.52579782856736,167.22430983558627,56294400,AAPL
2023-09-29,169.07095336914062,170.90771561508154,168.21181267677895,169.870831028669,51861100,AAPL
2023-10-02,171.57925415039062,172.1223857383103,168.79447859132247,169.08086391411345,52164500,AAPL
2023-10-03,170.24610900878906,171.46075281316274,168.6858620497557,170.10785870603348,49594600,AAPL
2023-10-04,171.49032592773438,172.03345733749015,168.83393190668662,168.95242782585208,53020300,AAPL
2023-10-05,172.7247314453125,173.2579782200924,170.52258153582127,171.61871413723316,48527900,AAPL
2023-10-06,175.2725067138672,175.76625988669193,171.0163417068709,171.6286058875163,57266700,AAPL
2023-10-09,176.75376892089844,176.81301689163445,173.60362121945622,174.6009972191987,42390800,AAPL
2023-10-10,176.1612548828125,177.47464011941017,175.72674968355904,175.8748846750232,43698000,AAPL
2023-10-11,177.55364990234375,177.60302823490863,175.38113888285298,175.9736336691769,47551100,AAPL
2023-10-12,178.4522705078125,180.06189553412176,176.80312172309905,177.82026707710477,56743100,AAPL
2023-10-13,176.6155242919922,179.65703072033497,175.91438812346496,179.15340788479125,51427100,AAPL
2023-10-16,176.48715209960938,176.8426550206093,174.3047562379969,174.54176320804768,52517000,AAPL
2023-10-17,174.93675231933594,176.19088966345473,172.61612132571108,174.44299912050275,57549400,AAPL
2023-10-18,173.64309692382812,175.36136323860268,172.92222157401596,173.38635072108465,54764400,AAPL
2023-10-19,173.26785278320312,175.61810740546204,173.00122187734726,173.84059314667203,59302900,AAPL
2023-10-20,170.72010803222656,173.2283676109075,170.48310107616433,173.11974130623128,64244000,AAPL
2023-10-23,170.8385772705078,171.83595313524123,167.80692592091492,168.77469287243957,55980100,AAPL
2023-10-24,171.27310180664062,171.50022404547477,169.30795876796012,170.88797493724758,43816600,AAPL
2023-10-25,168.96234130859375,170.89784530264086,168.51795139973865,169.73259505065448,57157000,AAPL
2023-10-26,164.804931640625,169.2388405091802,163.600172706508,168.2414494672427,70625300,AAPL
2023-10-27,166.11830139160156,166.8490614359056,164.745668316651,164.82467062426355,58499100,AAPL
2023-10-30,168.1624298095703,169.0314401165317,166.7601727667049,166.90830774256386,51131000,AAPL
2023-10-31,168.63644409179688,168.764809656098,165.8022909489589,167.23418704526227,44846000,AAPL
2023-11-01,171.7964630126953,172.0532092124064,167.99455793411695,168.86356825336904,56934900,AAPL
2023-11-02,175.35147094726562,175.55883879665177,173.26783240773895,173.32708036470643,77334800,AAPL
2023-11-03,174.44296264648438,174.61085195895754,171.18420427007575,172.06308417750907,79829200,AAPL
2023-11-06,176.99073791503906,177.18823614800198,174.00847994055556,174.17635419198152,63841300,AAPL
2023-11-07,179.54843139648438,180.1606805785339,176.7340319643902,176.94139988237026,70530000,AAPL
2023-11-08,180.60501098632812,181.1580120556029,179.3212498937122,180.07176426042716,49340300,AAPL
2023-11-09,180.1310272216797,181.81965455110011,179.53851741631973,180.67415869856794,53763500,AAPL
2023-11-10,184.31370544433594,184.48181599083316,181.47583284789292,181.910910546582,66133400,AAPL
2023-11-13,182.73159790039062,183.94782669363863,182.1482051958573,183.74018560328048,43627500,AAPL
2023-11-14,185.342041015625,186.00454008995078,184.21480130754796,185.59912547957174,60108400,AAPL
2023-11-15,185.90560913085938,187.3789370756933,185.67818773266296,185.74741146880874,53790500,AAPL
2023-11-16,187.58665466308594,188.82266388785246,186.5385061665612,187.4482222334322,54412900,AAPL
2023-11-17,187.56686401367188,188.24914348244,186.4594046371221,188.12059370194675,50922700,AAPL
2023-11-20,189.3071746826172,189.76203272766995,187.75475490242272,187.7646375447921,46505100,AAPL
2023-11-21,188.50624084472656,189.37639617894334,187.61632022600733,189.26762676216626,38134500,AAPL
2023-11-22,189.168701171875,190.7705639920827,188.69407794514686,189.34669431189826,39617700,AAPL
2023-11-24,187.84373474121094,188.76331834061182,187.13179223741543,188.7336553269539,24048300,AAPL
2023-11-27,187.66575622558594,188.53591159550703,186.78571821300812,187.79430602014355,40552600,AAPL
2023-11-28,188.26890563964844,188.9413024556769,187.2800983304318,187.65584993609482,38415400,AAPL
2023-11-29,187.25045776367188,189.9400151741752,186.85494082777598,188.7633319210795,43014200,AAPL
2023-11-30,187.82391357421875,188.18978247653794,186.0836184362666,187.71514418509676,48794400,AAPL
2023-12-01,189.09950256347656,189.4159130354433,187.11199034893104,188.1996843513192,45704800,AAPL
2023-12-04,187.30978393554688,187.92285480104985,185.35194945178898,187.85363103881406,43389500,AAPL
2023-12-05,191.25509643554688,192.2241233156588,188.05135551468544,188.081033613139,66628400,AAPL
2023-12-06,190.16741943359375,192.58009647341478,189.95976327032974,192.27356863697858,41089700,AAPL
2023-12-07,192.09559631347656,192.81742141001197,191.42319951100376,191.46276025185608,47477700,AAPL
2023-12-08,193.5194854736328,193.79635031367135,191.50231010992096,192.02637677770835,53406400,AAPL
2023-12-11,191.01779174804688,191.3243346926335,189.27749628821252,190.9485830810774,60943700,AAPL
2023-12-12,192.53067016601562,192.54055280703432,189.57413099725628,190.9189094878757,52696900,AAPL
2023-12-13,195.74432373046875,195.78386938859322,192.66913204715806,192.90643617191267,70404200,AAPL
2023-12-14,195.89259338378906,197.38568681182426,193.96442237725344,195.80360435764135,66831600,AAPL
2023-12-15,195.35865783691406,196.17935458626624,194.79503045579114,195.3190970971854,128538400,AAPL
2023-12-18,193.69744873046875,194.42917151631295,192.214237877434,193.89520715993984,55751900,AAPL
2023-12-19,194.73570251464844,194.74558515548247,193.69745188302565,193.96443406555753,40714100,AAPL
2023-12-20,192.64935302734375,195.46744514462725,192.64935302734375,194.69617655774934,52242800,AAPL
2023-12-21,192.50100708007812,194.8741537657828,191.33422165280876,193.9051267903215,46482500,AAPL
2023-12-22,191.43310546875,193.2228443252002,190.81015202156473,192.9954077755279,37149600,AAPL
2023-12-26,190.8892364501953,191.71983089218512,190.67169765519787,191.4429660781885,28919300,AAPL
2023-12-27,190.9881134033203,191.3342019743918,188.9511728919884,190.33551208827305,48087700,AAPL
2023-12-28,191.41331481933594,192.48122849088116,191.00790021395272,191.96704448132198,34049900,AAPL
2023-12-29,190.37506103515625,192.2241257878035,189.58401220758475,191.72972215657148,42672100,AAPL
2024-01-02,183.5621795654297,186.33084291740326,181.83176685644636,185.0552730997862,82488700,AAPL
2024-01-03,182.187744140625,183.79950485996184,181.37691491631995,182.15808112880916,58414500,AAPL
2024-01-04,179.87391662597656,181.04070184894312,178.85544644389557,180.11122069139344,71983600,AAPL
2024-01-05,179.152099609375,180.7144169560074,178.15340966673114,179.95304619735901,62379700,AAPL
2024-01-08,183.4830780029297,183.52263874374273,179.46852282651062,180.0519155054874,59144500,AAPL
2024-01-09,183.0677947998047,183.07767744176536,180.68476543102267,181.8614486084712,42841800,AAPL
2024-01-10,184.1060333251953,184.31367440860302,181.8614365329183,182.2866315170422,46792900,AAPL
2024-01-11,183.51275634765625,184.9564217479187,181.56480461990643,184.45212033242825,49128400,AAPL
2024-01-12,183.8390655517578,184.64989484239166,183.11724039185432,183.97749798089004,40477800,AAPL
2024-01-16,181.57469177246094,182.1976301200088,178.90489995610474,180.12114381484557,65603000,AAPL
2024-01-17,180.63531494140625,180.8825167727283,178.281963767062,179.24110807963172,47317400,AAPL
2024-01-18,186.51870727539062,187.0229935165519,183.75004409317066,184.00712853391946,78005800,AAPL
2024-01-19,189.41592407226562,189.80155831594578,186.70660172518024,187.21088801676132,68903000,AAPL
2024-01-22,191.71983337402344,193.14371820043874,190.1080727596782,190.14763349819026,60133900,AAPL
2024-01-23,192.99542236328125,193.55904982724218,191.66054141727486,192.83722464512005,42355600,AAPL
2024-01-24,192.32301330566406,194.18197579456825,192.16480052192722,193.23271418014866,53631300,AAPL
2024-01-25,191.99671936035156,194.07322080915367,190.94858599423335,193.03497008475262,54822100,AAPL
2024-01-26,190.26629638671875,192.58010181757646,189.7916731135176,192.09559590318426,44594000,AAPL
2024-01-29,189.58401489257812,190.04875551955823,187.4580852833725,189.86087972294905,47145600,AAPL
2024-01-30,185.93531799316406,189.65324309628332,185.37170567810733,188.80286821503816,55859400,AAPL
2024-01-31,182.3360595703125,185.00585134318092,182.28663127585358,184.94651023142666,55467800,AAPL
2024-02-01,184.76853942871094,184.85752846784007,181.76257176566293,181.93066720224104,64885400,AAPL
2024-02-02,183.76983642578125,185.2332669548565,177.24370243482153,177.84687547061628,102551700,AAPL
2024-02-05,185.579345703125,187.1317803970082,183.75994390321247,186.0440863383638,69668800,AAPL
2024-02-06,187.18124389648438,187.1911265388062,184.67956238073768,184.76855142564483,43490800,AAPL
2024-02-07,187.28997802734375,188.91162125480523,186.49892923853312,188.5062066759397,53439000,AAPL
2024-02-08,186.2122039794922,187.418535043408,185.2530596605407,187.27021997882892,40962000,AAPL
2024-02-09,186.9745330810547,188.10321111496148,186.13296840440984,186.77650719907678,45155200,AAPL
2024-02-12,185.2914276123047,186.79633688725167,184.93500212895557,186.54881961012742,41781900,AAPL
2024-02-13,183.20237731933594,184.36077144619387,181.68757282391297,183.92513863049606,56529500,AAPL
2024-02-14,182.32119750976562,183.68749754312392,180.6281880058035,183.47959151637605,54630500,AAPL
2024-02-15,182.03408813476562,182.65783644316613,179.5490203671251,181.72716915991907,65434500,AAPL
2024-02-16,180.4994659423828,183.01424950876478,179.8658224253954,181.59844306951368,49752500,AAPL
2024-02-20,179.75692749023438,180.61828269677792,178.21242224791314,179.98463913307552,53665600,AAPL
2024-02-21,180.50941467285156,181.07374623255754,178.8658962581704,180.13318356154335,41371400,AAPL
2024-02-22,182.5390167236328,183.12316891523534,180.6479964148563,181.65785591778803,52292200,AAPL
2024-02-23,180.70741271972656,183.20237592421455,180.42028422645075,183.17267506039363,45119700,AAPL
2024-02-26,179.3609161376953,180.9450175834942,178.85597124394113,180.43019254491847,40867400,AAPL
2024-02-27,180.81629943847656,182.09348175278842,177.77678047240937,179.3014951345761,54318900,AAPL
2024-02-28,179.61830139160156,181.3014155316966,178.34111913385524,180.6974728870872,48953900,AAPL
2024-02-29,178.9549560546875,180.75688872813024,177.74707077204522,179.46979611956436,136682600,AAPL
2024-03-01,177.8758087158203,178.73716395290236,175.61845249589473,177.76690051629518,73563100,AAPL
2024-03-04,173.361083984375,175.14319605787904,172.06408093389737,174.40064432483445,81510100,AAPL
2024-03-05,168.43055725097656,170.33148818677603,167.93552268101038,169.06420089624305,95132400,AAPL
2024-03-06,167.44046020507812,169.53941670485264,167.00482743895031,169.36119643359416,68587700,AAPL
2024-03-07,167.32168579101562,169.03450118476172,166.81675596481475,167.47019012011697,71765100,AAPL
2024-03-08,169.03448486328125,171.9749911536114,167.26226790901475,167.32166963491963,76267000,AAPL
2024-03-11,171.03443908691406,172.6482565736913,170.34139373001014,171.2225546353428,60139500,AAPL
2024-03-12,171.50967407226562,172.30173241116674,169.31171935776177,171.43046672764987,59825400,AAPL
2024-03-13,169.43052673339844,171.4700666239107,169.06419090034882,171.05423942259554,52488700,AAPL
2024-03-14,171.28192138671875,172.5789092413306,170.34135894390695,171.19281881058188,72913500,AAPL
2024-03-15,170.90570068359375,170.90570068359375,168.5988381717502,169.47010369924573,121752700,AAPL
2024-03-18,171.99481201171875,175.94519331439105,171.79680120539754,173.82644596151624,75604200,AAPL
2024-03-19,174.33135986328125,174.85609525037736,171.31164624406932,172.6086342803731,55215200,AAPL
2024-03-20,176.8956298828125,176.8956298828125,173.3511809805003,173.97492929704185,53423100,AAPL
2024-03-21,169.6681365966797,175.72736975318543,169.14340118299,175.29173693263047,106181300,AAPL
2024-03-22,170.56910705566406,171.33146450930536,168.37115239719608,170.05426688241553,71160100,AAPL
2024-03-25,169.15330505371094,170.2324767040703,167.76719930445816,168.87608692531137,54288300,AAPL
2024-03-26,168.02464294433594,169.71765273934344,167.89592911986227,168.3117563520967,57388400,AAPL
2024-03-27,171.5888671875,171.87599567632833,168.42064920188324,168.71767294274684,60273300,AAPL
2024-03-28,169.7770538330078,170.51960569647457,168.81668554767697,170.04437673388762,65672700,AAPL
2024-04-01,168.34144592285156,169.54933141950085,167.79690490268092,169.48992969134684,46240500,AAPL
2024-04-02,167.16323852539062,167.6582730022656,166.55929585931307,167.4008605129018,49329500,AAPL
2024-04-03,167.96519470214844,168.98496453257434,166.90582876011774,167.11373478373662,47691700,AAPL
2024-04-04,167.1434783935547,170.2126836435028,167.1434783935547,168.59886612133832,53704400,AAPL
2024-04-05,167.89590454101562,168.69785802201392,167.27215623034843,167.90579979250484,42104800,AAPL
2024-04-08,166.7771453857422,167.51969724864153,166.56923932419392,167.35138730592178,37425500,AAPL
2024-04-09,167.9850311279297,168.3909631058002,166.6781477036779,167.02466284236104,42373800,AAPL
2024-04-10,166.11378479003906,167.4107728345435,165.45044033625643,167.12365945587084,49709300,AAPL
2024-04-11,173.30169677734375,173.7175391133101,166.49003132152566,166.66823651643443,91070300,AAPL
2024-04-12,174.79672241210938,176.58874526879183,172.47996408161129,172.5294554564089,101670900,AAPL
2024-04-15,170.9750213623047,174.8758957155582,170.78690583147454,173.6185038309996,73531800,AAPL
2024-04-16,167.6978759765625,172.03436750787574,166.59889888763496,170.04433444727835,73711200,AAPL
2024-04-17,166.3315887451172,168.9552655008738,166.3315887451172,167.9256004082147,50901200,AAPL
2024-04-18,165.38111877441406,166.96523521407434,164.8959946340493,166.36129252101995,43122900,AAPL
2024-04-19,163.36138916015625,164.74747975255278,162.45052746983075,164.559379327856,68149400,AAPL
2024-04-22,164.19305419921875,165.59895049362888,163.1336881290828,163.87623994630854,48116400,AAPL
2024-04-23,165.2425079345703,165.391027347015,163.28217556978177,163.7079130900853,49537800,AAPL
2024-04-24,167.3414764404297,167.6186945681344,164.55938480415762,164.88609429896647,48251800,AAPL
2024-04-25,168.20281982421875,168.91567070440144,166.48009434590165,167.84639438412742,50558300,AAPL
2024-04-26,167.61868286132812,169.63841695172266,167.49986430971396,168.19292468782604,44838400,AAPL
2024-04-29,171.7769775390625,174.28185098854456,171.38095596804143,171.64826373021612,68169400,AAPL
2024-04-30,168.6384735107422,173.2521991943247,168.31174889120035,171.60868084411632,65934800,AAPL
2024-05-01,167.61868286132812,170.9948217396029,167.43056733625505,167.8959009696714,50383100,AAPL
2024-05-02,171.31166076660156,171.69778712393833,169.19291342760516,170.79682058773386,94214900,AAPL
2024-05-03,181.5588836669922,185.14292911827533,180.84603267784937,184.7963988764884,163224100,AAPL
2024-05-06,179.90545654296875,182.3707188474722,178.62825898838415,180.53910014061182,78569700,AAPL
2024-05-07,180.58859252929688,183.06376520709566,179.51933122687228,181.6281680754234,77305800,AAPL
2024-05-08,180.9252166748047,181.25194126160505,179.64801918938014,181.0341248704048,45057100,AAPL
2024-05-09,182.737060546875,182.82616313989396,180.30148392023486,180.74701199258516,48983000,AAPL
2024-05-10,181.47796630859375,183.50044009541958,180.56586910059414,183.31206939842306,50759500,AAPL
2024-05-13,184.6802215576172,185.49318663872077,183.0344740478803,183.84743912898392,72044800,AAPL
2024-05-14,185.82034301757812,186.6828817403559,184.6901339480471,185.89965779253163,52393600,AAPL
2024-05-15,188.0906524658203,189.01265820085425,185.76082862824447,186.29619948475903,70400000,AAPL
2024-05-16,188.2096405029297,189.458829238671,188.03119361367854,188.83423487080034,52845200,AAPL
2024-05-17,188.2393798828125,189.1713095252472,187.55530322495105,187.8824709799172,41282900,AAPL
2024-05-20,189.39935302734375,190.2718004798306,187.3867877585141,187.70404687859929,44361300,AAPL
2024-05-21,190.69810485839844,191.07483113273048,189.2803778274553,189.44891605266244,42309400,AAPL
2024-05-22,189.2605438232422,191.16406816634918,188.63596455316463,190.6187885434668,34648500,AAPL
2024-05-23,185.27505493164062,189.35966699130785,185.0272019643745,189.33983451815809,51005900,AAPL
2024-05-24,188.3484344482422,188.94328765804346,186.42509288132968,187.19840810516956,36327000,AAPL
2024-05-28,188.35836791992188,191.3425125399711,187.4760118609873,189.86530324069457,52280100,AAPL
2024-05-29,188.65573120117188,190.59890484566202,187.88243126299275,187.98157848696133,53068000,AAPL
2024-05-30,189.6471710205078,190.52952698465035,188.99285067972127,189.12172393667825,49889100,AAPL
2024-05-31,190.5989532470703,190.9162123421418,188.27905284340878,189.7959119633218,75158300,AAPL
2024-06-03,192.36367797851562,193.31544019840626,190.86665123579675,191.24337752621932,50080500,AAPL
2024-06-04,192.680908203125,193.64257895328527,191.37223723797064,192.96841099700254,47471400,AAPL
2024-06-05,194.18785095214844,195.20900403542353,193.19643901671662,193.72188613227584,54156800,AAPL
2024-06-06,192.80978393554688,194.81244022862765,192.50244866402238,194.0093990023229,41181800,AAPL
2024-06-07,195.19911193847656,195.2486855650071,192.47272888451312,192.978343568532,53103900,AAPL
2024-06-10,191.4614715576172,195.60558138834554,190.49980075281104,195.20900753042525,97010200,AAPL
2024-06-11,205.37098693847656,205.38091074009856,191.96710777388114,191.98692512163242,172373300,AAPL
2024-06-12,211.2401580810547,218.3089152196564,205.1231328450552,205.58909768640683,198134300,AAPL
2024-06-13,212.4001007080078,214.888539245905,209.7827737762817,212.8958066808934,97862700,AAPL
2024-06-14,210.6651153564453,213.32209192759066,209.48533280144244,212.01343611534222,70122700,AAPL
2024-06-17,214.80923461914062,217.06965275202606,210.89316027395952,211.53757201804441,93728300,AAPL
2024-06-18,212.44964599609375,216.7523850703462,211.17073132176122,215.7213082393038,79943300,AAPL
2024-06-20,207.87925720214844,212.40010854906527,207.0563985691976,212.09275812722348,86172500,AAPL
2024-06-21,205.7080841064453,210.07029091430852,205.33134270047418,208.58317289420788,241805100,AAPL
2024-06-24,206.35247802734375,210.87331399723786,204.8157865138524,205.93608683303725,80727000,AAPL
2024-06-25,207.27450561523438,209.5646648210329,206.81844945769743,207.35380525957078,55549700,AAPL
2024-06-26,211.41859436035156,213.01476817493463,208.8310086144187,209.68362348048936,66213200,AAPL
2024-06-27,212.26129150390625,213.88720639689362,210.52632069800987,212.84622088780682,49772700,AAPL
2024-06-28,208.81118774414062,214.2143951724623,208.49394377490637,213.91696855097956,82542700,AAPL
2024-07-01,214.88853454589844,215.64200216221636,210.10001313722785,210.26855134899324,60402900,AAPL
2024-07-02,218.3782958984375,218.48735180877674,213.2526983679821,214.293668724795,58046200,AAPL
2024-07-03,219.64730834960938,219.64730834960938,217.14894613859082,218.11061688690268,37369800,AAPL
2024-07-05,224.39617919921875,224.50523511983306,219.74645469045154,219.74645469045154,60412400,AAPL
2024-07-08,225.86346435546875,225.89320550199054,221.3327047505454,225.13972278278513,59085900,AAPL
2024-07-09,226.716064453125,227.42988222637766,224.4259054004998,225.9725055332989,48076100,AAPL
2024-07-10,230.97915649414062,231.0783037422216,227.28119408246098,227.3307677065015,62627700,AAPL
2024-07-11,225.61563110351562,230.39422897123262,223.83108651749725,229.40281699319425,64710600,AAPL
2024-07-12,228.56011962890625,230.64209091466597,226.71609267309665,226.95403700304678,53046500,AAPL
2024-07-15,232.38694763183594,235.1926451763578,231.08820043911544,234.44908623752588,62631300,AAPL
2024-07-16,232.80337524414062,234.2409196318231,230.3347538954296,232.98182214446476,43234300,AAPL
2024-07-17,226.91436767578125,229.47221227385296,224.69359950369105,227.47946461019197,57345900,AAPL
2024-07-18,222.25473022460938,228.46097889584826,220.36114484151935,228.3023493485251,66034600,AAPL
2024-07-19,222.3836212158203,224.85224251867803,221.36246807560826,222.88925101284036,49151500,AAPL
2024-07-22,222.03663635253906,225.82382229500527,221.17409763275575,225.06043082550624,48201800,AAPL
2024-07-23,223.0775909423828,224.9910238167192,220.76759935066607,222.44308791792702,39960300,AAPL
2024-07-24,216.6631622314453,222.86941075843336,215.26528287042115,222.07627816799848,61777600,AAPL
2024-07-25,215.6221923828125,218.95333716975932,212.77682977395946,217.04981289629316,51391200,AAPL
2024-07-26,216.08816528320312,217.60502442671483,214.15489978899527,216.82180047841348,41601300,AAPL
2024-07-29,216.3657684326172,217.41666277155184,213.89714701413598,215.09676223529075,36311800,AAPL
2024-07-30,216.9209442138672,218.43780333279796,214.26395224147618,217.3075942808937,41643800,AAPL
2024-07-31,220.1727752685547,221.89783756706774,218.73523091700034,219.53827220377053,50036300,AAPL
2024-08-01,216.48471069335938,222.55214689360594,215.15622233135366,222.44309097566543,62501000,AAPL
2024-08-02,217.9718475341797,223.66255798049997,215.8403177402066,217.26793834308685,105568600,AAPL
2024-08-05,207.4727783203125,211.66644653820467,194.31673780556494,197.38019703112641,119548600,AAPL
2024-08-06,205.45030212402344,208.18660889381388,199.3432157724579,203.53688424769564,69660500,AAPL
2024-08-07,208.01806640625,211.80525225793107,204.61751548926864,205.12313014700663,63516400,AAPL
2024-08-08,211.47808837890625,212.36044444161047,207.0365669160157,211.27980900719393,47161100,AAPL
2024-08-09,214.38290405273438,214.9182597959333,210.1495712142523,210.2784595957283,42201600,AAPL
2024-08-12,215.9114532470703,217.8767166928247,213.99582080224636,214.46232494953352,38028100,AAPL
2024-08-13,219.62364196777344,220.23902400333975,217.38044783379533,217.38044783379533,44155300,AAPL
2024-08-14,220.07029724121094,221.37054778476931,218.06532277692483,218.92885985517657,41960600,AAPL
2024-08-15,223.04795837402344,223.67327566716008,221.1025352094067,222.9288560878089,46414000,AAPL
2024-08-16,224.3680877685547,225.1422830006272,221.98593577772976,222.25393109506462,44340200,AAPL
2024-08-19,224.209228515625,224.3084905076418,221.38042834093542,224.04049524539928,40687800,AAPL
2024-08-20,224.8246307373047,225.4797235950926,223.77252016614798,224.09014645304697,30299000,AAPL
2024-08-21,224.71546936035156,226.28371522001356,223.37552309496598,224.8345868015738,34765500,AAPL
2024-08-22,222.85939025878906,226.64103964823346,222.23407290784718,226.09512887719345,43695300,AAPL
2024-08-23,225.15219116210938,226.52192810531062,222.66087229355688,223.98097823318813,38677300,AAPL
2024-08-26,225.48965454101562,225.58891654674125,222.22414052811973,225.0727813784282,30602200,AAPL
2024-08-27,226.3333282470703,227.14723425887112,223.21669220638537,224.31843379232603,35934600,AAPL
2024-08-28,224.8048095703125,228.149730282918,224.00082364270057,226.22416240429726,38052200,AAPL
2024-08-29,228.0802459716797,231.18696212304621,227.1770283167567,228.3879521456165,51906300,AAPL
2024-08-30,227.29612731933594,228.68570457235603,225.78743262658827,228.4772755570311,52990800,AAPL
2024-09-03,221.11248779296875,227.2961293418145,219.52438650802387,226.84948058831634,50190600,AAPL
2024-09-04,219.20675659179688,220.1298295937355,215.86182100754215,220.01072730838987,43840200,AAPL
2024-09-05,220.72537231445312,223.80229748015876,219.87177059333374,219.9809527371486,36615400,AAPL
2024-09-06,219.17698669433594,223.56409767944487,218.13479623481732,222.28368749781316,48423000,AAPL
2024-09-09,219.26634216308594,219.6236642204836,215.09759492361837,219.17701543505086,67180000,AAPL
2024-09-10,218.47225952148438,219.83206111139577,215.1174037589381,217.29111136152258,51591000,AAPL
2024-09-11,221.00328063964844,221.43007391385896,216.2687680395375,219.81221238330573,44587100,AAPL
2024-09-12,221.11248779296875,221.8866830044339,218.1844402475294,220.84449248276735,37455600,AAPL
2024-09-13,220.84449768066406,222.37303270856336,220.25889118684435,221.9164638014437,36766600,AAPL
2024-09-16,214.71047973632812,215.60377723416104,212.32832783334672,214.92882889414335,59357400,AAPL
2024-09-17,215.1769561767578,215.2861383219032,212.90400170360138,214.14470101422842,45519300,AAPL
2024-09-18,219.04795837402344,221.05293280374121,215.92138686335736,215.9313221513165,59894900,AAPL
2024-09-19,227.16708374023438,228.11002736409566,222.95864123060412,223.31596324984213,66781300,AAPL
2024-09-20,226.50205993652344,231.35567496568984,225.9263736470506,228.25889437635817,318679900,AAPL
2024-09-23,224.7849578857422,227.74278104335218,224.12986496132828,225.64847983003366,54146000,AAPL
2024-09-24,225.67823791503906,227.64351653597865,224.05044101841318,226.94871280288095,43556100,AAPL
2024-09-25,224.6856689453125,225.59882178569194,222.35316341740713,223.25638097071698,42308700,AAPL
2024-09-26,225.8271484375,226.79985253593196,223.73284722402752,225.608784129346,36636700,AAPL
2024-09-27,226.09510803222656,227.81224676693589,225.60876359989413,226.76013618443497,34026000,AAPL
2024-09-30,231.26634216308594,231.26634216308594,227.94126208675945,228.32835965023514,54541900,AAPL
2024-10-01,224.52688598632812,227.9412778656533,222.07526286618742,227.81225543239978,63285000,AAPL
2024-10-02,225.0926513671875,225.67825786117984,221.36063294746157,224.2092739820147,32880600,AAPL
2024-10-03,223.9908905029297,225.12240767637772,221.65838486968212,223.46483520314058,34044200,AAPL
2024-10-04,225.11248779296875,226.3035561118749,222.46235586119454,226.20429410810965,37245100,AAPL
2024-10-07,220.04052734375,224.01076551273388,219.68320530273118,222.8296172342201,39505400,AAPL
2024-10-08,224.09017944335938,224.29860847272343,221.58892507419034,222.6311156567822,31855700,AAPL
2024-10-09,227.8321075439453,228.04055170887608,223.1571606453159,223.554178398676,33591100,AAPL
2024-10-10,227.3358154296875,227.7923994519787,225.47973405841245,226.0851959438118,28183500,AAPL
2024-10-11,225.85690307617188,227.7030642360917,225.64845893034402,227.59388209213523,31759200,AAPL
2024-10-14,229.57901000976562,230.0058033150611,226.89910245149323,226.99834931201846,39882100,AAPL
2024-10-15,232.11004638671875,235.7229623804217,230.6410474142004,231.87182665313995,64751400,AAPL
2024-10-16,230.05543518066406,230.3929017691756,228.12986736523644,229.87678174389526,34082200,AAPL
2024-10-17,230.4226837158203,232.11004699556463,228.8048220166126,231.69315867439417,32993800,AAPL
2024-10-18,233.25148010253906,234.4226930307779,232.26884075534687,234.4226930307779,46431500,AAPL
2024-10-21,234.72047424316406,235.08773156933626,232.7055796017645,232.7055796017645,36254500,AAPL
2024-10-22,234.10507202148438,234.46239402859047,230.8693336731526,232.14972869721714,38846600,AAPL
2024-10-23,229.0430145263672,233.3904297884605,226.06533615950997,232.33831918874512,52287000,AAPL
2024-10-24,228.8544464111328,229.10258628095696,226.71051430099084,228.26882480795348,31109500,AAPL
2024-10-25,229.68820190429688,231.484732210271,227.86189602437614,228.03062932515897,38802300,AAPL
2024-10-28,231.6633758544922,232.98348177622344,230.81970938626554,231.5839844241638,36087100,AAPL
2024-10-29,231.93138122558594,232.5864741436605,230.59143496071306,231.36563017470797,35417200,AAPL
2024-10-30,228.387939453125,231.7328600109945,227.8420287171323,230.87925826342104,47070900,AAPL
2024-10-31,224.2291259765625,228.11995749798112,223.69313535160188,227.63359787833264,64370100,AAPL
2024-11-01,221.25144958496094,223.67329727363756,218.63109301833273,219.32588166379162,65276700,AAPL
2024-11-04,220.35812377929688,221.13231895883285,218.0752491010658,219.34572401852256,44944500,AAPL
2024-11-05,221.78741455078125,222.28369429475046,219.49460455688452,220.14969745378525,28111300,AAPL
2024-11-06,221.06285095214844,224.387931303672,219.54423614319148,220.95366880237512,54561100,AAPL
2024-11-07,225.78741455078125,226.18444740932767,222.8990781242877,222.95862926675593,42137700,AAPL
2024-11-08,225.5191650390625,227.20836966100222,224.97265364792685,225.72782337627459,38328800,AAPL
2024-11-11,222.8064727783203,224.26714170400084,220.0938084143074,223.57158868270503,42005600,AAPL
2024-11-12,222.8064727783203,224.15783943194586,221.9420008205612,223.12444853772337,40398300,AAPL
2024-11-13,223.69082641601562,225.2111120360391,221.34580821096,222.58787261698694,48566200,AAPL
2024-11-14,226.77114868164062,227.41701609796436,223.57158960851197,223.59146688403666,44923900,AAPL
2024-11-15,223.5715789794922,225.4793879673537,222.84621765747355,224.96268496170848,47923700,AAPL
2024-11-18,226.57241821289062,228.28149999782985,223.74050538640262,223.8199993254601,44633700,AAPL
2024-11-19,226.8307647705078,228.6988344551977,225.22105418122663,225.53901477922054,36211800,AAPL
2024-11-20,227.54620361328125,228.4702922716314,224.45594670445817,226.61216873586113,35169600,AAPL
2024-11-21,227.06922912597656,228.69881686539628,224.27707103239013,227.42694424740614,42108300,AAPL
2024-11-22,228.41065979003906,229.25526960886552,226.6121530455377,226.6121530455377,38168300,AAPL
2024-11-25,231.3916015625,231.76919395430343,228.28148292479264,229.99056458191066,90152800,AAPL
2024-11-26,233.56771850585938,234.07449047305911,231.84870566104107,231.84870566104107,45986200,AAPL
2024-11-27,233.43853759765625,234.1937224347506,232.32565277909848,232.9814664022851,33498400,AAPL
2024-11-29,235.8233184814453,236.3002669685808,232.48464874765904,233.31931239062584,28481400,AAPL
2024-12-02,238.0689697265625,239.26134854667043,235.65440375298792,235.76370602927642,48137100,AAPL
2024-12-03,241.10952758789062,241.21882985808793,237.3833345065081,238.28756099978403,38861000,AAPL
2024-12-04,241.46726989746094,242.56029272240895,239.7184485394643,241.32815927991484,44383900,AAPL
2024-12-05,241.4970703125,242.98754766386446,240.59285890906452,242.44105143123323,40033900,AAPL
2024-12-06,241.29832458496094,243.0769692456264,240.5431549096241,241.36788746709487,36870600,AAPL
2024-12-09,245.18350219726562,245.67039687977774,240.21524480725012,240.29473874492055,44649200,AAPL
2024-12-10,246.19703674316406,246.63424582967986,243.7824557106041,245.32261857013248,36914800,AAPL
2024-12-11,244.9251708984375,249.20780656351602,244.69662013013263,246.3858398593606,45205800,AAPL
2024-12-12,246.38584899902344,247.16089600762038,244.12030947937123,245.32263454558526,32777500,AAPL
2024-12-13,246.55474853515625,247.70737273801882,244.67674782957272,246.24671899982582,33155300,AAPL
2024-12-16,249.44625854492188,249.78411156803347,246.07778066556844,246.41563368868003,51694800,AAPL
2024-12-17,251.87078857421875,252.2185726786221,248.19428090188288,248.49237939681157,51356400,AAPL
2024-12-18,246.4752655029297,252.6657103008961,246.1672359539693,250.55917390522964,56774100,AAPL
2024-12-19,248.20420837402344,250.4001849209636,245.52135228225407,245.92875304737495,60882300,AAPL
2024-12-20,252.87437438964844,253.38113119374523,244.13023820234332,246.46531011815415,147495300,AAPL
2024-12-23,253.6494140625,254.02699130961165,251.84096111600803,253.15258832932108,40858800,AAPL
2024-12-24,256.5608215332031,256.5707374276886,253.66927695641888,253.868019379837,23234700,AAPL
2024-12-26,257.3755798339844,258.44874034869076,255.99442012888886,256.55086249805703,27237100,AAPL
2024-12-27,253.96739196777344,257.05766400729357,251.45345479939442,256.19316170058187,42355300,AAPL
2024-12-30,250.59890747070312,251.890657464443,249.15811581542044,250.6287158030117,35557500,AAPL
2024-12-31,248.8302001953125,251.6720440162376,247.84647977817443,250.83738041728796,39480700,AAPL
2025-01-02,242.30194091796875,247.51861164989126,240.2848294479123,247.34967754084445,55740700,AAPL
2025-01-03,241.81503295898438,242.62981931594805,240.3543640210219,241.81503295898438,40244100,AAPL
2025-01-06,243.4446258544922,245.7598357483754,241.6560500607284,242.75900387005615,45045600,AAPL
2025-01-07,240.67233276367188,243.99112508347835,239.81779188041267,241.43743349025635,40856000,AAPL
2025-01-08,241.15921020507812,242.16280789951685,238.52603985831155,240.3841632667122,37628900,AAPL
2025-01-10,235.3463592529297,238.63534322792128,231.52079498772144,238.48628640867517,61710900,AAPL
2025-01-13,232.9119110107422,233.18020116738663,228.26162915914,232.04743903723335,49630700,AAPL
2025-01-14,231.79904174804688,234.62100862534365,230.99418638589506,233.25971079858908,39435300,AAPL
2025-01-15,236.35987854003906,237.4429702030776,232.94171493841435,233.1503884256181,39832000,AAPL
2025-01-16,226.81088256835938,236.49898454969573,226.58234697208553,235.84318609247865,71759100,AAPL
2025-01-17,228.5199737548828,230.8153063545454,227.02949646555186,230.6463874145182,68488300,AAPL
2025-01-21,221.2265625,222.99526090225285,217.98726416864307,222.57792910461188,98070400,AAPL
2025-01-22,222.40904235839844,222.69719465492503,218.3946813511818,218.3946813511818,64126500,AAPL
2025-01-23,222.24009704589844,225.58869773276695,220.88873040600683,223.3132424800993,60234800,AAPL
2025-01-24,221.3656768798828,224.19758968028435,220.00437919561992,223.35297985225768,54697900,AAPL
2025-01-27,228.40072631835938,230.67618150163648,222.5580508531902,222.5978054024586,94863400,AAPL
2025-01-28,236.74740600585938,238.66516132615985,229.3447052045828,229.3844597561093,75707600,AAPL
2025-01-29,237.8404083251953,238.33723404319062,232.52436707787834,232.63366934231402,45486100,AAPL
2025-01-30,236.0816650390625,239.26134692510684,235.7040877651042,237.1548105184623,55658300,AAPL
2025-01-31,234.5017547607422,245.62071750771995,231.95800933839706,245.62071750771995,100959800,AAPL
2025-02-03,226.56248474121094,230.35824094469035,224.2671520837408,228.52992572925916,73063300,AAPL
2025-02-04,231.3220672607422,231.64997406812495,225.21110156992967,225.80729852188347,45067300,AAPL
2025-02-05,230.9941864013672,231.19291368703577,226.82085275464706,227.0791967098242,39620300,AAPL
2025-02-06,231.73939514160156,232.31571480889477,228.9670990724139,229.82163993606684,29925300,AAPL
2025-02-07,226.1848907470703,232.51444580894437,225.81722939017394,231.1233398047693,39707200,AAPL
2025-02-10,226.45346069335938,229.378010419489,226.00582893863492,228.36338248973718,33115600,AAPL
2025-02-11,231.39735412597656,233.99363668198936,226.93096309298542,227.00058728303875,53718400,AAPL
2025-02-12,235.62501525878906,235.71455375787428,229.4675472393098,229.98481838871234,45243300,AAPL
2025-02-13,240.26051330566406,241.06625350434595,234.33184765944378,235.66480095549997,53614100,AAPL
2025-02-14,243.3143768310547,244.25938055012708,239.7233505557091,239.9819785190441,40896200,AAPL
2025-02-18,243.18507385253906,243.8913336127375,240.56889220053384,242.86674847770814,48822500,AAPL
2025-02-19,243.58294677734375,244.7169542759842,241.88194311867716,243.37405904734027,32204200,AAPL
2025-02-20,244.53790283203125,245.4829065325138,243.00598867544505,243.6525813389452,32316900,AAPL
2025-02-21,244.25938415527344,247.38287960480025,243.93111682470231,244.6572756706751,53197400,AAPL
2025-02-24,245.80123901367188,247.551982922016,243.1353173033831,243.64263125957103,51326400,AAPL
2025-02-25,245.74156188964844,248.68601093773057,243.62276739789988,246.69652285022872,48013300,AAPL
2025-02-26,239.09666442871094,243.6923767743236,237.87313357927937,243.04579925662603,44433600,AAPL
2025-02-27,236.05276489257812,241.18564780716906,235.81402085750776,238.1516754344793,41153600,AAPL
2025-02-28,240.5688934326172,240.8175794410065,228.9900734891547,235.70459571566596,56833400,AAPL
2025-03-03,236.77890014648438,242.7473638198223,234.8689935924468,240.51913191748446,47184000,AAPL
2025-03-04,234.68994140625,238.80819608105105,233.44651142335266,236.46059966619734,53798100,AAPL
2025-03-05,234.50096130371094,235.30670153327668,228.0251680036218,234.18263593082168,47227600,AAPL
2025-03-06,234.09312438964844,236.60982567864426,231.93453157387603,233.207802772317,45170400,AAPL
2025-03-07,237.81346130371094,240.10136041796665,233.5261018066448,233.87426828677374,46273600,AAPL
2025-03-10,226.2843475341797,234.91873283818802,223.041487749586,234.30198127309518,72071200,AAPL
2025-03-11,219.6792755126953,224.65299583409444,216.3070937419303,222.63366659789358,76137400,AAPL
2025-03-12,215.83956909179688,220.58450266635003,213.78045671174684,218.98296406915986,62547500,AAPL
2025-03-13,208.5779266357422,215.70029772842102,207.3245545879158,214.81497612462363,61368300,AAPL
2025-03-14,212.36788940429688,212.82546311709572,208.47843695256688,210.13965751241793,60107600,AAPL
2025-03-17,212.87522888183594,214.08881784956162,208.86641153353526,212.18885305172668,48073400,AAPL
2025-03-18,211.57211303710938,214.019174884069,210.3784232206469,213.0343879953175,42432400,AAPL
2025-03-19,214.1087188720703,217.6102070663037,212.6265447449941,213.09407567170305,54385400,AAPL
2025-03-20,212.97470092773438,216.3468825511506,211.10457731145533,212.86527847830126,48862900,AAPL
2025-03-21,217.12277221679688,217.68976839110027,210.16950634984832,210.4480334492585,94127800,AAPL
2025-03-24,219.56983947753906,220.3158974796034,217.4311459430569,219.8384246082871,44299500,AAPL
2025-03-25,222.573974609375,222.92214108802088,218.92326587520165,219.6096416779903,34493600,AAPL
2025-03-26,220.36563110351562,223.83729303324841,219.31120492080973,222.3352199198642,34466100,AAPL
2025-03-27,222.67343139648438,223.80743885219795,219.40071541682642,220.22635468753003,37094800,AAPL
2025-03-28,216.75473022460938,222.63367141455515,216.53588531144595,220.50491967808455,39818600,AAPL
2025-03-31,220.9624786376953,224.4341253115235,215.09348022110552,215.86937928840504,65299300,AAPL
2025-04-01,222.0169219970703,222.50433685640354,217.749461617725,218.65468232589998,36412700,AAPL
2025-04-02,222.71324157714844,224.00641185945875,219.8583310514353,220.15675729790527,35905900,AAPL
2025-04-03,202.12203979492188,206.39944211542388,200.19223396809613,204.4596791341039,103419000,AAPL
2025-04-04,187.38987731933594,198.82943318150367,186.3553350717911,192.87091122900438,125910900,AAPL
2025-04-07,180.50625610351562,193.12954493623218,173.70219548773406,176.26863687444822,160466300,AAPL
2025-04-08,171.51376342773438,189.33957458197378,168.32064359895526,185.71870692843436,120859500,AAPL
2025-04-09,197.80487060546875,199.55561475938035,170.98656295712524,171.0462451746259,184395900,AAPL
2025-04-10,189.41915893554688,193.7562435722064,182.0381599544528,188.0762635840202,121880000,AAPL
2025-04-11,197.1085205078125,198.49121408156802,185.0820690088969,185.12186726950821,87435900,AAPL
2025-04-14,201.45555114746094,211.82078139531484,200.10269875392328,210.32866545443895,101352900,AAPL
2025-04-15,201.07754516601562,202.44033954558066,198.74984792281177,200.7990180691496,51343900,AAPL
2025-04-16,193.24893188476562,199.64512887500646,191.35890907242805,197.31743142832593,59732400,AAPL
2025-04-17,195.94467163085938,197.78495412822454,193.39812938355274,196.16351652823,52164700,AAPL
2025-04-21,192.14476013183594,192.78139570274652,188.8123615658979,192.25418258208256,46742500,AAPL
2025-04-22,198.69017028808594,200.53043756485187,194.93998119085117,195.08918671811182,52976400,AAPL
2025-04-23,203.52464294433594,206.9067667134076,201.7341005812904,204.9172785719325,52929200,AAPL
2025-04-24,207.27481079101562,207.73239972806866,201.87335793866913,203.81310578126346,47311000,AAPL
2025-04-25,208.1800079345703,208.64753879478604,205.11619481641537,205.2852994626612,38222300,AAPL
2025-04-28,209.03549194335938,210.38834431536768,206.36958545714222,208.8962283982374,38743100,AAPL
2025-04-29,210.09988403320312,211.12446912484504,207.27479957627347,207.59312493762445,36827600,AAPL
2025-04-30,211.3831024169922,212.4574277707069,205.5837430092506,208.19992461631293,52286500,AAPL
2025-05-01,212.1988067626953,213.43227966302132,207.80202473083082,207.98108655162656,57365700,AAPL
2025-05-02,204.27069091796875,205.9020705063368,201.09745506032002,205.0067917796952,101010600,AAPL
2025-05-05,197.84463500976562,203.02725796650907,197.1682163705072,202.03251395918386,69018500,AAPL
2025-05-06,197.4666290283203,199.59538061408486,195.98447015970467,197.1682179665783,51216500,AAPL
2025-05-07,195.218505859375,198.39174158064424,192.23427392267118,198.1231564563361,68536700,AAPL
2025-05-08,196.45199584960938,198.99853803284546,193.65675249053749,196.68078271707188,50478900,AAPL
2025-05-09,197.4865264892578,199.48595647897335,196.50172445806652,197.95405738682032,36453900,AAPL
2025-05-12,209.95704650878906,210.435160708662,205.93301745006437,210.13634313336473,63775800,AAPL
2025-05-13,212.08859252929688,212.55673652410627,208.17412935394688,209.59847136477597,51909300,AAPL
2025-05-14,211.490966796875,213.09460539099953,209.7478820292828,211.5905625216416,49325800,AAPL
2025-05-15,210.61444091796875,212.11848379882832,208.71198473801002,210.11641669484823,45029500,AAPL
2025-05-16,210.42520141601562,211.73003772257164,208.94109887256835,211.52086084946143,54737900,AAPL
2025-05-19,207.95501708984375,208.65224804197354,203.45287334417097,207.08845970637495,46140500,AAPL
2025-05-20,206.04257202148438,207.64621054867285,204.2198016310657,206.84936879133522,42496600,AAPL
2025-05-21,201.2914276123047,206.22186440009241,199.91689108628387,204.3592586621154,59211800,AAPL
2025-05-22,200.56431579589844,201.94882252859867,198.91087172706415,199.91689038506837,46742400,AAPL
2025-05-23,194.49838256835938,196.91877297523902,192.6955373289648,192.9046989896,78432900,AAPL
2025-05-27,199.41885375976562,199.94675818770216,196.64982526808055,197.51639769762102,56288500,AAPL
2025-05-28,199.62803649902344,201.9289060786693,199.11008702875665,199.79736291846774,45339700,AAPL
2025-05-29,199.15988159179688,203.0046291598645,197.72556941325453,202.77554227533128,51396800,AAPL
2025-05-30,200.05633544921875,201.1619498266407,196.00241099917397,198.5821728136608,70819900,AAPL
2025-06-02,200.90298461914062,201.3312933884623,199.3292261245183,199.4885975362889,35423300,AAPL
2025-06-03,202.46676635742188,202.9647905668523,200.16589694161215,200.55435521702816,46381600,AAPL
2025-06-04,202.01856994628906,205.42505409163678,201.30141378953226,202.10821066626008,43604000,AAPL
2025-06-05,199.8372039794922,203.94091870107042,199.35908978394463,202.69585814733983,55126100,AAPL
2025-06-06,203.11419677734375,204.8871617909174,201.2515910514923,202.19783403313102,46607700,AAPL
2025-06-09,200.65394592285156,205.18596915505242,199.22960401477,203.58233063284266,72862600,AAPL
2025-06-10,201.869140625,203.54250994980842,199.77744796710627,199.8073282051838,54672600,AAPL
2025-06-11,197.9945068359375,203.69190510411792,197.62597377823997,202.69585666840098,60989900,AAPL
2025-06-12,198.412841796875,198.8909407818671,196.58011635566137,198.29332085025015,43904600,AAPL
2025-06-13,195.6737060546875,199.57821397711425,194.92666975119658,198.94074360607502,51447300,AAPL
2025-06-16,197.63592529296875,197.90486262143017,195.78327462738756,196.52035592822918,43020700,AAPL
2025-06-17,194.86691284179688,197.60604600468164,194.43861931524052,196.42074594971083,38856200,AAPL
2025-06-18,195.80320739746094,196.7893008408277,194.2991796996429,195.16573699325735,45394700,AAPL
2025-06-20,200.20574951171875,200.90298042554332,196.08210930882012,197.45666110928434,96813500,AAPL
2025-06-23,200.70376586914062,201.50060768152076,198.17380945321412,200.83325703321927,55814300,AAPL
2025-06-24,199.50851440429688,202.63610603642124,199.4089034764897,201.78945874554142,54064000,AAPL
2025-06-25,200.76351928710938,202.8651820841085,199.82723133036671,200.65395335177794,39525700,AAPL
2025-06-26,200.20574951171875,201.8392684520338,198.67184150130464,200.63404307360597,50799100,AAPL
2025-06-27,200.28543090820312,202.41697405518968,199.20969672208463,201.09222774816857,73188600,AAPL
2025-06-30,204.35926818847656,206.570497066428,198.47261792694385,201.21175129212304,91912800,AAPL
2025-07-01,206.998779296875,209.35940906738603,205.32541013409474,205.85331455367321,78788900,AAPL
2025-07-02,211.6005401611328,212.49697770796604,207.31752868499885,208.08449026524102,67941800,AAPL
2025-07-03,212.70616149902344,213.80180573654258,210.97303162710094,211.31168447150716,34955800,AAPL
2025-07-07,209.12037658691406,215.37555986284275,207.97492690746134,211.83958469799765,50229000,AAPL
2025-07-08,209.1801300048828,210.59451698338924,207.6262968509882,209.26978591644843,42848900,AAPL
2025-07-09,210.3056640625,210.49491569520316,206.40115605631001,208.70202548866368,48749400,AAPL
2025-07-10,211.5706787109375,212.63644276910486,209.20007826975964,209.67817732396114,44443600,AAPL
2025-07-11,210.32559204101562,211.29176024279,209.03072603053,209.73792710960444,39765800,AAPL
2025-07-14,207.79563903808594,210.0765986782557,206.71990480407712,209.10046017794556,38840100,AAPL
2025-07-15,208.28370666503906,211.05272033528996,208.09445501444372,208.39327261019983,42296300,AAPL
2025-07-16,209.3295440673828,211.5606828488181,207.8155461810567,209.4689902412225,47490500,AAPL
2025-07-17,209.1901092529297,210.9630743588066,208.7618004967043,209.7379389650813,48068100,AAPL
2025-07-18,210.34552001953125,210.95311022715865,208.87137245947412,210.03674740882613,48974600,AAPL
2025-07-21,211.64036560058594,214.92732845073886,210.7937335563828,211.2618775331451,51377400,AAPL
2025-07-22,213.5527801513672,214.1006098348481,211.39135685335447,212.29776458434165,46404100,AAPL
2025-07-23,213.3037872314453,214.29983576430007,211.5706725113145,214.15043456376964,46989300,AAPL
2025-07-24,212.91531372070312,214.83769515517375,212.68622683006964,213.05475989741393,46022600,AAPL
2025-07-25,213.0348663330078,214.38949295365802,212.55675209148805,213.85161823157193,40268800,AAPL
2025-07-28,213.2041778564453,214.00101967144602,212.2180844005514,213.18425263148458,37858000,AAPL
2025-07-29,210.43515014648438,213.96115480223384,209.9869314052821,213.33363944545516,51411700,AAPL
2025-07-30,208.2239227294922,211.55072076453234,206.89917652304968,211.06265157316113,45512500,AAPL
2025-07-31,206.7498016357422,209.01082086651627,206.34141808889078,207.66616446381488,80698400,AAPL
2025-08-01,201.58029174804688,212.73603143542957,200.7037642416869,210.03673342752194,104434500,AAPL
2025-08-04,202.5464630126953,207.0585613783641,200.88304868853191,203.70186769022786,75109300,AAPL
2025-08-05,202.11813354492188,204.52856877803342,201.3611422546983,202.59623250724772,44155100,AAPL
2025-08-06,212.40733337402344,214.52892145014,204.77759854868273,204.81744899810374,108483100,AAPL
2025-08-07,219.16055297851562,219.9773200540019,215.7241886502616,218.01510326859565,90224800,AAPL
2025-08-08,228.44374084472656,230.08721487155407,218.38364441813084,219.95740294972967,113854000,AAPL
2025-08-11,226.53909301757812,228.91238364576833,224.12592192869855,227.27701087414155,61806100,AAPL
2025-08-12,229.0021209716797,230.14888579943394,226.429412881848,227.36674823663387,55626200,AAPL
2025-08-13,232.6717529296875,234.33703985510917,229.77992501054072,230.4181341091737,69878500,AAPL
2025-08-14,232.12330627441406,234.4567012802976,230.19875827485632,233.39969406647393,51916300,AAPL
2025-08-15,230.93667602539062,233.61908991261305,228.6930233233153,233.33988101583648,56038700,AAPL
2025-08-18,230.23863220214844,232.46233685580373,229.46083388892833,231.04634466466607,37476200,AAPL
2025-08-19,229.90957641601562,232.21305735738468,228.70299840660482,230.6275464777077,39402600,AAPL
2025-08-20,225.3723907470703,229.81981519856654,225.13307755654054,229.33119207499826,42263900,AAPL
2025-08-21,224.26551818847656,225.88095827873425,223.14868274098328,225.63166356522294,30621200,AAPL
2025-08-22,227.11746215820312,228.44371192910324,224.77410085849388,225.53195134940427,42477800,AAPL
2025-08-25,226.5191650390625,228.65312729963858,225.59178073979155,225.84107546750252,30983100,AAPL
2025-08-26,228.6630859375,228.84258604761433,224.05612439304167,226.22996704217394,54575100,AAPL
2025-08-27,229.8397674560547,230.24859923631865,227.6160475796746,227.96506627689797,31259500,AAPL
2025-08-28,231.90391540527344,232.7515235304584,228.692998228932,230.16883391080088,38074700,AAPL
2025-08-29,231.485107421875,232.7216147258446,230.71727541448905,231.85405874294378,39418400,AAPL
2025-09-02,229.07192993164062,230.19874691737337,226.3296880547272,228.60325464814514,44075600,AAPL
2025-09-03,237.7972412109375,238.1761740423919,233.69883553511272,236.54080133953738,66427800,AAPL
2025-09-04,239.10354614257812,239.2232027368954,236.0721290991865,237.77729643117493,47549400,AAPL
2025-09-05,239.01380920410156,240.63921565449175,237.8171975861315,239.3229322237051,54870400,AAPL
2025-09-08,237.20892333984375,239.47250850410185,235.6732593017711,238.62491556233425,48999500,AAPL
2025-09-09,233.6888885498047,238.10638391026913,232.70167593051625,236.33140663047269,66313900,AAPL
2025-09-10,226.1501922607422,231.76431424305812,225.31256565050364,231.53496736029473,83440800,AAPL
2025-09-11,229.3810577392578,229.7998710451417,226.010588238333,226.23995033725743,50208600,AAPL
2025-09-12,233.40966796875,233.84841389514688,228.3739115767776,228.5733443098202,55824200,AAPL
2025-09-15,236.03224182128906,237.5180438551372,234.36695488957946,236.33139853346725,42699500,AAPL
2025-09-16,237.4781494140625,240.53949594661788,235.65332541334,236.51088466190768,63421100,AAPL
2025-09-17,238.3157958984375,239.42266510979977,237.05934071942244,238.2958480596019,46508000,AAPL
2025-09-18,237.20892333984375,240.51954939992544,235.98238232851827,239.29302360434258,44249600,AAPL
2025-09-19,244.80740356445312,245.60514967420656,239.53233423145286,240.54944568604057,163741300,AAPL
2025-09-22,255.35755920410156,255.9160073848096,247.42002368458668,247.5995237986898,105517400,AAPL
2025-09-23,253.7122344970703,256.6140289111009,252.86464151383097,255.15815615601056,60275200,AAPL
2025-09-24,251.59820556640625,255.01853710208397,250.33178410429736,254.49999981420794,42303700,AAPL
2025-09-25,256.1453552246094,256.44452717224715,250.99992334214926,252.4956917858775,55202100,AAPL
2025-09-26,254.73931884765625,256.87328100426123,253.06405044687503,253.38315498635407,46076300,AAPL
2025-09-29,253.7122344970703,254.28063380560434,252.29624220529692,253.8418726304012,40127700,AAPL
2025-09-30,253.9116668701172,255.1980209495745,252.39595068950493,254.1410137555297,37704300,AAPL
2025-10-01,254.72933959960938,258.0599285933123,254.21080232618834,254.32049261064776,48713900,AAPL
2025-10-02,256.40460205078125,257.45162766856953,253.43299812845933,255.85613542550084,42630200,AAPL
2025-10-03,257.2920837402344,258.5086431914624,253.23357360959045,253.9515436206674,49155600,AAPL
2025-10-06,255.96585083007812,258.3391414491699,254.33047806472084,257.2621712100349,44664100,AAPL
2025-10-07,255.7564697265625,256.67385732493904,254.7094135633123,256.08552539236376,31955800,AAPL
2025-10-08,257.33197021484375,257.7906639625656,255.3874592951906,255.7963062732735,36496900,AAPL
2025-10-09,253.32330322265625,257.27213808351553,252.42584836214985,257.08267167133846,38322000,AAPL
2025-10-10,244.57806396484375,255.6567217403356,243.3116425485481,254.2207817432353,61999100,AAPL
2025-10-13,246.96131896972656,248.98559082884384,244.86723728717817,248.6764678182016,38142900,AAPL
2025-10-14,247.07101440429688,248.14796941642882,244.00966795095763,245.90431694508948,35478000,AAPL
2025-10-15,248.63658142089844,251.10959602979932,246.77186176083558,248.78616738422895,33893600,AAPL
2025-10-16,246.75192260742188,248.33743345063007,244.43847540742667,247.54966879270205,39777000,AAPL
2025-10-17,251.57826232910156,252.66519891282977,246.57243512001992,247.32031930793073,49147000,AAPL
2025-10-20,261.5001525878906,263.6341297765207,254.90881548292631,255.16807648712648,90483000,AAPL
2025-10-21,262.0286865234375,264.5415968076956,261.0913359303388,261.141213133835,46695900,AAPL
2025-10-22,257.72088623046875,262.1084670888602,254.70938662410154,261.9090191460537,45015300,AAPL
2025-10-23,258.84771728515625,259.88479198943105,257.2821693476752,259.20671755765045,32754900,AAPL
2025-10-24,262.07855224609375,263.3848541030092,258.44880663072195,260.4531458541269,38253700,AAPL
2025-10-27,268.0516357421875,268.3607587413759,263.9033682058253,264.13273028939324,44888200,AAPL
2025-10-28,268.2410888671875,269.12859257872884,267.39348082722177,268.23110734142335,41534800,AAPL
2025-10-29,268.93914794921875,270.6443152614699,266.35642794866993,268.5203194424725,51086700,AAPL
2025-10-30,270.63433837890625,273.36662916750566,267.72259312931254,271.2226702585742,69886500,AAPL
2025-10-31,269.60723876953125,276.53764389728985,268.4006608909581,276.2085578376442,86167100,AAPL
2025-11-03,268.2909851074219,270.08592548154905,265.4988962118729,269.6571458353552,50194600,AAPL
2025-11-04,269.2781982421875,270.72408938596277,266.86501191822913,267.5730004152706,49274800,AAPL
2025-11-05,269.3778991699219,270.93349568379296,266.17693326929896,267.8521863717013,43683100,AAPL
2025-11-06,269.0089416503906,272.6287059365568,267.1342708755924,267.1342708755924,51204000,AAPL
2025-11-07,267.7126159667969,271.5218466038475,266.0173996929098,269.03885049148494,48227400,AAPL
2025-11-10,268.9303283691406,273.2223721938244,266.9639805623884,268.46119877683986,41312400,AAPL
2025-11-11,274.73956298828125,275.3983427074405,269.2996575494418,269.3096487524697,46208300,AAPL
2025-11-12,272.962890625,275.2187095291286,271.19618380015726,274.49005224267427,48398000,AAPL
2025-11-13,272.4438171386719,276.1868626363035,271.58539619817094,273.6016390736082,49602800,AAPL
2025-11-14,271.90484619140625,275.4482508823214,269.10005949599775,270.5473523374902,47431300,AAPL
2025-11-17,266.9639892578125,269.98836893107386,265.237217022597,268.3214829895084,45018300,AAPL
2025-11-18,266.94403076171875,270.20795552947055,264.8279672087311,269.48928956232544,45677300,AAPL
2025-11-19,268.0619812011719,271.70520656667077,265.0076580872151,265.0376012369211,40424500,AAPL
2025-11-20,265.7562561035156,274.91922505965954,265.42688147061517,270.327749378444,45823600,AAPL
2025-11-21,270.98651123046875,272.8230952896135,265.17732758833057,265.4568071090486,59030800,AAPL
2025-11-24,275.4083557128906,276.48633959077114,270.397645153795,270.397645153795,65585800,AAPL
2025-11-25,276.45635986328125,279.8600396675645,274.7395483878858,274.75950033189645,46914200,AAPL
2025-11-26,277.0353088378906,279.0116481613461,276.11703191175064,276.4464065684995,33431400,AAPL
2025-11-28,278.3328857421875,278.4826014787427,275.4781737009374,276.7458380127342,20135600,AAPL
2025-12-01,282.57501220703125,282.89442609469603,275.62792768573877,277.4944549964911,46587700,AAPL
2025-12-02,285.6592712402344,286.86701880065203,282.10587559562896,282.47518456741903,53669500,AAPL
2025-12-03,283.623046875,288.0847586222564,282.77461708045536,285.6692634925469,43538700,AAPL
2025-12-04,280.179443359375,284.20196835267484,278.07334059490756,283.5731318378766,43989100,AAPL
2025-12-05,278.26300048828125,280.6186397013617,277.53434330937836,280.01974631085085,47265800,AAPL
2025-12-08,277.3746643066406,279.15136205700173,275.6378704438954,277.6142094762677,38211800,AAPL
2025-12-09,276.6659851074219,279.5107061083118,276.4064879695729,277.6441787437343,32193300,AAPL
2025-12-10,278.26300048828125,279.2312028389952,275.92734368017386,277.23491184461454,33038300,AAPL
2025-12-11,277.514404296875,279.07150890817053,273.3022288840155,278.5824273392719,33248000,AAPL
2025-12-12,277.763916015625,278.70217518025987,276.30663218031253,277.38461586894516,39532900,AAPL
2025-12-15,273.6016540527344,279.63046152672615,272.33402020742307,279.63046152672615,50409100,AAPL
2025-12-16,274.1007385253906,274.9891026980292,271.2859911871425,272.3140798989353,37648600,AAPL
2025-12-17,271.33587646484375,275.6478724530811,271.13626563598973,274.50001118897205,50138700,AAPL
2025-12-18,271.68524169921875,273.12257373871984,266.4549687260805,273.1025913325419,51630700,AAPL
2025-12-19,273.1625061035156,274.09077415448866,269.399477884542,271.6453053723066,144632000,AAPL
2025-12-22,270.4674987792969,273.37210596231955,270.00836035897595,272.3539780142796,36571800,AAPL
2025-12-23,271.85491943359375,271.99467443806464,269.06012395403746,270.3377490962612,29642000,AAPL
2025-12-24,273.3022155761719,274.9192064044749,271.69521595033444,271.8349404799371,17910600,AAPL
2025-12-26,272.89300537109375,274.8593534534055,272.35399820928086,273.65160578690546,21521800,AAPL
2025-12-29,273.2523498535156,273.8512128461511,271.8449608988494,272.1843267483383,23715200,AAPL
2025-12-30,272.57354736328125,273.57169281796894,271.77504318392386,272.30405905646904,22139600,AAPL
