Date,Close,High,Low,Open,Volume,Company
2015-01-02,39.68174743652344,40.241840426113875,39.49505193149399,39.596886137623784,27913900,MSFT
2015-01-05,39.316837310791016,39.65628570953198,39.24894568869239,39.350779884589606,39673900,MSFT
2015-01-06,38.73976516723633,39.67325215841664,38.64641582066825,39.359261550437836,36447900,MSFT
2015-01-07,39.231964111328125,39.427147625842196,38.60398293197851,39.019807695041095,29114100,MSFT
2015-01-08,40.3861083984375,40.521888418622424,39.64780474101017,39.67326248315389,29645200,MSFT
2015-01-09,40.04666519165039,40.58130055040019,39.80056607867186,40.40308984323416,23944200,MSFT
2015-01-12,39.54595184326172,40.34366198269539,39.342283511204016,40.24182457941677,23651900,MSFT
2015-01-13,39.342288970947266,40.657658191964224,39.08770190191982,39.85995117907819,35270600,MSFT
2015-01-14,39.00284194946289,39.24045938063213,38.71430904088285,39.00284194946289,29719600,MSFT
2015-01-15,38.59550094604492,39.35926545996587,38.53609739910112,39.223485461629984,32750800,MSFT
2015-01-16,39.240455627441406,39.2743981967186,38.3324231077078,38.45123343055399,35695300,MSFT
2015-01-20,39.36774826049805,39.58839276968071,38.67187540030723,39.291371813050255,36161900,MSFT
2015-01-21,38.968894958496094,39.15559366934489,38.595500774049015,38.98586786286876,39081100,MSFT
2015-01-22,39.9957275390625,40.004212371119095,39.10467125962379,39.35925830557058,35898000,MSFT
2015-01-23,40.038169860839844,40.216380521296635,39.715691115310264,40.190922780445916,26211600,MSFT
2015-01-26,39.893898010253906,39.99573543854628,39.240458983589264,39.88541317652149,42525500,MSFT
2015-01-27,36.20237350463867,36.66063217568163,35.73563000068763,36.44847574322658,169164000,MSFT
2015-01-28,34.95490264892578,36.31270614755077,34.92944490566601,36.27027549636744,84507100,MSFT
2015-01-29,35.65077590942383,35.74412528495887,34.615454417651726,34.73426153660498,63585300,MSFT
2015-01-30,34.28449249267578,35.285871454957245,34.24205860188735,35.260410473033915,78004900,MSFT
2015-02-02,35.031272888183594,35.107649341636055,34.14021642273863,34.44572223654847,50352500,MSFT
2015-02-03,35.30284118652344,35.58288932739616,34.836097522320266,35.328302168490005,52082400,MSFT
2015-02-04,35.506507873535156,35.82049855088351,35.099167828995185,35.591369168845226,41614800,MSFT
2015-02-05,36.024166107177734,36.185403844885286,35.52347675221682,35.82898256029474,36548200,MSFT
2015-02-06,35.99021530151367,36.31269396940989,35.76957404700579,36.2193446257623,34616600,MSFT
2015-02-09,35.94778823852539,36.27026693848277,35.8204930777592,35.845954052262684,31381100,MSFT
2015-02-10,36.15145492553711,36.29572298349584,35.795033671610106,36.270265247429705,29670700,MSFT
2015-02-11,35.964759826660156,36.19388916530627,35.820491767253216,36.19388916530627,38262500,MSFT
2015-02-12,36.56727981567383,36.56727981567383,36.07507537903712,36.202370522925925,33268800,MSFT
2015-02-13,37.22922897338867,37.22922897338867,36.618220335570896,36.81340396516218,40264900,MSFT
2015-02-17,37.246315002441406,37.60527286025954,36.912992799809686,37.57963394478377,33695700,MSFT
2015-02-18,37.20356750488281,37.34886225452151,37.083914922997025,37.28903596357861,27111700,MSFT
2015-02-19,37.17793273925781,37.20357164957871,36.79333278300086,36.90444016153924,27603400,MSFT
2015-02-20,37.485626220703125,37.50271992051021,36.99846718721573,37.18649136451393,29721100,MSFT
2015-02-23,37.733463287353516,37.767647411557626,37.30613076206203,37.34886336253349,32518800,MSFT
2015-02-24,37.68217849731445,37.86165735778134,37.536883757683086,37.7334595689999,25271700,MSFT
2015-02-25,37.59673309326172,37.682198330766006,37.43434457759781,37.56254569414407,29759800,MSFT
2015-02-26,37.656551361083984,37.80184288583777,37.51125657604107,37.59672505556312,28957300,MSFT
2015-02-27,37.47706604003906,37.776200802836186,37.31468083300441,37.71637450233453,33807700,MSFT
2015-03-02,37.50270462036133,37.76764870855603,37.22066357904478,37.323222475756005,31924000,MSFT
2015-03-03,36.989906311035156,37.45997474747506,36.82752110772151,37.229214767846955,31748600,MSFT
2015-03-04,36.80188751220703,36.93008534587963,36.648047503568506,36.759151640693574,25748700,MSFT
2015-03-05,36.8446159362793,36.95572332106698,36.59676225494094,36.81042854706941,23193500,MSFT
2015-03-06,36.203609466552734,36.84460820849513,36.02413060127803,36.750594538030796,36248800,MSFT
2015-03-09,36.62238693237305,36.86169530353938,36.05830827081064,36.05830827081064,32108000,MSFT
2015-03-10,35.92156982421875,36.50274229988615,35.92156982421875,36.19506237038126,39159700,MSFT
2015-03-11,35.87883758544922,36.21215642566365,35.75918500283772,36.160878610423495,32215300,MSFT
2015-03-12,35.05836486816406,35.59680482591244,34.92161857448228,35.32331223854888,59992500,MSFT
2015-03-13,35.36604690551758,35.44296690396532,34.707954309973324,34.78487430842107,58007700,MSFT
2015-03-16,35.519874572753906,35.58824606970268,35.28056618271354,35.442954601006626,35273500,MSFT
2015-03-17,35.6395263671875,35.750633715151224,35.16946133235486,35.35748539011523,31673400,MSFT
2015-03-18,36.32326126098633,36.60530226630405,35.323304810033946,35.40877000300337,44194800,MSFT
2015-03-19,36.14379119873047,36.4001901003468,36.083964897029624,36.11814902636659,33879100,MSFT
2015-03-20,36.648048400878906,36.73351362541988,36.31472946076403,36.374555770000576,71904500,MSFT
2015-03-23,36.630943298339844,36.861703245097246,36.562568531765066,36.64803698998354,26246100,MSFT
2015-03-24,36.66514587402344,36.89590265610781,36.536944763719085,36.56258368166409,25513300,MSFT
2015-03-25,35.434417724609375,36.69077658761736,35.4173240297051,36.68222811002075,43469900,MSFT
2015-03-26,35.220741271972656,35.562608550894375,34.97288765776881,35.2292897471041,37495600,MSFT
2015-03-27,35.015628814697266,35.40877396278322,34.89597622704402,35.14382661848782,34401400,MSFT
2015-03-30,35.00707244873047,35.50277964047757,34.96433985709759,35.126725009417626,35049700,MSFT
2015-03-31,34.750675201416016,35.06690030606556,34.64811632482739,34.85323407800465,34887200,MSFT
2015-04-01,34.801963806152344,34.836147932225785,34.45155124666279,34.699401647066175,36865300,MSFT
2015-04-02,34.434452056884766,34.81905194134464,34.289157318182994,34.75067717953485,37487500,MSFT
2015-04-06,35.5113410949707,35.70791371461004,34.34045059525412,34.47719690718971,39223700,MSFT
2015-04-07,35.49423599243164,35.81900960152171,35.30621191162219,35.56261075657195,28809400,MSFT
2015-04-08,35.40021896362305,35.63097888027313,35.075448645630686,35.434406342449996,24753400,MSFT
2015-04-09,35.451507568359375,35.57116015940228,35.25493498874766,35.25493498874766,25723900,MSFT
2015-04-10,35.65662384033203,35.85319639356819,35.391676524080786,35.57970386208413,28022000,MSFT
2015-04-13,35.69081497192383,35.94721712330465,35.374589781586614,35.38313825878666,30276700,MSFT
2015-04-14,35.59681701660156,35.92158753763806,35.37460217558719,35.72501487691915,24244400,MSFT
2015-04-15,36.11815643310547,36.28909015599932,35.62245222303185,35.69082375601563,27343600,MSFT
2015-04-16,36.03266525268555,36.186505166472415,35.74207911112005,35.85318644002995,22509700,MSFT
2015-04-17,35.57117462158203,35.67373682156491,35.178029302517416,35.61390724142994,42387600,MSFT
2015-04-20,36.673683166503906,36.8958946813405,35.62244537421012,35.665177981645364,46057700,MSFT
2015-04-21,36.44291305541992,36.87879400698573,36.34889938899247,36.75059295998683,26013800,MSFT
2015-04-22,36.74205780029297,36.861710404750646,36.36600303166717,36.46856194116105,25064300,MSFT
2015-04-23,37.041194915771484,37.27195494226342,36.57967486278761,36.65659487161825,46309500,MSFT
2015-04-24,40.912811279296875,41.143571212872956,39.01545725926264,39.02400247445221,130933700,MSFT
2015-04-27,41.049556732177734,41.13502518382313,40.35728020543437,40.36582542045488,59248200,MSFT
2015-04-28,42.01534652709961,42.05807914055994,40.76753595643713,40.835907485915776,60730800,MSFT
2015-04-29,41.92987060546875,42.143536878561726,41.451256980036604,41.639284343650765,47804600,MSFT
2015-04-30,41.57090759277344,42.34010744341384,41.53672020823643,41.62218866957894,64725500,MSFT
2015-05-01,41.5880012512207,41.776028605732876,41.36578977248776,41.51962974249073,38937300,MSFT
2015-05-04,41.229042053222656,41.76747866911893,41.177760978251825,41.34014615856031,34039500,MSFT
2015-05-05,40.68205642700195,41.160670044601325,40.43420603208964,40.870083787538945,50369200,MSFT
2015-05-06,39.553897857666016,40.82735022915119,39.33168637701902,40.65641656542125,52433000,MSFT
2015-05-07,39.912872314453125,40.24619127778183,39.45135224509512,39.54536595481133,32971700,MSFT
2015-05-08,40.81026840209961,41.00684103144044,40.613695772758774,40.639334688671674,35364900,MSFT
2015-05-11,40.48549270629883,40.94701273205212,40.48549270629883,40.63933271488326,24609400,MSFT
2015-05-12,40.46839904785156,40.75044015061827,39.67356008951354,40.041066414779046,29928300,MSFT
2015-05-13,40.707706451416016,41.29742429559118,40.65642536311372,41.18631690108079,34184600,MSFT
2015-05-14,41.63927459716797,41.72473978228493,41.049553734882316,41.049553734882316,32980900,MSFT
2015-05-15,41.28031921386719,41.80166539013472,41.06665296197317,41.76747800736249,28642700,MSFT
2015-05-18,41.032474517822266,41.211956686331185,40.69061039649222,41.00683560530198,24136500,MSFT
2015-05-19,40.92924499511719,41.127095084454744,40.58515588580503,40.912040211503886,28574800,MSFT
2015-05-20,40.92924499511719,41.23032050465762,40.662575771326416,40.765801191529285,25047900,MSFT
2015-05-21,40.79161071777344,40.94645050396768,40.4389208228815,40.67118050217287,22410700,MSFT
2015-05-22,40.34429931640625,40.7313954993634,40.2754801754058,40.688385176976745,25720600,MSFT
2015-05-26,40.07762145996094,40.32708587029538,39.73353239181159,40.28407555714585,29581900,MSFT
2015-05-27,40.955055236816406,41.09269024006445,40.10343639820347,40.275480972632856,27335600,MSFT
2015-05-28,40.81740951538086,41.30773429079064,40.765795172162186,40.860419827324854,19283700,MSFT
2015-05-29,40.30989074707031,40.92064587197081,40.07763106264111,40.80021565370619,36519600,MSFT
2015-06-01,40.628170013427734,41.09268937010975,40.103435549191815,40.4819342612189,28837300,MSFT
2015-06-02,40.36149978637695,40.731394456086925,40.103434577189745,40.37010381952026,21498300,MSFT
2015-06-03,40.30128860473633,41.06688683666133,40.27548306574787,40.74860320890872,28002200,MSFT
2015-06-04,39.8797721862793,40.56794705476815,39.742137212581525,40.249666793368924,27745500,MSFT
2015-06-05,39.69051742553711,40.017401673809,39.43245229541769,39.836756410873015,25438100,MSFT
2015-06-08,39.33784866333008,39.94000314293586,39.28623429714287,39.82817365693586,22121600,MSFT
2015-06-09,39.2690315246582,39.518492749497376,39.1055876777371,39.36365293740254,24406100,MSFT
2015-06-10,40.094825744628906,40.28407505791337,39.30342221028375,39.389446116993284,28417400,MSFT
2015-06-11,39.9485969543457,40.36150196765553,39.68193097908078,40.137846316000044,27347800,MSFT
2015-06-12,39.54429626464844,39.974406066851785,39.48408115485816,39.75935116575011,23931000,MSFT
2015-06-15,39.12277603149414,39.26901502880947,38.72707591413149,39.096970500811146,33254500,MSFT
2015-06-16,39.42387008666992,39.77656002937415,38.967951418190516,39.01096174652465,27070300,MSFT
2015-06-17,39.54429626464844,39.63031691249816,39.01956178092397,39.337842115740784,28704100,MSFT
2015-06-18,40.189456939697266,40.25827279478404,39.71633357951363,39.759347180604536,32658300,MSFT
2015-06-19,39.656131744384766,40.28409509047148,39.5615103221655,40.2496855106764,63837000,MSFT
2015-06-22,39.767940521240234,40.18944945045345,39.70772542870641,39.85396442591458,20318100,MSFT
2015-06-23,39.492679595947266,39.810959912138365,39.24321513771337,39.681928947914656,25896500,MSFT
2015-06-24,39.26041793823242,39.78515236472786,39.18299805102036,39.28622347347744,34890900,MSFT
2015-06-25,39.2690315246582,39.6217214785458,39.13999725408657,39.59591265554479,20616000,MSFT
2015-06-26,38.93353271484375,39.810956989351595,38.735682625711135,39.2690210727402,49835300,MSFT
2015-06-29,38.167938232421875,38.907727526222274,38.159337481286116,38.744287002827036,34081700,MSFT
2015-06-30,37.97868728637695,38.469012074936025,37.798038721005284,38.46040804343061,35945400,MSFT
2015-07-01,38.236759185791016,38.907729376505884,37.93568037808981,38.24535993733579,28343900,MSFT
2015-07-02,38.19374465942383,38.494820152495095,37.90126991695027,38.262560508635794,21752000,MSFT
2015-07-06,38.18514633178711,38.262566224639215,37.80665090088638,37.81525165276895,23034000,MSFT
2015-07-07,38.10772705078125,38.27117087246949,37.26471224923267,38.14213662181849,36435800,MSFT
2015-07-08,38.05611038208008,38.623855094836195,37.87546180142559,38.22815164902443,39785900,MSFT
2015-07-09,38.29697799682617,38.899132389018654,38.279773210594676,38.494828116272174,32424700,MSFT
2015-07-10,38.374385833740234,38.83030104041769,38.33997627209156,38.71847160579771,25465800,MSFT
2015-07-13,39.17438888549805,39.243204725196144,38.66685935200389,38.692664881706136,28178300,MSFT
2015-07-14,39.24320983886719,39.53568457901734,38.97654391325866,39.09697410953048,22880300,MSFT
2015-07-15,39.3636474609375,39.47547692777613,39.07977669924235,39.29483159929036,26629600,MSFT
2015-07-16,40.13784408569336,40.16364962212964,39.54429377731881,39.57870006540813,26271700,MSFT
2015-07-17,40.10343933105469,40.24107434436828,39.79375973072972,40.043224217822335,29467100,MSFT
2015-07-20,40.36149978637695,40.542148386137455,39.94859479538198,40.12924339514248,30631900,MSFT
2015-07-21,40.67117691040039,40.71419051058247,39.98300196668778,40.24106716039539,42781900,MSFT
2015-07-22,39.17438888549805,40.37009322335472,38.88191418345944,39.088364984030044,59152400,MSFT
2015-07-23,39.66473388671875,39.76795933969849,38.795910086495134,38.94214915290459,33934000,MSFT
2015-07-24,39.51848602294922,39.84537037967375,39.39805580770261,39.49268048581845,32333200,MSFT
2015-07-27,39.010955810546875,39.578700590010406,38.924935166967664,39.51848548320952,39701400,MSFT
2015-07-28,39.00234603881836,39.2604111913512,38.529226045595394,39.208800129730506,34328900,MSFT
2015-07-29,39.819557189941406,40.24106286229872,38.9335289681623,39.053962441741014,40945900,MSFT
2015-07-30,40.32708740234375,40.774401895341,39.50987829555026,39.793748998302796,39777900,MSFT
2015-07-31,40.17225646972656,40.74860203369661,40.00021189131789,40.67978617121958,31201500,MSFT
2015-08-03,40.26688003540039,40.430320575544165,39.95720045914709,40.41311579003261,24125900,MSFT
2015-08-04,40.89483642578125,41.04107216784726,40.155047119742086,40.2152622231195,33403900,MSFT
2015-08-05,40.92924499511719,41.64322546694604,40.894835427890584,41.2733308229524,26959700,MSFT
2015-08-06,40.10343933105469,41.09269324526194,39.853978125439625,41.04107888471526,27368000,MSFT
2015-08-07,40.206661224365234,40.24106751074268,39.79375297306583,39.90558242785429,19163000,MSFT
2015-08-10,40.714202880859375,40.85183791141982,40.292693753936646,40.387318452724074,23079900,MSFT
2015-08-11,39.922786712646484,40.37870199584837,39.484076213156726,40.27547657505259,29237400,MSFT
2015-08-12,40.206661224365234,40.344296214306034,39.32063290023663,39.73353787005904,30181400,MSFT
2015-08-13,40.19805145263672,40.5163317061574,39.991600637938745,40.48192542469209,22627200,MSFT
2015-08-14,40.43030548095703,40.51632609492182,40.01740062726907,40.026001376075115,21473400,MSFT
2015-08-17,40.705596923828125,40.817426406340665,40.060432133258395,40.266886310090946,21099700,MSFT
2015-08-18,40.93074035644531,41.06928302934728,40.437181877787175,40.55840630368667,23574100,MSFT
2015-08-19,40.35922622680664,40.76619651955149,40.09079852048959,40.50642627977302,31485500,MSFT
2015-08-20,39.536624908447266,40.23799855229648,39.536624908447266,39.891640463283544,36238200,MSFT
2015-08-21,37.293975830078125,39.38077584625458,37.293975830078125,39.22491499001597,70053100,MSFT
2015-08-24,36.090389251708984,36.964938971018356,34.39324123410623,35.02534218036286,88753700,MSFT
2015-08-25,35.04265594482422,37.44117756776801,34.973382988163884,36.861028116645045,70616600,MSFT
2015-08-26,36.98225021362305,37.09481710971609,35.55353025307851,36.37612509258165,63408000,MSFT
2015-08-27,38.012657165527344,38.0559511015378,37.17274093383895,37.4325078530173,50943200,MSFT
2015-08-28,38.03864669799805,38.229144049450795,37.57106409158682,37.57972486380746,28246700,MSFT
2015-08-31,37.683631896972656,38.03864759470197,37.31995542681854,37.71826838043817,34441700,MSFT
2015-09-01,36.21159744262695,36.87833457344112,36.073054876686044,36.51465827339916,49688900,MSFT
2015-09-02,37.54508972167969,37.562407963622526,36.26356954596175,36.67919744323917,37671500,MSFT
2015-09-03,37.66630935668945,38.081937201492735,37.47581202248593,37.58837892934406,28285200,MSFT
2015-09-04,36.895668029785156,37.268001948706,36.54065235164163,37.068847134441754,37138800,MSFT
2015-09-08,38.00400161743164,38.09925027160923,37.40653729093045,37.49312517484678,32469800,MSFT
2015-09-09,37.293975830078125,38.445614011939405,37.15543321376786,38.28109238417835,33469500,MSFT
2015-09-10,37.48447036743164,37.91741642396529,37.016887833627386,37.33726699058973,31366600,MSFT
2015-09-11,37.648990631103516,37.74423929697617,37.18140807306491,37.35458716527733,27132500,MSFT
2015-09-14,37.26799392700195,37.61434875864774,37.11213309667076,37.605691291680884,23656000,MSFT
2015-09-15,38.081932067871094,38.35035979323471,37.302631202587,37.39787655373276,28882200,MSFT
2015-09-16,38.35901641845703,38.42828936662372,37.96070687584647,38.07327376505936,23372200,MSFT
2015-09-17,38.31572723388672,38.96514633954582,38.16852715543319,38.350363712269804,32768200,MSFT
2015-09-18,37.648990631103516,38.09059748140101,37.51910878928153,37.6663088706364,63143700,MSFT
2015-09-21,38.19450759887695,38.506229336746216,37.75290070252323,37.770218943862275,26177200,MSFT
2015-09-22,38.012657165527344,38.14253897355872,37.5017807931265,37.56239296416427,28085900,MSFT
2015-09-23,37.986698150634766,38.24646520650668,37.67497636234154,38.03865288305607,17145200,MSFT
2015-09-24,38.021324157714844,38.21182148762862,37.4671537104563,37.62301456163732,27905600,MSFT
2015-09-25,38.04728698730469,38.73134234672001,37.89142618887802,38.51486938258468,29384600,MSFT
2015-09-28,37.48447036743164,38.177183397262226,37.41519741289044,37.95205290123589,27613800,MSFT
2015-09-29,37.614341735839844,37.72690860408795,37.27664443421089,37.55372956904056,32763600,MSFT
2015-09-30,38.324378967285156,38.359015440485436,37.80484508174449,37.995342381230145,34958900,MSFT
2015-10-01,38.627437591552734,38.748661927184,37.88277004054302,38.748661927184,28657900,MSFT
2015-10-02,39.458717346191406,39.458717346191406,38.0299935308205,38.333057859929376,41839000,MSFT
2015-10-05,40.37654495239258,40.601675419398084,39.57126512679667,39.6145590662459,34369300,MSFT
2015-10-06,40.48046875,40.85280273751141,40.02154684576759,40.116795536031056,27017200,MSFT
2015-10-07,40.52375411987305,40.99999416714017,39.7877470743799,40.78352111809906,27711500,MSFT
2015-10-08,41.086585998535156,41.147198188946604,40.26398773894415,40.31594246063252,33772700,MSFT
2015-10-09,40.79217529296875,41.16450914135563,40.627653688309024,41.086578724178935,28600600,MSFT
2015-10-12,40.69691848754883,40.75753065508957,40.26397254619193,40.679600253520704,19769100,MSFT
2015-10-13,40.601680755615234,40.80949631664661,40.31593807520291,40.31593807520291,19987800,MSFT
2015-10-14,40.41985321044922,40.78352639439186,40.28996804297426,40.393877498201036,24697800,MSFT
2015-10-15,40.70559310913086,40.72291135045808,40.28996522662801,40.70559310913086,27189400,MSFT
2015-10-16,41.13852310180664,41.16450210516903,40.61033181246537,40.71423791656843,26450300,MSFT
2015-10-19,41.2337760925293,41.45890986215079,40.71424221406037,41.06059703200104,29387600,MSFT
2015-10-20,41.36367416381836,41.39831064739115,40.71425496085451,41.07792812901817,30802200,MSFT
2015-10-21,40.8701057434082,41.5541612610586,40.792175326168085,41.493545778213125,25144300,MSFT
2015-10-22,41.588809967041016,42.385432674504095,40.77487231871589,41.15586377690944,56637100,MSFT
2015-10-23,45.77970886230469,46.81877991718949,45.24285675014195,45.28615068927968,135227100,MSFT
2015-10-26,46.97464370727539,47.035255886519366,45.45933261994393,45.485308324443906,64633300,MSFT
2015-10-27,46.4897346496582,47.07854140245969,46.3944893158329,46.74950486062949,50999900,MSFT
2015-10-28,46.74086380004883,46.74086380004883,45.77106539368787,46.359872394757666,47000800,MSFT
2015-10-29,46.204010009765625,46.6109804156422,46.08278562583219,46.35987087571339,30202100,MSFT
2015-10-30,45.5805549621582,46.74951115968857,45.56323672555228,46.169361794295895,46619800,MSFT
2015-11-02,46.10010528564453,46.20401143176868,45.56324970724997,45.7624045302866,30285000,MSFT
2015-11-03,46.8880500793457,47.095862296118845,45.805685149565015,45.83166085088275,36596900,MSFT
2015-11-04,47.10453414916992,47.520161983630565,46.81013068687074,46.9140368197068,37087800,MSFT
2015-11-05,47.08720779418945,47.36429296940656,46.7581679099507,47.18245644250455,31468500,MSFT
2015-11-06,47.5547981262207,47.606752847438514,46.7235424054354,46.83610931651569,32851200,MSFT
2015-11-09,46.8967170715332,47.511499683781544,46.377183120951905,47.23441446972268,32513100,MSFT
2015-11-10,46.33388900756836,46.870744536359496,46.126076734521135,46.81878981653942,55283700,MSFT
2015-11-11,46.45511245727539,46.931352451355146,46.29059084438361,46.49840640162515,36516300,MSFT
2015-11-12,46.16938400268555,46.7408728731148,46.05681706215809,46.30792665905878,35361100,MSFT
2015-11-13,45.75374984741211,46.14340204800295,45.48532204186797,45.95290468257698,36848200,MSFT
2015-11-16,46.55900955200195,46.662915658907075,45.76238725742113,45.961545308403025,32165200,MSFT
2015-11-17,46.17546081542969,46.663626658882144,46.07085099864953,46.349803859302476,31551300,MSFT
2015-11-18,46.94258117675781,47.05590681958021,46.184178267919854,46.20161323799872,29710000,MSFT
2015-11-19,47.021034240722656,47.64867982681802,46.88155781329928,47.06462332616398,28149200,MSFT
2015-11-20,47.23895263671875,47.33484327621115,46.43696424347204,47.29125752881807,37147600,MSFT
2015-11-23,47.23895263671875,47.474319663096644,46.855393404128506,47.29125752881807,28235900,MSFT
2015-11-24,47.29126739501953,47.45689459981918,46.70721094226808,47.00359541652638,24600000,MSFT
2015-11-25,46.803096771240234,47.27383090706515,46.803096771240234,47.151789462676454,21005100,MSFT
2015-11-27,47.01231384277344,47.14307443560876,46.890272396329806,46.89898821734149,9009100,MSFT
2015-11-30,47.37845230102539,47.91020732646295,47.073348593994496,47.54408287802588,56241400,MSFT
2015-12-01,48.13685989379883,48.14557571763399,47.33486776033948,47.43075844943168,39952800,MSFT
2015-12-02,48.12813949584961,48.78193600409913,47.99738218942831,48.22403018245383,47274900,MSFT
2015-12-03,47.2476692199707,48.61628223126851,47.01230220635285,48.37219939879629,38627800,MSFT
2015-12-04,48.738338470458984,49.01729131394586,47.16050874761494,47.177943716005394,43963700,MSFT
2015-12-07,48.651161193847656,48.79063759907783,48.19786204550465,48.63372622752141,30709800,MSFT
2015-12-08,48.63374328613281,48.90397704552643,47.93636101537045,48.35479037782787,32878000,MSFT
2015-12-09,47.92763137817383,48.70346919245212,47.51791792890677,48.267604952935756,36373200,MSFT
2015-12-10,48.180423736572266,48.52039724289828,47.953772515435205,48.285030201892674,31775800,MSFT
2015-12-11,47.12564468383789,48.03223981149088,47.08205559781521,47.69226622294846,39549500,MSFT
2015-12-14,48.06710433959961,48.128125062706246,46.79438164997546,47.36100645068567,46768900,MSFT
2015-12-15,48.11940383911133,48.7296143270464,48.02351319202987,48.520398067470516,39843000,MSFT
2015-12-16,48.930110931396484,49.034717397404656,47.735840753399714,48.41579109590185,37503300,MSFT
2015-12-17,48.55529022216797,49.50547465710835,48.407094611018145,49.13063104261198,41280900,MSFT
2015-12-18,47.186668395996094,48.81679988978041,47.0994935438217,48.616302717850196,84684200,MSFT
2015-12-21,47.796878814697266,48.25017474215823,47.273839680473685,47.84046457787075,37246300,MSFT
2015-12-22,48.25017547607422,48.3635011223535,47.5092075147126,47.936355981223365,28322200,MSFT
2015-12-23,48.65988540649414,48.7121903144937,48.32862763992437,48.555278915875405,27279800,MSFT
2015-12-24,48.529117584228516,48.781919613904364,48.31990463409531,48.694748105578846,9558500,MSFT
2015-12-28,48.773216247558594,48.773216247558594,47.92763843428558,48.25017708790674,22458300,MSFT
2015-12-29,49.296241760253906,49.55775962263323,48.86909669428969,49.06959383295984,27731400,MSFT
2015-12-30,49.08702850341797,49.496738599359915,49.069593535980864,49.226504917534804,21704500,MSFT
2015-12-31,48.36349868774414,48.98242514905479,48.31119377854504,48.85166786412773,27334100,MSFT
2016-01-04,47.77070999145508,47.77070999145508,46.541573226190906,47.35228080810765,53778000,MSFT
2016-01-05,47.98866653442383,48.28505443942509,47.544086339612555,47.88406001659434,34079700,MSFT
2016-01-06,47.11693572998047,47.42204277124557,46.75952709478159,47.35230287882574,39518900,MSFT
2016-01-07,45.47808074951172,46.62876559334196,45.39090921720344,45.94009918181184,56564900,MSFT
2016-01-08,45.61756896972656,46.445708656160704,45.46065752220861,45.65243559387834,48754000,MSFT
2016-01-11,45.591392517089844,46.07084244953188,44.85914056241081,45.774454674414656,36943800,MSFT
2016-01-12,46.009830474853516,46.288783336759266,45.382188198255776,45.992395505311855,36095500,MSFT
2016-01-13,45.016075134277344,47.13437640474633,44.719687206402384,46.89900922742961,66883600,MSFT
2016-01-14,46.2974967956543,46.56773047689544,44.95503423431825,45.329877719955974,52381900,MSFT
2016-01-15,44.449432373046875,45.303725802039764,43.88280758552244,44.72838519372292,71820700,MSFT
2016-01-19,44.07459259033203,45.05092754451787,43.63872835582654,44.87658118563963,43564500,MSFT
2016-01-20,44.27509307861328,44.789413047137614,42.80186972662334,43.568991768319734,63273000,MSFT
2016-01-21,44.00486373901367,44.96376729034105,43.847952309257934,44.4581630554879,40191200,MSFT
2016-01-22,45.58268356323242,45.61755350094132,44.68480095681997,44.81556156053818,37555800,MSFT
2016-01-25,45.146812438964844,45.89649935857439,45.02477100095953,45.27756969737921,34707700,MSFT
2016-01-26,45.47808074951172,45.713447877201034,44.93760993336263,45.14682626643562,28900800,MSFT
2016-01-27,44.64992904663086,45.50422246685233,44.47558270415344,45.33859194507783,36775200,MSFT
2016-01-28,45.3821907043457,45.512947995058205,44.67608936312803,45.207844324681766,62513800,MSFT
2016-01-29,48.02352523803711,48.02352523803711,47.07334099965841,47.70970243264518,83611700,MSFT
2016-02-01,47.69228744506836,48.02354535903766,47.509225173683426,47.84048308765273,44208500,MSFT
2016-02-02,46.20161437988281,47.299990918954066,45.896510709413185,47.22153521435036,56313800,MSFT
2016-02-03,45.469364166259766,46.541589957553576,44.68480708707857,46.41954848421,57559800,MSFT
2016-02-04,45.32988357543945,46.035984882116914,44.780693670245874,45.417055098316965,46987100,MSFT
2016-02-05,43.725914001464844,45.32989503574491,43.202878081204915,45.27759011356641,62009000,MSFT
2016-02-08,43.07209777832031,43.211574181751466,42.00858812379544,43.1941392156501,59290500,MSFT
2016-02-09,42.958770751953125,43.7956324704639,42.42701594213659,42.73212285083082,46740500,MSFT
2016-02-10,43.333614349365234,43.926389877923675,43.167987164324956,43.4905257143001,38237000,MSFT
2016-02-11,43.316192626953125,43.682320365531595,42.28755262028217,42.43574821041986,48878600,MSFT
2016-02-12,44.02229309082031,44.17920450054081,43.368496658778426,43.80436094680635,34243300,MSFT
2016-02-16,44.85638427734375,44.85638427734375,44.0135170291466,44.689567847780786,37291200,MSFT
2016-02-17,46.02410125732422,46.33139887929198,45.172455694699934,45.207575997083055,40789000,MSFT
2016-02-18,45.822166442871094,46.48943881879846,45.74314743386013,45.94508750630988,27176000,MSFT
2016-02-19,45.49730682373047,45.901180224119116,45.242689673776525,45.62900627350144,33559100,MSFT
2016-02-22,46.226036071777344,46.533330309591115,45.901178335510224,45.901178335510224,25008300,MSFT
2016-02-23,44.93539810180664,45.98020196489618,44.759799941397084,45.953863413074465,28895300,MSFT
2016-02-24,45.093441009521484,45.2163587303832,44.07497558762292,44.505187610638934,33014500,MSFT
2016-02-25,45.74314498901367,45.74314498901367,44.43494555884315,45.418290569000746,26939500,MSFT
2016-02-26,45.04075622558594,46.252379863488905,44.86515806296493,46.18213925873795,35975900,MSFT
2016-02-29,44.6720085144043,45.34805934544231,44.478850177177215,45.084660394948365,31654000,MSFT
2016-03-01,46.16458511352539,46.17336351499626,44.707122624375174,44.751024679499224,33024500,MSFT
2016-03-02,46.48945236206055,46.49823076594952,45.795841230819576,46.01533816987628,29289900,MSFT
2016-03-03,45.962642669677734,46.506997312007975,45.462190080209524,46.506997312007975,24427800,MSFT
2016-03-04,45.681697845458984,46.050454412082004,45.400742056249626,46.006555698003766,33034200,MSFT
2016-03-07,44.8036994934082,45.479750246782444,44.40860781156844,45.26903512970209,38407800,MSFT
2016-03-08,45.34804916381836,45.76948270102817,44.42615974258736,44.601757887072125,33835100,MSFT
2016-03-09,46.392860412597656,46.401638814072115,45.53243305006759,45.55877160374755,28251600,MSFT
2016-03-10,45.699241638183594,46.480649856465,44.917833419902195,46.471871456495364,38387800,MSFT
2016-03-11,46.59479904174805,46.59479904174805,45.98898883757496,46.533340181147445,32275700,MSFT
2016-03-14,46.68259811401367,47.05135463996229,46.20848736530376,46.27872463023023,24083600,MSFT
2016-03-15,47.05134201049805,47.05134201049805,46.30505410603082,46.313832505819036,21104800,MSFT
2016-03-16,47.718624114990234,47.93812101220593,46.88453858497606,46.92843729456783,31691700,MSFT
2016-03-17,47.99079895019531,48.28931484868472,47.41132730598136,47.59570388612747,28223900,MSFT
2016-03-18,46.963558197021484,48.262979443092625,46.92843788920031,48.21907738368772,67625500,MSFT
2016-03-21,47.28841018676758,47.349869047597224,46.47188149373746,46.75283724303205,23925700,MSFT
2016-03-22,47.4727783203125,47.630816319821065,46.93720547189528,47.068904921237795,23124100,MSFT
2016-03-23,47.384979248046875,47.62203623894401,47.183042555635836,47.507896943492206,20129000,MSFT
2016-03-24,47.5956916809082,47.701052570479156,47.17425817039185,47.270837311203984,19950000,MSFT
2016-03-28,47.00743865966797,47.665929104043855,46.823062139064064,47.59568851566774,17025100,MSFT
2016-03-29,48.03470230102539,48.16640178486504,46.92843936394893,47.11281596191884,23924300,MSFT
2016-03-30,48.33321762084961,48.85123044858035,48.201521487922314,48.22786004465638,23008300,MSFT
2016-03-31,48.49123001098633,48.80730592163889,48.16637570248461,48.245394680147754,26360500,MSFT
2016-04-01,48.789756774902344,48.82487707272618,47.91176942484219,48.333202950960356,24399200,MSFT
2016-04-04,48.666847229003906,48.868783951412894,48.28931233733513,48.666847229003906,18928800,MSFT
2016-04-05,47.90300369262695,48.5527126278991,47.815202924849075,48.45613345797185,19272300,MSFT
2016-04-06,48.39466094970703,48.46490154412417,47.5956926091195,47.72739204902369,21188700,MSFT
2016-04-07,47.815185546875,48.21028048513988,47.613248878263086,48.175160190792866,19225100,MSFT
2016-04-08,47.780067443847656,48.535137060659885,47.692270053209114,47.99956426969978,22167200,MSFT
2016-04-11,47.68349838256836,48.421007955473286,47.674716632711835,47.84153638742343,21414200,MSFT
2016-04-12,47.982017517089844,48.096153478965725,47.200605840075355,47.736178743169674,24944300,MSFT
2016-04-13,48.59659957885742,48.675618576109876,48.192726192569786,48.3946628857136,20818000,MSFT
2016-04-14,48.60538101196289,48.798539303824846,48.35076387255504,48.4824633168711,20877100,MSFT
2016-04-15,48.85999298095703,49.09704659683109,48.385879050697625,48.5526954264901,28793800,MSFT
2016-04-18,49.57115936279297,49.68529864315732,48.47367529959304,48.71951400724361,23786000,MSFT
2016-04-19,49.509708404541016,49.84334455065619,48.886338161231784,49.72042685189167,29596800,MSFT
2016-04-20,48.80732345581055,49.60629191732284,48.719526048756784,49.42191535295609,36195700,MSFT
2016-04-21,48.9741325378418,49.36922750895367,48.658056560952296,48.9916926864752,38909100,MSFT
2016-04-22,45.46218490600586,46.032878035695695,44.57541913677496,45.57632420179503,126834100,MSFT
2016-04-25,45.75193405151367,45.76949420530154,45.33050040837549,45.46219653789918,33226900,MSFT
2016-04-26,45.16367721557617,45.96264573174958,44.85638292060817,45.88362672029258,33532600,MSFT
2016-04-27,44.72468185424805,45.21635605789144,44.38226726658389,45.19879590605527,43369300,MSFT
2016-04-28,43.81157302856445,44.57542113624988,43.5130571756721,44.44372168525825,43134800,MSFT
2016-04-29,43.78522872924805,44.118864864021376,43.32867489988875,43.32867489988875,48411700,MSFT
2016-05-02,44.43495559692383,44.55787333230422,43.70622423822993,43.899382593403175,33114500,MSFT
2016-05-03,43.70622253417969,44.259355671082595,43.54818449506457,44.1978968057886,26460200,MSFT
2016-05-04,43.78522872924805,43.95204847126271,43.42525404542229,43.75889018019562,24257600,MSFT
2016-05-05,43.84668731689453,44.16276330067588,43.6623107761074,43.78522846996549,25390700,MSFT
2016-05-06,44.241783142089844,44.241783142089844,43.60085276239869,43.82912800546095,24787300,MSFT
2016-05-09,43.96083068847656,44.417384557480126,43.89937183584688,44.329587153510936,17951600,MSFT
2016-05-10,44.79490661621094,44.86514384945399,44.066175644439234,44.18909666381139,22891000,MSFT
2016-05-11,44.821250915527344,45.46218124147809,44.77735222045648,44.89149150704533,24039100,MSFT
2016-05-12,45.22513961791992,45.48853857625142,44.70712680206186,44.95296560655413,24102800,MSFT
2016-05-13,44.847599029541016,45.56754844613373,44.81247872891302,45.16367168742428,22592300,MSFT
2016-05-16,45.50608825683594,45.62022420663712,44.55786026329432,44.601758963160634,20032000,MSFT
2016-05-17,44.65732955932617,45.73596742086206,44.52471230642622,45.72712761974177,27803500,MSFT
2016-05-18,44.92255783081055,45.21431840103682,44.47165053225862,44.63079388790264,24907500,MSFT
2016-05-19,44.489341735839844,44.754579586774305,44.04727752672166,44.6219623476482,23842400,MSFT
2016-05-20,44.754581451416016,45.28506054806892,44.56007548472411,44.63080400733506,23905800,MSFT
2016-05-23,44.232948303222656,44.80763318414884,44.188742552232014,44.736901284417726,26118700,MSFT
2016-05-24,45.6121826171875,45.718277076943394,44.560071073959875,44.82530890969065,34757900,MSFT
2016-05-25,46.08076095581055,46.40789081896581,45.78900040286941,45.90393464082852,24040200,MSFT
2016-05-26,45.87741470336914,45.95698638138432,45.40882780654731,45.91278064308292,24335200,MSFT
2016-05-27,46.257598876953125,46.257598876953125,45.771328918257126,45.90394615825661,17721400,MSFT
2016-05-31,46.85880661010742,46.85880661010742,46.045410076517584,46.20455009043892,37653100,MSFT
2016-06-01,46.72617721557617,46.81459206522991,46.36368476369997,46.36368476369997,25324800,MSFT
2016-06-02,46.39905548095703,46.628930741043796,45.83321387563885,46.54051588228658,22840800,MSFT
2016-06-03,45.78901290893555,46.34601140013852,45.62102634611485,46.3106488256289,23368300,MSFT
2016-06-06,46.089603424072266,46.2841093321747,45.877411174791604,45.96582601727579,18243300,MSFT
2016-06-07,46.06308364868164,46.62008542889792,46.06308364868164,46.18686444526003,20866800,MSFT
2016-06-08,46.010047912597656,46.363697288704905,45.85974431392309,45.99236493788991,21149400,MSFT
2016-06-09,45.63869857788086,45.974668251763816,45.52376433558217,45.974668251763816,20305700,MSFT
2016-06-10,45.514930725097656,46.01888365543842,45.1259154338802,45.13475523411325,25833200,MSFT
2016-06-13,44.3302001953125,44.842996318114416,43.3753432176806,43.835090419015366,83217800,MSFT
2016-06-14,44.056121826171875,44.29483353723944,43.82624654285017,44.11801054721641,42577100,MSFT
2016-06-15,43.93234634399414,44.31252188951834,43.93234634399414,44.01191804823601,33757600,MSFT
2016-06-16,44.55122756958008,44.62195945734495,43.77319366757671,43.78203683988834,31188600,MSFT
2016-06-17,44.321353912353516,44.586591735531094,44.04727291721694,44.568908764295,45710500,MSFT
2016-06-20,44.268310546875,44.94025004733433,44.23294459997034,44.772263485878334,35607900,MSFT
2016-06-21,45.25852584838867,45.47071812148787,44.34787479101017,44.383240731973665,34097800,MSFT
2016-06-22,45.081722259521484,45.497260440003636,45.046356303362046,45.161293974538616,28816800,MSFT
2016-06-23,45.895111083984375,46.02773171032258,45.22317489648799,45.33810917511963,29028800,MSFT
2016-06-24,44.056121826171875,45.037501562456164,43.782040795344415,44.0384388526331,133503000,MSFT
2016-06-27,42.81833267211914,43.45490611003224,42.47352318414345,43.41069699809139,50216300,MSFT
2016-06-28,43.71131134033203,43.73783748846155,43.03053199817155,43.251564120716544,38140700,MSFT
2016-06-29,44.683860778808594,44.843004198494334,44.029604123135755,44.12685880990849,31304000,MSFT
2016-06-30,45.240848541259766,45.3557861774384,44.64848413303565,44.842993460002226,28527800,MSFT
2016-07-01,45.232017517089844,45.727130730573855,45.15244581086353,45.20549473924202,21400400,MSFT
2016-07-05,45.240848541259766,45.33810320474305,44.860676432697566,44.94024812348551,24806400,MSFT
2016-07-06,45.4265251159668,45.567985546794375,44.55123638150179,44.89604597085135,28167500,MSFT
2016-07-07,45.4265251159668,45.62987427448877,45.15244405568968,45.46188769416166,19585200,MSFT
2016-07-08,46.23991394042969,46.29296285778642,45.576817650540114,45.735961029928184,28391000,MSFT
2016-07-11,46.49631881713867,46.70851114507673,46.39022433951096,46.41674711574723,22269200,MSFT
2016-07-12,47.04447555541992,47.212462124936984,46.67314321314904,46.80576046138186,27317600,MSFT
2016-07-13,47.30970764160156,47.619154595017456,47.01794703300712,47.353916758291035,25356800,MSFT
2016-07-14,47.5130615234375,47.734093622616214,47.3716011148704,47.60147301403612,24545500,MSFT
2016-07-15,47.47770309448242,47.74294098095116,47.04447862752673,47.69873522865349,32024400,MSFT
2016-07-18,47.70756912231445,48.04353886900182,47.3450766020694,47.47769721522244,31433900,MSFT
2016-07-19,46.93836975097656,47.65451486020725,46.796909363401795,47.48652833124357,53336500,MSFT
2016-07-20,49.431617736816406,50.25385740245825,49.09564800707362,49.64381003262294,89893300,MSFT
2016-07-21,49.33435821533203,49.71453365221903,49.29899227406771,49.493501578339696,32776700,MSFT
2016-07-22,50.015140533447266,50.068189448659204,49.31667832689245,49.581919530270135,32157200,MSFT
2016-07-25,50.15660095214844,50.16544412436118,49.741059547881754,49.92672906484725,25610600,MSFT
2016-07-26,50.183135986328125,50.651726420331435,49.96210384454558,49.97094701891926,28079000,MSFT
2016-07-27,49.679176330566406,50.218495224035884,49.60844780844776,50.05051203290702,32327500,MSFT
2016-07-28,49.69685745239258,49.83831786404095,49.26363641726792,49.51119129448201,37550400,MSFT
2016-07-29,50.11240005493164,50.18312857606289,49.555398195537826,49.74106435777499,30558700,MSFT
2016-08-01,50.023983001708984,50.174283200338074,49.63496437432647,50.0416626005155,26003400,MSFT
2016-08-02,50.023983001708984,50.30690380016065,49.78526794563752,50.26269468509849,35122000,MSFT
2016-08-03,50.36879348754883,50.492570917678535,49.94441228166896,50.11239545503328,22075600,MSFT
2016-08-04,50.74013137817383,50.8550690214152,50.10355781275379,50.21849545599517,26587700,MSFT
2016-08-05,51.24407196044922,51.46510402036076,50.79316804220956,50.96999436467511,29335200,MSFT
2016-08-08,51.33249282836914,51.35901559941105,51.08493459881076,51.33249282836914,19473500,MSFT
2016-08-09,51.456275939941406,51.72151379770084,51.297132550749275,51.42974979328782,16920700,MSFT
2016-08-10,51.29712677001953,51.56236459788902,51.120300427212555,51.420904198179834,15756900,MSFT
2016-08-11,51.54468536376953,51.67730597366139,51.30597028957352,51.30597028957352,18162300,MSFT
2016-08-12,51.22639846801758,51.44743056882092,50.94347764880387,51.30597015921407,21655200,MSFT
2016-08-15,51.38553237915039,51.721502054797355,51.24407199561718,51.288277733093516,19283900,MSFT
2016-08-16,51.100860595703125,51.260995879858484,50.94962360161379,51.252100983495765,20523500,MSFT
2016-08-17,51.207618713378906,51.31437443616141,50.91403623359796,51.18982552729795,18856400,MSFT
2016-08-18,51.243202209472656,51.33216814077613,50.94962312042935,51.08306692682966,14214300,MSFT
2016-08-19,51.260990142822266,51.35885096037629,50.887343450746485,51.091959981221734,17271000,MSFT
2016-08-22,51.30546569824219,51.376638428072155,50.94071394212,51.243191256492246,15221900,MSFT
2016-08-23,51.501190185546875,51.75918625502389,51.46560381864603,51.51008847412345,18732400,MSFT
2016-08-24,51.554569244384766,51.634636872296944,51.34995272720979,51.421122066630225,18151500,MSFT
2016-08-25,51.75029373168945,51.85705284428549,51.403335100010125,51.49230102717349,18552600,MSFT
2016-08-26,51.62575149536133,52.22181140638224,51.323274091344054,51.848161251441574,20971200,MSFT
2016-08-29,51.688018798828125,52.13283824939877,51.688018798828125,51.75919153989691,16417200,MSFT
2016-08-30,51.501190185546875,51.76808114989774,51.25209240464643,51.581257814222404,16930200,MSFT
2016-08-31,51.1186408996582,51.421118205312496,50.97629883780339,51.28767443128123,20860300,MSFT
2016-09-01,51.23430633544922,51.438922882987455,50.71831412484593,50.71831412484593,26075400,MSFT
2016-09-02,51.30546569824219,51.76807826102931,51.08305600807738,51.30546569824219,18900500,MSFT
2016-09-06,51.252098083496094,51.42112825444993,50.896241162463355,51.40333506902798,16278400,MSFT
2016-09-07,51.29657745361328,51.45671272278703,51.07416773461674,51.12754728890899,17493400,MSFT
2016-09-08,51.09196472167969,51.41223528386193,50.86955498613126,51.26989318885907,20146100,MSFT
2016-09-09,50.006595611572266,51.172023649141195,50.006595611572266,50.52258773916394,35113900,MSFT
2016-09-12,50.75389099121094,50.89623305821817,49.47281238814579,49.819770964369525,29303000,MSFT
2016-09-13,50.29127883911133,50.398037935522744,49.86425263457347,50.26459076185977,30130200,MSFT
2016-09-14,50.051090240478516,50.380259124426274,49.846473671207605,50.1667442643981,24062500,MSFT
2016-09-15,50.87843704223633,51.02077910131661,49.801975008335276,49.953215355065666,26847000,MSFT
2016-09-16,50.93183135986328,51.269895120873116,50.48701187200421,51.269895120873116,44607000,MSFT
2016-09-19,50.647132873535156,51.37663635636308,50.575960146575156,50.949610175710326,20937100,MSFT
2016-09-20,50.54038619995117,51.02078861788945,50.48700664520113,51.02078861788945,17384000,MSFT
2016-09-21,51.385536193847656,51.46560382252923,50.780584925001335,51.1631264912547,33707300,MSFT
2016-09-22,51.43891906738281,51.5990543350914,51.269888904225056,51.52788159668627,19822200,MSFT
2016-09-23,51.09196472167969,51.51899100668827,51.04748345331065,51.48340463451174,19955300,MSFT
2016-09-26,50.62043762207031,50.83394898527916,50.55816319165924,50.78057284132791,21688700,MSFT
2016-09-27,51.554569244384766,51.65243005557773,50.4247275588252,50.64713725928095,28065100,MSFT
2016-09-28,51.62575149536133,51.65244297380938,51.30548090361321,51.492307677935315,20536400,MSFT
2016-09-29,51.06527328491211,51.75029223894338,50.896239725029076,51.43002509150278,25463500,MSFT
2016-09-30,51.243202209472656,51.394442595836935,51.011897575490146,51.21651412693325,29910800,MSFT
2016-10-03,51.08305740356445,51.19871139584631,50.762790291688205,51.07416250894399,19189500,MSFT
2016-10-04,50.92293167114258,51.24319882155097,50.682728763058996,50.94961975191752,20085900,MSFT
2016-10-05,51.27878189086914,51.563466046486646,50.94071818343478,50.96740965619462,16726400,MSFT
2016-10-06,51.36774444580078,51.47450014873877,50.95850802941702,51.36774444580078,16212600,MSFT
2016-10-07,51.42112731933594,51.58126259151823,51.08306358987297,51.46560858523034,20089000,MSFT
2016-10-10,51.63463592529297,51.94600814273923,51.48339556703147,51.51898193294037,18196500,MSFT
2016-10-11,50.87843704223633,51.616838806885696,50.61154610567359,51.50118482335097,26497400,MSFT
2016-10-12,50.80726623535156,50.94960829030173,50.175623578616595,50.80726623535156,22177500,MSFT
2016-10-13,50.63823318481445,50.97629684111647,50.10445132219217,50.44251497849418,25313700,MSFT
2016-10-14,51.08305740356445,51.36774493695886,50.81616644681626,50.81616644681626,27402500,MSFT
2016-10-17,50.90513610839844,51.11864753203142,50.59376047452126,51.029685004468156,23830000,MSFT
2016-10-18,51.29657745361328,51.55457354213798,51.07416773461674,51.180923449498245,19149500,MSFT
2016-10-19,51.18093490600586,51.456724241028226,51.0652842697062,51.12755873346871,22878400,MSFT
2016-10-20,50.93183135986328,51.17203429055158,50.406944228441446,51.15424110379281,49455600,MSFT
2016-10-21,53.07585525512695,53.77867078230074,52.924618275045574,53.627430408516375,80032200,MSFT
2016-10-24,54.267967224121094,54.267967224121094,53.31605397217781,53.32494886701814,54067000,MSFT
2016-10-25,54.25906753540039,54.5971278087083,54.09003400504402,54.134515262721116,35137200,MSFT
2016-10-26,53.93880081176758,54.4458946507954,53.796458741052795,54.09893606553454,29911600,MSFT
2016-10-27,53.4672966003418,54.11673598462431,53.45840170455987,53.92101434039106,28479900,MSFT
2016-10-28,53.26267623901367,53.84094284074089,53.004683555410345,53.38722513324345,33574700,MSFT
2016-10-31,53.307159423828125,53.75197885851442,53.307159423828125,53.52067424570685,26434700,MSFT
2016-11-01,53.20040512084961,53.396126763287924,52.71110440845686,53.35164549738005,24533000,MSFT
2016-11-02,52.87123489379883,53.31605430001036,52.755580897947056,53.218193487651384,22147000,MSFT
2016-11-03,52.67552185058594,53.058066873745474,52.586559312331616,52.960206045443734,21600400,MSFT
2016-11-04,52.23069381713867,52.737787668279616,52.06166366465928,52.17731766040978,28697000,MSFT
2016-11-07,53.75197982788086,53.840945752644316,53.18261148420685,53.18261148420685,31664800,MSFT
2016-11-08,53.796470642089844,54.072256556152276,53.51178643768147,53.86763999634023,22935400,MSFT
2016-11-09,53.529563903808594,53.90321395711249,52.66661659266644,53.37832693978979,49632500,MSFT
2016-11-10,52.2218132019043,53.81426792468045,51.26989968464787,53.8053696336573,57822400,MSFT
2016-11-11,52.50648880004883,52.59545133343984,51.60795160176532,51.80367324766927,38767800,MSFT
2016-11-14,51.705810546875,52.55986644744556,50.95851375494013,52.506486893127715,41328400,MSFT
2016-11-15,52.72685623168945,53.28216107754324,52.234249959799,52.24320836320655,35904100,MSFT
2016-11-16,53.42546081542969,53.43441580154248,52.67311556666101,52.78954746927516,27332500,MSFT
2016-11-17,54.31214904785156,54.58980143836419,53.71206592153548,54.106150209714876,32132700,MSFT
2016-11-18,54.052398681640625,54.75996198776492,54.00761692913514,54.43752790311948,27686300,MSFT
2016-11-21,54.50919723510742,54.6077191691446,54.115109498958724,54.18676305703292,19652600,MSFT
2016-11-22,54.74205780029297,54.86744809502582,54.46440883813574,54.61666750556012,23206700,MSFT
2016-11-23,54.097198486328125,54.72415002427894,53.96284977583601,54.643541481309605,21848900,MSFT
2016-11-25,54.213619232177734,54.213619232177734,53.85536177232196,54.00762042401916,8409600,MSFT
2016-11-28,54.28529357910156,54.65250958075182,53.927032565312416,54.043467907288424,20732600,MSFT
2016-11-29,54.71519470214844,55.001802093917995,54.20467507201956,54.3211103926227,22366700,MSFT
2016-11-30,53.971797943115234,54.79579665787588,53.93597458592241,54.50918930055806,34655400,MSFT
2016-12-01,53.02241134643555,53.87327841709168,52.78954073764336,53.83745164394994,34542100,MSFT
2016-12-02,53.067195892333984,53.26423973833576,52.664153214889126,52.91493722342666,25515700,MSFT
2016-12-05,53.93598937988281,54.26737858705945,53.34486111619714,53.47025144233801,23552700,MSFT
2016-12-06,53.69416046142578,54.15093996706325,53.55981173919891,54.12407158926985,19907000,MSFT
2016-12-07,54.965972900390625,54.97493130284392,53.55980437861648,53.74788983058206,30809000,MSFT
2016-12-08,54.643531799316406,55.154054758751826,54.491273143257565,54.903270771376924,21220800,MSFT
2016-12-09,55.503360748291016,55.52127413542223,54.7510155719264,54.79579733143981,27349400,MSFT
2016-12-12,55.682491302490234,55.798926617880944,55.279452024789904,55.369015549472316,20198100,MSFT
2016-12-13,56.407962799072266,56.802047053556876,55.74518457941046,55.97805177146293,35718900,MSFT
2016-12-14,56.1392707824707,56.82892081422815,56.00492208690434,56.42587814415831,30352700,MSFT
2016-12-15,56.04970932006836,56.560228915348574,55.798925306916594,56.15718623048804,27669900,MSFT
2016-12-16,55.79892349243164,56.38109662014663,55.63770642372993,56.38109662014663,42453100,MSFT
2016-12-19,56.98118591308594,57.11553462381924,55.906406477108476,56.03180020155338,34338200,MSFT
2016-12-20,56.90952682495117,57.142394014761365,56.45274401358206,57.0438720979316,26028400,MSFT
2016-12-21,56.90952682495117,57.052830499441086,56.53335254402196,56.8110049081214,17096300,MSFT
2016-12-22,56.91848373413086,57.41108991830464,56.79309344179163,57.178222720621676,22176600,MSFT
2016-12-23,56.64084243774414,56.909536445757986,56.246754703802786,56.82892790169087,12403800,MSFT
2016-12-27,56.67666244506836,57.38422591037119,56.61396729413059,56.61396729413059,11763200,MSFT
2016-12-28,56.41691970825195,56.784135581493494,56.27361603617303,56.784135581493494,14653300,MSFT
2016-12-29,56.33631896972656,56.605012964952685,56.18405687523306,56.30049219259521,10250600,MSFT
2016-12-30,55.655616760253906,56.416920302199124,55.55709484404448,56.39004851446896,25579900,MSFT
2017-01-03,56.04970932006836,56.28257652874923,55.64666663520782,56.237794767460144,20694100,MSFT
2017-01-04,55.79892349243164,56.20196616418592,55.63770642372993,55.96014056113335,21340000,MSFT
2017-01-05,55.79892349243164,56.12135762983507,55.55709788937907,55.70040157082179,24876000,MSFT
2017-01-06,56.28257369995117,56.560226072595526,55.56605530545033,55.798922502427146,19922900,MSFT
2017-01-09,56.10345458984375,56.497542348965524,56.013891053659655,56.21093151659065,20382700,MSFT
2017-01-10,56.08553695678711,56.488579672387864,55.78101617351428,56.18405888911503,18593000,MSFT
2017-01-11,56.59604263305664,56.63186940263644,55.91535109418447,56.07656814066477,21517300,MSFT
2017-01-12,56.07658004760742,56.78414352221834,55.48545189053957,56.47962274938766,20968200,MSFT
2017-01-13,56.15718078613281,56.30943944308033,55.84370165424179,56.08552724171348,19422300,MSFT
2017-01-17,56.00492858886719,56.15719068929475,55.5571041071609,56.13927730003094,20664000,MSFT
2017-01-18,55.97804641723633,56.15717684909724,55.637698938363464,56.13030506350938,19670100,MSFT
2017-01-19,55.79892349243164,56.407964992720494,55.709359972765924,55.74518674728392,18451700,MSFT
2017-01-20,56.193016052246094,56.26466619086672,55.86162348415831,56.130317483087396,30213500,MSFT
2017-01-23,56.39006042480469,56.53336412865994,56.04075786019686,56.15719318727607,23097600,MSFT
2017-01-24,56.89163589477539,57.08867980621193,56.372157734308324,56.60502843266613,24672900,MSFT
2017-01-25,57.03491973876953,57.411090620387434,56.82892091074603,57.27674534122215,23672700,MSFT
2017-01-26,57.563350677490234,57.80517970241468,56.918485805332665,57.429008811708535,43554600,MSFT
2017-01-27,58.915775299072266,59.03221401305373,58.118648436349645,58.56647282364361,44818000,MSFT
2017-01-30,58.3336181640625,58.92474979673504,58.03805918098596,58.83518626146156,31651400,MSFT
2017-01-31,57.90370559692383,58.35153006892903,57.55440305542051,58.091791055174916,25270500,MSFT
2017-02-01,56.94535446166992,57.87683006830067,56.846832543345435,57.6439594583284,39671500,MSFT
2017-02-02,56.57814407348633,56.79310133066175,56.20197314421645,56.649797631421364,45827000,MSFT
2017-02-03,57.03491973876953,57.05283312598409,56.48857338692798,56.873702670467786,30301800,MSFT
2017-02-06,56.99910354614258,57.0080619497276,56.55127903252847,56.873713228991406,19796400,MSFT
2017-02-07,56.811012268066406,57.124488028927715,56.63188179759014,57.0886646681361,20277200,MSFT
2017-02-08,56.73040771484375,57.151363837558144,56.6229307916551,56.936406574551064,18096400,MSFT
2017-02-09,57.37526321411133,57.71561415081051,56.71248497761792,56.89161543116154,22644400,MSFT
2017-02-10,57.3215217590332,57.590219125581825,57.30360837348803,57.54543395340443,18170700,MSFT
2017-02-13,57.96638107299805,58.09177133593507,57.43794482211473,57.53646671917337,22920100,MSFT
2017-02-14,58.18265914916992,58.31782234714602,57.68706304815286,58.03849011276503,23108400,MSFT
2017-02-15,58.146610260009766,58.18265423473797,57.81321552447305,58.11957899763492,17005200,MSFT
2017-02-16,58.13759994506836,58.78637776755911,58.0655188673248,58.33583837690559,20546300,MSFT
2017-02-17,58.22770690917969,58.290782141936035,57.93936200590998,58.09254373193472,21248800,MSFT
2017-02-21,58.11056900024414,58.52506441695611,58.07452502383194,58.21870092948075,20655900,MSFT
2017-02-22,57.99342727661133,58.020458538405016,57.71409507182974,57.96639601481763,19292700,MSFT
2017-02-23,58.22770690917969,58.32682611418035,57.840242800909316,58.047487047958136,20273100,MSFT
2017-02-24,58.22770690917969,58.389901346936696,57.79518611693274,58.1466062529588,21796800,MSFT
2017-02-27,57.87629699707031,58.15562923795213,57.71410253066146,58.15562923795213,15871500,MSFT
2017-02-28,57.651023864746094,57.849258872476184,57.45278541967302,57.74113381129886,23239800,MSFT
2017-03-01,58.516056060791016,58.561105873353505,57.68705838835512,57.786177600551966,26937500,MSFT
2017-03-02,57.67806625366211,58.34486276029602,57.56092502620458,58.29080022250289,24539600,MSFT
2017-03-03,57.894325256347656,57.921356526167216,57.32664452873194,57.66004623077649,18135900,MSFT
2017-03-06,57.912330627441406,58.17364430068698,57.49783864764191,57.642011116097606,18750300,MSFT
2017-03-07,58.029476165771484,58.37188363530261,57.840250442502786,57.840250442502786,18521000,MSFT
2017-03-08,58.56110763549805,58.64220830004733,57.89431126721559,57.9033239798734,21510900,MSFT
2017-03-09,58.32682418823242,58.75032538007835,58.10155452515745,58.74131954332822,19846800,MSFT
2017-03-10,58.50703048706055,58.80438805828427,58.3448360731825,58.669224900938595,19538200,MSFT
2017-03-13,58.30880355834961,58.74132437186798,58.18265308663282,58.579129926134236,20100000,MSFT
2017-03-14,58.03847885131836,58.16462931170233,57.80419647859763,58.146603888970624,14280200,MSFT
2017-03-15,58.3448486328125,58.49803036925991,57.89430926113055,58.16463563401381,24833800,MSFT
2017-03-16,58.2457389831543,58.35387092499646,57.939375459964396,58.34485821117135,20674300,MSFT
2017-03-17,58.45297622680664,58.78637093735542,58.281769078350955,58.48902019883335,49219700,MSFT
2017-03-20,58.50703048706055,58.732300124408745,58.31780481665012,58.489011940933544,14598100,MSFT
2017-03-21,57.85826110839844,59.02065342836193,57.78617316421045,58.74132123798942,26640500,MSFT
2017-03-22,58.59715270996094,58.69627192699853,57.777174584551126,57.777174584551126,20680000,MSFT
2017-03-23,58.45297622680664,58.78637093735542,58.3628628593975,58.5160514591822,19269200,MSFT
2017-03-24,58.55209732055664,58.97559853749529,58.35385890535539,58.89450475383202,22617100,MSFT
2017-03-27,58.66022491455078,58.76835683881901,57.984415855916126,58.236716804523425,18614700,MSFT
2017-03-28,58.83142852783203,58.993622967109765,58.254738715885594,58.53407091004204,20080400,MSFT
2017-03-29,58.993629455566406,59.02066071930494,58.525064635146464,58.67825325414083,13618400,MSFT
2017-03-30,59.20989227294922,59.45318741993433,58.894516040455805,58.9485785732586,15122800,MSFT
2017-03-31,59.34504699707031,59.64240463435496,58.97560140989509,59.155821284621524,21040300,MSFT
2017-04-03,59.065711975097656,59.41713212074204,58.74132309070516,59.29998748907061,20400900,MSFT
2017-04-04,59.22792434692383,59.300005440521105,58.82243468133985,58.92155391905902,12997400,MSFT
2017-04-05,59.074710845947266,59.78656376526901,58.966585813690486,59.741513960056736,21448600,MSFT
2017-04-06,59.22792434692383,59.52527518539431,59.00265460205063,59.11077967979006,18103500,MSFT
2017-04-07,59.18285369873047,59.43515465357142,58.96659671953614,59.33603543921456,14108500,MSFT
2017-04-10,59.047698974609375,59.309012679498835,58.89451721216306,59.119786936238135,17952700,MSFT
2017-04-11,59.002647399902344,59.11978517805067,58.43496331231644,59.11077246444351,18791500,MSFT
2017-04-12,58.77737045288086,59.0296714053587,58.66923852695378,58.94857074224205,17108500,MSFT
2017-04-13,58.52507019042969,59.34505526665593,58.52507019042969,58.831440582813926,17896500,MSFT
2017-04-17,59.002647399902344,59.01165323882331,58.579139231286256,58.606170497421544,16689300,MSFT
2017-04-18,58.921539306640625,59.209884233581896,58.714295042578165,58.867476781178304,15155600,MSFT
2017-04-19,58.606163024902344,59.24592811571436,58.47099983677354,59.15582161519026,26992800,MSFT
2017-04-20,59.020668029785156,59.24593775508968,58.69627907537173,58.98462404877406,22299500,MSFT
2017-04-21,59.83164978027344,60.101969368135634,58.97562056532434,59.173859054569135,32522600,MSFT
2017-04-24,60.849853515625,60.96699816568358,60.462389335933025,60.80480369802912,29770000,MSFT
2017-04-25,61.201263427734375,61.30939534622104,60.91291851978816,61.18324487866237,30242700,MSFT
2017-04-26,61.12018585205078,61.552699891316905,60.93096010053602,61.34545558595218,26190800,MSFT
2017-04-27,61.51664733886719,61.61576655795015,60.89490763470267,61.40852228145723,34971000,MSFT
2017-04-28,61.6878547668457,62.300588635207795,60.994027105092016,62.09334435786099,39548800,MSFT
2017-05-01,62.54387664794922,62.6700271175499,61.723891720859804,61.88608616387282,31954400,MSFT
2017-05-02,62.44478225708008,62.81422110068336,62.29159359052485,62.81422110068336,23906100,MSFT
2017-05-03,62.24651336669922,62.516832830699144,61.9131117989465,62.516832830699144,28928000,MSFT
2017-05-04,62.00323486328125,62.24653000807805,61.85005310526029,62.20147331469013,21749400,MSFT
2017-05-05,62.174434661865234,62.20146592481204,61.71488256771345,62.08432816048077,19128800,MSFT
2017-05-08,62.1203727722168,62.219491987160524,61.65180796072185,62.14740403544046,18566100,MSFT
2017-05-09,62.210487365722656,62.42674437432413,61.88609841547728,62.04829289059997,22858400,MSFT
2017-05-10,62.45377731323242,62.67904704167396,62.102357086838545,62.165432335814714,17977800,MSFT
2017-05-11,61.6878547668457,61.93114989639203,61.381491270007544,61.59774826040423,28789400,MSFT
2017-05-12,61.615753173828125,61.823004279987885,61.30938974480024,61.823004279987885,18714100,MSFT
2017-05-15,61.66080856323242,61.70586524287973,60.88588042115057,61.399494945583044,31530300,MSFT
2017-05-16,62.90238571166992,62.92957191951681,61.769580957439516,61.83301774711276,34956000,MSFT
2017-05-17,61.15333938598633,62.62145003027587,61.108024426852346,62.43113964727878,30548800,MSFT
2017-05-18,61.361751556396484,61.74237219803631,60.84519299585965,61.08081826100849,25201300,MSFT
2017-05-19,61.3436279296875,61.71518418875661,61.108002671442726,61.1714394431906,26961100,MSFT
2017-05-22,62.0323600769043,62.07767501408289,61.17143158322037,61.52486596812966,16237600,MSFT
2017-05-23,62.24081802368164,62.30425480655742,61.96894214616217,62.277068601623625,15425800,MSFT
2017-05-24,62.322383880615234,62.4220712530171,62.032386137471164,62.41301379304717,14593900,MSFT
2017-05-25,63.09269714355469,63.32831555825797,62.44926486200348,62.50363727861322,21854100,MSFT
2017-05-26,63.400821685791016,63.636447033029356,63.00207216186339,63.25582625878508,19827900,MSFT
2017-05-30,63.80862808227539,63.80862808227539,63.228625700168784,63.24675444772065,17072800,MSFT
2017-05-31,63.29207229614258,64.107693210081,63.26488608469337,63.91738281584411,30436400,MSFT
2017-06-01,63.527679443359375,63.98986564779758,62.9386196791288,63.654553003151754,21603600,MSFT
2017-06-02,65.03205108642578,65.12267407533346,63.65455676430176,63.835809656208,34770300,MSFT
2017-06-05,65.50330352783203,66.05611282233725,65.07736781756489,65.22237015046085,33316800,MSFT
2017-06-06,65.72079467773438,65.81142458534482,65.49423373689069,65.52142685762855,31511100,MSFT
2017-06-07,65.60297393798828,65.94734401842305,65.20422453973434,65.82953483897984,22301800,MSFT
2017-06-08,65.20425415039062,65.72081296266826,64.79644710904786,65.7117555006602,24588300,MSFT
2017-06-09,63.72705078125,65.32204148087202,62.159246283845334,65.2857909065522,49187400,MSFT
2017-06-12,63.23770523071289,63.38270758951644,61.74240124749307,62.7573970168389,47761700,MSFT
2017-06-13,64.02611541748047,64.18017517898899,63.4008050848878,63.4551774915166,25258600,MSFT
2017-06-14,63.68175506591797,64.43393915350187,62.92051351758645,64.2617575160986,25510700,MSFT
2017-06-15,63.346431732177734,63.62736504768461,62.34956511235923,62.77549381474085,26068700,MSFT
2017-06-16,63.437076568603516,63.46426278087809,62.7302073930939,63.19239374403966,48345100,MSFT
2017-06-19,64.2254867553711,64.2889235311377,63.754236209027816,63.89017413255338,23798300,MSFT
2017-06-20,63.355491638183594,64.22548464037158,63.31924106549787,64.18016969599198,21512200,MSFT
2017-06-21,63.68175506591797,63.99894595848161,63.38269983712611,63.627382645063484,19891100,MSFT
2017-06-22,63.67269515991211,63.97175037721918,63.17425827424714,63.92644233294448,22965700,MSFT
2017-06-23,64.5335922241211,64.56984279011493,63.36453739865156,63.51859711855901,27617300,MSFT
2017-06-26,63.91733932495117,64.9867067035822,63.83578074609797,64.70577349097084,19607000,MSFT
2017-06-27,62.72114562988281,63.600203405199764,62.69395941647597,63.53676660255282,25215100,MSFT
2017-06-28,63.25581359863281,63.29205726256128,62.34050551739618,62.72112621546222,25806200,MSFT
2017-06-29,62.06861877441406,62.97486232398858,61.706119971766334,62.87517498040822,28918700,MSFT
2017-06-30,62.46737289428711,62.875179756940284,62.29518439427839,62.33143496870602,24161100,MSFT
2017-07-03,61.77863311767578,63.07456192190837,61.6426951760112,62.829879158184866,16165500,MSFT
2017-07-05,62.60328674316406,62.92953487345032,61.82391697793438,61.86016753842035,21176300,MSFT
2017-07-06,62.14112854003906,62.33143888216512,61.73332165178187,61.86925267180724,21117600,MSFT
2017-07-07,62.947689056396484,63.292059186913605,62.25894188127124,62.25894188127124,16878300,MSFT
2017-07-10,63.4189338684082,63.663616612477036,62.71205801135191,62.947683297037344,15014500,MSFT
2017-07-11,63.428001403808594,64.05331183612684,63.2105048285163,63.43706577772245,17460000,MSFT
2017-07-12,64.479248046875,64.59705725233933,63.93550314721355,64.06237672666484,17750900,MSFT
2017-07-13,65.04109954833984,65.28578919004272,64.62422832575743,64.79641682072686,20269800,MSFT
2017-07-14,65.9564208984375,66.40047841264717,65.21330127882297,65.46704842979993,25868100,MSFT
2017-07-17,66.47296905517578,66.56359203559973,65.90203805582378,65.97453920579902,21803900,MSFT
2017-07-18,66.42767333984375,66.50923196312183,65.8476778606724,66.23735605734524,26435300,MSFT
2017-07-19,66.93516540527344,67.09828956043695,66.56360214080993,66.60891709494639,22416200,MSFT
2017-07-20,67.26139831542969,67.33389945981168,66.4095271541656,67.2251477432387,42361000,MSFT
2017-07-21,66.87171173095703,67.32483350153073,66.30983824637342,66.56358533164037,46717100,MSFT
2017-07-24,66.69953918457031,66.83547713104491,66.27360351219245,66.63610239809432,21394800,MSFT
2017-07-25,67.23420715332031,67.34295194777889,66.60889692882688,66.88077274315162,22018700,MSFT
2017-07-26,67.10735321044922,67.40640839661484,66.88984972984908,67.37015781651482,16252200,MSFT
2017-07-27,66.30078125,67.44264314163898,65.53953307481778,66.8445259956504,36844200,MSFT
2017-07-28,66.19205474853516,66.43673755734893,65.73893280221229,65.85674201918305,18306700,MSFT
2017-07-31,65.88390350341797,66.55452871043593,65.62109895758263,66.42765516620867,23600100,MSFT
2017-08-01,65.77517700195312,66.53641847910762,65.6936114642057,66.24642073817856,22132300,MSFT
2017-08-02,65.48516845703125,65.75703740512179,64.74204893637247,65.74797994671539,26499200,MSFT
2017-08-03,65.38548278808594,65.6482942845478,65.11360691889351,65.42173336491763,18214400,MSFT
2017-08-04,65.86578369140625,66.19203193343469,65.46703430357375,65.61203659518186,22579000,MSFT
2017-08-07,65.61206817626953,66.0651901845116,65.4851945670892,65.9745671656818,18705700,MSFT
2017-08-08,65.9654769897461,66.27359651607705,65.0229827515313,65.33110227786226,22044600,MSFT
2017-08-09,65.67547607421875,65.71172664861383,65.29485541420551,65.47610137209084,22213400,MSFT
2017-08-10,64.71488952636719,65.42175876378865,64.66051018296251,65.15894716529469,24734500,MSFT
2017-08-11,65.70265197753906,65.8838979070139,64.59703383111106,64.89609583742467,21443700,MSFT
2017-08-14,66.6904525756836,66.8082686499229,66.11045731725417,66.21014465049255,20096600,MSFT
2017-08-15,66.70869445800781,67.04578665702347,66.54470121626878,67.04578665702347,19181400,MSFT
2017-08-16,67.10047912597656,67.5104588979616,66.6631613450529,66.81804197438679,18150400,MSFT
2017-08-17,65.96163177490234,67.30090908408883,65.96163177490234,67.03669729954126,22977500,MSFT
2017-08-18,66.04360961914062,66.36248343998952,65.5334115057824,65.84317266005618,18761500,MSFT
2017-08-21,65.73384857177734,66.034504010893,65.32386198636655,66.02539134430307,17734800,MSFT
2017-08-22,66.6540298461914,66.7269103223817,65.91605681074577,65.91605681074577,14343700,MSFT
2017-08-23,66.25313568115234,66.64489679341203,66.08002983243222,66.4717909446919,13766500,MSFT
2017-08-24,66.225830078125,66.38071065966356,65.66096290019073,66.27137951043908,17098300,MSFT
2017-08-25,66.3442611694336,66.82712820569441,66.03450003331442,66.38070488267013,12794300,MSFT
2017-08-28,66.35338592529297,66.5902596780983,66.09828683708487,66.56292862592298,14569700,MSFT
2017-08-29,66.55382537841797,66.65404387406498,65.6427532004844,65.82496485569949,11478400,MSFT
2017-08-30,67.42843627929688,67.61064788707091,66.3533711112046,66.51736433857214,16897800,MSFT
2017-08-31,68.12084197998047,68.29394786292752,67.23710808775415,67.4466507293909,27652800,MSFT
2017-09-01,67.36468505859375,68.09353869527743,67.0913606005063,68.06620763965462,21736200,MSFT
2017-09-05,67.06404113769531,67.319140302178,66.49006801760929,66.8180476927078,21556000,MSFT
2017-09-06,66.87269592285156,67.45578153163974,66.82713953585018,67.18245711148896,16535800,MSFT
2017-09-07,67.72908782958984,67.96596849125406,67.05489650892913,67.12778393573774,17471200,MSFT
2017-09-08,67.40109252929688,67.82018470892743,67.27353608678447,67.71996625826296,14703800,MSFT
2017-09-11,68.11175537109375,68.27574863490497,67.70176873610126,67.70176873610126,17910400,MSFT
2017-09-12,68.03885650634766,68.54905459656412,67.75642641368178,68.11174393378649,14394900,MSFT
2017-09-13,68.52174377441406,68.53996911211713,67.92043969787734,68.2666446540088,13380800,MSFT
2017-09-14,68.12084197998047,68.7768148512252,67.89307400807199,68.3303915725441,15733900,MSFT
2017-09-15,68.61283874511719,68.68572618252811,67.48311126896219,68.17552802250881,38578400,MSFT
2017-09-18,68.47618103027344,69.21414719251176,68.36684987808214,68.53995579798628,23307000,MSFT
2017-09-19,68.73128509521484,68.97727151685848,68.33952379339064,68.52173544268749,16093300,MSFT
2017-09-20,68.27576446533203,68.83151915760916,67.70178443344523,68.64930051616477,21587900,MSFT
2017-09-21,67.61067199707031,68.54907531850351,67.51956616069491,68.43063842630846,19186100,MSFT
2017-09-22,67.79287719726562,67.88398301560142,67.28267210291413,67.41022163876991,14111400,MSFT
2017-09-25,66.7451400756836,67.64709945549703,66.43537196537784,67.50132459160535,24149200,MSFT
2017-09-26,66.7451400756836,67.24622553072301,66.49914673059843,67.11867600028185,18019600,MSFT
2017-09-27,67.28266906738281,67.57421184346109,66.66313979935047,67.00935162470647,19565100,MSFT
2017-09-28,67.3008804321289,67.39198622744486,66.79067546669164,67.0002250517523,10883800,MSFT
2017-09-29,67.86573791503906,67.91129428640257,67.30998354885095,67.36465258467243,17079100,MSFT
2017-10-02,67.97506713867188,68.33949724663005,67.69263710669422,68.06617292792987,15304800,MSFT
2017-10-03,67.65621948242188,68.22107976413203,67.59244471026335,68.02975544765644,12190400,MSFT
2017-10-04,68.04798126220703,68.07531231462043,67.15512749477233,67.50133241022351,13317700,MSFT
2017-10-05,69.21414184570312,69.35080403765298,68.29395716756378,68.53083783688167,21195300,MSFT
2017-10-06,69.24148559570312,69.26881664892119,68.82239322752483,68.94083010844616,13959800,MSFT
2017-10-09,69.50566864013672,69.74254925502322,69.11390748706242,69.21412594140186,11386500,MSFT
2017-10-10,69.50566864013672,69.81542971651227,69.36900647958964,69.54211234634435,13944500,MSFT
2017-10-11,69.62413024902344,69.66057396820018,69.19592523735763,69.56946814572268,15388900,MSFT
2017-10-12,70.26187133789062,70.41675190128171,69.57856737488923,69.68789156037595,16876500,MSFT
2017-10-13,70.5989761352539,70.94518798700959,70.41676449290884,70.69008195642645,15335700,MSFT
2017-10-16,70.74474334716797,70.89051125506948,70.47141896232684,70.53519372533272,12380100,MSFT
2017-10-17,70.69007873535156,70.71741673629337,70.38031756729384,70.58075453529744,16824000,MSFT
2017-10-18,70.70829772949219,70.92695306092372,70.48964239806065,70.76295982461815,13300700,MSFT
2017-10-19,70.98162078857422,70.99983916963527,70.4714157568069,70.67185270311612,15092800,MSFT
2017-10-20,71.80157470703125,71.94734954847574,71.26404561879048,71.35515141922977,22866400,MSFT
2017-10-23,71.81980895996094,72.28445068520263,71.7560341966379,71.96557686858739,20627200,MSFT
2017-10-24,71.84712982177734,72.15689092801998,71.48269967548899,71.88357353149887,17517200,MSFT
2017-10-25,71.63761138916016,72.06581647598786,71.07275102009376,71.59206194539057,20410800,MSFT
2017-10-26,71.75601959228516,72.35732338824495,71.74690692768571,72.1568864726162,32120700,MSFT
2017-10-27,76.35694122314453,78.53440272218766,76.17472960559783,76.86714626394509,71066700,MSFT
2017-10-30,76.42984008789062,76.83071404759542,75.71920494181663,76.25673415966743,31756700,MSFT
2017-10-31,75.78296661376953,76.85803181457851,75.71919185401508,76.85803181457851,27086600,MSFT
2017-11-01,75.78296661376953,76.31139002369356,75.50964224286332,76.23850259799491,22307400,MSFT
2017-11-02,76.57559967041016,76.94913555295254,75.72830248448804,75.9378451390801,23992900,MSFT
2017-11-03,76.6575927734375,77.02202294103922,75.98340148147705,76.60293068112179,17633500,MSFT
2017-11-06,76.958251953125,77.16779461788532,76.60293443381173,76.7122586237988,19860900,MSFT
2017-11-07,76.77603149414062,77.35001128114772,76.46627036223568,77.23156747700848,17939700,MSFT
2017-11-08,77.0402603149414,77.0858167037208,76.37518152470805,76.657611672539,18034200,MSFT
2017-11-09,76.61205291748047,76.77604618072046,75.52788179749328,76.6302782528009,21178400,MSFT
2017-11-10,76.41161346435547,76.62115613820359,75.82852792271069,76.33872603391788,19397800,MSFT
2017-11-13,76.4662857055664,76.47539837331196,76.03808068360081,76.22029928386748,14196900,MSFT
2017-11-14,76.57559967041016,76.6211490970519,75.60075296840749,76.07450732085992,18801300,MSFT
2017-11-15,75.98042297363281,76.63053177776335,75.71488439405806,76.42908823561457,19383100,MSFT
2017-11-16,76.18186950683594,76.38331307536608,75.94380618569674,76.09030615364117,20962800,MSFT
2017-11-17,75.44935607910156,76.10862340279398,75.3028491245761,76.10862340279398,22079000,MSFT
2017-11-20,75.5683822631836,75.62331887423086,75.3120020971822,75.44935061063597,16315000,MSFT
2017-11-21,76.65804290771484,76.76791618420737,75.76070489660476,75.76070489660476,21237500,MSFT
2017-11-22,76.09947204589844,76.82283448298064,76.03537699379429,76.75873943087649,20553100,MSFT
2017-11-24,76.23680114746094,76.39245952205611,75.79728734090608,76.00788930746747,7425600,MSFT
2017-11-27,76.79537200927734,76.89609381107245,76.27345312081059,76.28260456763758,18265200,MSFT
2017-11-28,77.72018432617188,77.88500121294982,76.93272664332596,76.97851182859034,21926000,MSFT
2017-11-29,76.31004333496094,77.75676775894898,76.16354339823918,77.56448266246974,27381100,MSFT
2017-11-30,77.07003784179688,77.39051302573286,76.31004884429507,76.46571420720832,33054600,MSFT
2017-12-01,77.15247344970703,77.6560754689989,76.20019904917751,76.54814264355211,29532100,MSFT
2017-12-04,74.24072265625,77.30814127982515,73.89277203370699,77.29898284611664,39094900,MSFT
2017-12-05,74.70768737792969,75.70574693527305,74.1491487461182,74.47877546859297,26152300,MSFT
2017-12-06,75.79730987548828,76.12694358194597,74.56118696919049,74.67106719995539,26162100,MSFT
2017-12-07,75.53176879882812,75.81562430606475,75.08310342949109,75.57755397330278,23184500,MSFT
2017-12-08,77.0609130859375,77.44548343984683,76.30092382523276,76.57561394123765,24489100,MSFT
2017-12-11,78.04065704345703,78.16884716340917,77.02428753109531,77.17994596448898,22857900,MSFT
2017-12-12,78.36112213134766,78.79147761474793,77.90329833808552,78.11389337091755,23924100,MSFT
2017-12-13,78.1505355834961,78.74570802972558,77.98571870586082,78.50763765406617,22062700,MSFT
2017-12-14,77.54618835449219,78.62665267478582,77.39968140253022,78.22376554272637,19306000,MSFT
2017-12-15,79.52398681640625,79.74374026821616,77.72016005928569,78.06811059264069,53936700,MSFT
2017-12-18,79.0936279296875,80.11915563673871,78.95628639440758,79.77121210430296,22283800,MSFT
2017-12-19,78.59003448486328,79.06616815885576,78.07726708305975,79.06616815885576,23524800,MSFT
2017-12-20,78.30619812011719,79.0204092844239,77.56452562491374,78.92883891418873,23674900,MSFT
2017-12-21,78.2878646850586,78.837251811997,78.19630132820825,78.79147362649,17990700,MSFT
2017-12-22,78.29700469970703,78.40687790774886,77.75676914544081,78.19628293511222,14145800,MSFT
2017-12-26,78.19630432128906,78.31533599116699,77.85751220355503,78.11389240688388,9891200,MSFT
2017-12-27,78.48014068603516,78.72736940514505,78.03147539965953,78.42520407549318,14678000,MSFT
2017-12-28,78.48930358886719,78.68158872255636,78.3336451929049,78.65412041572017,10594300,MSFT
2017-12-29,78.32449340820312,78.79147562155148,78.2878666673683,78.4068983357041,18717400,MSFT
2018-01-02,78.69992065429688,79.0295544003833,78.28788196460778,78.8647375273401,22483800,MSFT
2018-01-03,79.066162109375,79.21266906606273,78.71821856599594,78.80062348975564,26061400,MSFT
2018-01-04,79.76205444335938,80.2656633637008,79.26760395407034,79.2859138303391,21912000,MSFT
2018-01-05,80.75096893310547,80.95241253494737,80.05507475924358,80.26567679367027,23407100,MSFT
2018-01-08,80.8333740234375,81.10807111480854,80.21073333738873,80.76012053429359,22113000,MSFT
2018-01-09,80.77842712402344,81.24540932561654,80.44879345064436,81.17215584579088,19484300,MSFT
2018-01-10,80.41215515136719,80.75094720748172,80.03674334644032,80.44878188601487,18652200,MSFT
2018-01-11,80.65025329589844,80.69603149064653,79.88110557425044,80.69603149064653,17808900,MSFT
2018-01-12,82.04202270507812,82.20683955078843,80.9890265789199,81.19047016654768,24271500,MSFT
2018-01-16,80.89745330810547,83.131635390555,80.58613651869443,82.49983639508031,36599700,MSFT
2018-01-17,82.53645324707031,82.66464331980804,81.26370396357798,81.5658692718176,25621200,MSFT
2018-01-18,82.4998550415039,83.02177394264803,82.09697481037486,82.22516492743921,24159700,MSFT
2018-01-19,82.40827941894531,82.96682498276286,82.096962605453,82.53646951695232,36875000,MSFT
2018-01-22,83.8824691772461,83.89162760840502,82.17020581400573,82.40827612328488,23601600,MSFT
2018-01-23,84.14800262451172,84.51426300417002,83.81836898140281,84.14800262451172,23412800,MSFT
2018-01-24,84.07475280761719,85.54894583512001,83.85499936459995,84.74317855349946,33277500,MSFT
2018-01-25,84.54173278808594,85.37496835518543,84.17547240202465,84.669922875332,26383200,MSFT
2018-01-26,86.12581634521484,86.12581634521484,84.77066172550174,85.26511229837129,29172200,MSFT
2018-01-29,85.99761199951172,87.39855156453403,85.81448529283227,87.11470307343008,31569900,MSFT
2018-01-30,84.91714477539062,85.75954576063309,84.33113095094811,85.42991211115469,38635100,MSFT
2018-01-31,86.99569702148438,87.35279909471421,85.62222535957326,85.84197886944436,48756300,MSFT
2018-02-01,86.30895233154297,87.96627239800233,85.68631162928595,86.79424448453909,47227900,MSFT
2018-02-02,84.03811645507812,86.04338647747564,83.7817363032499,85.74122116174871,47867800,MSFT
2018-02-05,80.57697296142578,85.37496348627676,80.57697296142578,82.92102812119992,51031500,MSFT
2018-02-06,83.62609100341797,83.76343953076176,78.05895231699519,79.56061371472502,67998600,MSFT
2018-02-07,82.05117797851562,84.02897306506873,81.67575912769047,82.8569453121726,41107600,MSFT
2018-02-08,77.83918762207031,82.298386000137,77.61027577150557,82.14272761835343,55628700,MSFT
2018-02-09,80.74180603027344,81.42854173352961,76.75874034855495,79.02039104901253,63499100,MSFT
2018-02-12,81.61163330078125,82.20680538436329,80.51285944327121,81.2545314477988,35720300,MSFT
2018-02-13,82.25260925292969,82.4082676374221,80.39384611173038,81.42852517938839,26407700,MSFT
2018-02-14,83.54054260253906,83.70613365602746,81.33267124756276,81.42466471757812,34960900,MSFT
2018-02-15,85.24243927001953,85.297633939161,83.36574331405193,83.9085096103449,27823900,MSFT
2018-02-16,84.6352767944336,86.01519978564718,84.45128986973229,85.04925088433716,30596900,MSFT
2018-02-20,85.29764556884766,85.61042476149531,83.72453411597772,84.15691113293907,30911700,MSFT
2018-02-21,84.16613006591797,85.88643718218663,84.16613006591797,85.53685909712108,26922500,MSFT
2018-02-22,84.38690185546875,85.30685060470304,84.04651829153737,84.68128517447765,24392800,MSFT
2018-02-23,86.53038024902344,86.53958170207245,84.96647012599861,86.10720465124793,26329200,MSFT
2018-02-26,87.78152465820312,87.80912200294318,86.70518610142089,86.84317984377451,30199800,MSFT
2018-02-27,86.65919494628906,88.16791077881109,86.65919494628906,88.07591728046785,25869100,MSFT
2018-02-28,86.26359558105469,88.04829849267735,86.13480331100483,87.24794051280843,31167300,MSFT
2018-03-01,85.41724395751953,86.99955700318941,84.48809371211529,86.46598501920263,37135600,MSFT
2018-03-02,85.60122680664062,85.69322027018512,83.58653696735456,84.24890113471719,32830400,MSFT
2018-03-05,86.14398193359375,86.72354699521688,84.87445545728337,84.94804600734233,23901600,MSFT
2018-03-06,85.84961700439453,86.92595535660489,85.50003900637334,86.78796164047876,22175800,MSFT
2018-03-07,86.34639739990234,86.41999499048457,85.03087029751842,85.70243602893925,26716100,MSFT
2018-03-08,86.87075805664062,87.4871220156022,86.26358853146529,86.72356289223991,25887800,MSFT
2018-03-09,88.81184387207031,88.81184387207031,87.3951221031081,87.66190805492415,36937300,MSFT
2018-03-12,89.02344512939453,89.42822486028373,88.3518864144039,88.77506203367325,26073700,MSFT
2018-03-13,86.85237121582031,89.45582103477052,86.44759149021354,89.23503528382705,35387800,MSFT
2018-03-14,86.3371810913086,87.77230578612534,86.01520046122678,87.50551983015717,32132000,MSFT
2018-03-15,86.6407699584961,87.00875084694823,85.39884060129032,86.04280189209283,27611000,MSFT
2018-03-16,87.02714538574219,87.74470424685718,86.40157999065319,87.10074296602362,49081300,MSFT
2018-03-19,85.45404815673828,86.38319846091478,84.73648917637232,86.2360032758896,33344100,MSFT
2018-03-20,85.6748275756836,86.26359423491014,85.55523676068991,85.60123700726943,23075200,MSFT
2018-03-21,85.07685089111328,86.52116993401089,84.82846083494661,85.49082495985651,24457100,MSFT
2018-03-22,82.6021957397461,84.40529437405445,82.4826049338326,83.9637159038363,38604700,MSFT
2018-03-23,80.20114135742188,83.21857247499142,80.10914787576968,82.3354224175554,44068900,MSFT
2018-03-26,86.27281951904297,86.47520943005543,83.16339430242243,83.35658275784682,56396800,MSFT
2018-03-27,82.30778503417969,87.52389081339537,81.4246354063746,87.33990393959614,56569000,MSFT
2018-03-28,82.23423767089844,83.92694742136574,81.75586729584568,82.62981600780219,52501100,MSFT
2018-03-29,83.96369934082031,84.9020507729365,81.32345154864008,82.96095881092684,45867500,MSFT
2018-04-02,81.43386840820312,83.60494823688387,80.50472513118372,83.22777286135134,48515400,MSFT
2018-04-03,82.52862548828125,82.84141180381988,80.85431855777396,82.4090346427643,37213800,MSFT
2018-04-04,84.93887329101562,85.33445155065061,80.707110269423,80.8174996320592,35560000,MSFT
2018-04-05,84.98485565185547,85.61962248045232,84.08330988523379,85.04005734476695,29771900,MSFT
2018-04-06,83.00700378417969,85.05848618369038,82.31704201401479,84.16613450462579,38026000,MSFT
2018-04-09,83.5037612915039,85.71164012733006,83.3657745669206,83.75215143306052,31533900,MSFT
2018-04-10,85.4448471069336,85.81282805258338,84.30411249220671,84.99407413330529,26812000,MSFT
2018-04-11,84.5064926147461,85.82201960609693,84.15691461696443,84.64448633077768,24872100,MSFT
2018-04-12,86.08882141113281,86.62239346792697,85.0308787519453,85.0308787519453,26758900,MSFT
2018-04-13,85.62883758544922,86.64077988059141,85.04007090396094,86.5211890610759,23346100,MSFT
2018-04-16,86.63157653808594,87.08235650209282,85.94161494026369,86.53958306210677,20288100,MSFT
2018-04-17,88.3794937133789,88.81187083487742,87.28475223712974,87.39514863580597,26771000,MSFT
2018-04-18,88.71984100341797,88.9774254761627,87.87348299756324,88.51745119807555,21043300,MSFT
2018-04-19,88.416259765625,89.29940957197672,87.70789541912416,88.71984448555393,23552500,MSFT
2018-04-20,87.3951187133789,88.41626224089046,86.5211703337055,88.23227532474374,31154400,MSFT
2018-04-23,87.71710968017578,88.58186372917395,87.0547454740199,88.07588912206826,22331800,MSFT
2018-04-24,85.6656494140625,88.74747701669577,85.0124864967432,88.53588566834979,34524800,MSFT
2018-04-25,84.92046356201172,85.83121784250085,83.05296879516607,85.83121784250085,33729300,MSFT
2018-04-26,86.71435546875,87.53310914678839,85.64721174265686,86.0611928165312,42529000,MSFT
2018-04-27,88.14950561523438,90.06300106159428,86.39240682012796,89.78701357693828,48272800,MSFT
2018-04-30,86.03363037109375,88.68308807478162,85.69325372124516,88.61869192329777,41523600,MSFT
2018-05-01,87.3951187133789,87.66190465484735,85.36203310975843,85.74840984485714,31408900,MSFT
2018-05-02,86.02439880371094,87.55150988775091,85.73001552132665,87.38591885274407,27471000,MSFT
2018-05-03,86.53958129882812,87.33073780970304,85.04926175118307,85.5184375933652,31142500,MSFT
2018-05-04,87.54234313964844,87.73553157180943,85.48165249262458,85.84963346663979,22531300,MSFT
2018-05-07,88.51744842529297,88.96822123847592,87.48710354793883,87.55149966410782,24242000,MSFT
2018-05-08,88.14029693603516,88.4622846479587,87.45033529960365,88.1770957322165,23484600,MSFT
2018-05-09,89.1798324584961,89.20742979751279,87.44112991392596,88.32427985571938,27327400,MSFT
2018-05-10,90.07218933105469,90.1089811062134,89.28103281074924,89.65820816467034,22388100,MSFT
2018-05-11,89.87899780273438,90.03539443786973,89.27183522517957,89.97099830057373,16778300,MSFT
2018-05-14,90.18258666992188,90.78975629352504,89.52022236004674,90.08139173265468,19454100,MSFT
2018-05-15,89.52941131591797,90.01698302633103,88.62785846029713,89.45581373206078,24594000,MSFT
2018-05-16,89.76039123535156,89.99137525446,89.27070624269335,89.95441696551391,17384700,MSFT
2018-05-17,88.86417388916016,90.12072754214597,88.54079766576079,89.40005851597796,17246700,MSFT
2018-05-18,89.03048706054688,89.55713037865736,88.70711082119367,88.70711082119367,17865800,MSFT
2018-05-21,90.1761703491211,90.55498756895888,89.43702562972157,89.62181004730303,19422500,MSFT
2018-05-22,90.08377838134766,90.70281393588282,89.80659470516018,90.2500871772454,15441200,MSFT
2018-05-23,91.15554809570312,91.22022334718686,88.99353374068117,89.35386829167254,21251200,MSFT
2018-05-24,90.83216094970703,91.41424523752954,89.4462567201463,91.22021949127985,26649300,MSFT
2018-05-25,90.87838745117188,91.45123057312223,90.41641923804029,90.82295352130025,18363900,MSFT
2018-05-29,90.55499267578125,91.35881269157285,89.83432353786847,90.39791815799778,28671000,MSFT
2018-05-30,91.42349243164062,91.7006761363172,90.4626048999972,90.83217377413341,22158500,MSFT
2018-05-31,91.32185363769531,92.38438171256918,91.10935225216495,91.73762917085848,34140900,MSFT
2018-06-01,93.1235122680664,93.18818750748015,91.62673337854075,91.72836690462985,28655600,MSFT
2018-06-04,93.93658447265625,94.11213459273701,93.17895712941178,93.55777432557065,27281600,MSFT
2018-06-05,94.4170150756836,94.54636554214045,93.80721397746836,94.24146499303284,23514400,MSFT
2018-06-06,94.69420623779297,94.79583976984513,94.14908733776119,94.68497195238665,21122900,MSFT
2018-06-07,93.20668029785156,94.87900959491209,92.74471220290945,94.84205130142787,28232200,MSFT
2018-06-08,93.89962768554688,94.19528696937581,92.89254067312352,93.4007013223843,22165100,MSFT
2018-06-11,93.3637466430664,93.86266593879012,93.01264641020583,93.32678835281408,23490900,MSFT
2018-06-12,93.60397338867188,93.73332389167138,93.08657137667386,93.40994763417261,18325200,MSFT
2018-06-13,93.178955078125,94.25072434691567,92.91101276092733,93.98278202971801,29492900,MSFT
2018-06-14,93.70561981201172,94.269221530713,93.31756824968205,93.91812826704445,25691800,MSFT
2018-06-15,92.51371765136719,93.80722958015357,92.45828374197173,93.78875396004607,65738600,MSFT
2018-06-18,93.18819427490234,93.41917829659324,91.85772405425942,92.40285001096787,23586000,MSFT
2018-06-19,93.18819427490234,93.31754476312342,91.93164063297802,92.07023245580714,28653100,MSFT
2018-06-20,94.12137603759766,94.72192888243599,93.42842394056272,93.6594079729077,26180800,MSFT
2018-06-21,93.44688415527344,94.66647936302128,93.20665882749933,94.31538622940687,23198200,MSFT
2018-06-22,92.77244567871094,93.10505625586957,92.05176945582303,92.77244567871094,38923100,MSFT
2018-06-25,90.90608978271484,92.49526130792646,89.89900262375771,92.39362775347169,35433300,MSFT
2018-06-26,91.5436019897461,92.46753820591452,91.23870134663277,91.30337659980161,26897200,MSFT
2018-06-27,90.12074279785156,92.41210075359811,89.99139228659527,92.00557359639582,31298400,MSFT
2018-06-28,91.12782287597656,91.57131534387281,89.86203482105812,89.97290265122696,26650700,MSFT
2018-06-29,91.10934448242188,92.31046429925279,90.85064348779945,91.40500376900086,28053200,MSFT
2018-07-02,92.40287017822266,92.44906276319877,90.54575626476569,90.63814848379239,19564500,MSFT
2018-07-03,91.51586151123047,92.97567500030348,91.4142279896462,92.83709024275409,14670300,MSFT
2018-07-05,92.17185974121094,92.31968583955448,91.49738334200224,91.93163440119616,18977400,MSFT
2018-07-06,93.46539306640625,93.71485274866468,92.08872299870986,92.29199009858847,19234600,MSFT
2018-07-09,94.1029052734375,94.47248118176289,93.54854493548648,93.91812084381188,18212000,MSFT
2018-07-10,94.35236358642578,94.71269812638765,94.11213821009338,94.24148870910155,19293100,MSFT
2018-07-11,94.2229995727539,94.55561005887233,93.4099313538105,93.45613097500411,19644600,MSFT
2018-07-12,96.26490783691406,96.46817491378073,94.91596193024918,94.95291317234015,24335900,MSFT
2018-07-13,97.41059112548828,97.56765858332078,96.17251298657227,96.43122103656377,24635200,MSFT
2018-07-16,96.93013000488281,97.77090810683644,96.5697884765343,97.38285667516554,21786900,MSFT
2018-07-17,97.89103698730469,98.39920471390741,96.38502352794147,96.6529658702344,25901700,MSFT
2018-07-18,97.1241683959961,97.98342927773305,96.75459253466573,97.88179573964037,29493900,MSFT
2018-07-19,96.45892333984375,97.29970146509545,95.98771398885904,96.94860830991279,40171600,MSFT
2018-07-20,98.18668365478516,99.96988056269902,98.01114059378645,99.85901274503097,56004000,MSFT
2018-07-23,99.75738525390625,99.91445270449626,98.05733910629182,98.2144136059551,29707000,MSFT
2018-07-24,99.47098541259766,100.54274785476687,99.10140948289035,100.31176377983412,26316600,MSFT
2018-07-25,102.39984130859375,102.6955005834059,99.41552455580319,99.748142121101,30702100,MSFT
2018-07-26,101.2818832397461,102.55691258831274,101.17100836414636,102.31668721571668,31372100,MSFT
2018-07-27,99.48945617675781,101.79929681324543,98.06659349879253,101.79929681324543,37005300,MSFT
2018-07-30,97.35514831542969,99.35084660378827,96.79154673675168,99.03671171682569,34668300,MSFT
2018-07-31,98.01114654541016,98.60246510578976,97.36438702375708,98.38995669390025,27655200,MSFT
2018-08-01,98.19593811035156,98.35300557241743,97.40135241521702,97.9649540605816,23628700,MSFT
2018-08-02,99.38783264160156,99.86827644081974,96.86548331075015,97.38289245884079,26104300,MSFT
2018-08-03,99.82205963134766,99.83130096632338,98.6948564327975,99.60031693544255,18659600,MSFT
2018-08-06,99.90522003173828,100.17316237901555,99.37857667304128,99.89598574495463,20265900,MSFT
2018-08-07,100.59815979003906,100.80142685940521,99.94216600649477,100.30250052070821,16080200,MSFT
2018-08-08,101.16177368164062,101.40199907003469,100.4873041956721,101.01394755352618,15487500,MSFT
2018-08-09,101.32808685302734,101.78082069089339,101.26341159748566,101.36504514891891,13677200,MSFT
2018-08-10,100.70904541015625,101.34656364139204,100.13620243070716,101.0970969208764,18183700,MSFT
2018-08-13,99.97913360595703,101.2449287154656,99.87750006181025,100.93078674744636,18472500,MSFT
2018-08-14,101.22647094726562,101.4020211210837,99.82209070394721,100.30253453613958,16788300,MSFT
2018-08-15,99.85377502441406,101.08733379534961,99.07467819814832,100.62358787472989,29982800,MSFT
2018-08-16,99.83521270751953,100.9667537894869,99.51986890497811,100.447360667089,21384300,MSFT
2018-08-17,99.77955627441406,100.07635332790036,98.95408924827402,99.57550697335473,18061500,MSFT
2018-08-20,99.12105560302734,100.07637106714154,98.75933435110451,99.7146498152187,17914200,MSFT
2018-08-21,98.29558563232422,99.5662448896544,98.17500716764842,99.16742312629798,22881900,MSFT
2018-08-22,99.29725646972656,99.5569530065571,98.1100682578156,98.17499239202323,18000600,MSFT
2018-08-23,99.76100158691406,100.3360489687436,99.12103714754555,99.38073368250087,18167700,MSFT
2018-08-24,100.54010772705078,100.68850272832954,99.76101097268554,99.86303563190242,17234000,MSFT
2018-08-27,101.65309143066406,101.69019194872996,100.64212884911944,101.34701746377063,19662300,MSFT
2018-08-28,102.26522064208984,102.48781663353283,101.82929847987302,101.96842362809952,19151500,MSFT
2018-08-29,103.89762115478516,103.9068980534814,102.27451061676027,102.44145941229084,20818000,MSFT
2018-08-30,103.83271026611328,104.44485828657335,103.35969451525008,103.57301367908221,22798700,MSFT
2018-08-31,104.18514251708984,104.6025109442299,103.43386944155775,103.59154840568176,23222700,MSFT
2018-09-04,103.61011505126953,103.84198801676146,102.22815415827401,102.8124714838812,22634600,MSFT
2018-09-05,100.62359619140625,103.34114779389516,100.26187490952222,102.96087978718194,32872400,MSFT
2018-09-06,100.85543823242188,101.08731114076691,99.71462748603606,100.40096931340149,23477600,MSFT
2018-09-07,100.36388397216797,100.83690675804041,99.45494599671183,100.38243777031235,22498600,MSFT
2018-09-10,101.44906616210938,101.69021604858837,100.50302749392556,100.94821966382314,20727900,MSFT
2018-09-11,103.17416381835938,103.49878446379816,100.99455996904257,101.00383686639779,24301800,MSFT
2018-09-12,103.61011505126953,103.7399633458489,102.49712764738881,103.3504184621108,18891100,MSFT
2018-09-13,104.7231216430664,105.48366477479222,103.99040213822533,103.99040213822533,26055600,MSFT
2018-09-14,105.14974975585938,105.48364737580597,104.28718208369749,105.14047285636059,19122300,MSFT
2018-09-17,104.00892639160156,105.45581128660749,103.74922982851851,105.44654146378353,20736500,MSFT
2018-09-18,105.00135803222656,105.4558270857092,103.61939707094982,104.05531939980531,22170900,MSFT
2018-09-19,103.60082244873047,105.1033615848136,102.98868159223751,104.85294193356654,21728400,MSFT
2018-09-20,105.33524322509766,105.54856945218484,103.81415724233963,104.13877795642809,23714500,MSFT
2018-09-21,105.9752197265625,106.93053519053329,105.2796008458613,105.73406986658308,71229700,MSFT
2018-09-24,106.3554916381836,106.56881788302285,104.08313937426847,104.83440552884748,27334500,MSFT
2018-09-25,106.15141296386719,106.75428393145593,105.50217166104822,106.47604069147616,22668000,MSFT
2018-09-26,105.71549224853516,106.71717776609503,105.4928891769004,106.16996113644096,19352000,MSFT
2018-09-27,106.11432647705078,106.57807231692699,105.91954699724681,106.45749386979121,19091300,MSFT
2018-09-28,106.0772476196289,106.26274316297399,105.43727596554598,105.91029880013777,21647800,MSFT
2018-10-01,107.22733306884766,107.29225721513264,106.41114279037903,106.4296895138028,18883100,MSFT
2018-10-02,106.80067443847656,107.4406389222403,106.14215615738615,106.93979961362533,20787200,MSFT
2018-10-03,106.81922912597656,107.7559978272269,106.59663307485798,107.05110207645035,16648000,MSFT
2018-10-04,104.61177825927734,106.43893784078179,103.53588460828412,106.29981268574655,34821700,MSFT
2018-10-05,103.9996337890625,104.96422593215057,102.61767324349766,104.4633796034587,29068900,MSFT
2018-10-08,102.81244659423828,103.90688700945752,101.41193224037814,103.56371963237497,29640600,MSFT
2018-10-09,104.1202392578125,104.88078230780124,102.76610197740335,103.08144581647609,26198600,MSFT
2018-10-10,98.46253967285156,103.41534282973487,98.11936513575986,103.1741929637731,61376300,MSFT
2018-10-11,98.23065185546875,101.03167374756669,96.64463478085602,97.7112516783709,63904300,MSFT
2018-10-12,101.62527465820312,103.17418424176115,99.35292261411863,101.10588152268684,47742100,MSFT
2018-10-15,99.79811096191406,101.54179998203043,99.19523990870789,101.01312996716973,32068100,MSFT
2018-10-16,102.95159912109375,103.33187419009974,101.05023792846681,101.59746181963615,31610200,MSFT
2018-10-17,102.68260955810547,103.7028490555921,101.60672282067242,103.58227767697473,26548200,MSFT
2018-10-18,100.63286590576172,102.51567323245152,100.0114480634338,102.11685145318708,32506200,MSFT
2018-10-19,100.78124237060547,102.82172109491002,100.36386689777082,101.03166199334669,32785500,MSFT
2018-10-22,101.68092346191406,102.52494439628585,100.39171042632272,101.39340326836806,26545600,MSFT
2018-10-23,100.26184844970703,101.06876875275883,97.48865032839554,99.9557744992874,43770400,MSFT
2018-10-24,94.90095520019531,100.62357757668839,94.22388311185507,100.54938361489532,63897800,MSFT
2018-10-25,100.44735717773438,101.3470182117209,98.45324854322749,98.82424665042417,61646800,MSFT
2018-10-26,99.20452880859375,100.86474009236161,97.1640495406541,98.02661725621614,55523100,MSFT
2018-10-29,96.32002258300781,100.81835642430593,94.26098964266824,100.271139655654,55162000,MSFT
2018-10-30,96.20872497558594,96.81158896863424,92.85120220121213,96.14380083435609,65350900,MSFT
2018-10-31,99.06539154052734,100.29895726615871,97.74835495398283,97.79473237195712,51062400,MSFT
2018-11-01,98.23991394042969,99.53840366660434,97.87819276276528,99.28798403445195,33384200,MSFT
2018-11-02,98.46253967285156,99.53842655540168,97.36809899034982,98.75933678626554,37680200,MSFT
2018-11-05,99.71465301513672,99.92797218275669,98.22139053699132,98.65731284847745,27922100,MSFT
2018-11-06,99.90940856933594,100.94819476030045,98.57381823672418,99.59405770693584,24340200,MSFT
2018-11-07,103.84197998046875,104.10167654952967,101.46760326196797,101.50470378271963,37901700,MSFT
2018-11-08,103.64720153808594,104.0738468876669,102.8681118761208,103.69357895538403,25644100,MSFT
2018-11-09,101.62527465820312,103.36895666757977,100.87400857630267,102.81246301149793,32039200,MSFT
2018-11-12,99.12105560302734,101.98700199536991,98.40688292272758,101.48615555204573,33621800,MSFT
2018-11-13,99.18595123291016,100.85543182114753,98.90770093010435,99.75172165940258,35374600,MSFT
2018-11-14,97.7793960571289,100.84402689266916,97.31364681963227,100.69498372542094,39495100,MSFT
2018-11-15,99.93119049072266,100.41557384827833,96.79204407162837,97.79805737814422,38505200,MSFT
2018-11-16,100.87198638916016,101.42156716358255,99.48405543557858,99.74487391203466,33502100,MSFT
2018-11-19,97.45338439941406,101.12348398712622,96.4566811989798,100.8533485450012,44773900,MSFT
2018-11-20,94.74270629882812,95.91639633327237,92.54436939287757,94.82654485467302,64052500,MSFT
2018-11-21,96.04683685302734,97.27641492095822,95.23643038063847,96.50326925144864,28130600,MSFT
2018-11-23,96.00955963134766,96.69886659980608,95.01285642178213,95.17120947686023,13823100,MSFT
2018-11-26,99.1766586303711,99.32569471318169,97.41612681737507,97.61174067362236,32336200,MSFT
2018-11-27,99.80076599121094,99.97775301100344,98.14269951137845,98.99035959753932,29124500,MSFT
2018-11-28,103.50813293457031,103.70374679899133,100.4714453342876,100.49938915680907,46788500,MSFT
2018-11-29,102.64183044433594,103.5081244049681,101.56128868407642,102.7722396765369,28123200,MSFT
2018-11-30,103.29387664794922,103.36839823974341,101.86868496204362,103.11688964413057,33665600,MSFT
2018-12-03,104.41168212890625,105.65057706112067,103.14485048054775,105.25934932677006,34732800,MSFT
2018-12-04,101.08619689941406,104.92397262508929,100.79743468769547,104.2719266287027,45197000,MSFT
2018-12-06,101.71035766601562,101.75692834260263,97.80737536536408,98.57120410775605,49107400,MSFT
2018-12-07,97.63967895507812,101.95251473739826,97.15530282996325,100.95581156063011,45044900,MSFT
2018-12-10,100.21994018554688,100.58323121120763,96.773397891085,97.6210651063418,40801500,MSFT
2018-12-11,101.15142822265625,103.34976545807343,100.08021053226442,102.27854776768162,42381900,MSFT
2018-12-12,101.60784912109375,103.64782582350992,101.5705883315688,103.2938589831763,36183000,MSFT
2018-12-13,101.95252227783203,103.27525573444744,101.18869368500059,102.07362164814482,31333400,MSFT
2018-12-14,98.76678466796875,101.77552794537948,98.27309160080141,100.83471247191235,47043100,MSFT
2018-12-17,95.84188842773438,98.55255270961447,94.74271981791584,98.18926883157675,56957300,MSFT
2018-12-18,96.84790802001953,97.35091810354068,95.49723082164701,96.64297719635128,49319200,MSFT
2018-12-19,96.58707427978516,99.55854943269603,94.40736426260312,96.54981348985045,68198200,MSFT
2018-12-20,94.5564193725586,97.1646110366954,92.01342521558604,95.9909279858803,70334200,MSFT
2018-12-21,91.5011215209961,95.94436724609314,90.78386353363636,94.66821145341136,111242100,MSFT
2018-12-24,87.68196105957031,91.25891939540907,87.54224195434917,90.98878394736427,43935200,MSFT
2018-12-26,93.67149353027344,93.79259289219596,87.52360441553654,88.62277300777511,51634800,MSFT
2018-12-27,94.2490234375,94.25834041288216,89.79646151199734,92.4978087244599,49498500,MSFT
2018-12-28,93.51314544677734,95.3947766299849,92.70273909280928,95.09669025050847,38196300,MSFT
2018-12-31,94.61229705810547,95.38544247539859,93.55970637053582,94.35147862980638,33173800,MSFT
2019-01-02,94.19315338134766,94.77999501810811,92.16248588194682,92.73070067123591,35329300,MSFT
2019-01-03,90.72795104980469,93.32683259525948,90.5416470945143,93.2429940386865,42579100,MSFT
2019-01-04,94.94764709472656,95.48791795712623,92.15315145623576,92.88903616051739,44060600,MSFT
2019-01-07,95.06874084472656,96.19585325052537,94.06272780016921,94.67751315480037,35656100,MSFT
2019-01-08,95.758056640625,96.84790827102704,94.7427194953017,95.98161430940154,31514400,MSFT
2019-01-09,97.1273422241211,97.69555685868518,96.16789993824808,96.74543154739648,32280800,MSFT
2019-01-10,96.50325012207031,96.64297632847756,95.3668207332209,96.14928322503938,30067600,MSFT
2019-01-11,95.758056640625,96.35421516187587,94.67751487912646,96.12134051742568,28314200,MSFT
2019-01-14,95.05944061279297,95.82326922584178,94.32355582231888,94.91971439314864,28437100,MSFT
2019-01-15,97.81666564941406,97.85392644457843,94.90107061203932,95.48791925241571,31587600,MSFT
2019-01-16,98.16130828857422,98.98103150786294,97.77008062851523,98.04953301813993,29853900,MSFT
2019-01-17,98.85064697265625,99.32570620417194,97.58380814173859,97.80736584520311,28393000,MSFT
2019-01-18,100.33173370361328,100.50872074767831,98.65504014758938,100.09885900637897,37427600,MSFT
2019-01-22,98.4407730102539,99.76349932573893,97.67694443726407,99.43747623484761,32371300,MSFT
2019-01-23,99.40020751953125,99.70760374078597,98.12405197196367,98.85062679677567,25874300,MSFT
2019-01-24,98.92512512207031,99.67032666884388,98.12403594665774,99.53991746417381,23164800,MSFT
2019-01-25,99.82869720458984,100.49006031768445,98.92514248028162,99.89390181836622,31225600,MSFT
2019-01-28,97.88187408447266,99.18597353904319,97.49064638013259,98.98104271102594,29476700,MSFT
2019-01-29,95.8884506225586,97.77939129766942,95.17119285193579,97.69555274348083,31490500,MSFT
2019-01-30,99.0927963256836,99.0927963256836,97.18322888724016,97.45336427357746,49471900,MSFT
2019-01-31,97.27639770507812,98.01228244147227,96.11202447156276,96.68955615382367,55636400,MSFT
2019-02-01,95.73941040039062,96.96898808099108,95.33886577907846,96.6709088586264,35535700,MSFT
2019-02-04,98.49666595458984,98.55256070658746,95.73011380752806,95.82326935860051,31315100,MSFT
2019-02-05,99.87527465820312,99.92184532117027,98.70158450717521,98.79473293987935,27325400,MSFT
2019-02-06,98.76678466796875,99.6703393486801,98.30103541867585,99.6703393486801,20609800,MSFT
2019-02-07,98.05885314941406,98.35693241305287,97.14598851373218,97.98433866358202,29760700,MSFT
2019-02-08,98.43144989013672,98.53391529898809,97.11804063259544,97.23913288543345,21461100,MSFT
2019-02-11,98.04022979736328,99.27912466812353,97.77941132073386,98.92515064403747,18914100,MSFT
2019-02-12,99.56787872314453,99.80075335896568,98.25446947263366,98.86925481568112,25056600,MSFT
2019-02-13,99.49335479736328,100.39690950021166,99.40020636657648,100.13609105130074,18394900,MSFT
2019-02-14,99.57720184326172,99.94048572901892,98.42214556820731,99.02761397328908,21784700,MSFT
2019-02-15,100.80679321289062,100.88131481655735,100.00570374040146,100.51803088214614,26606900,MSFT
2019-02-19,100.76020050048828,101.2166399252208,100.39691661991846,100.40623359568878,18038500,MSFT
2019-02-20,100.23634338378906,100.97537093315574,99.43183274205428,100.90053107412884,21607700,MSFT
2019-02-21,102.35051727294922,102.41600036164678,99.97440541044664,100.00246857172826,29063200,MSFT
2019-02-22,103.80985260009766,104.02500824857779,102.73405294633407,102.94921573193517,27763200,MSFT
2019-02-25,104.38983917236328,104.9417741242156,104.08113729253878,104.54887563198757,23750600,MSFT
2019-02-26,105.11014556884766,105.93336236223051,103.99692619216522,104.08112279283918,21536700,MSFT
2019-02-27,104.93242645263672,105.11016932090934,103.7256605758242,104.48340160464026,21487100,MSFT
2019-02-28,104.80146789550781,105.59662177185771,104.52082912938997,104.8108246621816,29083900,MSFT
2019-03-01,105.26921081542969,105.72759248236129,104.46470013796976,105.60598305888371,23501200,MSFT
2019-03-04,105.01661682128906,105.94273676013616,103.65082168948928,105.72757397781771,26608000,MSFT
2019-03-05,104.49274444580078,105.13822565212749,104.05307639235822,105.00725948520915,19538300,MSFT
2019-03-06,104.53951263427734,105.39079978713929,104.24016040036199,104.6517723984157,17687000,MSFT
2019-03-07,103.26729583740234,104.35245248211515,102.7808509830596,104.21212951776471,25339000,MSFT
2019-03-08,103.37956237792969,103.56665491784938,101.77989760911065,102.11666989066444,22818400,MSFT
2019-03-11,105.54984283447266,105.66209547609726,103.81921228392213,103.82856191264341,26491600,MSFT
2019-03-12,106.28887939453125,106.63500125192128,105.38146573260926,105.54049507990315,26132700,MSFT
2019-03-13,107.1120834350586,107.57982179067021,106.43853906103854,106.76595448254248,35513800,MSFT
2019-03-14,107.19628143310547,107.76692284327532,106.95306260758369,107.14951187609965,30763400,MSFT
2019-03-15,108.43111419677734,109.6846496238026,107.19627802741456,107.89788559430455,54681100,MSFT
2019-03-18,109.9840087890625,110.021428718095,108.56208717143643,108.6743398214122,31207600,MSFT
2019-03-19,110.05884552001953,110.79787303888932,109.44142741420875,110.47045045343856,37588700,MSFT
2019-03-20,109.93721771240234,111.08785718398858,109.17948387569967,109.81560831179597,28113300,MSFT
2019-03-21,112.46302795410156,113.02431263620386,109.53498084831268,109.58175754562201,29854400,MSFT
2019-03-22,109.4975357055664,111.87363991991012,109.48817894144446,111.78945045417221,33624500,MSFT
2019-03-25,110.06819915771484,110.39561459673766,108.81465658630007,109.0391690106127,27067100,MSFT
2019-03-26,110.30206298828125,111.05044007866555,109.31045281626866,110.9662506000597,26097700,MSFT
2019-03-27,109.235595703125,110.58268424489988,108.06624999314536,110.2739752645565,22733400,MSFT
2019-03-28,109.38529968261719,109.99336101432725,108.63691540710921,109.86239483668156,18334800,MSFT
2019-03-29,110.33012390136719,110.6856024767777,109.41335359819583,110.45173330258429,25399800,MSFT
2019-04-01,111.3404541015625,111.42465073129794,110.47981709272298,111.27497100604475,22789100,MSFT
2019-04-02,111.4994888305664,111.77077797545581,110.87271391238372,111.377872271441,18142300,MSFT
2019-04-03,112.22914123535156,112.65945966240936,111.46205062414057,112.12623822702027,22860700,MSFT
2019-04-04,111.65849304199219,112.47236029340806,110.74172278854256,112.35074376166614,20112800,MSFT
2019-04-05,112.1543197631836,112.47238560572077,111.66787493810098,111.68658133489869,15826200,MSFT
2019-04-08,112.19171142578125,112.27590089584136,110.98494572841143,112.0794516619142,15116200,MSFT
2019-04-09,111.58364868164062,111.82687459816077,110.92881791076343,110.9755874589003,17612000,MSFT
2019-04-10,112.4349594116211,112.58463198903105,111.82689806129942,112.03270410021952,16477200,MSFT
2019-04-11,112.56591796875,113.05236273378559,112.18236907908332,112.76236722792521,14209100,MSFT
2019-04-12,113.14591217041016,113.17398246861612,112.60334106949091,112.85591665637389,19745100,MSFT
2019-04-15,113.23944854736328,113.7352500177085,112.7904166260935,113.13654554742897,15792600,MSFT
2019-04-16,112.97750854492188,113.8007325403763,112.35074092083379,113.7913757757588,14071800,MSFT
2019-04-17,113.91301727294922,113.98785713674188,112.76238469990653,113.41721566528675,19300900,MSFT
2019-04-18,115.40977478027344,115.55009058984051,113.47333809991099,114.3059118765761,27991000,MSFT
2019-04-22,115.77461242675781,115.99912486358359,114.66139273491385,114.70816943043332,15648700,MSFT
2019-04-23,117.3462142944336,117.47718047793992,115.84009604698912,116.09267164743082,24025500,MSFT
2019-04-24,116.9439468383789,117.72974385784991,116.4855581065665,117.67361753849369,31257000,MSFT
2019-04-25,120.81681060791016,122.89357003266086,120.51746548524574,121.66809783434003,38033900,MSFT
2019-04-26,121.50907135009766,122.0984262551426,120.69521116636285,121.33132848830684,23654900,MSFT
2019-04-29,121.39683532714844,121.78036998882123,121.0039367614205,121.51843761166928,16324200,MSFT
2019-04-30,122.17327880859375,122.2668179263592,121.04134557195674,121.43424412475606,24166500,MSFT
2019-05-01,119.62876892089844,122.22003647987704,119.46038281379764,122.10778383322416,26821700,MSFT
2019-05-02,118.06651306152344,119.74101720546055,117.4210318567716,119.72231081185535,27350200,MSFT
2019-05-03,120.58294677734375,121.07874831048684,119.03941585706693,119.14231887003487,24911100,MSFT
2019-05-06,119.8813247680664,120.26487361328238,117.97295871806793,118.23489103327869,24239800,MSFT
2019-05-07,117.42103576660156,118.97393056101042,116.20492030238745,118.30038617486301,36017700,MSFT
2019-05-08,117.41171264648438,118.21622338522853,116.70074817424295,117.34622954622021,28419000,MSFT
2019-05-09,117.40233612060547,117.67362524379291,115.59686564617424,116.27041007103666,27235800,MSFT
2019-05-10,118.92716979980469,119.675554137351,115.83074369902276,116.85041718050155,30915100,MSFT
2019-05-13,115.39106750488281,117.44912084796728,115.1010719665566,116.10203190610268,33944900,MSFT
2019-05-14,116.68199920654297,117.75779158452546,115.71845231544138,115.87748876130944,25266300,MSFT
2019-05-15,118.32513427734375,118.97300472414544,116.14679526190167,116.67260617151788,24722700,MSFT
2019-05-16,121.05745697021484,121.47999118632816,118.73828253538441,119.01057583676587,30112200,MSFT
2019-05-17,120.24999237060547,122.49405727210429,120.10914284499026,120.47532868826144,25770500,MSFT
2019-05-20,118.512939453125,119.7992819250318,118.08102816236786,118.79461699220683,23706900,MSFT
2019-05-21,119.15142059326172,119.7429498825604,118.85096024835038,119.64905736793929,15293300,MSFT
2019-05-22,119.8744125366211,120.40961496563558,118.7946306042322,118.88853029155848,15396500,MSFT
2019-05-23,118.47538757324219,118.5786714923512,117.12331238748058,118.49416321147112,23603800,MSFT
2019-05-24,118.53173065185547,119.63967964353034,118.2782201170455,119.1608256151626,14123400,MSFT
2019-05-28,118.45663452148438,120.18428010955945,118.35335058268191,119.22656477939458,23128400,MSFT
2019-05-29,117.31111145019531,117.73363138869334,116.46606440965887,117.7242399872595,22763100,MSFT
2019-05-30,118.05284881591797,118.08101585053534,117.16085212631482,117.61154617080909,16829600,MSFT
2019-05-31,116.12806701660156,117.01067266215496,115.79004813802969,116.64448673762573,26646800,MSFT
2019-06-03,112.52250671386719,116.77590868409635,111.74319236988596,116.28765613046434,37983600,MSFT
2019-06-04,115.63977813720703,115.7524462787831,113.28303827420794,113.8745675080993,29382600,MSFT
2019-06-05,118.1467514038086,118.18430984101722,116.62566693278637,117.32048011229752,24926100,MSFT
2019-06-06,120.01524353027344,120.15608588437492,117.9307967474827,118.71950963232716,21459000,MSFT
2019-06-07,123.37667083740234,124.17477531315937,120.42840075276679,121.30162212376659,33885600,MSFT
2019-06-10,124.5033950805664,125.8930216590109,123.94002559702024,124.31559570133028,26477100,MSFT
2019-06-11,124.03394317626953,126.0432736110078,123.26400572617908,125.70525473754327,23913700,MSFT
2019-06-12,123.46116638183594,123.91185335350355,122.72879468022089,123.37665093389535,17092500,MSFT
2019-06-13,124.2405014038086,124.87897348900864,123.52689810025316,123.9212510341265,17200800,MSFT
2019-06-14,124.36256408691406,125.6207398837189,123.60202519969745,124.18416324629125,17821700,MSFT
2019-06-17,124.73812103271484,125.56437806836328,124.43765350914808,124.5315531920327,14517800,MSFT
2019-06-18,126.90708923339844,126.98220612624696,125.41417859662528,125.99631660734836,25934500,MSFT
2019-06-19,127.40474700927734,127.63008339770026,125.63953555551262,126.75687623839201,23744400,MSFT
2019-06-20,128.58773803710938,129.25439126355556,127.4328466758534,129.0572077008645,33042600,MSFT
2019-06-21,128.60655212402344,129.320141028793,128.12769810824025,128.2403662702879,36727900,MSFT
2019-06-24,129.3670654296875,129.94920325522023,128.63469386625025,128.63469386625025,20628800,MSFT
2019-06-25,125.28270721435547,129.18869949059797,124.6254523426516,128.86946345678206,33327400,MSFT
2019-06-26,125.75215911865234,127.45165163165001,125.44232169453613,126.14652631259585,23657700,MSFT
2019-06-27,125.95870208740234,126.48452013316594,125.35778150503504,125.94931785209609,16557500,MSFT
2019-06-28,125.78032684326172,126.3812474790856,125.02917246671235,126.35308044358433,30043000,MSFT
2019-07-01,127.39530181884766,128.35302410040163,126.72866281095341,128.28730578685744,22613500,MSFT
2019-07-02,128.2404022216797,128.24978646212094,127.07611168815667,127.8084836009436,15237800,MSFT
2019-07-03,129.06663513183594,129.32953705617595,127.96806326510324,128.44693159857144,13629300,MSFT
2019-07-05,128.6910400390625,128.94455770473394,127.43286460171099,127.6394324289871,18141100,MSFT
2019-07-08,128.59719848632812,128.72864948235647,127.10427334854717,128.07138017513077,16779700,MSFT
2019-07-09,128.12767028808594,128.60652419989634,127.50796687721775,127.69575188221728,19953100,MSFT
2019-07-10,129.432861328125,130.1182833926096,128.6535395497834,128.75682350419217,24204400,MSFT
2019-07-11,129.94918823242188,130.71912530486543,129.45155156933563,129.76140324528905,22327900,MSFT
2019-07-12,130.41873168945312,130.63469815762957,129.58307584566066,130.3717961614084,18936800,MSFT
2019-07-15,130.41873168945312,131.019652584685,130.0056102147372,130.9257672015113,16651500,MSFT
2019-07-16,128.70982360839844,130.55953550100205,128.18401980022102,130.47503438763337,22726100,MSFT
2019-07-17,127.94930267333984,129.50793151308068,127.90235282815485,129.29197941772716,20211000,MSFT
2019-07-18,128.09014892578125,128.2779339956309,126.44700449220257,127.27327599203996,30381800,MSFT
2019-07-19,128.2779083251953,132.08061611876917,128.1182903314111,131.65809621438976,48992400,MSFT
2019-07-22,129.97738647460938,130.69098965497278,128.94456163383649,129.0196785121421,25074900,MSFT
2019-07-23,130.78488159179688,131.4421507282906,129.60182293485272,131.2261843196345,18034600,MSFT
2019-07-24,132.1275634765625,132.14634627756064,130.3717512508396,130.41868676271594,20738300,MSFT
2019-07-25,131.6299285888672,132.02428145300124,130.81305582223808,131.85526489575548,18356900,MSFT
2019-07-26,132.709716796875,133.02895281557116,131.73322593760406,131.79894425812105,19037600,MSFT
2019-07-29,132.41864013671875,132.8693270973818,130.85999708587045,132.85994285987556,16605900,MSFT
2019-07-30,131.78021240234375,132.59708547926695,131.26379262442705,131.58302873183555,16846500,MSFT
2019-07-31,127.94930267333984,131.91162891198903,126.83196226251054,131.76139513822952,38598800,MSFT
2019-08-01,129.6300048828125,132.33415564062386,128.56899850104418,128.63473115308523,40557500,MSFT
2019-08-02,128.54083251953125,129.87413943207872,127.00097206463354,129.6581729968018,30791600,MSFT
2019-08-05,124.13717651367188,125.75213899845002,122.79448580665229,125.16061695633688,42749600,MSFT
2019-08-06,126.46576690673828,127.39530786709933,125.07614042140693,125.63011130262333,32696700,MSFT
2019-08-07,127.01973724365234,127.36714028172646,123.78039876190046,125.62071219973534,33414500,MSFT
2019-08-08,130.40928649902344,130.50318616539488,127.63001970311251,128.25912167906165,27496500,MSFT
2019-08-09,129.30142211914062,130.86945005940245,128.12774722429617,130.14646231259417,23466700,MSFT
2019-08-12,127.49858093261719,129.4421924607648,126.9821756995304,128.70043660312965,20484300,MSFT
2019-08-13,130.1370086669922,130.32479368460125,126.75682104171507,127.74271029301076,25154600,MSFT
2019-08-14,126.21807098388672,128.98774891100686,125.926032656501,128.46019394865914,32527300,MSFT
2019-08-15,125.93538665771484,126.78325475447438,124.58823906339246,126.60425989933222,28074400,MSFT
2019-08-16,128.24342346191406,128.55430690454367,126.9151072183467,127.06584119806715,24449100,MSFT
2019-08-19,130.39141845703125,130.52330718267527,128.95947345375845,129.8638635544552,24355700,MSFT
2019-08-20,129.3080291748047,130.67403695765714,129.28919819661368,130.20300375661628,21170800,MSFT
2019-08-21,130.7493896484375,131.40884762987207,130.00516351553986,130.52330291175596,14970300,MSFT
2019-08-22,129.7978973388672,131.13562979776628,128.39421333720122,130.62692030627167,18697000,MSFT
2019-08-23,125.66222381591797,130.33487901239744,125.10640814606396,129.24207864893492,38508600,MSFT
2019-08-26,127.6029052734375,127.70653316401673,126.14269931520062,127.16956273086547,20312600,MSFT
2019-08-27,127.87603759765625,128.79925820638564,126.85860464374024,128.48837471701248,23102100,MSFT
2019-08-28,127.70646667480469,127.89487700281988,125.81291915985409,127.06586868459571,17393300,MSFT
2019-08-29,130.11814880371094,130.4196168177783,128.9782570156357,129.2985559994927,20168700,MSFT
2019-08-30,129.87326049804688,131.116780537289,128.37537853324508,131.08851969831468,23940100,MSFT
2019-09-03,128.1586456298828,129.25144558282722,127.83834665653949,128.69563012176926,18869300,MSFT
2019-09-04,129.6566162109375,129.71313790062868,128.573231117612,129.34573254284206,17995900,MSFT
2019-09-05,131.93638610839844,132.24726970746855,130.72111255068887,131.05084150040312,26101800,MSFT
2019-09-06,131.04139709472656,132.05881580833838,130.19352900033334,131.9175116466666,20824500,MSFT
2019-09-09,129.55291748046875,131.6537205890789,128.55432984251377,131.50298658246294,25773900,MSFT
2019-09-10,128.19635009765625,128.95942129990866,126.71729949592779,128.87463880516665,28903400,MSFT
2019-09-11,128.23402404785156,128.37534257793357,127.26369718206007,128.0361982304384,24726100,MSFT
2019-09-12,129.55291748046875,130.40077111180779,128.9405659691363,129.86380097856934,27010000,MSFT
2019-09-13,129.36456298828125,130.06168291385407,128.6580131989841,129.79790547583318,23363100,MSFT
2019-09-16,128.431884765625,128.78044465424992,127.80070214645508,127.96085167297976,16731400,MSFT
2019-09-17,129.43043518066406,129.55290834925555,128.52604557949815,129.0253537380692,17814200,MSFT
2019-09-18,130.4949951171875,130.63629927677184,128.6202784762406,129.40219503377762,23982100,MSFT
2019-09-19,132.8972625732422,134.12193691998064,131.95519653742065,132.17186770071928,35772100,MSFT
2019-09-20,131.36167907714844,133.44363678800835,130.24061829063047,132.8407151517448,39167300,MSFT
2019-09-23,131.0791015625,131.54071921440732,130.41965804176857,131.16388407771032,17139300,MSFT
2019-09-24,129.4210662841797,132.53930327795948,128.95003315823615,132.2284196898619,29773200,MSFT
2019-09-25,131.28634643554688,131.85159190644669,128.14926425911082,129.53410272550485,21382000,MSFT
2019-09-26,131.45591735839844,132.05883917954642,130.41965311490762,131.3617193588757,17456600,MSFT
2019-09-27,129.7507781982422,132.22841699005016,128.73334494200304,132.03057675628565,22477700,MSFT
2019-09-30,130.97544860839844,131.1544434671942,129.79786598451886,130.05222785621746,17280900,MSFT
2019-10-01,129.12899780273438,132.12476088219773,129.0630462806495,131.56894537371167,21466600,MSFT
2019-10-02,126.84920501708984,128.4695599919467,125.84120168232033,128.35651665060894,30521700,MSFT
2019-10-03,128.38478088378906,128.82755314879915,125.50206060506926,127.13183110990826,24132900,MSFT
2019-10-04,130.11814880371094,130.24062198127407,128.51663950963984,128.82752300860201,22897700,MSFT
2019-10-07,129.1761016845703,130.17468947110925,129.0819036975088,129.1949470318979,15303700,MSFT
2019-10-08,127.81013488769531,129.77905003080565,127.76302869711364,129.1384518382265,25550500,MSFT
2019-10-09,130.231201171875,130.664543455897,129.0347733989885,129.49639088611113,19749900,MSFT
2019-10-10,131.04139709472656,131.5783672838668,130.2406351791531,130.46673621261547,17654600,MSFT
2019-10-11,131.5878143310547,132.8596095902909,131.4182492963784,132.00232580442918,25446000,MSFT
2019-10-14,131.46534729003906,132.16246711107746,131.43708645268833,131.59723598927255,13304300,MSFT
2019-10-15,133.3682861328125,133.57552742119194,131.71024082748983,131.94575731974263,19695700,MSFT
2019-10-16,132.27552795410156,132.8219281137492,131.44650503949265,132.63350336058141,20751600,MSFT
2019-10-17,131.59716796875,133.22693770433057,130.9659856361816,132.7841656483108,21460600,MSFT
2019-10-18,129.44931030273438,131.88925812815606,128.64854834275522,131.6631570821554,32273500,MSFT
2019-10-21,130.4102020263672,130.4761535526096,129.0724699026435,130.4290473731204,20078200,MSFT
2019-10-22,128.46957397460938,131.89869465804213,128.36594610884117,130.91895205197162,27431000,MSFT
2019-10-23,129.2891387939453,129.4869645976064,127.75356666414639,128.9499944700261,29844600,MSFT
2019-10-24,131.83270263671875,132.28489023791624,130.636274934291,131.3145635234796,37029300,MSFT
2019-10-25,132.57696533203125,132.9632159036771,131.13560527178078,131.26749395785637,25959700,MSFT
2019-10-28,135.83653259277344,137.23078659427898,135.19592007870443,136.03435845204905,35280100,MSFT
2019-10-29,134.55526733398438,136.12851558147437,134.38568800577715,135.73284964870302,20589500,MSFT
2019-10-30,136.2322235107422,136.59962883399365,134.5176557523737,135.2053745784231,18496600,MSFT
2019-10-31,135.06405639648438,136.5336776938839,134.70608093608746,136.50541685161025,24605100,MSFT
2019-11-01,135.3937530517578,136.05319650529455,134.68720341408505,135.90246246597496,33128400,MSFT
2019-11-04,136.17564392089844,136.59957074826335,135.80823875387733,136.43942125236043,16912000,MSFT
2019-11-05,136.0908966064453,136.61845140572893,135.57275729472383,136.57134521833785,18250200,MSFT
2019-11-06,135.71405029296875,136.14740705653168,134.9038728109251,136.00608850600966,16575800,MSFT
2019-11-07,135.90245056152344,136.4865413190258,135.44084737187669,135.50678452405998,17786700,MSFT
2019-11-08,137.50396728515625,137.5322281167354,135.43141047077083,135.63866615220937,16732700,MSFT
2019-11-11,137.6453094482422,137.93734770505276,136.34525333749465,136.91991436291875,14362600,MSFT
2019-11-12,138.5496826171875,139.02071571611077,137.5981865574973,137.80544227100668,18641600,MSFT
2019-11-13,138.77578735351562,138.91710592644566,137.8054601935194,138.23881702579706,16919200,MSFT
2019-11-14,139.48236083984375,139.81208985802365,138.48377267021598,138.50261802477323,19729800,MSFT
2019-11-15,141.2816619873047,141.30050733528844,139.6801524036144,140.3019051391913,23485700,MSFT
2019-11-18,141.63021850585938,141.8280587180266,140.34900799432467,141.37587100065798,21534000,MSFT
2019-11-19,141.67730712890625,142.56285148114728,141.49831228645922,142.13892465022818,23935700,MSFT
2019-11-20,141.43150329589844,142.58473556630273,140.33499942581807,142.08374287450215,25696800,MSFT
2019-11-21,141.29916381835938,141.60165758756096,140.37280189164892,141.223540376059,18576100,MSFT
2019-11-22,141.4032440185547,142.07439352770368,140.67539491729582,141.8569849925034,15901800,MSFT
2019-11-25,142.95346069335938,143.06690312574474,141.7151568529082,141.79078033326374,22420900,MSFT
2019-11-26,143.70962524414062,144.0782805528418,143.03849055523006,143.0762950688693,24620100,MSFT
2019-11-27,143.98377990722656,144.15392187524418,143.22755972740327,143.99322743088302,15184400,MSFT
2019-11-29,143.09523010253906,143.96487830859544,143.00069716600424,143.77582685922684,11977300,MSFT
2019-12-02,141.3654022216797,143.52062079689225,140.20272193277103,143.5017113220351,27418400,MSFT
2019-12-03,141.1384735107422,141.25190146563813,138.62404807010302,139.41808702546612,24066000,MSFT
2019-12-04,141.64894104003906,141.9608679443768,141.03450590650155,141.92306343053838,17574700,MSFT
2019-12-05,141.724609375,142.09327926361837,141.29923990374633,141.83805181138433,17869100,MSFT
2019-12-06,143.44497680664062,143.55840479215541,142.045978765054,142.72657552554503,16403500,MSFT
2019-12-09,143.07635498046875,143.87984186281386,142.65098551134082,142.80223247662772,16687400,MSFT
2019-12-10,142.85894775390625,143.57734920985484,142.50918734060494,143.01018029683436,16476100,MSFT
2019-12-11,143.397705078125,143.5583995262769,142.10268754532999,143.24645815385242,18856600,MSFT
2019-12-12,144.85348510742188,145.04253662089903,142.75498013330187,143.35049167956961,24612100,MSFT
2019-12-13,146.0728302001953,146.41312857878364,144.4658712438564,144.62656569712018,23845400,MSFT
2019-12-16,147.0181427001953,147.36788870009232,146.34700770451698,146.62113021887043,24144200,MSFT
2019-12-17,146.2240753173828,147.1882564487192,145.99720492656812,146.94247658607804,25425600,MSFT
2019-12-18,145.92164611816406,146.97089870207265,145.7420421154858,145.85548457300786,24129200,MSFT
2019-12-19,147.18829345703125,147.2450074630696,145.33555419211962,145.57187216641574,24958900,MSFT
2019-12-20,148.79527282714844,149.81616834437716,147.73655835166696,148.7385588134757,53477500,MSFT
2019-12-23,148.79527282714844,149.46640788721783,148.66293532067655,149.46640788721783,17718200,MSFT
2019-12-24,148.76683044433594,149.07877176422207,148.52105062786302,148.8613489383117,8989200,MSFT
2019-12-26,149.98631286621094,150.04302688082174,148.78581333669098,148.93706032479093,14520600,MSFT
2019-12-27,150.26040649414062,150.81811337522475,149.5609001937233,150.7235804290026,18412800,MSFT
2019-12-30,148.9653778076172,150.31712396658284,148.15244349190644,150.28876696680132,16348400,MSFT
2019-12-31,149.06932067871094,149.13549661064357,147.88773124019278,148.19022505982903,18369400,MSFT
2020-01-02,151.82957458496094,151.93355507544456,149.66490818597188,150.09027767478486,22622100,MSFT
2020-01-03,149.93899536132812,151.19620847768044,149.4096455068012,149.6554253847614,21116200,MSFT
2020-01-06,150.3265838623047,150.3927598163758,147.9444947187136,148.4833066063073,20813700,MSFT
2020-01-07,148.9558868408203,150.93150084251536,148.71012143982094,150.60066446698147,21634100,MSFT
2020-01-08,151.32852172851562,151.99967088764276,149.30564115169364,150.23200324889638,27746500,MSFT
2020-01-09,153.21910095214844,153.34199090041147,152.21711516271918,152.98278300469048,21385000,MSFT
2020-01-10,152.51016235351562,154.28727811161113,152.35891539033636,153.9091751273673,20725900,MSFT
2020-01-13,154.343994140625,154.37235114362988,152.43454087063708,152.90717681899122,21626500,MSFT
2020-01-14,153.25694274902344,154.64649364113086,152.86937779572435,154.44798018924195,23477400,MSFT
2020-01-15,154.2494354248047,154.9678511775123,153.6728335108503,153.72008555883195,21417900,MSFT
2020-01-16,157.0758056640625,157.1419816102334,155.05292468702913,155.35541857174925,23865400,MSFT
2020-01-17,157.9549102783203,158.30465619935018,156.37629381209493,158.25738972858082,34371700,MSFT
2020-01-21,157.3877716064453,158.985283427841,157.3215956499593,157.55791362534438,29517200,MSFT
2020-01-22,156.63153076171875,158.3235753219564,156.61262128751815,158.2384898999051,24138800,MSFT
2020-01-23,157.595703125,157.6713265938342,156.22506200867213,157.09471026471257,19680800,MSFT
2020-01-24,156.0076446533203,158.3613765241698,155.44993777757642,158.3424670503659,24918100,MSFT
2020-01-27,153.39871215820312,154.43851694569852,151.4325450114777,152.33055036956728,32078100,MSFT
2020-01-28,156.40469360351562,156.68826363216436,154.14549435848608,154.81662932456064,24899900,MSFT
2020-01-29,158.8434600830078,159.51460937852576,156.62208010292088,158.65440861589227,34754500,MSFT
2020-01-30,163.3240509033203,164.52455005778435,161.44295493874296,164.52455005778435,51597500,MSFT
2020-01-31,160.91358947753906,162.96482723403622,160.29916867247016,162.78523773584587,36142700,MSFT
2020-02-03,164.8365020751953,164.94993007628167,161.07430990386203,161.10266690413363,30107000,MSFT
2020-02-04,170.26234436035156,170.75388971293165,166.6608612717509,167.44543856138947,36433300,MSFT
2020-02-05,170.05438232421875,174.1190537403817,168.64593664566272,173.95835927347207,39186300,MSFT
2020-02-06,173.58026123046875,173.75986517610264,170.20563405922817,171.06583483899962,27751400,MSFT
2020-02-07,173.8260040283203,175.47078190024337,172.49316753333272,172.8429278537335,33529100,MSFT
2020-02-10,178.37278747558594,178.50512495189932,173.22105900121804,173.53300042903595,35844300,MSFT
2020-02-11,174.34593200683594,180.2633282452073,173.45737421261373,180.21606177076302,53159900,MSFT
2020-02-12,174.60118103027344,175.67879043188398,171.89770278781828,175.42356297727224,47062900,MSFT
2020-02-13,173.65589904785156,176.03797374039397,172.86185972663358,173.06037316286404,35295800,MSFT
2020-02-14,175.2061309814453,175.26284498070825,172.65388562499024,173.2210544650253,23149500,MSFT
2020-02-18,176.9832305908203,177.42750947945905,175.3479144568941,175.4518949292075,27792200,MSFT
2020-02-19,177.51400756835938,178.36706995832807,176.7462485247681,178.25333216315812,29997500,MSFT
2020-02-20,174.80316162109375,177.48558908217993,171.6562951458951,177.20123010558348,36862400,MSFT
2020-02-21,169.2771759033203,173.93114068656777,168.00705551331956,173.61834725384844,48572600,MSFT
2020-02-24,161.97874450683594,165.44789308309143,154.71818051515862,159.02144511099954,68311100,MSFT
2020-02-25,159.30577087402344,165.72272971041576,158.90765961105674,165.11610394922226,68073300,MSFT
2020-02-26,161.2962188720703,164.22508254365292,159.43843422067832,160.86021438704998,56206100,MSFT
2020-02-27,149.9314727783203,158.3199827709648,149.74190495438836,154.8034540782687,93174900,MSFT
2020-02-28,153.56179809570312,155.17316122234865,144.07378619818417,144.46240975052115,97012700,MSFT
2020-03-02,163.7796173095703,163.90284290585905,153.8461156233935,156.68967642563902,71030800,MSFT
2020-03-03,155.93138122558594,165.87437010304947,153.79871075283245,164.73694874353373,71677000,MSFT
2020-03-04,161.6564178466797,161.79859008690633,156.98349255557616,159.70384194438486,49814400,MSFT
2020-03-05,157.599609375,161.95972690449452,157.0498525958926,157.39108044281798,47817300,MSFT
2020-03-06,153.1447296142578,154.60441795195356,147.86517755045685,154.1304911008303,72821100,MSFT
2020-03-09,142.76571655273438,149.5239179145605,142.17805189974058,143.12590557907217,70419300,MSFT
2020-03-10,152.5286102294922,152.63287471129829,144.6235141245197,149.91253931749316,65354400,MSFT
2020-03-11,145.61880493164062,149.47656293341387,143.26811675505746,148.93629371027805,56371600,MSFT
2020-03-12,131.80850219726562,145.4670742719519,131.35353657797347,137.72311310044867,93226400,MSFT
2020-03-13,150.547607421875,153.46699860222324,133.39144937999532,139.80842308587606,92727400,MSFT
2020-03-16,128.35833740234375,141.5619460470006,127.96024061156848,132.6995087823673,87905900,MSFT
2020-03-17,138.92694091796875,139.8084380256042,127.96026531156994,132.69953439718364,81059800,MSFT
2020-03-18,133.07862854003906,138.3866140419556,127.97918643285101,130.8037858752731,81593200,MSFT
2020-03-19,135.26821899414062,142.32023895199598,131.75167511472426,135.32508790671272,85922700,MSFT
2020-03-20,130.1876983642578,139.42927100819978,128.77539128682722,138.38662625800293,84866200,MSFT
2020-03-23,128.88912963867188,133.23978869379377,125.60956425248216,129.86541769841315,78975200,MSFT
2020-03-24,140.60459899902344,141.79890378670194,133.90328159423055,136.25395446330393,82516700,MSFT
2020-03-25,139.25863647460938,146.2822344811286,136.90796381068236,141.14487017328082,75638200,MSFT
2020-03-26,147.96946716308594,148.49078968046783,140.63307305518086,140.66150751402876,64568100,MSFT
2020-03-27,141.8937225341797,146.81308647128938,141.41979559554642,143.83682587519655,57042300,MSFT
2020-03-30,151.87460327148438,152.22531899610644,142.1875367282903,144.4908288761412,63420300,MSFT
2020-03-31,149.48602294921875,156.1873415159035,148.39598244665945,151.08788365564143,77927200,MSFT
2020-04-01,144.17800903320312,149.52390266074318,142.95528427536644,145.02159814322476,57969900,MSFT
2020-04-02,147.16378784179688,147.37231685193453,142.51930962640844,143.94109044292765,49630700,MSFT
2020-04-03,145.80836486816406,149.17324905260475,144.25388507525574,147.01214335180788,41243300,MSFT
2020-04-06,156.6517333984375,157.81758901537097,149.3627385346234,151.95986202303195,67111700,MSFT
2020-04-07,154.96458435058594,161.13510584413748,154.74656761748417,160.74648241184053,62769000,MSFT
2020-04-08,156.51905822753906,157.97874630175247,154.97405234356808,157.03089277059914,48318200,MSFT
2020-04-09,156.528564453125,158.64227422215973,154.81295151526945,157.6849471612122,51385100,MSFT
2020-04-13,156.8792724609375,156.9361558362128,153.83666995479288,155.7797730783277,41905300,MSFT
2020-04-14,164.64218139648438,164.6895769731253,159.23941831070533,160.18727199112618,52874300,MSFT
2020-04-15,162.91708374023438,164.51895866137778,160.41475077875486,162.27253576214963,40940800,MSFT
2020-04-16,167.80799865722656,168.03548873292664,163.88388524576575,165.2108889927018,50479600,MSFT
2020-04-17,169.28663635253906,170.6136254317699,166.69898595339458,170.1396986944594,52765600,MSFT
2020-04-20,165.93125915527344,169.42884146949478,165.86491691998498,167.4193963415168,36669600,MSFT
2020-04-21,159.06881713867188,164.6137526846759,157.4479809248554,164.4526192889561,56203700,MSFT
2020-04-22,164.47154235839844,164.92650798593397,161.91234081675324,162.4526097876211,34620200,MSFT
2020-04-23,162.48106384277344,165.93125039938644,161.99766370912621,165.0307923638797,32790800,MSFT
2020-04-24,165.44784545898438,165.4573187880793,161.80809117902592,163.087684835539,34277600,MSFT
2020-04-27,164.97389221191406,167.67526580673695,164.26300214015612,167.38143355783893,33194400,MSFT
2020-04-28,160.9550018310547,166.50942396479073,160.55690509338584,166.4335939486019,34392700,MSFT
2020-04-29,168.17767333984375,168.41463676243595,162.9170969287767,164.18721740272696,51286600,MSFT
2020-04-30,169.8648681640625,170.99280191954153,167.0402537209176,170.613666224283,53875900,MSFT
2020-05-01,165.4668426513672,169.32460004626728,164.93603238128148,166.63269876050148,39370500,MSFT
2020-05-04,169.51416015625,169.6658202264792,164.73698364883285,165.39100504648349,30372900,MSFT
2020-05-05,171.3340301513672,174.073326774574,170.5188753882451,171.20133121146824,36839200,MSFT
2020-05-06,173.0211944580078,174.59463494769062,172.15865865064302,172.58518988955504,32139300,MSFT
2020-05-07,174.0259552001953,174.92641337480944,173.05914032044407,174.5662243197236,28316000,MSFT
2020-05-08,175.04959106445312,175.35291115035147,173.79843186786684,175.33395002920838,30877800,MSFT
2020-05-11,177.002197265625,177.7320341687052,173.3150471152791,173.59939164214202,30892700,MSFT
2020-05-12,172.9927978515625,177.28657455794107,172.7937566459724,177.0590988944095,32038200,MSFT
2020-05-13,170.37669372558594,174.45246731650903,167.33407714285644,173.0306868403567,44711500,MSFT
2020-05-14,171.1160125732422,171.26767262333027,166.51891673874835,168.28192504750183,41873900,MSFT
2020-05-15,173.60887145996094,177.30549477035595,167.77008972494357,169.7226658562342,46610400,MSFT
2020-05-18,175.26760864257812,176.49033339487778,174.36715063577168,176.0638021772429,35264500,MSFT
2020-05-19,174.05438232421875,176.8695090149878,173.92168338263468,175.38137174005942,26799100,MSFT
2020-05-20,176.4686279296875,176.6492240164961,174.83377793793983,175.6607026476636,31261300,MSFT
2020-05-21,174.34901428222656,177.42861841763434,174.21594577347696,176.22148762180447,29119500,MSFT
2020-05-22,174.42506408691406,175.32804455149363,173.50308419399207,174.12091369625077,20826900,MSFT
2020-05-26,172.58114624023438,177.2670731699118,172.13441304570176,177.11499069871292,36073600,MSFT
2020-05-27,172.80917358398438,172.98026990888053,167.85711192719066,171.27887888797957,39517100,MSFT
2020-05-28,172.41952514648438,175.03338242380826,171.45003216242014,171.79221042249597,33810200,MSFT
2020-05-29,174.17791748046875,175.14742482016004,171.47851967536127,173.68365684604478,42130400,MSFT
2020-06-01,173.77870178222656,173.94028391212214,172.47653052735325,173.5030505874689,22622400,MSFT
2020-06-02,175.75575256347656,175.84129349571745,172.37199810107265,175.12842338695103,30794600,MSFT
2020-06-03,176.18348693847656,176.73477494392236,174.49160956121008,175.67022679734052,27311000,MSFT
2020-06-04,173.8642578125,176.6396969090423,173.2749565224485,175.17594339707023,28761800,MSFT
2020-06-05,177.932373046875,178.43613342107156,172.99930966240385,173.57911125390655,39893600,MSFT
2020-06-08,179.03492736816406,179.2155234245811,175.30899518943008,176.7347352095089,33211600,MSFT
2020-06-09,180.40367126464844,181.25910962308345,177.98940962513453,178.6927800443984,29783900,MSFT
2020-06-10,187.09510803222656,188.6919444062421,181.55373004654078,181.66779911114176,43872300,MSFT
2020-06-11,177.04843139648438,186.06860558677644,176.85833559384204,183.5688175004387,52854700,MSFT
2020-06-12,178.44566345214844,182.22862370226562,176.0123877928457,181.10703377682555,43373600,MSFT
2020-06-15,179.5862579345703,181.37319049220972,174.90031707971195,175.44210537773787,32770200,MSFT
2020-06-16,183.98704528808594,185.89753212160974,181.98150329725257,183.3407021258186,42556700,MSFT
2020-06-17,184.6239013671875,186.60093000207252,184.1011269319131,185.3747850081214,25687800,MSFT
2020-06-18,186.60089111328125,186.76247326807626,184.39573922892131,184.39573922892131,23061600,MSFT
2020-06-19,185.48878479003906,189.42382696188116,184.7474010839948,188.75848446971048,44441100,MSFT
2020-06-22,190.64048767089844,190.82106925250457,185.5648413739242,186.09711541174806,32818900,MSFT
2020-06-23,191.9141387939453,193.85313907898706,191.45789148879962,192.0852206558405,30917400,MSFT
2020-06-24,188.04563903808594,193.1878125857555,186.82900846349898,191.61950404139304,36740600,MSFT
2020-06-25,190.42189025878906,190.67852759970847,185.79299092407084,188.00764282127645,27803900,MSFT
2020-06-26,186.61038208007812,189.99413646513128,185.23216946864412,189.8420540312599,54675800,MSFT
2020-06-29,188.6159210205078,188.70146194950837,183.96800866755066,186.08760498304542,26701600,MSFT
2020-06-30,193.43492126464844,194.2808598745895,187.95058437366583,188.08365287961007,34310300,MSFT
2020-07-01,194.56600952148438,196.1343324418635,191.78107062870032,193.0832420355836,32061200,MSFT
2020-07-02,196.04879760742188,197.72167556493906,194.85118093605638,195.49750959900197,29315800,MSFT
2020-07-06,200.2689666748047,200.6776863993689,197.78817819437523,198.49154856739926,31897600,MSFT
2020-07-07,197.94029235839844,204.04245953487583,197.69316924341797,200.0313753793955,33600700,MSFT
2020-07-08,202.29351806640625,202.7022232789149,198.3584758537507,199.67016142576213,33600000,MSFT
2020-07-09,203.70974731445312,205.66776134855445,201.00083539138876,205.6202337790769,33121700,MSFT
2020-07-10,203.09193420410156,203.48164000033935,200.6301596435578,203.04440663081272,26177600,MSFT
2020-07-13,196.8187255859375,205.11653102704423,196.27693724789137,203.86187245686293,38135600,MSFT
2020-07-14,198.0353240966797,198.51057084084894,192.02819828875812,195.92522739229784,37591800,MSFT
2020-07-15,197.74066162109375,200.867793362139,194.87968140351137,199.1854158039586,32179400,MSFT
2020-07-16,193.82467651367188,195.5165541651522,192.29438105324493,195.23140315013552,29940700,MSFT
2020-07-17,192.83615112304688,194.88920632879422,191.4199104017401,194.34743250474673,31635300,MSFT
2020-07-20,201.1244659423828,201.7898086092806,192.95971431200763,194.8512019324722,36884800,MSFT
2020-07-21,198.41552734375,203.34859115848997,197.73117083168316,203.08245412639516,37990400,MSFT
2020-07-22,201.26699829101562,201.7897726158241,198.07333955618,198.84323696936167,49605700,MSFT
2020-07-23,192.51290893554688,200.4780475272384,192.14221712418572,196.9327115361817,67457000,MSFT
2020-07-24,191.3343505859375,192.81711817294266,187.73197198353216,190.497911638035,39827000,MSFT
2020-07-27,193.7581329345703,193.8721875294753,190.91615175000567,191.49595344640912,30160900,MSFT
2020-07-28,192.01870727539062,194.56602297793356,191.75257024686763,193.52998850951334,23251400,MSFT
2020-07-29,193.95773315429688,194.51852093061618,192.0092182585042,192.4749653712374,19632600,MSFT
2020-07-30,193.80563354492188,194.33792212812435,189.69000914080848,191.04920798725416,25079600,MSFT
2020-07-31,194.8606719970703,194.94622743673912,189.15771085707848,194.2808703677026,51044000,MSFT
2020-08-03,205.81985473632812,206.86540338070947,200.02185312701084,201.0483878405726,78983000,MSFT
2020-08-04,202.7307586669922,204.1374995340673,199.89829200805272,203.56719761461736,49280100,MSFT
2020-08-05,202.39810180664062,204.35611622762954,201.09593026524874,204.2610610698923,28806400,MSFT
2020-08-06,205.63929748535156,205.65829691503933,201.07692527530068,201.8278088426474,32656800,MSFT
2020-08-07,201.96083068847656,205.02142055306317,200.48756303882877,204.2135098766214,27820400,MSFT
2020-08-10,197.94029235839844,201.39058877024152,196.1343603183058,201.19097873259398,36716500,MSFT
2020-08-11,193.31138610839844,197.36998319308316,193.08326243132456,196.90425062787259,36446500,MSFT
2020-08-12,198.83372497558594,199.8697593440699,194.6135317826881,195.12679185865025,28013100,MSFT
2020-08-13,198.36801147460938,200.88682821734017,197.8452370937874,199.07138196002268,22588900,MSFT
2020-08-14,198.55807495117188,199.21391774906647,197.23688964214472,198.42500644894537,17958900,MSFT
2020-08-17,199.86978149414062,200.73473410095306,198.577109692729,199.22345284512505,20184800,MSFT
2020-08-18,201.01986694335938,201.84679161192986,198.85274301626632,200.1073868408774,21336200,MSFT
2020-08-19,199.80027770996094,202.08698492364027,199.37152465065776,201.50578180907098,27627600,MSFT
2020-08-20,204.449951171875,204.85012175813844,199.047626449657,199.6478750598317,26981500,MSFT
2020-08-21,202.96356201171875,206.04107316088508,202.80158927107192,203.76390303789307,36249300,MSFT
2020-08-24,203.60191345214844,205.34552274676594,202.40138747377478,204.6499748411111,25460100,MSFT
2020-08-25,206.25070190429688,206.38409208408316,203.0398003733022,203.0398003733022,23043700,MSFT
2020-08-26,210.70974731445312,211.6053732804045,207.09867541897606,207.59413086494803,39600800,MSFT
2020-08-27,215.88340759277344,220.2376553277193,209.04235998516526,212.36760613351487,57602200,MSFT
2020-08-28,218.10342407226562,219.75174867918676,215.8834189640669,217.40787607007542,26292900,MSFT
2020-08-31,214.8830108642578,217.90335740203147,213.72060436852902,216.28361517405492,28774200,MSFT
2020-09-01,216.54087829589844,216.71237374786213,213.83494001123904,214.8639563383448,25725500,MSFT
2020-09-02,220.7140350341797,221.8669185708631,216.6170452591316,217.20777104208625,34080800,MSFT
2020-09-03,207.04150390625,218.48451950532868,204.81197627565626,218.4464142591676,58400300,MSFT
2020-09-04,204.135498046875,208.0514701428707,195.50321280100798,204.94537631657883,59664100,MSFT
2020-09-08,193.0926513671875,200.11471725105895,192.6543610562122,196.75136576926477,52924300,MSFT
2020-09-09,201.31524658203125,204.69765825527963,196.94193845606748,197.79945926054114,45679000,MSFT
2020-09-10,195.6747283935547,204.6023920199661,194.47421668900014,203.3256407346827,35461500,MSFT
2020-09-11,194.39794921875,198.7807936939121,191.73966868940005,197.41829498533878,33620100,MSFT
2020-09-14,195.71287536621094,199.32394819822275,194.39801864638477,194.5981112274879,30375800,MSFT
2020-09-15,198.92373657226562,199.87652772915487,197.16106711664477,198.58073117424792,21823900,MSFT
2020-09-16,195.36981201171875,200.70543328613255,194.97916418339267,200.67685071707825,26328100,MSFT
2020-09-17,193.3308563232422,194.68381801574102,190.52012532988843,190.60587304442362,34011300,MSFT
2020-09-18,190.92982482910156,194.03591885589844,186.9852699078693,193.22605507235494,55225300,MSFT
2020-09-21,192.97828674316406,193.14027401034622,187.109105110719,187.88086351056623,39839700,MSFT
2020-09-22,197.6279296875,198.27583520030763,192.5400286648774,195.3793420932357,33517100,MSFT
2020-09-23,191.12037658691406,198.27584755147745,190.58681585985815,198.08527768743798,30803800,MSFT
2020-09-24,193.59762573242188,195.8652732003476,189.79598401356498,190.4153069509795,31202500,MSFT
2020-09-25,198.00906372070312,199.17145554804117,192.9783130746284,193.94064144048286,29437300,MSFT
2020-09-28,199.5525665283203,202.53480726710254,198.2377101829386,200.92458801246855,32004900,MSFT
2020-09-29,197.47549438476562,200.1528498081341,197.04674126220954,199.4668389966685,24221900,MSFT
2020-09-30,200.40057373046875,201.97267338638392,196.78948696094645,197.92331080881587,33829100,MSFT
2020-10-01,202.4300079345703,203.88777718640915,201.34382663832886,203.41138162597977,27158400,MSFT
2020-10-02,196.4560089111328,201.02940932407267,195.83668594256645,198.18055856092133,33154800,MSFT
2020-10-05,200.44818115234375,200.47676372011296,197.20868293360616,197.43735801419714,21331600,MSFT
2020-10-06,196.18922424316406,200.25763188349316,195.1506854050532,198.9618499090392,28554300,MSFT
2020-10-07,199.9241485595703,200.1909288915541,196.96096780077255,197.2849132698332,25681100,MSFT
2020-10-08,200.63877868652344,201.21998191757461,198.48547574347566,200.5720763220623,19925800,MSFT
2020-10-09,205.62188720703125,205.6695296795064,201.258101327939,201.258101327939,26458000,MSFT
2020-10-12,210.9479522705078,213.29182486837524,206.5746444335624,208.46116681722611,40461400,MSFT
2020-10-13,212.33905029296875,214.57811545870766,210.0237600855834,212.2056601046975,28950800,MSFT
2020-10-14,210.43345642089844,213.634835303714,208.78513178296774,212.47242892410338,23421700,MSFT
2020-10-15,209.29013061523438,209.9570815862142,205.81243381054406,206.8509873279706,22733100,MSFT
2020-10-16,209.29013061523438,211.79596173037572,208.96618507767857,209.75698902569985,26057900,MSFT
2020-10-19,204.10690307617188,211.8054566248075,203.6305075437447,210.01420477058122,27625800,MSFT
2020-10-20,204.5166015625,207.1081944892267,203.03024978890875,205.61232003857742,22753500,MSFT
2020-10-21,204.65953063964844,206.67944311393921,203.05883403594683,203.05883403594683,22724900,MSFT
2020-10-22,204.7452392578125,205.86000288437637,201.70583391110566,203.8305535819871,22351500,MSFT
2020-10-23,206.0220489501953,206.06969142062243,203.09698735801163,204.87870235214814,18879600,MSFT
2020-10-26,200.16233825683594,206.12680477931295,198.2758161171347,203.75436445560234,37111600,MSFT
2020-10-27,203.18272399902344,204.53568576239945,200.4005754314339,201.60108711313487,36700300,MSFT
2020-10-28,193.11170959472656,198.9809067591582,192.5591035035503,197.8661428219542,51195600,MSFT
2020-10-29,195.05538940429688,197.57075725259926,193.76911564184445,194.43608102293118,31432600,MSFT
2020-10-30,192.91160583496094,194.64567799297023,190.19614551612918,193.8929794573457,36953700,MSFT
2020-11-02,192.7782440185547,195.58897513304893,190.67256908298938,194.64570661719011,30842200,MSFT
2020-11-03,196.68470764160156,198.29492731846628,193.53097065954913,194.26462405578613,27512000,MSFT
2020-11-04,206.17445373535156,208.01334801298592,202.3918721219875,203.9163436100231,42311800,MSFT
2020-11-05,212.7487335205078,213.5395519346152,210.7097610023845,211.55774456042553,36080100,MSFT
2020-11-06,213.15838623046875,213.76817183900434,207.73700355820125,211.767305087453,25231900,MSFT
2020-11-09,208.08006286621094,217.35071687203836,207.59414460374276,213.84445234772951,44395000,MSFT
2020-11-10,201.04849243164062,206.2793220443408,199.81939801822156,204.37373939266098,44045100,MSFT
2020-11-11,206.32691955566406,207.74656901719345,202.1822723760831,202.36330501469286,29440800,MSFT
2020-11-12,205.26934814453125,208.76609026899308,204.33561679521472,206.95579271890833,21593900,MSFT
2020-11-13,206.288818359375,207.15586184430438,204.04976775287432,206.1459054941405,18621100,MSFT
2020-11-16,206.97482299804688,207.4607558021883,204.3927670537816,204.72623524216695,24953300,MSFT
2020-11-17,204.3356170654297,207.40359150295538,203.97355173955768,205.8981941277248,24154100,MSFT
2020-11-18,201.64170837402344,205.54882340937317,201.49840677236205,204.0967850562555,28372800,MSFT
2020-11-19,202.9217987060547,203.50452360075073,200.5431319241308,201.92830793266506,24792700,MSFT
2020-11-20,200.98255920410156,203.75288192230383,200.60999836163293,202.71162400059706,22843100,MSFT
2020-11-23,200.71502685546875,202.79754214361827,198.85222313980768,201.51746313659982,25683500,MSFT
2020-11-24,204.29737854003906,204.66993934014192,199.52095055077086,200.21830495578362,33979700,MSFT
2020-11-25,204.3069610595703,205.66346509113586,202.96001921457815,205.4915206508618,21012900,MSFT
2020-11-27,205.6061248779297,206.59963010957043,204.46933263042834,205.2431262455821,14512200,MSFT
2020-11-30,204.49801635742188,205.15715124474664,201.41243305795305,204.52667376224022,33064800,MSFT
2020-12-01,206.54232788085938,207.60269559230667,203.8102101922251,204.91833052753248,30904500,MSFT
2020-12-02,205.73985290527344,205.83538729489786,203.28477651814012,205.27177229501723,23724500,MSFT
2020-12-03,204.66036987304688,206.70468025105197,204.09674035237035,205.01382084202208,25120900,MSFT
2020-12-04,204.77503967285156,205.74943515132207,203.64779498667923,204.64130026023815,24666000,MSFT
2020-12-07,204.70814514160156,205.90225214353387,203.46628552079312,204.7845697389054,24620000,MSFT
2020-12-08,206.3512725830078,207.2492435331861,203.37078566454701,204.40249603859206,23284100,MSFT
2020-12-09,202.32949829101562,205.60612098805632,201.76588327062407,205.53925857408703,32440600,MSFT
2020-12-10,201.10671997070312,203.55224866960762,200.9538707828964,202.3008269195042,26733300,MSFT
2020-12-11,203.7241973876953,203.78152676671252,199.75976806432303,200.6577388410775,30979400,MSFT
2020-12-14,204.62220764160156,206.54234135534176,203.36123801346994,203.57140204757587,28798400,MSFT
2020-12-15,204.5552978515625,205.78760978755588,202.74980875954856,205.5487884019641,27000600,MSFT
2020-12-16,209.47500610351562,210.26789482840616,205.11890649691244,205.14756389617955,35023300,MSFT
2020-12-17,209.60874938964844,211.0130202858481,208.17582109364878,210.03862496314824,32515800,MSFT
2020-12-18,208.81590270996094,209.8667228359516,206.36082598142397,208.81590270996094,63354900,MSFT
2020-12-21,212.63702392578125,213.98398015637602,207.5644595855646,207.8223907859236,37181900,MSFT
2020-12-22,213.9266815185547,215.5411166802355,211.93013790831756,212.73257439618757,22612200,MSFT
2020-12-23,211.13722229003906,213.5636412417296,210.92705829699878,213.1337656474204,18699600,MSFT
2020-12-24,212.78990173339844,213.61144806501403,211.30920589918964,211.51936993121947,10550600,MSFT
2020-12-28,214.9010772705078,215.9232253887029,213.04782068212276,214.41387223503366,17933500,MSFT
2020-12-29,214.1272735595703,217.0217879256929,213.58276831645435,216.1906940710148,17403200,MSFT
2020-12-30,211.76771545410156,215.54110542494223,211.56711363086075,215.15898241983697,20272300,MSFT
2020-12-31,212.47462463378906,213.0286920393946,209.857136802446,211.78681782520988,20942100,MSFT
2021-01-04,207.9561309814453,213.02869534095603,205.2049037044896,212.57970992905,37130100,MSFT
2021-01-05,208.15673828125,208.74902529905103,206.0551127566878,207.54535604544097,23823000,MSFT
2021-01-06,202.75938415527344,206.8098006575534,202.46324792879471,202.68295955223013,35930700,MSFT
2021-01-07,208.52928161621094,209.53233438460273,204.15408651290377,204.4693179251259,27694500,MSFT
2021-01-08,209.79981994628906,210.71690054092753,207.3256337272198,208.90184914517474,22956200,MSFT
2021-01-11,207.76504516601562,209.12154880413732,207.03901886920423,208.70122085893067,23031300,MSFT
2021-01-12,205.3195343017578,207.3925169546865,203.78153842458812,206.81933974373354,23249300,MSFT
2021-01-13,206.66648864746094,207.0677068608454,204.3642467924793,204.45023357688456,20087100,MSFT
2021-01-14,203.49496459960938,207.73643545452734,203.22748576880403,206.25573969910283,29480800,MSFT
2021-01-15,203.14144897460938,204.91828052845557,202.54917664882714,203.97255724393224,31746500,MSFT
2021-01-19,206.7620391845703,207.27788704877008,203.12240300079074,204.1923183200217,30480900,MSFT
2021-01-20,214.3087615966797,215.6939227599558,207.57399540278436,207.96566598543168,37777300,MSFT
2021-01-21,214.91061401367188,216.18114567833973,212.47463268897792,214.65268280655076,30709400,MSFT
2021-01-22,215.84678649902344,219.7825732306377,215.70349948425073,216.92626393198466,30172700,MSFT
2021-01-25,219.26670837402344,219.50552978031035,214.19414403672963,218.87503776935245,33152100,MSFT
2021-01-26,221.94154357910156,223.70881349882717,219.79215060739182,221.4925581033352,49169600,MSFT
2021-01-27,222.4860382080078,229.6889006948132,219.8494548701194,227.3580012073378,69870600,MSFT
2021-01-28,228.24639892578125,231.7905151873999,224.5781054386549,225.07485807019364,49111200,MSFT
2021-01-29,221.58802795410156,227.37705567245254,221.0053032240349,225.43782730017324,42503100,MSFT
2021-02-01,228.9341583251953,231.6567277604019,222.03699602740483,224.54940149192532,33314200,MSFT
2021-02-02,228.80047607421875,231.4752789882707,228.01714936865181,230.51044566483372,25916300,MSFT
2021-02-03,232.13442993164062,234.13097358783594,228.56165609173593,228.85780690916252,27158100,MSFT
2021-02-04,231.1886749267578,232.36368677142988,229.6220070436973,231.80961934520695,25296100,MSFT
2021-02-05,231.37017822265625,232.40188845915685,229.66977095597062,231.39883562562832,18054800,MSFT
2021-02-08,231.62808227539062,232.78396959711438,230.04230480647178,232.27766943528493,22211900,MSFT
2021-02-09,232.86996459960938,233.81568797324968,230.58683269861282,231.0549132931618,23565000,MSFT
2021-02-10,231.9624481201172,234.9238246286542,230.1187393980578,234.0449636571625,22186700,MSFT
2021-02-11,233.55776977539062,234.1882471613524,231.32239050634175,233.83479617171466,15751100,MSFT
2021-02-12,234.03541564941406,234.331551842112,231.87646094509842,233.0228007069779,16561100,MSFT
2021-02-16,232.80307006835938,235.12442137957254,232.05794855525386,234.07360151416745,26728500,MSFT
2021-02-17,233.81805419921875,233.92337823277546,230.6966554202905,231.06050473804564,21653500,MSFT
2021-02-18,233.42543029785156,233.5594777102561,230.6200042346453,231.52004312224952,16925600,MSFT
2021-02-19,230.725341796875,233.49247502338264,229.96891987453535,233.38715100673053,25262600,MSFT
2021-02-22,224.53997802734375,227.81457753992933,222.5196825099507,227.3262650669372,36446900,MSFT
2021-02-23,223.3527069091797,224.84638235438035,219.00571338525143,220.5376964424216,30228700,MSFT
2021-02-24,224.57833862304688,225.20069866350002,219.2642885335162,220.23134410977883,26339700,MSFT
2021-02-25,219.25469970703125,224.6166119371233,218.19188978232248,222.21332760741032,39542200,MSFT
2021-02-26,222.5005645751953,225.36343789150433,219.78129368104075,221.6866957656996,37819200,MSFT
2021-03-01,226.86669921875,227.37416554950934,223.2378196722922,225.87090575494236,25324000,MSFT
2021-03-02,223.9271697998047,227.2113532573463,223.52502757011894,226.93367423037418,22812500,MSFT
2021-03-03,217.88546752929688,223.64953616836328,217.59821886567516,222.28990807796603,34029500,MSFT
2021-03-04,217.09072875976562,222.6058557444878,214.72573791098387,217.10031296721587,44727800,MSFT
2021-03-05,221.75372314453125,223.35272272073442,216.8322465833186,219.7621508732522,41872800,MSFT
2021-03-08,217.7227020263672,223.44846319176875,217.473760970506,221.5334915341693,35267400,MSFT
2021-03-09,223.8410186767578,225.37300172907223,221.82072314892886,222.97928734112668,33080500,MSFT
2021-03-10,222.53883361816406,226.92412005427826,222.17498436226296,226.92412005427826,29746800,MSFT
2021-03-11,227.0486297607422,229.0018945134101,224.34851258579613,224.97088716934874,29907600,MSFT
2021-03-12,225.72726440429688,225.794295419288,223.3143962358568,224.06123394821893,22653700,MSFT
2021-03-15,224.82725524902344,225.1911045555788,221.95479763324937,224.9708868958571,26034900,MSFT
2021-03-16,227.6039581298828,229.854041015424,225.909204156804,226.2347458255093,28092200,MSFT
2021-03-17,226.96240234375,228.4082150912853,223.31438418936858,226.11024066099444,29562100,MSFT
2021-03-18,220.91119384765625,224.23367177875278,220.53777485358873,222.67296476274007,34833000,MSFT
2021-03-19,220.55686950683594,222.58673481626653,219.59938366501783,221.19838326764514,46430700,MSFT
2021-03-22,225.9571075439453,226.82840862757848,220.35580906733205,220.48028691216922,30127000,MSFT
2021-03-23,227.4794921875,230.80196928781112,226.991179658923,227.39332196658782,31638400,MSFT
2021-03-24,225.44961547851562,227.881623009937,225.31556804938333,227.73800598232168,25620100,MSFT
2021-03-25,222.46224975585938,226.86669032919292,221.72499620085964,225.29641418401795,34061900,MSFT
2021-03-26,226.4262237548828,226.64645599438444,221.70582606846494,221.70582606846494,25479900,MSFT
2021-03-29,225.23895263671875,226.7326280661036,222.02179993878485,226.53154963057577,25227500,MSFT
2021-03-30,221.99307250976562,223.908043971191,221.27495821173113,223.60164152452802,24792000,MSFT
2021-03-31,225.74642944335938,228.9348588863674,222.51012278869996,223.00801949174152,43623500,MSFT
2021-04-01,232.0466766357422,232.51583530133811,227.92948500151644,228.33162726205853,30338000,MSFT
2021-04-05,238.48098754882812,239.333149299018,232.38179326413973,232.4392400726803,36910600,MSFT
2021-04-06,237.32244873046875,238.7969705443699,236.38411666707708,237.08307726255737,22931900,MSFT
2021-04-07,239.2756805419922,240.26188968522158,236.68090236866658,237.27453885214405,22719800,MSFT
2021-04-08,242.48326110839844,243.33542282364596,241.28640394596803,242.02367204884553,23625200,MSFT
2021-04-09,244.97276306152344,245.1068104974857,241.70773277335192,242.1194446802093,24326800,MSFT
2021-04-12,245.03016662597656,246.7153507921409,243.79500190327002,243.88118671909228,27148700,MSFT
2021-04-13,247.50050354003906,248.17075531097734,245.91107355136577,246.3228146667329,23837500,MSFT
2021-04-14,244.72377014160156,247.8260145046008,244.312058297405,246.53343216678118,23070900,MSFT
2021-04-15,248.46754455566406,248.87925640278655,246.77280534904537,246.9642849611244,25627500,MSFT
2021-04-16,249.65480041503906,249.90375603586548,246.64831065184072,248.43880415204717,24878600,MSFT
2021-04-19,247.73988342285156,250.36341456332264,246.85901279011068,249.1282496155156,23209300,MSFT
2021-04-20,247.28033447265625,249.13785958087593,245.92069154658154,246.85903831078255,19722900,MSFT
2021-04-21,249.5016632080078,249.59741764213118,246.31324801477044,247.93140152495766,24030400,MSFT
2021-04-22,246.2366485595703,250.6506442962717,244.77168176983514,249.14738450102254,25606200,MSFT
2021-04-23,250.04742431640625,250.3921344174807,246.33237453675008,246.91645610073897,21462600,MSFT
2021-04-26,250.43040466308594,251.282581069,249.10909877572388,250.53574329781782,19763300,MSFT
2021-04-27,250.83262634277344,252.0007605142603,249.06127127336592,250.45919275066794,31014200,MSFT
2021-04-28,243.73760986328125,245.63344247617863,242.19605697041092,245.192977920965,46903100,MSFT
2021-04-29,241.77471923828125,245.2121041526669,238.41394954646933,244.59931386273354,40589000,MSFT
2021-04-30,241.45875549316406,242.32050145587482,238.9884550529176,239.12250247688505,30945100,MSFT
2021-05-03,241.15237426757812,243.53651917014565,240.4438295156719,242.62689597172758,19626600,MSFT
2021-05-04,237.25537109375,240.52998498828993,235.31167632498756,240.30018316461653,32756100,MSFT
2021-05-05,235.9915313720703,238.89271223968217,235.36917143271003,238.47141614100633,21901300,MSFT
2021-05-06,239.1129150390625,239.23739286323433,234.28719323134123,235.972362911324,26491100,MSFT
2021-05-07,241.72686767578125,243.4886380135176,240.49170283166248,241.43003481001085,27032900,MSFT
2021-05-10,236.6713409423828,241.02790440002454,236.61389413007436,240.2044660000965,29299900,MSFT
2021-05-11,235.76170349121094,236.11598314057656,232.2573168782993,234.1531345029987,33641600,MSFT
2021-05-12,228.839111328125,233.9903897227852,227.948656527006,231.8743396289335,36684400,MSFT
2021-05-13,232.69776916503906,235.1585146453804,231.15621646675106,231.5200657402829,29624300,MSFT
2021-05-14,237.60011291503906,238.58632219282524,235.05321160322504,235.13938182515005,23901100,MSFT
2021-05-17,234.75634765625,236.10640606144966,233.16693242516902,236.0681130601291,24970200,MSFT
2021-05-18,232.7456817626953,235.934111664792,232.57332669794846,235.80006421891147,20168000,MSFT
2021-05-19,233.3214874267578,233.42705466326876,228.98366832095294,229.66504486622338,25739800,MSFT
2021-05-20,236.5460205078125,237.95677572091842,234.03162003124936,234.1275955514667,21800700,MSFT
2021-05-21,235.288818359375,238.3214631903982,234.87615584216914,237.59209903161633,21863100,MSFT
2021-05-24,240.67274475097656,241.03743419435494,237.53453234396076,237.8032462568259,21411500,MSFT
2021-05-25,241.5748748779297,242.56336139082663,240.71115363257866,241.62286264574047,17704300,MSFT
2021-05-26,241.35415649414062,242.74571394261974,240.64397558156952,241.29656238462576,17771600,MSFT
2021-05-27,239.261962890625,241.34450280661412,239.2043834362174,241.04699919630258,24426200,MSFT
2021-05-28,239.61705017089844,241.92033089438252,239.50189126005725,240.88385676538599,18270200,MSFT
2021-06-01,237.42897033691406,241.16219011250507,237.00671606727997,241.10461065045544,23213300,MSFT
2021-06-02,237.33299255371094,239.2235961900808,235.93182895373278,238.12954255758635,19406700,MSFT
2021-06-03,235.8070831298828,236.41168209445024,233.20629862376543,235.33682647405521,25307700,MSFT
2021-06-04,240.68231201171875,241.50765170138789,237.53450822875004,237.77443238686539,25281100,MSFT
2021-06-07,243.5806121826172,243.84932608170533,239.74182545986196,239.90497213832194,23079200,MSFT
2021-06-08,242.390625,245.6919842968053,242.33303089186523,244.876236168721,22455000,MSFT
2021-06-09,243.36947631835938,245.23129021101894,243.00480153962016,243.5806107583811,17937600,MSFT
2021-06-10,246.8723602294922,247.08349466686664,243.44625075720447,244.0412580022731,24563600,MSFT
2021-06-11,247.49618530273438,248.07197986770322,246.2677454638202,247.592131538484,18999700,MSFT
2021-06-14,249.41563415527344,249.47321362459112,246.45014504729014,247.50581746415523,19150500,MSFT
2021-06-15,247.94723510742188,249.51154547597605,247.29464835477967,249.30041102216592,18038900,MSFT
2021-06-16,247.0067596435547,250.0777717386489,244.16605075768612,248.9453365777258,27220000,MSFT
2021-06-17,250.38490295410156,251.20065113623295,245.69200057504625,245.7495800431851,27565500,MSFT
2021-06-18,248.97410583496094,251.7284306556283,248.32151911327628,249.16605688845348,37202200,MSFT
2021-06-21,252.04510498046875,252.89921966471243,247.5249425135717,249.3483600675383,26696100,MSFT
2021-06-22,254.80908203125,255.077795937688,251.82441004310962,252.13152001835851,24694100,MSFT
2021-06-23,254.57875061035156,256.0758752225199,253.77260884130868,255.26973345347702,19518700,MSFT
2021-06-24,255.94151306152344,257.054764738449,254.77068192610335,255.43287498640925,21446900,MSFT
2021-06-25,254.3388671875,256.4790018625834,254.0893659038927,255.50012154775695,25611100,MSFT
2021-06-28,257.88970947265625,258.06244785704735,255.1929639728323,255.46167788886962,19590000,MSFT
2021-06-29,260.46173095703125,260.70165518033133,257.1795839833562,258.0336989887395,19937800,MSFT
2021-06-30,259.9817810058594,260.42323320384054,258.7341872468465,259.7802529375048,21656500,MSFT
2021-07-01,260.6535339355469,260.88385168699796,258.7341412398324,258.74371828773735,16725300,MSFT
2021-07-02,266.45977783203125,266.79567752816956,261.5173457785115,261.82445574570187,26458000,MSFT
2021-07-06,266.4693603515625,268.1104333301389,263.24476455954283,266.8244434060529,31565600,MSFT
2021-07-07,268.64788818359375,269.3772670421519,265.97993254914314,268.13925010791996,23260000,MSFT
2021-07-08,266.23907470703125,267.49627505663517,263.791830519067,265.74001367275713,24618600,MSFT
2021-07-09,266.7381286621094,266.8436812511514,264.2237277535544,264.6076006127589,23916700,MSFT
2021-07-12,266.1431579589844,268.4943978499109,265.4329623197288,267.9089967844055,18931700,MSFT
2021-07-13,269.6556396484375,271.4502681264369,266.210331366787,266.33506735947253,26120100,MSFT
2021-07-14,271.1239318847656,272.2275772639754,269.24290521159406,270.97037689383615,23113700,MSFT
2021-07-15,269.7035217285156,271.1238831737116,268.5518741472632,270.63442855853714,22604200,MSFT
2021-07-16,269.4347839355469,272.64977296736697,268.1967672887934,270.70159030489407,26186800,MSFT
2021-07-19,265.8455505371094,269.0701168852298,263.38872971350867,267.6881515110027,32935600,MSFT
2021-07-20,268.0625,269.6459937608424,265.12583032349374,266.82448300692533,26259700,MSFT
2021-07-21,270.0587158203125,270.17387476827,266.11437541463516,267.6594734457759,24364300,MSFT
2021-07-22,274.6076965332031,274.87641050496023,271.99731968429404,272.40037599811654,23384100,MSFT
2021-07-23,277.995361328125,278.30244201944714,274.9531098439966,275.78804130305343,22768100,MSFT
2021-07-26,277.4004211425781,278.01464131386956,275.08757702056386,277.35244800503403,23176100,MSFT
2021-07-27,274.9914855957031,277.90894231723627,271.54617814543514,277.76499367762403,33604100,MSFT
2021-07-28,274.68438720703125,278.4559881617901,272.3906980646863,277.3427364892114,33566900,MSFT
2021-07-29,274.9531555175781,276.9877082127005,274.5500699423065,274.703624957285,18168300,MSFT
2021-07-30,273.42718505859375,275.1066542513288,272.46748837703086,273.676715567838,20944800,MSFT
2021-08-02,273.34088134765625,275.2122727524046,272.3043922822221,274.81879350419587,16267400,MSFT
2021-08-03,275.5481262207031,275.6537080927837,272.5538770462147,273.91665931799884,17879000,MSFT
2021-08-04,274.9626770019531,275.99913642366494,273.17762613038536,274.6843567927207,16191300,MSFT
2021-08-05,277.8514099121094,277.9569917907823,274.569263222689,275.31782556305,13900200,MSFT
2021-08-06,277.79376220703125,277.832158270537,276.0279240247651,276.88206803398026,16589300,MSFT
2021-08-09,276.7093811035156,279.79960614575214,276.2103492828426,278.0721635231256,16117600,MSFT
2021-08-10,274.8954772949219,277.5922222100292,273.7054629658678,277.1603470550717,18616600,MSFT
2021-08-11,275.38494873046875,277.0260217019049,274.33885367231096,275.6344499287566,13955900,MSFT
2021-08-12,278.1297302246094,278.283285228758,274.79958112166787,275.0779013971637,14561300,MSFT
2021-08-13,281.0472412109375,281.09521434057825,277.640299665323,277.8130673648045,18249000,MSFT
2021-08-16,282.7266845703125,282.93781903888737,278.3312568029692,281.3735085609403,22507600,MSFT
2021-08-17,281.26788330078125,281.6037829881996,279.34848998709674,280.60571955216835,20075300,MSFT
2021-08-18,279.54681396484375,283.47948483534077,279.1044871600753,280.80642126360254,21813000,MSFT
2021-08-19,285.35443115234375,286.0275166816487,277.53718447593633,277.5852494378773,29850500,MSFT
2021-08-20,292.6524658203125,294.0755466635113,286.5948135303095,288.190963446094,40817600,MSFT
2021-08-23,292.93133544921875,293.6524859694501,290.23905191116444,291.5851936801916,22830200,MSFT
2021-08-24,290.9793701171875,293.892816520206,290.3832238228718,293.2870454973741,18175800,MSFT
2021-08-25,290.3929138183594,292.87365880728834,288.86407816857775,292.5948057108051,20006100,MSFT
2021-08-26,287.5852355957031,290.79675602594824,287.4506360780136,289.41214454966746,17666100,MSFT
2021-08-27,288.1910400390625,289.29679853271193,285.4121920346945,287.4891094887722,22605700,MSFT
2021-08-30,291.9121398925781,292.5179110830092,289.47945974336733,289.5371494430567,16348100,MSFT
2021-08-31,290.2679138183594,292.7871284221074,289.9025261716433,292.7102186066526,26285300,MSFT
2021-09-01,290.2197570800781,293.450526164361,289.89283908325706,291.21976052803296,18983800,MSFT
2021-09-02,289.5658874511719,291.6908688555187,288.63319852540627,290.57551551059663,16285600,MSFT
2021-09-03,289.5563659667969,290.96019740569926,288.7102113426839,289.4121123902904,14747900,MSFT
2021-09-07,288.6332702636719,289.5082697285104,286.7294517158089,289.4313599194175,17180400,MSFT
2021-09-08,288.6621398925781,289.04674765844067,286.02754588554353,288.2486872778682,15046800,MSFT
2021-09-09,285.8160400390625,290.5179563470504,285.57565648982865,289.24872416460886,19927000,MSFT
2021-09-10,284.335205078125,288.38328426235665,284.01791177587137,286.9409832920089,19633400,MSFT
2021-09-13,285.56591796875,287.0563129863409,282.767851049367,286.1043745569801,23652900,MSFT
2021-09-14,288.25823974609375,289.79669976756344,286.63324519977493,288.0370763979121,21853400,MSFT
2021-09-15,293.0948181152344,293.57558514343583,290.2102159460255,291.594827334741,28356300,MSFT
2021-09-16,293.4794006347656,293.5659351711585,289.19096732817496,292.0755692493566,19550800,MSFT
2021-09-17,288.3351745605469,292.7870813462865,288.0082565459675,292.4697880609758,41372500,MSFT
2021-09-20,282.9794616699219,287.22945511957835,278.38333004418814,284.93137463486613,38278700,MSFT
2021-09-21,283.460205078125,286.09482813249366,282.7583040538949,284.3159844038209,22364100,MSFT
2021-09-22,287.0947570800781,288.67168664091787,283.18133670640134,285.3159429755358,26626300,MSFT
2021-09-23,288.0371398925781,289.32559200827507,286.08522692976766,287.3544589280449,18604600,MSFT
2021-09-24,287.8351745605469,288.26784720291187,285.50824964587054,286.7582613035244,14999000,MSFT
2021-09-27,282.8544616699219,285.0659780697312,281.67176431973326,284.7486847699523,23571700,MSFT
2021-09-28,272.61407470703125,279.5948200559048,271.8737041842086,278.65250629111523,43186200,MSFT
2021-09-29,273.0757141113281,275.7391532943879,272.1238046387394,274.13340760514626,26353700,MSFT
2021-09-30,271.07568359375,276.7583238245585,270.7872057817873,274.71987639892257,32343600,MSFT
2021-10-01,277.9794921875,278.8256468235506,270.4699138080857,271.26797413672585,30086300,MSFT
2021-10-04,272.21990966796875,276.68144205400307,269.4699361794418,276.3448992444517,31350700,MSFT
2021-10-05,277.6525573730469,279.22945781834716,273.12371126636924,273.12371126636924,24993000,MSFT
2021-10-06,281.8351745605469,282.3351909458261,274.52754072695535,274.78714430445336,28002600,MSFT
2021-10-07,283.5083312988281,285.229485530052,282.6141116407885,283.82562463617745,20430500,MSFT
2021-10-08,283.5083312988281,285.229485530052,282.46026266569163,284.82562830246127,17685700,MSFT
2021-10-11,282.91217041015625,286.50829832033395,281.489089470964,281.6525631685585,19298600,MSFT
2021-10-12,281.6140441894531,284.07556854608913,281.10443241273595,283.979409290472,17974100,MSFT
2021-10-13,284.912109375,285.8447984376841,282.20057671725624,283.5659677751689,23416300,MSFT
2021-10-14,291.1044006347656,291.60438772035315,286.37364073387175,287.7005622674281,27262900,MSFT
2021-10-15,292.50823974609375,292.7390278517721,288.9601770620516,290.71017592364666,25384800,MSFT
2021-10-18,295.46978759765625,296.3543824347761,291.04672538099135,291.89287998601975,22729300,MSFT
2021-10-19,296.3736572265625,297.4024763811832,295.4024984250073,296.48903662007575,17682100,MSFT
2021-10-20,295.585205078125,297.7871264122316,294.3351931255189,297.3159547433428,16537100,MSFT
2021-10-21,298.80633544921875,299.0563143524255,294.5755620879851,295.3544316768825,16918100,MSFT
2021-10-22,297.2678527832031,299.1236063471209,295.96015129406624,298.4601455444869,17449300,MSFT
2021-10-25,296.27752685546875,297.49866468087276,294.6717518892406,297.46019509805154,17554500,MSFT
2021-10-26,298.1812438964844,300.3831645978906,296.729347757345,299.03702309577824,28107300,MSFT
2021-10-27,310.7389221191406,313.5562093922769,303.8447111727647,303.8447111727647,52588700,MSFT
2021-10-28,311.87359619140625,312.37358336767323,308.9985892327168,311.8543467291355,26297900,MSFT
2021-10-29,318.8638610839844,319.22924865393935,311.4408183451514,311.6619817016203,34766000,MSFT
2021-11-01,316.700439453125,318.73888677742633,313.81583753903345,318.61388266615893,27073200,MSFT
2021-11-02,320.3158264160156,320.62352433879016,317.30622029819705,317.60429349098206,26487100,MSFT
2021-11-03,321.1523742675781,322.017749048064,317.93122931561726,321.05621499337065,21500100,MSFT
2021-11-04,323.49847412109375,323.59463338175044,316.83505110356475,320.08504044542997,23992200,MSFT
2021-11-05,323.13311767578125,325.75811609186775,321.556217155061,325.4888877422965,22570100,MSFT
2021-11-08,324.0273132324219,324.6619291544204,321.57541342152103,324.32538640649415,20897000,MSFT
2021-11-09,323.02734375,325.69078224022303,321.6619526233949,324.1426973147689,21307400,MSFT
2021-11-10,318.0754089355469,321.75810028088216,317.2292837348111,321.7004105931885,25500900,MSFT
2021-11-11,319.64276123046875,320.93121335247633,317.79663226365136,318.50815807964443,16849800,MSFT
2021-11-12,323.7677917480469,324.2581835720779,320.95050363021437,321.07550776917867,23831000,MSFT
2021-11-15,323.1427001953125,324.88307418193443,321.18116285112575,324.5561561818509,16723000,MSFT
2021-11-16,326.45037841796875,327.5657612448941,322.60424288113046,322.7676872089823,20886800,MSFT
2021-11-17,326.6719665527344,329.62928356256526,325.59308293416547,326.4985808420445,19053400,MSFT
2021-11-18,328.7430114746094,329.87971962558396,324.7453511615108,325.7664394516795,22463500,MSFT
2021-11-19,330.5155029296875,332.43247631359634,329.6389320213559,330.06278336471644,21963400,MSFT
2021-11-22,327.3559265136719,336.83475779834544,327.08620558426253,331.9701093321085,31031100,MSFT
2021-11-23,325.2848815917969,326.9899295843519,321.3161178127125,324.678002095964,30427600,MSFT
2021-11-24,325.50640869140625,325.74723199137054,321.6532358919778,323.93623607205905,21661300,MSFT
2021-11-26,317.5784912109375,325.5256600131003,316.0757561892276,322.07708333440075,24217200,MSFT
2021-11-29,324.2733459472656,326.58524340078264,322.4527079617969,322.6453783318279,28563500,MSFT
2021-11-30,318.4551086425781,325.3811893890692,316.9138335793029,323.0114962502423,42885600,MSFT
2021-12-01,317.9638366699219,326.8261467091806,317.29919134448687,322.82848542960454,33337600,MSFT
2021-12-02,317.3954772949219,321.2486502191634,315.76750938263973,318.1757424602907,30766000,MSFT
2021-12-03,311.1533203125,320.48763300351385,306.3561099885442,319.8036737217345,41779300,MSFT
2021-12-06,314.2165832519531,315.43034198292435,307.512071408828,312.05881608344686,30032600,MSFT
2021-12-07,322.6261291503906,323.4738023613807,317.9830494801912,319.46652904482426,31021900,MSFT
2021-12-08,322.6742858886719,323.184830047875,318.65734078900067,323.00180200991804,24761000,MSFT
2021-12-09,320.8729248046875,324.1384729979598,319.92888702095325,322.1348363640117,22214200,MSFT
2021-12-10,329.96636962890625,330.409476146995,322.5008493952642,322.6838774043945,38095700,MSFT
2021-12-13,326.9416809082031,331.1705518397965,326.6334200526802,328.17469493292174,28899400,MSFT
2021-12-14,316.28765869140625,322.3564229704473,312.2129182210804,320.9885338086704,44438700,MSFT
2021-12-15,322.3659973144531,322.886183766917,312.58857922136355,316.54769934976275,35381100,MSFT
2021-12-16,312.97393798828125,324.3986100132093,311.16294216598374,323.38713456911813,35034800,MSFT
2021-12-17,311.91436767578125,312.99328089634616,305.6048081398056,309.10156762210175,47750300,MSFT
2021-12-20,308.1670837402344,310.95098537340476,305.9129815266249,308.30192948085835,28326500,MSFT
2021-12-21,315.2762451171875,315.70009648431505,308.0611589340678,311.4230722504831,24740600,MSFT
2021-12-22,320.96923828125,321.3641625402389,313.7926936963985,316.24907907920306,24831500,MSFT
2021-12-23,322.4045715332031,324.04218156998655,320.5165252794348,320.5357805584728,19617800,MSFT
2021-12-27,329.8797912597656,329.9086888818995,323.1174537066625,323.1463513287964,19947000,MSFT
2021-12-28,328.7237243652344,331.1897520042874,327.82786896299206,330.55397511958915,15661500,MSFT
2021-12-29,329.3980407714844,331.6617557188024,327.2113469290697,328.7718768270416,15042000,MSFT
2021-12-30,326.86468505859375,330.5348301286834,326.3830384153024,329.3596111431574,15994500,MSFT
2021-12-31,323.9747314453125,326.90312120375734,323.5219825277928,326.08434561446063,18000800,MSFT
2022-01-03,322.46240234375,325.5931052791262,317.67483390975656,323.04038414975616,28865100,MSFT
2022-01-04,316.93304443359375,322.89583055126775,314.1491135080895,322.5393874417457,32674300,MSFT
2022-01-05,304.7666931152344,314.1010061399775,304.3813817326678,313.8986934112964,40054300,MSFT
2022-01-06,302.3584289550781,307.0015085378214,300.05614444176234,301.6552144415301,39646100,MSFT
2022-01-07,302.5126037597656,304.88229679267107,298.7075838733872,302.61855190067536,32720000,MSFT
2022-01-10,302.7341003417969,303.16759397911807,293.50576573261736,298.1295606763108,44289500,MSFT
2022-01-11,303.4180603027344,304.98820330544083,298.5149021278563,301.87678551872176,29386800,MSFT
2022-01-12,306.5872497558594,311.538589841844,305.44092874443083,307.93588346156525,34372200,MSFT
2022-01-13,293.6117858886719,309.10155860505483,292.8411630081282,308.7066048246282,45366000,MSFT
2022-01-14,298.81353759765625,299.4107746285059,292.6002852144012,293.0819317744249,39846400,MSFT
2022-01-18,291.5406799316406,298.4282204045511,290.6640795954702,292.9085692050015,42333200,MSFT
2022-01-19,292.1956787109375,302.3873360187906,291.58882876082123,295.0470474103309,45933900,MSFT
2022-01-20,290.52923583984375,300.21032076889657,290.0861291978272,297.725037240553,35380700,MSFT
2022-01-21,285.16363525390625,292.9470300221771,284.7590392453866,291.57917037846426,57984400,MSFT
2022-01-24,285.4912414550781,286.20406911697694,265.9171138006452,281.4743247041222,85731500,MSFT
2022-01-25,277.90045166015625,284.1618575908213,274.7023405114224,280.8192289411712,72848600,MSFT
2022-01-26,285.81866455078125,297.1758975203426,282.2737532824066,296.68460867157836,90428900,MSFT
2022-01-27,288.8338317871094,296.0199908832467,286.9939382332395,291.55032568742257,53481300,MSFT
2022-01-28,296.9447326660156,297.1566583183815,283.64165765387617,289.2094904507192,49743700,MSFT
2022-01-31,299.56488037109375,300.9134847485598,295.1240841669652,297.60939667442534,46444500,MSFT
2022-02-01,297.4263610839844,299.2277143206684,293.929602731659,299.0157886812132,40950400,MSFT
2022-02-02,301.953857421875,303.5529275513087,297.54198780490606,298.26445765509385,36636000,MSFT
2022-02-03,290.1920471191406,299.8057228648471,288.9493907856898,298.12957287633566,43730000,MSFT
2022-02-04,294.70989990234375,297.46490411870997,288.95903879189694,289.19021973386526,35096500,MSFT
2022-02-07,289.90301513671875,296.5400880483696,288.89153993542556,294.9314053394683,28533300,MSFT
2022-02-08,293.38055419921875,294.34384733210226,288.9397869673649,290.1920562811641,32421200,MSFT
2022-02-09,299.7864685058594,300.4800407856737,296.1067108242928,298.4956591456946,31284700,MSFT
2022-02-10,291.2804870605469,297.77307124782783,289.6621621813957,292.8795566663857,45386200,MSFT
2022-02-11,284.21002197265625,293.12048369685596,283.4201145266006,292.06085534207085,39175600,MSFT
2022-02-14,284.17144775390625,285.866852917156,280.65543402557785,282.9865867276755,36359500,MSFT
2022-02-15,289.4407043457031,289.75857816176847,286.11733109996294,288.99759771206277,27058300,MSFT
2022-02-16,289.1028747558594,290.42531057148676,283.4849086505779,288.0120979274478,29982100,MSFT
2022-02-17,280.6372985839844,286.49655572673316,279.93262997944396,286.0718280004565,32461600,MSFT
2022-02-18,277.9344787597656,283.65861124098427,276.37072190934305,282.876732815773,34264000,MSFT
2022-02-22,277.7317810058594,281.4191765053362,274.6235623555302,275.10620482012695,41736100,MSFT
2022-02-23,270.5404357910156,281.573666522266,270.37635382579157,280.10641436358,37811200,MSFT
2022-02-24,284.36328125,284.9135007247491,262.094151059809,263.0498031628359,56989700,MSFT
2022-02-25,286.9888000488281,287.29769823166265,281.5252849548205,284.89414868618945,32546700,MSFT
2022-02-28,288.41748046875,288.7553360718081,282.8284727085798,284.0929935575526,34627500,MSFT
2022-03-01,284.7107849121094,289.5565043668673,282.00796959435814,286.1104303022666,31217800,MSFT
2022-03-02,289.76885986328125,291.00442328606925,283.504170648304,285.10651756719705,31873000,MSFT
2022-03-03,285.64715576171875,292.6068524998791,283.8420480314748,292.37519352194875,27314500,MSFT
2022-03-04,279.79742431640625,285.3960935577323,277.20083543278474,284.0736581596549,32356500,MSFT
2022-03-07,269.2276306152344,279.6334012626767,268.8608176186458,278.5136671787281,43157200,MSFT
2022-03-08,266.2738952636719,274.10234312414246,260.6269716528933,268.1561834951562,48159500,MSFT
2022-03-09,278.4847106933594,279.5465300399745,271.03270963096804,273.6003711570887,35204500,MSFT
2022-03-10,275.6756896972656,276.6506367973392,270.83960329634476,273.194900626514,30628000,MSFT
2022-03-11,270.3473815917969,279.4596745025475,269.72958504143236,277.9634650523489,27209300,MSFT
2022-03-14,266.84332275390625,275.49226599874805,266.244850912999,270.6079274452205,30660700,MSFT
2022-03-15,277.18157958984375,277.8283334961411,269.0538964529326,270.6176534268287,34245100,MSFT
2022-03-16,284.1702880859375,284.34403232991673,273.3687457127895,279.07355459724573,37826300,MSFT
2022-03-17,284.97137451171875,285.34782025844737,279.32445264555935,283.1083819524722,30816600,MSFT
2022-03-18,290.0005798339844,290.55079938117666,282.56790264099095,285.1162398488807,43390600,MSFT
2022-03-21,288.7746276855469,289.7206174710808,284.662504677972,288.5140113733799,28351200,MSFT
2022-03-22,293.5045166015625,294.4118867402999,288.39815136686497,289.3923936093338,27599700,MSFT
2022-03-23,289.09320068359375,292.70338668332965,287.3846568062616,290.07781025541306,25715400,MSFT
2022-03-24,293.5431823730469,293.6397167673037,287.9638360996713,288.75537689115174,24484500,MSFT
2022-03-25,293.1376647949219,294.89449010379474,288.9000800753359,294.6338738271322,22566500,MSFT
2022-03-28,299.9140319824219,300.0105369064653,293.7651423882981,293.7651423882981,29578200,MSFT
2022-03-29,304.4605712890625,304.85634170771465,298.3213428484819,303.01264366587003,30393400,MSFT
2022-03-30,302.96429443359375,304.9817657302456,300.76344611358445,302.86778951334975,28163600,MSFT
2022-03-31,297.60699462890625,304.19990720218783,297.20159145457893,303.0029338565664,33422100,MSFT
2022-04-01,298.6784973144531,299.36384141537167,294.93318680550044,298.630215389613,27110500,MSFT
2022-04-04,304.0357666015625,304.17089116064096,298.9583589270999,299.3251718788428,24289600,MSFT
2022-04-05,300.0877380371094,303.9392148944746,299.11279097971965,302.3947533501223,23156700,MSFT
2022-04-06,289.1028747558594,296.34251268797607,286.4097211968266,294.5953490903449,40110400,MSFT
2022-04-07,290.90789794921875,293.1087462850132,286.06217848359114,286.36141443806906,31411200,MSFT
2022-04-08,286.6606140136719,290.6665398433151,285.99456517806084,290.01015328183416,24361900,MSFT
2022-04-11,275.3571472167969,282.4519668205672,275.10616374606843,281.66045568500346,34569300,MSFT
2022-04-12,272.2682189941406,280.6468837008444,270.7527148401565,279.1989565504998,30966700,MSFT
2022-04-13,277.63525390625,278.5619192143064,271.53464592371415,272.91502579688114,21907200,MSFT
2022-04-14,270.11566162109375,278.3012882088098,269.6233863517897,278.088924351685,28221600,MSFT
2022-04-18,270.7817077636719,272.65436281401867,268.67739376545774,269.2276132247998,20778000,MSFT
2022-04-19,275.395751953125,276.23557450537356,268.74495475070785,269.68128222004106,22297700,MSFT
2022-04-20,276.41900634765625,279.64308426283594,275.46338359699905,279.35348107967593,22906700,MSFT
2022-04-21,271.0616455078125,283.1180442640561,270.33768184591173,278.5618984401678,29454600,MSFT
2022-04-22,264.5170593261719,273.3687361378023,263.8896299394481,271.90148401826906,29405800,MSFT
2022-04-25,270.9748229980469,271.3512688528921,261.3702248757031,263.8027620781208,35678900,MSFT
2022-04-26,260.83929443359375,268.6966984296061,260.6269305710984,267.86656753140664,46518400,MSFT
2022-04-27,273.38800048828125,280.86895873505813,269.4689460085579,272.30688607431046,63477700,MSFT
2022-04-28,279.5754089355469,280.8785491561486,271.6890200719624,275.2895425636106,33646600,MSFT
2022-04-29,267.8858337402344,279.8167694826113,266.9012538247318,278.5908389029638,37073900,MSFT
2022-05-02,274.5946044921875,275.0482895864189,266.63100384066234,268.06926895596354,35151100,MSFT
2022-05-03,271.9980163574219,274.26644208441866,270.4245970349058,274.10233066665234,25978600,MSFT
2022-05-04,279.91326904296875,280.78201938485194,267.12324671624293,272.77980094120676,33599300,MSFT
2022-05-05,267.7217712402344,276.40933528615983,264.816254282709,275.6274568786791,43260400,MSFT
2022-05-06,265.1927795410156,269.5558574797056,261.85287196809537,265.26998938550594,37780300,MSFT
2022-05-09,255.39511108398438,262.9050277568733,254.17887192626353,260.68488387718264,47726000,MSFT
2022-05-10,260.14434814453125,264.24681003549324,255.86814199638223,262.2583249814684,39336400,MSFT
2022-05-11,251.50494384765625,261.9396702201162,250.29833784290227,256.4568596044713,48975900,MSFT
2022-05-12,246.48553466796875,250.85827461107095,241.3405637664361,248.74429806988636,51033800,MSFT
2022-05-13,252.05516052246094,253.90852028725288,246.48547786985057,248.41604745652157,34925100,MSFT
2022-05-16,252.42201232910156,256.59205034843524,246.9005812826205,250.9354652701601,32550900,MSFT
2022-05-17,257.55743408203125,259.0149948719592,253.34877480241332,256.872060300458,28828800,MSFT
2022-05-18,245.83084106445312,255.04176140596195,244.56337491481253,254.4612355715473,31356000,MSFT
2022-05-19,244.92135620117188,249.30429522500646,243.70226967132928,245.65667612599017,32692300,MSFT
2022-05-20,244.36013793945312,250.14599604692944,238.4388405626674,248.88818540090523,39199300,MSFT
2022-05-23,252.18751525878906,253.0099243599592,245.2019245791374,247.19505531377055,33175400,MSFT
2022-05-24,251.19094848632812,252.8454218843062,245.26965040786493,249.51713505523247,29043900,MSFT
2022-05-25,253.99679565429688,255.98991161054977,248.78180725280606,249.75902519728396,28547900,MSFT
2022-05-26,257.2671203613281,258.4378274860186,252.94224496283675,253.7549694604812,25002100,MSFT
2022-05-27,264.36883544921875,264.46559470141153,258.87325243529625,259.7633962179803,26910800,MSFT
2022-05-31,263.0432434082031,265.8490837513658,260.1986934699792,263.6818188562503,37827700,MSFT
2022-06-01,263.5754089355469,268.6742983008573,261.27267518128724,266.2651500668014,25292200,MSFT
2022-06-02,265.665283203125,265.73301762123407,253.10671973952768,255.86419557770878,44008200,MSFT
2022-06-03,261.2532958984375,264.5719571114333,259.6955816677973,261.5338887851949,28059000,MSFT
2022-06-06,260.0245056152344,265.27820295854366,258.5441812387559,263.2270376292287,22400300,MSFT
2022-06-07,263.6528015136719,264.26235216439045,257.30578597515415,257.9830710374571,22860700,MSFT
2022-06-08,261.63067626953125,264.1365839069745,260.8566319339603,262.88845771552224,17372300,MSFT
2022-06-09,256.1931457519531,263.8559928027338,256.03833688377534,259.08606081367157,26439700,MSFT
2022-06-10,244.77622985839844,252.11978854806873,244.33115809000796,252.11978854806873,31422800,MSFT
2022-06-13,234.39459228515625,240.93512629318718,233.6882971691395,237.15206786424903,46135800,MSFT
2022-06-14,236.5521697998047,237.76158615878145,233.66891057036807,235.94261923059773,28651500,MSFT
2022-06-15,243.5861358642578,247.01121141715927,238.41951248541616,240.24814951336052,33111700,MSFT
2022-06-16,237.0166015625,239.38705487358806,235.12991483585378,237.99380474825406,33169200,MSFT
2022-06-17,239.6095733642578,242.3670486857971,236.10710816342058,236.75535358790026,43084800,MSFT
2022-06-21,245.50186157226562,246.4790647181553,241.40918580520898,242.13483565226932,29928300,MSFT
2022-06-22,244.9116973876953,248.82054000260254,242.24129615723362,243.71195083753238,25939900,MSFT
2022-06-23,250.45565795898438,250.94910939467707,245.3954776548155,247.2724946346494,25861400,MSFT
2022-06-24,259.00860595703125,259.2795140264686,253.2227477629766,253.30982219314234,33923200,MSFT
2022-06-27,256.2899475097656,259.58921056194794,254.73220331491711,259.5021360954201,24615100,MSFT
2022-06-28,248.1529083251953,258.2442718055391,247.99809948086303,255.40940681520112,27295500,MSFT
2022-06-29,251.8101806640625,253.46465404099425,247.45626683639776,249.22685422747804,20069800,MSFT
2022-06-30,248.4915313720703,251.10388274506582,244.68913309560924,248.70438985080898,31730900,MSFT
2022-07-01,251.15225219726562,251.33608586530872,246.3436258304713,248.06584848912598,22837700,MSFT
2022-07-05,254.3161163330078,254.44190037764724,246.46942121872016,247.84331663869565,22941000,MSFT
2022-07-06,257.56695556640625,259.2891631514389,253.88065714267475,255.18683261782502,23824400,MSFT
2022-07-07,259.6858825683594,260.324457968474,256.4156159102422,256.5123751272476,20859900,MSFT
2022-07-08,258.9699401855469,259.3956571562315,254.74182482043682,256.19312462228805,19658800,MSFT
2022-07-11,255.9222412109375,257.8766478364502,253.66787209945863,257.0252138128929,19455200,MSFT
2022-07-12,245.43414306640625,257.3057794671245,243.8570592390129,257.2477298377406,35868500,MSFT
2022-07-13,244.51498413085938,245.3180384343123,240.05465562247608,242.06712638955372,29497400,MSFT
2022-07-14,245.83084106445312,246.85642391031848,237.95512128406688,242.4348047942675,25102800,MSFT
2022-07-15,248.3850860595703,251.91657579073376,246.49839956260107,247.4175530084699,29774100,MSFT
2022-07-18,245.9953155517578,252.3713557823353,245.07616196648328,251.3167481398981,20975000,MSFT
2022-07-19,251.1038818359375,251.28771549994482,245.4438068994524,249.2171803481861,25012600,MSFT
2022-07-20,253.75491333007812,256.2705054721165,250.50401605859645,251.46186444630638,22788300,MSFT
2022-07-21,256.241455078125,256.2898494477531,248.68502415287526,251.35542487841855,22404700,MSFT
2022-07-22,251.90701293945312,256.7156557119676,250.658915958702,256.6285812384347,21881300,MSFT
2022-07-25,250.42662048339844,253.00994727720533,248.47221392948006,252.5261806476122,21056000,MSFT
2022-07-26,243.72158813476562,251.44251309723307,241.46724894665664,251.42314353761344,39348000,MSFT
2022-07-27,260.0148620605469,261.28232818719346,250.4459740907152,252.68097341491003,45994000,MSFT
2022-07-28,267.4358215332031,268.81938674780196,259.17308078267786,260.9920476929204,33459300,MSFT
2022-07-29,271.625244140625,272.8443453449876,267.64869711004144,268.6839646557535,32152800,MSFT
2022-08-01,268.9839172363281,272.14774020428075,266.8843571782586,268.8000835642348,21539600,MSFT
2022-08-02,265.8975524902344,268.86788729804124,263.53676848634376,267.03923488629255,22754200,MSFT
2022-08-03,273.29913330078125,274.295691421878,267.62937279083735,267.7745264077172,23518900,MSFT
2022-08-04,274.4408264160156,274.5859505118883,271.07382928467115,272.6508838288538,18098700,MSFT
2022-08-05,273.724853515625,274.4408187197017,269.6321769661417,270.0869188049732,16774600,MSFT
2022-08-08,271.2189025878906,276.63709419104765,270.25136942756865,274.8277823787597,18739200,MSFT
2022-08-09,273.1345520019531,273.8892265551152,268.59681990449013,270.56094022517334,23405200,MSFT
2022-08-10,279.7719421386719,280.4008328998237,277.6240169581476,278.8140935874834,24687800,MSFT
2022-08-11,277.7013244628906,281.7552902911237,277.20790268722305,281.4069925671231,20065900,MSFT
2022-08-12,282.4326171875,282.4326171875,277.62397604955174,279.1139854304459,22619700,MSFT
2022-08-15,283.9420166015625,284.62895702029766,280.69108915504796,281.55220801909235,18085700,MSFT
2022-08-16,283.2066650390625,284.49350086788803,280.9910350330185,282.5100398793754,18102900,MSFT
2022-08-17,282.4600524902344,284.42831264174936,280.6663108728771,280.9280886741136,18253400,MSFT
2022-08-18,281.3450622558594,283.0321341039528,280.28818642679033,281.36444334293145,17186200,MSFT
2022-08-19,277.4472961425781,280.45302156557796,276.87524340040335,280.1136602196925,20570000,MSFT
2022-08-22,269.30279541015625,273.86954199957296,268.7889154719794,273.5010941968334,25061100,MSFT
2022-08-23,268.0325927734375,270.3789763942887,267.0242141584032,268.0325927734375,17527400,MSFT
2022-08-24,267.4023132324219,268.7985203899036,266.7429718156846,267.0338655673313,18137000,MSFT
2022-08-25,270.3692932128906,270.5341064037505,266.170965672793,268.89550229541334,16583400,MSFT
2022-08-26,259.9365539550781,271.813993730699,259.82991359676106,270.59230474229855,27549300,MSFT
2022-08-29,257.1634521484375,259.26743839872523,255.82541797075896,257.76459107709115,20338500,MSFT
2022-08-30,254.9722900390625,258.9281919093527,252.73254647605063,258.55977371104024,22767100,MSFT
2022-08-31,253.517822265625,258.98627557878825,253.38206593185268,257.3186149485775,24791800,MSFT
2022-09-01,252.48040771484375,252.95552538819916,247.64217884234645,250.99694103030285,23263400,MSFT
2022-09-02,248.2724151611328,256.68842221316766,246.7307755662362,253.74089939007345,22855400,MSFT
2022-09-06,245.54786682128906,249.98856152174304,244.27771043015858,248.408159830305,21328200,MSFT
2022-09-07,250.24069213867188,250.95817701237237,245.5188084309381,246.95379297306187,24126700,MSFT
2022-09-08,250.65757751464844,252.50949191714798,247.041022768642,249.67831493374948,20319900,MSFT
2022-09-09,256.4169006347656,257.16350136081496,252.37374050442193,252.57734543450854,22084700,MSFT
2022-09-12,258.5403137207031,259.31600091262334,257.09563886057305,257.69677794091064,18747700,MSFT
2022-09-13,244.32618713378906,252.48040101382477,243.93834353048703,250.96784794774865,33353300,MSFT
2022-09-14,244.54920959472656,246.49807394155667,242.26098391432333,245.8193660691324,23913000,MSFT
2022-09-15,237.917236328125,243.75413876662034,236.59859756302296,242.1737221928397,31530900,MSFT
2022-09-16,237.29666137695312,237.83962757802746,234.69816125002947,236.8312490948442,39791800,MSFT
2022-09-19,237.0833740234375,237.68451311918642,233.5249921595804,235.09571807800603,26826900,MSFT
2022-09-20,235.07632446289062,236.10408413767027,232.35178783208616,234.70789152713547,26660300,MSFT
2022-09-21,231.68275451660156,240.1278617486554,231.634272219412,236.84096320739502,28625600,MSFT
2022-09-22,233.65106201171875,236.44347719720534,230.34478171455967,230.6356459674454,31061200,MSFT
2022-09-23,230.68409729003906,233.79647753038185,228.04681992346752,232.25482322354088,34176000,MSFT
2022-09-26,230.22840881347656,234.10675645335732,229.69513305404854,229.84057996737735,27694200,MSFT
2022-09-27,229.22003173828125,234.44610429031408,227.36811729613822,232.68144911431068,27018700,MSFT
2022-09-28,233.73831176757812,234.95998588678188,227.5911198226186,229.60786226959718,29029700,MSFT
2022-09-29,230.27688598632812,232.6523709038743,227.28086605201818,231.6246111693645,27484200,MSFT
2022-09-30,225.8167724609375,233.224415436406,225.65194447106404,231.0428450141116,35694800,MSFT
2022-10-03,233.4183349609375,234.26187075492425,227.52324535563076,228.25043546623195,28880400,MSFT
2022-10-04,241.31080627441406,242.7457908263603,237.52940827026438,237.63606342718273,34888400,MSFT
2022-10-05,241.62106323242188,242.95909794804967,236.6761787000421,238.5086974304911,20347100,MSFT
2022-10-06,239.28433227539062,242.72636855289312,238.59593389672287,240.38966069294162,20239900,MSFT
2022-10-07,227.11607360839844,233.98075162795365,226.0786083739815,233.5735120517378,37769600,MSFT
2022-10-10,222.27780151367188,227.42630569411762,219.83443833161004,225.9622347703348,29743600,MSFT
2022-10-11,218.55458068847656,222.0935668585732,217.29411479408543,220.69735939369207,30474000,MSFT
2022-10-12,218.88427734375,220.93010661857468,217.14872302753585,218.54491595711028,21903900,MSFT
2022-10-13,227.11607360839844,228.91950609484704,212.46561284010025,213.1637166925787,42551800,MSFT
2022-10-14,221.60877990722656,230.02480190806705,221.3954696052538,228.37649233923707,30198600,MSFT
2022-10-17,230.30596923828125,231.6924861628052,227.98865719878884,228.64798396705297,28142300,MSFT
2022-10-18,231.2464599609375,236.5113093692739,228.21164843552518,235.84230688122926,26329600,MSFT
2022-10-19,229.2878875732422,232.3226990610641,227.1644900654512,229.83085382652337,19985700,MSFT
2022-10-20,228.9679412841797,233.97101325567382,227.72687123159972,228.59950832135635,21811000,MSFT
2022-10-21,234.75633239746094,235.6095734471352,227.3680863100955,227.60079244947556,26299700,MSFT
2022-10-24,239.73036193847656,240.30241466092306,233.96132282043843,236.34649831848267,24911200,MSFT
2022-10-25,243.03665161132812,243.40508456640856,238.3535451916917,239.74004733273168,34775500,MSFT
2022-10-26,224.28485107421875,231.05256356203466,223.06316209926047,224.13940416091688,82543200,MSFT
2022-10-27,219.85385131835938,226.58278743700097,218.9133507487669,224.0133730210549,40424600,MSFT
2022-10-28,228.69647216796875,229.40428130297192,219.17513588708474,219.35935977716164,40647700,MSFT
2022-10-31,225.07020568847656,227.77534655596756,224.11999990021067,226.65062223193135,28357300,MSFT
2022-11-01,221.23062133789062,228.57040061346953,220.41617196573657,227.4650722384831,30592300,MSFT
2022-11-02,213.40606689453125,224.2654364159978,213.34787925724922,222.48140020209192,38407000,MSFT
2022-11-03,207.73399353027344,213.70665239090863,207.4722009244926,213.3963774811355,36633900,MSFT
2022-11-04,214.65684509277344,214.8507595155396,206.93892679101333,210.93363491466297,36789100,MSFT
2022-11-07,220.93971252441406,221.4632976178109,214.55013983985893,215.23855289385293,33498000,MSFT
2022-11-08,221.90931701660156,224.60476702569903,218.97147031751535,221.7444890427756,28192500,MSFT
2022-11-09,217.6819610595703,221.67666935840754,217.50744250984388,220.45498033143147,27852900,MSFT
2022-11-10,235.59024047851562,235.92960183972272,227.85294051339187,228.2698558137152,46268000,MSFT
2022-11-11,239.5946044921875,240.44784564522814,234.5721369704996,235.59991144789905,34620200,MSFT
2022-11-14,234.20370483398438,236.491930374749,231.9348751725974,234.63032541196574,31123300,MSFT
2022-11-15,234.6109161376953,239.48793649488397,232.72991540292844,238.1886937504624,31390100,MSFT
2022-11-16,235.03872680664062,237.05143476413045,233.76499097023776,236.06938283193108,24093300,MSFT
2022-11-17,234.99012756347656,236.51667602662837,231.05224616268976,231.19808812700944,23123500,MSFT
2022-11-18,234.54286193847656,236.99311072037338,232.4134803048627,236.76946659991202,27613500,MSFT
2022-11-21,235.3498992919922,237.8973712159803,234.51370406585946,234.74705121223045,26394700,MSFT
2022-11-22,238.24740600585938,238.5196542333606,234.04699418411522,236.84726378647278,19665700,MSFT
2022-11-23,240.72683715820312,241.40745776618633,237.5084623404124,238.32520706999225,19508500,MSFT
2022-11-25,240.6392822265625,241.8157801407715,239.9003101451617,240.46425705702578,9200800,MSFT
2022-11-28,235.06790161132812,239.82254225297007,234.1344834195783,239.26832798344634,24778200,MSFT
2022-11-29,233.67750549316406,236.069402727706,231.61619326885713,234.71787945747192,17956300,MSFT
2022-11-30,248.07754516601562,248.2622882065125,233.22050747543122,233.9108607052224,47594200,MSFT
2022-12-01,247.63999938964844,249.03040883628205,243.97435155588244,246.84269045988094,26041500,MSFT
2022-12-02,247.9608612060547,248.9720667058495,242.778397783122,242.90480403425175,21528500,MSFT
2022-12-05,243.2742919921875,246.79409803519974,241.19352923147437,245.0341875954859,23435300,MSFT
2022-12-06,238.33489990234375,244.8883372658951,237.03199561292425,243.87713173110765,22463700,MSFT
2022-12-07,237.6056671142578,239.3461270027659,235.5054686619729,238.0529405287907,20481500,MSFT
2022-12-08,240.55178833007812,241.85470746474556,236.33192613856002,238.06265330165112,22611800,MSFT
2022-12-09,238.62660217285156,241.43660437225947,237.40148518904434,237.92653108598594,20609700,MSFT
2022-12-12,245.5203399658203,245.5495083577721,240.32815848858516,240.6004067044122,30665100,MSFT
2022-12-13,249.8082733154297,256.61450802590645,246.06483829010176,254.44622542877917,42196900,MSFT
2022-12-14,250.09996032714844,255.32130998655228,247.27050773018283,250.01245515480875,35410900,MSFT
2022-12-15,242.1172332763672,247.16357301987648,240.49346176051932,246.69686389132764,35560400,MSFT
2022-12-16,237.91680908203125,242.92424748334844,236.7694646066407,241.6699621291789,86102000,MSFT
2022-12-19,233.794189453125,238.42243914772908,232.1023632453267,238.08212143380248,29696400,MSFT
2022-12-20,235.10682678222656,236.18610187706696,231.8203825618914,232.7732513908985,25150800,MSFT
2022-12-21,237.6640167236328,238.82107914890844,233.463604755998,234.99987114249353,23690600,MSFT
2022-12-22,231.5967254638672,235.2915415960275,227.396299165475,234.5817378584511,28651700,MSFT
2022-12-23,232.12176513671875,232.2578892351766,227.46436256281203,229.57429350711575,21207000,MSFT
2022-12-27,230.40078735351562,232.3162427208361,229.30206179925912,232.09261343652005,16688600,MSFT
2022-12-28,228.0380401611328,233.08437961165026,227.6880046259404,230.33271426152407,17457100,MSFT
2022-12-29,234.3386688232422,235.2234829457409,229.12703678909463,229.12703678909463,19770700,MSFT
2022-12-30,233.18162536621094,233.3177494769252,230.1090927684712,231.6161906747891,21938500,MSFT
2023-01-03,232.94825744628906,238.9474656895386,230.82859367762717,236.35137496373926,25740000,MSFT
2023-01-04,222.75836181640625,226.42399496515415,219.70527974958796,225.85033012794412,50623400,MSFT
2023-01-05,216.15628051757812,221.25123850297186,215.62150198648686,220.9109208459828,39585600,MSFT
2023-01-06,218.7037811279297,219.51080795719037,213.2782522890228,216.82721193090404,43613600,MSFT
2023-01-09,220.83314514160156,224.8391105735464,220.14280677677522,220.18169301907503,27369800,MSFT
2023-01-10,222.51528930664062,224.90718660058684,221.03735973961676,221.45544993887123,27033900,MSFT
2023-01-11,229.2437286376953,229.41873899259986,224.71271707723938,224.88772743214392,28669300,MSFT
2023-01-12,231.90786743164062,233.25939064495995,227.09488993594465,228.74782975392716,27269500,MSFT
2023-01-13,232.60797119140625,232.7440953170416,228.41727685604286,230.4397030343515,21333300,MSFT
2023-01-17,233.69692993164062,234.24142631977972,230.52715978632344,231.38280544563565,29831300,MSFT
2023-01-18,229.28260803222656,235.67075285086767,229.0006419678325,234.883176604496,30028700,MSFT
2023-01-19,225.50999450683594,229.00063185867876,224.2945954552454,227.3087910377556,28623000,MSFT
2023-01-20,233.570556640625,234.07616685941196,228.0186065956563,228.35892430446629,35389800,MSFT
2023-01-23,235.865234375,238.3835379806386,233.01633090813738,234.42620586269453,31934000,MSFT
2023-01-24,235.34014892578125,237.19728228703622,233.78444699997308,235.78742231675506,40234400,MSFT
2023-01-25,233.94973754882812,236.56527872989417,224.50851101400366,227.98941574229838,66526600,MSFT
2023-01-26,241.1351776123047,241.43659421049372,235.30126202491022,236.90558287687787,33454500,MSFT
2023-01-27,241.290771484375,242.91454300523202,239.9975849790759,242.0977983186481,26498900,MSFT
2023-01-30,235.99163818359375,238.80164053803622,235.49574581512883,237.74180116090332,25867400,MSFT
2023-01-31,240.95042419433594,241.0865482920522,236.22495217873632,236.71111179006792,26541100,MSFT
2023-02-01,245.75369262695312,248.11642130402413,238.6752096108031,241.13517614830616,31259900,MSFT
2023-02-02,257.275634765625,257.36313992217566,250.12908358575305,251.65563166439156,39940400,MSFT
2023-02-03,251.1986846923828,256.88675825123045,249.9832856273653,252.35574697610576,29077300,MSFT
2023-02-06,249.6624298095703,251.15007723406973,247.72752379068612,250.31389683270552,22518000,MSFT
2023-02-07,260.1536865234375,261.33018428309043,252.88072923877118,253.31828468692478,50841400,MSFT
2023-02-08,259.3467102050781,269.09907056810056,258.8410852318201,265.63761659917793,54686000,MSFT
2023-02-09,256.3227844238281,266.39602683122865,255.5254755531628,266.22098682274134,42375100,MSFT
2023-02-10,255.81719970703125,256.77978626583,253.44473837157508,254.2906513684381,25818500,MSFT
2023-02-13,263.8097229003906,266.9989295409681,259.7551376978075,260.2315944105398,44630900,MSFT
2023-02-14,264.6361999511719,267.35868256455376,261.82618247447147,265.1223596801926,37047900,MSFT
2023-02-15,262.5209045410156,263.89531203662176,259.46016095211655,261.54614998360546,28922400,MSFT
2023-02-16,255.53196716308594,260.006088165567,255.28827846089968,257.35475389589425,29603600,MSFT
2023-02-17,251.54518127441406,253.52393201360653,249.53718908576167,252.84162161049076,30000100,MSFT
2023-02-21,246.29124450683594,249.04005963500097,245.2385077475541,248.0555479638784,28397400,MSFT
2023-02-22,245.16055297851562,247.91911060638247,244.0200917469653,247.6754219276689,22491100,MSFT
2023-02-23,248.33827209472656,250.35600669518152,244.1565658834327,249.108321803698,29219100,MSFT
2023-02-24,242.92835998535156,244.66342210762315,241.8366395147742,243.649683795455,24990900,MSFT
2023-02-27,243.8446502685547,246.43750145661366,243.09408495125825,246.08658915391715,21190000,MSFT
2023-02-28,243.12330627441406,245.14105556625483,242.4507231771338,242.7821510664902,22491000,MSFT
2023-03-01,240.05284118652344,244.59518672884,239.58494822729267,244.4294802167035,27565300,MSFT
2023-03-02,244.77064514160156,245.05331745079246,239.4094944705545,240.32576623774196,24808200,MSFT
2023-03-03,248.84512329101562,249.16679413004076,245.04358587267618,245.82339261513917,30760100,MSFT
2023-03-06,250.38522338867188,253.55317601638902,249.51769234094775,249.9563289608396,24109800,MSFT
2023-03-07,247.73390197753906,251.18454195758378,246.99309375726955,249.82961864090797,21473200,MSFT
2023-03-08,247.29527282714844,248.11406323334165,244.47823224326854,247.62668586676327,17340200,MSFT
2023-03-09,245.9500732421875,253.00728660905767,245.228749526429,249.36171414009513,26653400,MSFT
2023-03-10,242.3142547607422,246.40822131411622,241.34925717678098,244.74139919259653,28333900,MSFT
2023-03-13,247.5096893310547,251.39896558800064,239.52644667781433,241.15428509526765,33339700,MSFT
2023-03-14,254.206298828125,254.47922896742975,249.40075019061067,250.26828132059583,33620300,MSFT
2023-03-15,258.7389221191406,259.7526754623926,252.66618887408737,253.41676912459158,46028000,MSFT
2023-03-16,269.227294921875,269.57819238070647,256.63344947737914,258.5147191528132,54768800,MSFT
2023-03-17,272.37567138671875,276.1772083863334,269.3441988521381,271.23522516040924,69527400,MSFT
2023-03-20,265.3574523925781,270.47491398328793,263.0375317119125,269.9875366889346,43466600,MSFT
2023-03-21,266.8683166503906,268.05751846766043,262.7158524815854,267.9405526736913,34558700,MSFT
2023-03-22,265.4159851074219,273.9450893595406,265.30874661401754,266.497948625342,34873300,MSFT
2023-03-23,270.650390625,273.9645506194871,268.25250241830935,270.92332074814243,36610900,MSFT
2023-03-24,273.4869689941406,273.5454519039974,268.33050762928787,270.24101876130743,28172000,MSFT
2023-03-27,269.4026794433594,274.3544196920251,268.56437502402,273.41866361100745,26840200,MSFT
2023-03-28,268.28173828125,269.1687685997756,265.18199582572424,268.8275985161655,21878600,MSFT
2023-03-29,273.4284362792969,274.0425364680911,271.3814455656998,271.9175487241211,25087000,MSFT
2023-03-30,276.87908935546875,277.2787423935812,274.3739921244632,277.05456782750633,25053400,MSFT
2023-03-31,281.02178955078125,281.96730287180225,275.8556011455048,276.5671828397676,32766000,MSFT
2023-04-03,279.9788513183594,280.9925749626686,276.78165654264745,279.2867539444378,24883300,MSFT
2023-04-04,279.9300842285156,283.11755155269356,278.45822466702356,279.9788398181857,25824300,MSFT
2023-04-05,277.1617126464844,279.90077062602654,275.7775778065867,278.63360157573726,22064800,MSFT
2023-04-06,284.2384338378906,284.70629698554035,274.9100256186965,276.0602288528665,29770300,MSFT
2023-04-10,282.0842590332031,282.28894917802717,277.52238471849756,281.90878059048885,23103000,MSFT
2023-04-11,275.68988037109375,278.76038171504166,274.52994955434735,278.53617740745267,27276600,MSFT
2023-04-12,276.3332214355469,279.7643772791171,274.84184782081707,277.60042049037634,27403400,MSFT
2023-04-13,282.5229187011719,282.5814016075444,276.02132104979927,276.43070139440715,24222700,MSFT
2023-04-14,278.9163513183594,281.1972739689878,276.5281901717606,279.75462616341997,20987900,MSFT
2023-04-17,281.5091857910156,284.2385171903197,278.93584848287077,282.6106635193612,23836200,MSFT
2023-04-18,281.0899963378906,284.39442891149264,279.76434427989847,284.2092231464568,20161800,MSFT
2023-04-19,281.1680603027344,281.75288943980496,277.3567651079787,278.77014185211067,17150300,MSFT
2023-04-20,278.88702392578125,281.7333204424285,277.88302787911294,278.0487492496202,23244400,MSFT
2023-04-21,278.54583740234375,279.04294193709495,275.91398852390586,277.81477157468265,21676400,MSFT
2023-04-24,274.6566467285156,277.75638957147896,271.6836565150722,274.9685754009273,26611000,MSFT
2023-04-25,268.4670104980469,274.4909887047074,268.4182549042338,272.45375451172964,45772200,MSFT
2023-04-26,287.9132385253906,292.0072194183814,285.3399020547386,289.2096786986015,64599200,MSFT
2023-04-27,297.13446044921875,297.4951446738083,287.79632356423065,288.4981481341887,46462600,MSFT
2023-04-28,299.503173828125,301.1309977099639,295.65288041191343,296.335220680939,36469600,MSFT
2023-05-01,297.84600830078125,300.80927056527844,297.44635535169203,299.2204158338492,21294100,MSFT
2023-05-02,297.6998291015625,301.3746435203023,296.237697087883,299.9905085390908,26404400,MSFT
2023-05-03,296.7153015136719,300.8190101503688,296.41312996008793,298.87925796823623,22360800,MSFT
2023-05-04,297.6998291015625,299.9905085390908,295.74056268414336,298.5088623937183,22519900,MSFT
2023-05-05,302.8075866699219,304.094270204725,296.58864599886385,298.00205242307055,28197100,MSFT
2023-05-08,300.8580322265625,302.36891985995953,298.3626625741606,302.30067989163814,21318600,MSFT
2023-05-09,299.2496643066406,302.21292664070313,298.5770812481338,300.22441891350263,21340800,MSFT
2023-05-10,304.4256591796875,305.0982423493034,299.90281252520236,300.82881170640417,30078000,MSFT
2023-05-11,302.2811279296875,303.26563957263573,298.52834660179957,302.27140061196803,31680200,MSFT
2023-05-12,301.1699523925781,302.8075331032812,298.8597885779878,302.71005168658775,19774700,MSFT
2023-05-15,301.6476135253906,302.07650801921994,299.8248268001941,301.2967160743426,16336500,MSFT
2023-05-16,303.87005615234375,305.7903243255261,302.0082708882203,302.0082708882203,26730300,MSFT
2023-05-17,306.7420349121094,307.1620885056331,303.55737876771076,305.0715691203483,24315000,MSFT
2023-05-18,311.1576232910156,311.6656229362175,306.468583842939,307.2598588771496,27276000,MSFT
2023-05-19,310.9817199707031,311.3822465947649,309.05725438357535,309.4186972410466,27546700,MSFT
2023-05-22,313.7561340332031,315.13354641281757,310.6594231373723,311.23578210832846,24115700,MSFT
2023-05-23,307.97296142578125,315.26051959828607,307.9631830299581,312.63269496953484,30797200,MSFT
2023-05-24,306.59552001953125,309.18426063109985,305.384161727715,307.4551840291494,23384900,MSFT
2023-05-25,318.3865661621094,319.3438949651791,312.6033903237595,315.7684901108892,43301700,MSFT
2023-05-26,325.19549560546875,325.69368704113634,316.3937458917175,316.53049438764276,36630600,MSFT
2023-05-30,323.5542907714844,327.9795816142876,322.8802372817965,327.4813902004807,29503100,MSFT
2023-05-31,320.7994689941406,328.1749431768424,319.76394285514135,324.6093167826368,45950600,MSFT
2023-06-01,324.892578125,325.8206313081567,317.21427212946173,318.396295279445,26773900,MSFT
2023-06-02,327.6474304199219,329.6988961808169,324.86330044529166,326.5240179212979,25873800,MSFT
2023-06-05,328.1749572753906,330.734392827561,326.924544875392,327.47159843712996,21307100,MSFT
2023-06-06,325.9671936035156,327.61813272213266,324.49211655757586,327.5790489490728,20396200,MSFT
2023-06-07,315.9052429199219,326.7584266923508,315.04557889593144,323.9840754044963,40717100,MSFT
2023-06-08,317.7417907714844,319.08989754628954,315.8759358684607,316.4522947423508,23277700,MSFT
2023-06-09,319.2364807128906,322.36249701135495,316.9114880172706,317.4780685960809,22529000,MSFT
2023-06-12,324.17950439453125,324.4237258036258,317.6441371021866,320.9850692837771,24260300,MSFT
2023-06-13,326.5631103515625,329.1909351194717,322.7532623015664,326.7389426125968,22951300,MSFT
2023-06-14,329.5426025390625,331.2033200737011,325.1173117243528,326.61194558065387,26003800,MSFT
2023-06-15,340.0538024902344,341.7535734902933,329.4057579437553,329.6792846542496,38899100,MSFT
2023-06-16,334.4172058105469,343.3459537429244,334.04601435643656,343.19942687785715,46552000,MSFT
2023-06-20,330.23614501953125,334.17299255500126,328.09676330100183,331.4670303403785,26375400,MSFT
2023-06-21,325.84991455078125,329.92354007257114,324.39436474233247,328.5949603328218,25117800,MSFT
2023-06-22,331.8577880859375,332.2583147464339,325.6350317853251,326.3970013361719,23556800,MSFT
2023-06-23,327.2761535644531,330.1481991797799,325.7424660612822,326.6314055883412,23146900,MSFT
2023-06-26,321.004638671875,328.34102981665524,320.8971657453209,326.00628855643646,21520600,MSFT
2023-06-27,326.8365783691406,328.38004429209786,321.68837287006505,324.18919728458985,24354100,MSFT
2023-06-28,328.08697509765625,330.1677458174573,326.0941204884159,326.9244790599475,20259500,MSFT
2023-06-29,327.3054504394531,328.3409466072507,324.9316260064178,326.97331297168574,16997000,MSFT
2023-06-30,332.66864013671875,334.8080220472076,329.4058457163647,329.94312088694005,26832800,MSFT
2023-07-03,330.17755126953125,333.02029191600536,328.7903904255227,331.3498259032752,12508700,MSFT
2023-07-05,330.3338928222656,333.75299276532775,326.99296042986884,327.34462497130613,18172400,MSFT
2023-07-06,333.3817138671875,335.0619581701481,327.7450950952517,329.5034771232006,28161200,MSFT
2023-07-07,329.42535400390625,333.8897282258727,329.2104379854344,331.4768196689225,21214800,MSFT
2023-07-10,324.159912109375,327.4813467591402,320.017927004541,326.86590410565805,32791400,MSFT
2023-07-11,324.7851867675781,325.1661566846007,319.4416208471581,323.4077743662795,26698200,MSFT
2023-07-12,329.40582275390625,333.75294560855826,327.91118903960694,328.8196854554752,29995300,MSFT
2023-07-13,334.7395935058594,335.79461674267833,331.1837159282275,331.711242452727,20567200,MSFT
2023-07-14,337.25994873046875,343.3068725083686,336.35145234816736,339.55563567406386,28352700,MSFT
2023-07-17,337.73858642578125,338.9694417077602,334.2901822956243,337.6897242704499,20363900,MSFT
2023-07-18,351.1805419921875,358.3020452926389,334.2609086018875,337.83628312548785,64738600,MSFT
2023-07-19,346.87249755859375,354.0819174710134,344.29353528638507,353.38833709875524,39732900,MSFT
2023-07-20,338.852294921875,349.6957307761419,337.3869665581141,345.3974402048797,33778400,MSFT
2023-07-21,335.8239440917969,342.20300571747845,331.97501253322577,341.07959326630163,69405400,MSFT
2023-07-24,337.1329345703125,338.9011247209187,334.3976671440658,337.85585009967554,26678100,MSFT
2023-07-25,342.8672180175781,343.75618723020204,337.09382223812423,339.0866468126257,41637700,MSFT
2023-07-26,329.96258544921875,336.7031188576935,325.4102957060048,333.54776814346803,58383700,MSFT
2023-07-27,323.0755920410156,333.4403334728924,321.4441800463063,332.61000460063315,39635300,MSFT
2023-07-28,330.54876708984375,332.1508737419497,325.46897998950345,325.95742277677743,28484900,MSFT
2023-07-31,328.1553955078125,329.89425053304086,325.6545411607463,329.13228102338303,25446000,MSFT
2023-08-01,328.5657043457031,330.7148646247149,325.98674182307207,327.44229185029457,18311900,MSFT
2023-08-02,319.9300231933594,325.9183364890345,318.8163593371292,325.9183364890345,27761300,MSFT
2023-08-03,319.10943603515625,322.25500868577666,318.415855644904,318.46468799733185,18253700,MSFT
2023-08-04,320.20361328125,327.3935079785558,319.67608662333714,324.20885086044973,23741500,MSFT
2023-08-07,322.47967529296875,323.45656084506595,319.94954529049863,320.77990397221754,17741500,MSFT
2023-08-08,318.5135192871094,321.151122177393,315.5340303066097,319.4024887084689,22327600,MSFT
2023-08-09,314.7818298339844,319.5490060989431,313.62908227048086,318.9238148724649,22373300,MSFT
2023-08-10,315.46563720703125,320.6724537793776,313.75608752866935,318.4842099187915,20113700,MSFT
2023-08-11,313.5900573730469,314.9576912566164,311.8316453980151,312.8573931698293,24355500,MSFT
2023-08-14,316.5500183105469,316.56954529016974,312.6815298680751,313.9612774318456,18836100,MSFT
2023-08-15,314.4203186035156,317.5756691585243,313.48251697268347,315.5339822625221,16966300,MSFT
2023-08-16,313.65679931640625,317.59221281010525,313.06942104679297,314.04837487104845,20698900,MSFT
2023-08-17,310.2109069824219,315.09587723168505,309.5549947446499,313.7938817302348,21257200,MSFT
2023-08-18,309.8193359375,311.679342341884,304.99307058455463,307.8711973932979,24755000,MSFT
2023-08-21,315.1056823730469,315.9769357985516,310.3675491383052,311.23880256380994,24040000,MSFT
2023-08-22,315.6734313964844,319.21723934340076,314.6944776045053,318.6494592891844,16084600,MSFT
2023-08-23,320.11785888671875,322.2715689700199,316.65235443460534,317.0047933006437,21166400,MSFT
2023-08-24,313.23583984375,325.97203798658785,313.2260407459276,325.84476921608996,23281400,MSFT
2023-08-25,316.1825256347656,318.5124107055097,312.0904758312742,314.70429575926823,21684100,MSFT
2023-08-28,316.8873291015625,319.2857477751521,314.94898999316615,318.8060700154935,14808500,MSFT
2023-08-29,321.4982604980469,322.056271402599,315.1056925945481,315.1056925945481,19284600,MSFT
2023-08-30,321.8702697753906,322.86879202505213,319.57952117301215,321.7528000842896,15222100,MSFT
2023-08-31,320.8619079589844,323.9456064626788,319.9025224771531,322.27160382501023,26411000,MSFT
2023-09-01,321.74298095703125,325.00288418337306,319.9025429102048,324.33720272503615,14942000,MSFT
2023-09-05,326.530029296875,327.8026871669536,321.74296073160247,322.07580143984785,18553900,MSFT
2023-09-06,325.8741760253906,327.4209100280818,323.23098856949474,326.3636529709045,17535800,MSFT
2023-09-07,322.9667053222656,326.0699726529211,322.10522105530004,324.31766657043397,18381000,MSFT
2023-09-08,327.23486328125,329.08510023164433,322.52609807587226,323.1428437260037,19530100,MSFT
2023-09-11,330.8276672363281,331.29757584054045,328.37048350695864,330.1423875895978,16583300,MSFT
2023-09-12,324.7875671386719,329.70193547979426,324.50369198075106,328.7523488775512,17565500,MSFT
2023-09-13,328.98724365234375,329.76062559468676,324.2001746396606,324.33721264984047,16544400,MSFT
2023-09-14,331.5716552734375,333.68616913545833,329.4864789543326,332.01216654665086,20267000,MSFT
2023-09-15,323.2701416015625,330.29902307578516,322.71213073688756,329.829144347891,37679800,MSFT
2023-09-18,322.1345520019531,323.4463465779978,319.4913646526402,320.90106058890035,16834200,MSFT
2023-09-19,321.733154296875,322.45760041034737,317.6803011768475,319.30536803908217,16505900,MSFT
2023-09-20,314.01904296875,322.6534238453553,313.7645352608611,322.57512067569024,21436500,MSFT
2023-09-21,312.8051452636719,318.50266425545,308.3704851953978,312.540838460042,35560400,MSFT
2023-09-22,310.3381652832031,314.68472270748657,309.49624944861836,314.5574539286877,21447900,MSFT
2023-09-25,310.85699462890625,310.9842634015669,308.3704436389246,309.9269765789233,17836000,MSFT
2023-09-26,305.5706787109375,309.23195666524725,303.49527138826676,308.4977412546043,26297600,MSFT
2023-09-27,306.2069396972656,307.68513948600474,303.17217721742753,305.7272320635668,19410100,MSFT
2023-09-28,307.0390930175781,308.84036447643473,302.9372740873856,304.4448414726015,19683600,MSFT
2023-09-29,309.1046447753906,312.74635389934775,308.3508611473558,311.06255226407086,24147300,MSFT
2023-10-02,315.0273742675781,315.11550641477425,308.5467037935523,309.6235591310726,20570000,MSFT
2023-10-03,306.79437255859375,314.6260036436558,304.6602303826851,314.0777619824239,21033500,MSFT
2023-10-04,312.2471008300781,313.3043876816742,307.3914982671209,307.420865686593,20720100,MSFT
2023-10-05,312.638671875,313.24564832750764,308.27254628304615,312.3743651035606,16965600,MSFT
2023-10-06,320.3724365234375,322.2618102249638,309.6430811517103,309.8878196065806,25673600,MSFT
2023-10-09,322.8785705566406,323.3484492911128,316.37830256029935,317.9152672966711,19891200,MSFT
2023-10-10,321.4786376953125,324.131594004222,320.7737897972471,323.99452613848536,20557100,MSFT
2023-10-11,325.4238586425781,325.8154342155564,322.21289114367397,324.2393029495446,20063200,MSFT
2023-10-12,324.1903381347656,326.6083551720829,321.8016885159057,323.6127589882386,19313100,MSFT
2023-10-13,320.8325500488281,326.8041445225291,319.49135820401887,325.3846793916084,21072400,MSFT
2023-10-16,325.6391296386719,329.06546713129114,323.64205599217775,324.0825671731964,22158000,MSFT
2023-10-17,325.0714111328125,326.4419405397074,320.51928173209353,322.65339394249423,18338500,MSFT
2023-10-18,323.1624450683594,328.5271229876209,321.3905409680336,325.4923600401383,23153600,MSFT
2023-10-19,324.3470458984375,329.7900277391559,323.9456711740835,325.1595645719213,25052100,MSFT
2023-10-20,319.7948913574219,324.93439945615916,318.60056637565555,324.7385967213242,25027700,MSFT
2023-10-23,322.3891296386719,325.7273662724693,317.56289372065373,318.62015086662296,24374700,MSFT
2023-10-24,323.5736389160156,324.8560661648909,320.7053110922139,324.32742268148115,31153600,MSFT
2023-10-25,333.5002136230469,338.9138270951405,330.51438652342347,337.7586388732426,55053800,MSFT
2023-10-26,320.98919677734375,334.4400133073603,320.0591786565096,333.37295718073534,37828500,MSFT
2023-10-27,322.8686828613281,329.6332557895816,321.48835470698214,323.47562931033997,29856500,MSFT
2023-10-30,330.2109375,332.3059131853902,324.8462593748241,326.393023266436,22828100,MSFT
2023-10-31,330.99407958984375,331.865362876774,327.64607407506094,331.71852577091533,20265300,MSFT
2023-11-01,338.7865905761719,340.1081843444484,332.5016932588563,332.6387611479277,28158800,MSFT
2023-11-02,340.9892578125,341.4885040275744,337.51395325496594,339.9319707829099,24348100,MSFT
2023-11-03,345.375,346.93156333392443,340.0201197931759,342.2717321840224,23637700,MSFT
2023-11-06,349.0263671875,350.0151200008031,345.91330154053924,346.0112028872033,23828300,MSFT
2023-11-07,352.9422607421875,354.83163466533523,350.10330030774577,351.83603801636735,25833900,MSFT
2023-11-08,355.55609130859375,356.2119737336277,352.96183940642334,354.06806216465225,26767800,MSFT
2023-11-09,353.0988464355469,357.11256296700316,352.77577495327927,354.6749477041347,24847300,MSFT
2023-11-10,361.8899230957031,362.3108661279153,353.4709130749397,353.8820570074666,28042100,MSFT
2023-11-13,358.9627685546875,360.715104203908,358.19918579348337,360.4703657564029,19986500,MSFT
2023-11-14,362.47723388671875,364.1218990717547,359.61870535436486,363.20168005612413,27683900,MSFT
2023-11-15,362.6243591308594,366.0184055463694,360.11312341587404,364.203659277244,26860100,MSFT
2023-11-16,369.0005187988281,369.17708096054344,363.1246629725075,363.88979560921166,27182300,MSFT
2023-11-17,362.8009338378906,367.2347751466243,360.00524677898665,366.4892506146671,40157000,MSFT
2023-11-20,370.2462463378906,371.6489843017366,363.9289860715847,364.1447942149405,52465100,MSFT
2023-11-21,365.9595947265625,369.0495522871196,364.0467481750121,368.5100468166504,28423100,MSFT
2023-11-22,370.6484680175781,372.5514954656195,367.8233538705503,370.7956031427492,23345300,MSFT
2023-11-24,370.2364807128906,370.766197129462,367.99014782412655,370.1383806452385,10176600,MSFT
2023-11-27,371.3939514160156,373.3852898149662,369.02991062580026,369.59884307126106,22179200,MSFT
2023-11-28,375.406005859375,375.7002760855908,370.9525268417298,371.1389079636444,20453100,MSFT
2023-11-29,371.6294250488281,376.97553440384473,370.24629493974936,376.44584793002184,28963400,MSFT
2023-11-30,371.6882629394531,372.8457658390955,368.313824366715,371.2762546529022,30554400,MSFT
2023-12-01,367.37213134765625,370.95255911244834,364.23310896058763,369.57924804408185,33040500,MSFT
2023-12-04,362.1044616699219,362.47719398696046,355.98337139108264,362.06521566015255,32063300,MSFT
2023-12-05,365.4200744628906,365.9693989437116,358.65158858882313,359.46578625799856,23065000,MSFT
2023-12-06,361.77093505859375,367.04840106048385,361.0156214613024,366.4206145498899,21182100,MSFT
2023-12-07,363.8799743652344,364.3704447283438,359.3382140130918,361.21181439248187,23118900,MSFT
2023-12-08,367.09747314453125,367.3230703614092,361.2118285564288,362.1633422956095,20154400,MSFT
2023-12-11,364.22332763671875,364.51762785490314,359.1224531501872,361.4570971757964,27708800,MSFT
2023-12-12,367.2445983886719,367.28384440026525,363.3992975227853,363.7818787799653,24838300,MSFT
2023-12-13,367.2347717285156,370.44246703468053,363.7033791572921,368.8533179256787,30955500,MSFT
2023-12-14,358.9556579589844,366.63644114858533,357.18997650221536,366.19500581642444,43277500,MSFT
2023-12-15,363.6641845703125,365.30233890168853,359.29898614385536,359.858129570657,78502300,MSFT
2023-12-18,365.5475158691406,365.8908510731517,361.65318041229204,362.4085238483028,21802900,MSFT
2023-12-19,366.1460266113281,366.1460266113281,362.7911954085196,364.4097419801442,20603700,MSFT
2023-12-20,363.5562744140625,368.8631677330293,363.46799333439736,367.852799906723,26316700,MSFT
2023-12-21,366.42059326171875,367.2740068711911,362.98730085105643,365.45926060979707,17708000,MSFT
2023-12-22,367.4407653808594,368.02933580590116,365.606411005962,366.55792471126443,17107500,MSFT
2023-12-26,367.519287109375,369.7558309565617,366.38139217856946,367.852803392138,12673100,MSFT
2023-12-27,366.94049072265625,367.9116124252774,365.7044958750045,366.56772847108294,14905400,MSFT
2023-12-28,368.1274719238281,369.2849749136942,367.02882298863733,368.2157530058411,14327000,MSFT
2023-12-29,368.8729553222656,369.9716041347207,366.3617494835299,368.83370931155366,18730800,MSFT
2024-01-02,363.8015441894531,368.735675683701,359.77968054105025,366.7345478799601,25258600,MSFT
2024-01-03,363.5365905761719,366.1458961517721,361.48642832447126,361.9768986220819,23083500,MSFT
2024-01-04,360.9273681640625,365.98902639400353,360.17205450864094,363.6053473830013,20901500,MSFT
2024-01-05,360.740966796875,364.96881910463645,359.5147908390338,361.93771572916546,21004600,MSFT
2024-01-08,367.5487060546875,368.04899543580075,361.9769695664422,362.26142084093584,23134000,MSFT
2024-01-09,368.627685546875,368.82385571015396,364.115352688409,364.91973118486953,20830000,MSFT
2024-01-10,375.47467041015625,376.8480113734613,369.14762069750896,369.1966557593691,25514200,MSFT
2024-01-11,377.29925537109375,383.2339350900792,373.1302570741052,378.64313944413783,27850800,MSFT
2024-01-12,381.0661315917969,381.2721208089887,377.3189299826169,378.14291678732616,21661200,MSFT
2024-01-16,382.8317565917969,386.52010359232963,380.2322694497991,386.15716028479716,27202300,MSFT
2024-01-17,382.0469970703125,382.67478358686355,377.47580955942465,380.58540492477397,22234100,MSFT
2024-01-18,386.3631286621094,386.48083676243556,382.68460084723523,384.2541120354354,23392100,MSFT
2024-01-19,391.0716552734375,391.0716552734375,386.0001785110236,388.21711414753673,29331100,MSFT
2024-01-22,388.9528503417969,392.9845027036078,386.0884900033909,392.39593223013395,27016900,MSFT
2024-01-23,391.2972412109375,391.7681035262422,386.42196470997874,388.2072839775827,20525900,MSFT
2024-01-24,394.8875427246094,397.89903829237466,392.81777191847715,393.8869938433054,24867000,MSFT
2024-01-25,397.1535339355469,399.252761812522,394.85813584184393,396.6140284196201,21021200,MSFT
2024-01-26,396.2314147949219,398.4287425690661,394.7600035777077,396.6630311468464,17803300,MSFT
2024-01-29,401.9110412597656,402.16609543170915,396.62375630100183,398.3207945584323,24510200,MSFT
2024-01-30,400.8026123046875,405.17760004808207,398.70341448382425,404.4026783420674,33477600,MSFT
2024-01-31,390.0024108886719,407.4043201802484,389.639467600293,399.20363992935813,47871100,MSFT
2024-02-01,396.0842590332031,400.2238302394902,394.1419855506921,394.17141257606636,30657700,MSFT
2024-02-02,403.3824462890625,404.78518434173446,395.86843674032343,396.113671921669,28256700,MSFT
2024-02-05,397.9185791015625,403.32357180404665,396.2902139876251,402.0875769731937,25352300,MSFT
2024-02-06,397.7617492675781,400.1944936802195,395.2309347054774,398.14433061986455,18382600,MSFT
2024-02-07,406.1584777832031,406.4037129539298,399.6352282290594,399.6744742384372,22340500,MSFT
2024-02-08,406.2174072265625,407.63978345515557,404.66753383171147,406.158553169539,21225300,MSFT
2024-02-09,412.5346374511719,412.79951062359436,407.17870911735395,407.3356632361391,22032800,MSFT
2024-02-12,407.345458984375,412.72099505038886,406.84516963028506,412.54443290280494,21202900,MSFT
2024-02-13,398.5758361816406,402.25436384146246,395.7016870880575,397.22213321307663,27824900,MSFT
2024-02-14,402.4282531738281,402.77222335184723,397.59311635632974,401.03275815392834,20401200,MSFT
2024-02-15,399.5487365722656,402.0744232742021,397.31789426635277,401.1015057472966,21825500,MSFT
2024-02-16,397.0919189453125,401.2489827226472,396.48261574205486,400.92465682975353,22296500,MSFT
2024-02-20,395.84381103515625,397.51447618664315,391.1462443294289,396.2860326967427,24307900,MSFT
2024-02-21,395.2443542480469,395.3524728813638,390.3698983938528,393.269037314301,18518900,MSFT
2024-02-22,404.5509948730469,405.710638303165,401.52412337910727,403.1161813071161,27009900,MSFT
2024-02-23,403.2635498046875,408.688344814685,401.9171806983302,408.5016490183945,16295900,MSFT
2024-02-26,400.51190185546875,405.05222425854834,400.3349831970826,404.3642838981377,16193500,MSFT
2024-02-27,400.4529113769531,401.2784217577938,396.8855068799419,400.9540958991776,14835800,MSFT
2024-02-28,400.688720703125,402.24145982917673,398.330115579024,401.14077943734895,13183100,MSFT
2024-02-29,406.5067138671875,407.05705416129825,398.9198455368932,401.59293981884394,31947300,MSFT
2024-03-01,408.33465576171875,408.6982702714908,403.7943329800158,404.1775917906704,17823400,MSFT
2024-03-04,407.76458740234375,410.1526740907754,405.2094192211678,406.3100996705869,17596000,MSFT
2024-03-05,395.7061767578125,407.10613735676765,393.73086019090937,406.82113009418805,26919200,MSFT
2024-03-06,395.1558837890625,398.17294829822555,391.5197089331465,396.02071283324057,22344100,MSFT
2024-03-07,402.0843505859375,402.713298120837,395.3033178435415,399.11641162004844,18718500,MSFT
2024-03-08,399.214599609375,403.3421811822811,397.3571789041796,400.9245831223799,18002200,MSFT
2024-03-11,397.5439453125,398.68394443475927,394.34018518419236,396.7970720878644,16120800,MSFT
2024-03-12,408.118408203125,408.4034154899357,399.7748296289143,400.5905029088669,22457000,MSFT
2024-03-13,407.9415283203125,410.96839994406946,404.3544792559954,410.88979275530687,17115900,MSFT
2024-03-14,417.8869934082031,420.4421618629372,410.7816654727546,412.99286375239626,34157300,MSFT
2024-03-15,409.23870849609375,415.31212509375916,405.67130428358104,412.0592095701896,45079900,MSFT
2024-03-18,410.1231689453125,413.47436582893783,406.644209161319,407.10610503657034,20106000,MSFT
2024-03-19,414.1427307128906,414.39825657466935,408.383771616104,410.62445150569954,19837900,MSFT
2024-03-20,417.89678955078125,418.6141812833587,413.40559339888034,414.72248109059194,17860100,MSFT
2024-03-21,421.96539306640625,423.3903994195494,419.79351351352574,422.4174518440492,21296200,MSFT
2024-03-22,421.34625244140625,422.446932938044,418.7223141130456,422.2897185739193,17648500,MSFT
2024-03-25,415.56768798828125,420.03924040543956,414.3392444656493,417.9066492539799,18060500,MSFT
2024-03-26,414.3785705566406,418.6437229454669,414.0837561023913,418.2702713092194,16725600,MSFT
2024-03-27,414.1623229980469,417.13026150811925,411.78407332169564,417.1204243635022,16705000,MSFT
2024-03-28,413.4645690917969,414.5947310272611,411.89215553357553,413.70042062857715,21871200,MSFT
2024-04-01,417.2481994628906,420.5109524938084,414.9387197575333,416.6388963047316,16316000,MSFT
2024-04-02,414.17218017578125,415.0959720756304,410.6342569413904,412.8650995128624,17912000,MSFT
2024-04-03,413.19927978515625,415.960818454912,411.86271762245,412.49169510873463,16502300,MSFT
2024-04-04,410.6735534667969,421.27748545517426,410.36890189824567,417.66092523693425,19370900,MSFT
2024-04-05,418.1817932128906,419.1547408159618,411.10597696046364,412.76683489834704,16554800,MSFT
2024-04-08,417.26788330078125,419.91149627913853,416.00012113110665,417.8378979159273,14272400,MSFT
2024-04-09,418.9287414550781,420.3635551563133,414.3491001983128,419.08598583198443,12496900,MSFT
2024-04-10,415.9607849121094,416.7174952724338,412.4621804028437,414.90923013212864,16216600,MSFT
2024-04-11,420.5502624511719,421.96543178968227,415.076310912024,418.4766641791292,17966400,MSFT
2024-04-12,414.62420654296875,417.8476407951663,412.53093421008157,416.7371231732088,19253800,MSFT
2024-04-15,406.5067138671875,419.4594150607099,406.30031376342345,419.2432078029309,20273500,MSFT
2024-04-16,407.4304504394531,411.18458077665684,406.59513289625886,407.4206432860486,16765600,MSFT
2024-04-17,404.7377014160156,411.6563030616971,403.2537321874578,410.054408065017,15855500,MSFT
2024-04-18,397.29827880859375,404.78689570186344,396.98382006074763,403.54861503604855,21029900,MSFT
2024-04-19,392.237060546875,398.4873961854359,390.9103356715456,397.0623898394721,30565800,MSFT
2024-04-22,394.04534912109375,395.9027700554988,388.9252051027742,393.18052011404563,20286900,MSFT
2024-04-23,400.5413818359375,401.16052215978465,396.10914808184776,397.26879155025864,15734500,MSFT
2024-04-24,402.00567626953125,405.3568737379943,399.76499652417516,402.4970536697523,15065300,MSFT
2024-04-25,392.158447265625,392.9937947660836,381.338308328151,387.23483657897395,40586500,MSFT
2024-04-26,399.31292724609375,405.8777219430486,398.7625869715763,405.0620486762338,29694700,MSFT
2024-04-29,395.3131103515625,399.31292950505053,392.30588312333157,398.2613746922827,19582100,MSFT
2024-04-30,382.615966796875,395.2247294459339,382.4587523991471,394.5662704413335,28781400,MSFT
2024-05-01,388.1291809082031,394.7922572147303,383.57902141142335,385.8393454420747,23562500,MSFT
2024-05-02,390.97918701171875,393.0331410549717,387.84419663220166,390.8022983361386,17709400,MSFT
2024-05-03,399.6470642089844,400.12860445610875,394.92982324925293,395.3425934548566,17446700,MSFT
2024-05-06,406.4084167480469,406.7916755135943,399.36205183771864,401.7108501382599,16996600,MSFT
2024-05-07,402.2808837890625,407.51898415720547,402.03519506612554,407.50914701107223,20018200,MSFT
2024-05-08,403.46014404296875,405.1210019721616,399.6961765499289,401.1310200807253,11792300,MSFT
2024-05-09,405.20947265625,405.60256858412407,402.04500095122404,403.48965172941627,14689700,MSFT
2024-05-10,407.5877380371094,408.2167155386998,404.6984363706866,405.81879129865774,13402300,MSFT
2024-05-13,406.5853271484375,411.13548678399485,403.7353441559508,410.80135374265615,15440200,MSFT
2024-05-14,409.3763732910156,410.2903281379281,404.45276171039177,404.9146577068904,15109300,MSFT
2024-05-15,416.5338134765625,417.25252925056685,410.81371203905996,411.43396907005973,22239500,MSFT
2024-05-16,414.47613525390625,418.83761399416454,413.84605341031005,415.273599957198,17530100,MSFT
2024-05-17,413.708251953125,416.37634285020215,411.56198942365705,416.00221762948183,15352200,MSFT
2024-05-20,418.75885009765625,420.16671696584166,413.4916228836326,413.7082200976142,16272100,MSFT
2024-05-21,422.4016418457031,426.27082729608003,418.2764696581723,420.22581467067795,21453300,MSFT
2024-05-22,423.85870361328125,425.719474725285,420.5211715226864,423.4353640639669,18073700,MSFT
2024-05-23,420.3931884765625,426.89107515061806,418.83764844643395,426.2708180980622,17211700,MSFT
2024-05-24,423.5043029785156,424.39037161476875,417.84327052223153,420.58025544710625,11855300,MSFT
2024-05-28,423.6618347167969,424.1540984130066,419.99939161518114,422.98250841239616,15718000,MSFT
2024-05-29,422.52960205078125,424.2722045863308,419.10343616970863,419.10343616970863,15517100,MSFT
2024-05-30,408.25396728515625,417.7349403773821,407.8305976923989,417.7349403773821,28394500,MSFT
2024-05-31,408.70684814453125,410.3017776619535,398.2511723788605,410.3017776619535,47995300,MSFT
2024-06-03,407.12176513671875,409.9867435149057,402.5929630717942,409.1006748520027,17484700,MSFT
2024-06-04,409.63232421875,409.99659455099004,403.341179685009,406.04863004617806,14348900,MSFT
2024-06-05,417.4494934082031,417.5183874951578,409.8587651411263,411.3454112041521,16988000,MSFT
2024-06-06,417.9515686035156,418.7293536763162,414.0725281736093,417.44948005128595,14861300,MSFT
2024-06-07,417.29193115234375,419.6843254469309,416.45507688003147,419.60557647742206,13621700,MSFT
2024-06-10,421.2497253417969,421.45646767892094,417.33132559781046,418.12879037210877,13982900,MSFT
2024-06-11,425.98529052734375,426.1231387794062,418.67025946007556,418.89671156901073,14551100,MSFT
2024-06-12,434.2356262207031,436.5394165910894,426.54647009815636,428.58444890305617,22366200,MSFT
2024-06-13,434.74761962890625,436.52964196122593,432.57182236972,434.0289338170149,15960600,MSFT
2024-06-14,435.7222900390625,436.2834778568933,429.96279885352675,431.49865916361745,13582000,MSFT
2024-06-17,441.43255615234375,443.96279884211964,433.90092737019853,435.7419888452348,20790000,MSFT
2024-06-18,439.4339904785156,443.1752129183503,438.00644366410285,442.7518432687409,17112500,MSFT
2024-06-20,438.8038330078125,439.6209774531351,434.442354200725,439.39452535605096,19877400,MSFT
2024-06-21,442.82073974609375,443.6083496603445,439.60134591371855,440.45787995794916,34187100,MSFT
2024-06-24,440.7433776855469,445.74476346815527,439.50286359400394,442.84039572999666,15913700,MSFT
2024-06-25,443.97265625,444.4353853435752,439.83762902888526,441.3144201727987,16413400,MSFT
2024-06-26,445.1639099121094,446.5816317625772,441.25533495755695,442.05279974277113,16507000,MSFT
2024-06-27,445.8432312011719,449.1118693221635,444.7799248025884,445.18358463488477,14806300,MSFT
2024-06-28,440.03448486328125,448.3340427180204,439.50283171327214,446.0597870787558,28362300,MSFT
2024-07-01,449.6631774902344,450.293259356771,438.76445275458883,441.7180347396165,17662800,MSFT
2024-07-02,452.1737365722656,452.4789376582484,446.09918938158694,446.18782328625804,13979800,MSFT
2024-07-03,453.6407165527344,453.8868484229565,450.79544775657115,451.1006488720151,9932800,MSFT
2024-07-05,460.32562255859375,461.10340760685847,451.8685359116121,452.4986178155469,16000300,MSFT
2024-07-08,459.02606201171875,460.4634937005408,457.27360437796756,459.33126311315795,12962300,MSFT
2024-07-09,452.4297790527344,460.0992267008215,450.9135982789983,459.77434584343274,17207200,MSFT
2024-07-10,459.0359191894531,459.24266153927346,451.76024698147666,454.0837473649462,18196100,MSFT
2024-07-11,447.6646728515625,457.5886969775325,444.56338714463874,455.8165594696292,23111200,MSFT
2024-07-12,446.53240966796875,449.2989293786312,443.6772860929006,447.3003398715442,16324300,MSFT
2024-07-15,446.93609619140625,450.18505497376174,444.4452428142979,446.2863044349352,14429400,MSFT
2024-07-16,442.564697265625,447.27073651725266,439.7489636336777,447.1919875539024,17175700,MSFT
2024-07-17,436.6576232910156,437.96706168336215,432.38477757281146,435.74201993255645,21778000,MSFT
2024-07-18,433.5563049316406,437.770080793845,427.67867544192785,437.4648797185402,20794800,MSFT
2024-07-19,430.34674072265625,434.31441483454387,425.3158203253179,426.39880643244663,20940400,MSFT
2024-07-22,436.0865478515625,437.72086686190295,432.1189038234256,434.95434740544323,15808800,MSFT
2024-07-23,437.9670104980469,441.45224583194545,436.24408758502966,437.0316974699668,13107100,MSFT
2024-07-24,422.2638244628906,434.6491968195245,420.9740958851319,433.6351347306288,26805800,MSFT
2024-07-25,411.92626953125,423.14987619224735,411.05005574464656,422.1653487650477,29943800,MSFT
2024-07-26,418.68994140625,422.28349032231534,410.8137224917234,411.7293557750341,23583800,MSFT
2024-07-29,420.1274108886719,425.46353285919287,418.12882136064246,424.9023450000168,15125800,MSFT
2024-07-30,416.3763732910156,422.4115014796213,410.90237288373,421.10209315676275,32687600,MSFT
2024-07-31,411.8770446777344,415.2539664560443,405.8320320070505,413.9937725831716,42891400,MSFT
2024-08-01,410.6562194824219,420.8460843318748,406.69843005351635,414.27930323794226,30296400,MSFT
2024-08-02,402.1695861816406,408.5788691410044,398.08380349930894,406.10769576372263,29437900,MSFT
2024-08-05,389.0359802246094,394.8348607957488,379.61404618021845,383.1485258419234,40709200,MSFT
2024-08-06,393.4269714355469,399.39323499306323,392.3341604668248,393.81095153508136,24946500,MSFT
2024-08-07,392.2652893066406,403.73502880977026,391.32015130804484,402.3173368345742,20650900,MSFT
2024-08-08,396.4593811035156,399.58031645092876,393.75193048039444,396.21324922868644,20203000,MSFT
2024-08-09,399.73779296875,401.73638233312255,396.03599047899144,397.77859311198716,19276700,MSFT
2024-08-12,400.5155944824219,402.43543495594565,397.98535182009545,400.76172633567404,16762900,MSFT
2024-08-13,407.6042175292969,408.52967573215994,403.23291326546496,403.2525929980432,19414300,MSFT
2024-08-14,410.4100646972656,411.25677385836923,406.0683254390975,408.3819407203729,18267000,MSFT
2024-08-15,415.2626953125,415.34158622213624,411.9388626649199,414.0495331175792,20752100,MSFT
2024-08-16,412.7377624511719,415.5684441235936,411.5837759699612,414.83859034033384,22775600,MSFT
2024-08-19,415.75579833984375,415.9727859407596,410.7552409684263,413.22099547904133,15234000,MSFT
2024-08-20,418.9810485839844,420.0265262237166,415.86436096713305,415.92353667507666,16387600,MSFT
2024-08-21,418.33013916015625,420.55916118279697,415.9432751081222,418.2709333493598,16067300,MSFT
2024-08-22,409.8577575683594,420.94381179948715,408.9306313403218,418.54707521874735,19361900,MSFT
2024-08-23,411.08074951171875,413.5169162438492,406.4451188555861,411.26814926800137,18493800,MSFT
2024-08-26,407.82598876953125,411.56408163461276,405.7054455704439,410.6665432369522,13152800,MSFT
2024-08-27,408.17120361328125,408.68406980179446,404.6303831532702,407.2046168469379,13492900,MSFT
2024-08-28,404.9756164550781,409.3153393341326,401.7306743732061,409.1969879073614,14882700,MSFT
2024-08-29,407.4610595703125,416.26872882049446,404.975589475056,409.2561363555491,17045200,MSFT
2024-08-30,411.426025390625,411.7712070065085,406.48464280287084,409.9071119024553,24308300,MSFT
2024-09-03,403.8314514160156,414.1284456363182,401.45446023053216,412.18542969380115,20313600,MSFT
2024-09-04,403.2988586425781,405.6068015782242,398.830912042889,400.3498254636215,15135800,MSFT
2024-09-05,402.7958679199219,407.4413416778363,400.5668158804491,402.0363961545014,14195500,MSFT
2024-09-06,396.197509765625,405.0248942566708,395.30981392110493,403.4566777506577,19609500,MSFT
2024-09-09,400.16241455078125,403.0522719406784,396.6413094868822,401.6615826272171,15295100,MSFT
2024-09-10,408.5262756347656,410.627073483588,402.11531302402886,402.6084639940855,19594300,MSFT
2024-09-11,417.24517822265625,418.1821469994098,403.9695325309428,409.8084532189213,19266900,MSFT
2024-09-12,421.1509094238281,421.5158363092752,414.0002206806835,417.51145302107784,17395700,MSFT
2024-09-13,424.69171142578125,425.914716092092,419.63197810212404,419.9969049719398,15874600,MSFT
2024-09-16,425.4314880371094,427.5914917589124,422.3542307072933,424.7016342113202,13834700,MSFT
2024-09-17,429.1893005371094,435.79753584231287,426.34874601904636,434.1997314507894,18874200,MSFT
2024-09-18,424.90869140625,430.05718819229855,424.5141766919007,429.041298505566,18898000,MSFT
2024-09-19,432.6807556152344,435.45226137137865,430.91526689777044,435.18597071101885,21706600,MSFT
2024-09-20,429.3076477050781,433.22326773049826,428.2720426762547,431.2309485866615,55167100,MSFT
2024-09-23,427.57177734375,430.48135010026584,424.4945200082598,428.33121902605126,15128900,MSFT
2024-09-24,423.2911682128906,427.41390262464773,420.26321438100086,427.0686909653906,17015800,MSFT
2024-09-25,426.19091796875,427.1870925626301,422.69943076362244,423.94215074360574,13396400,MSFT
2024-09-26,425.4018859863281,429.3372210826113,423.251754987828,429.1301061037402,14492000,MSFT
2024-09-27,422.1569519042969,425.9345052473445,421.61449786891575,425.60900874647825,14896100,MSFT
2024-09-30,424.40576171875,424.52414324883034,419.54329981731144,422.34439403821307,16807300,MSFT
2024-10-01,414.9273376464844,422.6106376703255,413.07308530803846,422.5810498180969,19092900,MSFT
2024-10-02,411.4161376953125,417.0281982052677,411.00187763203274,416.7914652693021,16582300,MSFT
2024-10-03,410.834228515625,413.8029769595959,408.6150490966078,411.9092940444477,13686400,MSFT
2024-10-04,410.36077880859375,414.00023534021534,409.28571331626097,412.5109097932594,19169700,MSFT
2024-10-07,403.93011474609375,411.39639773757887,403.3975032576847,410.3016170053712,20919800,MSFT
2024-10-08,409.0292663574219,409.966265233936,402.57887338489604,405.27145839926953,19229300,MSFT
2024-10-09,411.7415771484375,414.6215919010832,408.62485957486433,410.16348810998284,14974300,MSFT
2024-10-10,410.143798828125,411.63312440285347,407.49064417755886,409.54216908706456,13848400,MSFT
2024-10-11,410.61724853515625,411.4161507329335,407.58929422530787,410.4397214022164,14144900,MSFT
2024-10-14,413.3985900878906,418.2314633461143,411.80075573680847,412.0473312101826,16653100,MSFT
2024-10-15,413.0040588378906,416.69284850861214,409.57174739931537,416.3969398711013,18900200,MSFT
2024-10-16,410.4199523925781,410.65665522282575,404.85722518493617,409.4829836231505,15508900,MSFT
2024-10-17,411.0117492675781,416.7125733271007,409.89722324961605,416.57447660649984,14820000,MSFT
2024-10-18,412.4320068359375,413.9015870376485,410.55803924257515,411.42598973201757,17145300,MSFT
2024-10-21,413.04351806640625,413.22104518863654,408.08242059822123,410.4199513395574,14206100,MSFT
2024-10-22,421.6539306640625,424.68185459098345,412.31365056093216,412.75746835174544,25482200,MSFT
2024-10-23,418.7838134765625,425.17503084101816,416.74216121867397,424.9580432083023,19654400,MSFT
2024-10-24,418.9119873046875,420.14486459281426,416.61388718387514,419.5037443233538,13581600,MSFT
2024-10-25,422.28515625,426.5952907757042,420.72681247783265,420.9142122484759,16899100,MSFT
2024-10-28,420.7464904785156,426.02321124416125,420.46045452237,425.7470479380857,14882400,MSFT
2024-10-29,426.0331115722656,427.23640107681365,419.96733089551304,422.1372070838931,17644100,MSFT
2024-10-30,426.6051330566406,432.4933562372157,426.18103048992214,431.4478786962363,29749100,MSFT
2024-10-31,400.7838439941406,410.459464695632,400.734510831916,409.67040499598727,53971000,MSFT
2024-11-01,404.74871826171875,409.80845197934053,401.9180365381017,403.40736208449033,24230400,MSFT
2024-11-04,402.8648376464844,404.79801090779887,400.0144410053543,404.1864784886832,19672300,MSFT
2024-11-05,405.8237609863281,409.2166418436789,402.4900558335031,402.7760918050739,17626000,MSFT
2024-11-06,414.4243469238281,414.69066771455005,404.8966664565658,406.77066424480597,26681800,MSFT
2024-11-07,419.6024475097656,421.00300957645607,414.1284835164612,415.5093002796819,19901800,MSFT
2024-11-08,416.7520446777344,420.65779206836214,416.00244554535874,419.4939629624982,16891400,MSFT
2024-11-11,412.2840881347656,418.99092936118404,410.301611581567,416.7322894657105,24503300,MSFT
2024-11-12,417.23529052734375,418.6259798148705,411.485163708279,412.5207686609151,19401200,MSFT
2024-11-13,419.3756103515625,423.44901221052845,412.481339102593,415.8643777407356,21502200,MSFT
2024-11-14,421.0424499511719,422.30491523139983,414.24681513135374,419.17832483529844,30246900,MSFT
2024-11-15,409.31524658203125,417.0083885743586,407.97389058318123,414.06922847706693,28247600,MSFT
2024-11-18,410.06494140625,412.66876311229754,406.45507236642675,409.1871181522339,24727000,MSFT
2024-11-19,412.0671081542969,412.2150474297726,405.9125633985823,407.45119206262405,18133500,MSFT
2024-11-20,409.7986145019531,411.57397618834216,404.9558679972854,411.1597160983201,19191700,MSFT
2024-11-21,408.029541015625,414.85853235917494,405.47980199521203,414.5818162626976,20780200,MSFT
2024-11-22,412.11114501953125,412.50644943843054,406.2407824115055,406.547145598137,24814600,MSFT
2024-11-25,413.8801574707031,416.14328803070504,409.9863472135053,413.4749606494442,27691100,MSFT
2024-11-26,422.9722900390625,424.0099980685231,413.93946191933657,414.6707766023476,23458900,MSFT
2024-11-27,418.0309143066406,422.22122564388053,417.07228524559736,420.12605489536344,18332400,MSFT
2024-11-29,418.4953918457031,419.89875718802,412.9017454606376,415.1649061905191,16271900,MSFT
2024-12-02,425.9272766113281,427.92358362660957,416.37063273208213,416.62759418862754,20207200,MSFT
2024-12-03,426.14471435546875,427.3998142862311,422.72525694948587,424.8006430250728,18302000,MSFT
2024-12-04,432.291748046875,434.5153692878957,427.5578970490266,427.95320145991604,26009400,MSFT
2024-12-05,437.4308166503906,439.4469085884485,431.0564531129943,432.7859365018672,21697800,MSFT
2024-12-06,438.3696594238281,440.8699968788184,436.5907442566123,437.1145294101148,18821000,MSFT
2024-12-09,440.79095458984375,443.0738702753144,435.3356806411524,437.411066762434,19144400,MSFT
2024-12-10,438.1324462890625,444.34871163189086,436.42274787532307,439.1800467406791,18469500,MSFT
2024-12-11,443.72613525390625,445.07020661100427,438.8440482605507,438.8440482605507,19200200,MSFT
2024-12-12,444.2894287109375,450.81205740820604,443.8446923743848,443.8446923743848,20834800,MSFT
2024-12-13,442.0262756347656,446.13750815775296,440.3560864798084,443.1825720342727,20177800,MSFT
2024-12-16,446.295654296875,446.87873364714176,440.0596337652838,442.02629379074256,23598800,MSFT
2024-12-17,449.1319580078125,449.95224407864544,444.2993034538041,445.72242348242105,22733500,MSFT
2024-12-18,432.2621154785156,447.34318887069384,431.89642797238076,446.0287948744165,24444500,MSFT
2024-12-19,431.9062805175781,437.9841721873849,431.2046129674818,436.44246396362297,22963700,MSFT
2024-12-20,431.4813537597656,438.53762947103075,423.6047919913248,428.03224964237955,64263700,MSFT
2024-12-23,430.1471862792969,432.51904296318025,427.7555447705133,431.61970806424813,19152500,MSFT
2024-12-24,434.17938232421875,434.4462362082623,429.09965819133004,429.5542568118305,7164500,MSFT
2024-12-26,432.9736328125,435.7704710980457,431.51100346947777,433.9322618472237,8194200,MSFT
2024-12-27,425.48248291015625,430.11749995724284,421.35149629533174,429.5047736371233,18117700,MSFT
2024-12-30,419.8493347167969,422.53744699473475,416.95369289645987,421.0649252132939,13158700,MSFT
2024-12-31,416.55841064453125,421.72710593306806,415.72826227096317,421.1044871129431,13246500,MSFT
2025-01-02,413.672607421875,421.0748161119684,409.98635677531166,420.54113855935236,16896500,MSFT
2025-01-03,418.3866882324219,419.05870873446685,414.62135874681445,416.1432822085411,16662900,MSFT
2025-01-06,422.8339538574219,429.2281017096726,420.4917442238413,422.98218924692804,20573600,MSFT
2025-01-07,417.4181823730469,425.6011074871905,415.8665816173968,423.9704579117962,18139100,MSFT
2025-01-08,419.5825500488281,421.96429936103294,416.5979667184096,418.49544017357744,15054600,MSFT
2025-01-10,414.0382995605469,419.73074959963856,410.15435142162687,419.651700779007,20201100,MSFT
2025-01-13,412.2989196777344,413.5935589908242,407.456372689251,410.3717691669062,17604800,MSFT
2025-01-14,410.7967529296875,414.8190138642203,405.90477401390683,412.9116481684101,16935900,MSFT
2025-01-15,421.3119812011719,423.1304056035061,413.3662329233126,414.2161660512409,19637800,MSFT
2025-01-16,419.6022644042969,424.45470380326,419.4145196873236,423.67398737859014,15300000,MSFT
2025-01-17,424.0001525878906,429.386270141353,423.1502495011057,429.00082793237107,26197500,MSFT
2025-01-21,423.4763488769531,425.84820570918225,420.61035394801814,425.1564304696716,26085700,MSFT
2025-01-22,440.9688415527344,442.0262741390286,430.888412499157,432.430120920086,27803800,MSFT
2025-01-23,441.4728698730469,441.5124093673138,436.32395911733414,436.81809723637986,18389300,MSFT
2025-01-24,438.8539123535156,441.4135440071518,436.225094129831,439.94102216929423,15549500,MSFT
2025-01-27,429.4653015136719,430.09781275609777,418.53496919379126,419.03899970511213,35647800,MSFT
2025-01-28,441.9571228027344,443.1232814648123,426.3225862891417,429.50483681704293,23491700,MSFT
2025-01-29,437.1441650390625,441.6408395030523,435.23679935643304,441.45306462654537,23581400,MSFT
2025-01-30,410.12469482421875,417.9024230144378,408.31616280623206,413.86037732807745,54586300,MSFT
2025-01-31,410.19390869140625,415.7579084081136,410.0456732964256,414.06796458574274,34161900,MSFT
2025-02-03,406.10247802734375,410.5398286087579,403.8689641166184,406.77449861931177,25679100,MSFT
2025-02-04,407.5354309082031,409.0672770356713,404.9362598096777,407.8516865143663,20532100,MSFT
2025-02-05,408.4447021484375,408.978349611442,405.5885692928633,407.5157200553288,16316700,MSFT
2025-02-06,410.9449768066406,413.29707875974475,409.1463070589971,409.1463070589971,16309800,MSFT
2025-02-07,404.9461669921875,413.7418190108213,403.31551731813784,411.59727657785896,22886800,MSFT
2025-02-10,407.38720703125,410.5892121947109,406.10246006462063,408.85972888435845,20817900,MSFT
2025-02-11,406.6163635253906,407.65404147500567,404.50143797348676,404.83747842325164,18140600,MSFT
2025-02-12,404.2444763183594,405.93442005448907,399.6292135248499,402.435914112503,19121700,MSFT
2025-02-13,405.72686767578125,406.18146622486773,401.59585076694265,402.22836193070845,23891700,MSFT
2025-02-14,403.6416320800781,404.1160155029715,401.1215398904841,403.0091510093491,22758500,MSFT
2025-02-18,404.8374328613281,405.78616946504144,401.7342314553049,403.2166455935164,21423100,MSFT
2025-02-19,409.9073181152344,410.6188782021152,402.8707962337448,403.09811062253897,24114200,MSFT
2025-02-20,412.07598876953125,415.2250013636158,408.52096684547683,411.24417583261857,23508700,MSFT
2025-02-21,404.2331237792969,413.97725680128366,403.91626425407014,413.27418223243296,27524800,MSFT
2025-02-24,400.0641174316406,405.38179653354615,395.4297185716828,404.5301894031576,26443700,MSFT
2025-02-25,394.0235290527344,398.0043843099881,392.835237956153,397.19236575081766,29387400,MSFT
2025-02-26,395.83575439453125,399.66804717869115,390.40913086553707,394.13250979931917,19619000,MSFT
2025-02-27,388.70587158203125,401.78716793671936,388.3493932994261,397.3607146060961,21127400,MSFT
2025-02-28,393.1224060058594,393.7561854578909,382.80393739721217,388.83460333794534,32845700,MSFT
2025-03-03,384.7052307128906,394.93461038215554,382.39794340981075,394.93461038215554,23007700,MSFT
2025-03-04,384.82403564453125,388.75535997703025,377.2881889484286,379.6648014174362,29342900,MSFT
2025-03-05,397.1131591796875,397.7568509049982,385.02212029604283,385.54695570418704,23433100,MSFT
2025-03-06,393.0234069824219,398.2321421191711,388.8544001591339,390.43881857931865,23304600,MSFT
2025-03-07,389.4783020019531,390.95377648794664,381.7840095954452,388.49795642753014,22034100,MSFT
2025-03-10,376.4563903808594,382.6355890788174,373.5450301742595,382.08104715568106,32840100,MSFT
2025-03-11,376.7435607910156,382.23947903620126,373.2380400086461,375.3076750122287,30380200,MSFT
2025-03-12,379.5361022949219,381.46711712441265,375.25821149680263,379.2192427611773,24253600,MSFT
2025-03-13,375.0799560546875,381.5661631231906,373.7728386562969,379.4272025345451,20473000,MSFT
2025-03-14,384.7745361328125,386.42827981726157,375.8127158813028,376.08007458561946,19952800,MSFT
2025-03-17,384.9132080078125,388.88412112316473,381.813696346666,382.9326924641042,22474300,MSFT
2025-03-18,379.78363037109375,383.5961286419255,377.38722360904,383.2990634136601,19486900,MSFT
2025-03-19,384.0417785644531,385.8836435250732,380.2589866011294,381.7740797920575,19185500,MSFT
2025-03-20,383.0713195800781,387.97310772514027,379.5460042678497,381.98202996781214,18470500,MSFT
2025-03-21,387.44830322265625,387.92360765846763,379.0706998982185,379.48662149982533,39675900,MSFT
2025-03-24,389.2505187988281,391.54792412450786,386.012386704804,391.54792412450786,21004500,MSFT
2025-03-25,391.3102722167969,392.4985634335279,388.81483346341923,390.08236222676067,15775000,MSFT
2025-03-26,386.17083740234375,391.45881045430576,384.7844825194778,391.15183295239507,16108400,MSFT
2025-03-27,386.77484130859375,388.4186727261189,383.62582905803845,386.3292434732889,13766800,MSFT
2025-03-28,375.1096496582031,385.339029849346,373.2578723723651,384.2992410074857,21632000,MSFT
2025-03-31,371.73284912109375,373.396474789069,363.6622247634287,368.9106086577597,35184700,MSFT
2025-04-01,378.4666442871094,379.12021808448793,369.59394254927554,371.0000917512926,19689500,MSFT
2025-04-02,378.4171142578125,381.32844426453147,372.95087209109226,374.2877261088344,16092600,MSFT
2025-04-03,369.4750671386719,373.80251903809335,365.7517184220645,371.13872318254886,30198000,MSFT
2025-04-04,356.3343505859375,370.94065262193254,355.97787229621173,360.5825648601157,49209900,MSFT
2025-04-07,354.3736267089844,367.3856281525139,341.43098078163547,347.4616469003483,50425000,MSFT
2025-04-08,351.1057434082031,370.0097579671702,346.83773543404493,364.6722850479048,35868900,MSFT
2025-04-09,386.68572998046875,389.39905670107095,349.66000929830324,350.0957251156184,50199700,MSFT
2025-04-10,377.6347961425781,380.1599412978202,364.21678559967916,378.33787067807094,38024400,MSFT
2025-04-11,384.6656494140625,386.25003769690613,375.1987873888056,376.93173851590154,23839200,MSFT
2025-04-14,384.0318603515625,390.8052198187617,380.46692636349223,389.38915847164185,19251200,MSFT
2025-04-15,381.9721374511719,388.07212889209285,380.41742551182244,384.7250528209778,17199900,MSFT
2025-04-16,367.98968505859375,377.892263018399,364.4148689208335,376.9614484928254,21967800,MSFT
2025-04-17,364.1969909667969,370.6732850580017,363.31567729138493,370.10883089247193,21120200,MSFT
2025-04-21,355.6213684082031,360.9291658129438,352.20499720618693,359.2853342749941,20807300,MSFT
2025-04-22,363.2463684082031,364.18709517298703,356.3541524572501,359.83987920585236,19485000,MSFT
2025-04-23,370.74261474609375,376.68416126561135,369.38593623911186,372.3963282706759,20545500,MSFT
2025-04-24,383.5268249511719,384.6656455709585,371.53481777720657,372.0398589139721,22232300,MSFT
2025-04-25,388.03253173828125,388.33950924401097,380.8531625631297,383.2297752805051,18973200,MSFT
2025-04-28,387.3492431640625,388.91383718504306,382.8732888048125,388.1414373128656,16579400,MSFT
2025-04-29,390.201171875,391.2508426713115,386.5768248872523,387.48784509297593,14974000,MSFT
2025-04-30,391.4092712402344,392.79562598704683,380.69467558939255,386.49757125114587,36461100,MSFT
2025-05-01,421.2556457519531,432.7327295827746,420.76051687113977,426.9100091091665,58938100,MSFT
2025-05-02,431.03936767578125,435.15884330772667,425.8008960147878,427.5338469786456,30757400,MSFT
2025-05-05,431.9207458496094,435.2182909345157,427.9002714913439,428.652877068793,20136100,MSFT
2025-05-06,429.0885925292969,433.46554517602334,426.9694566129341,427.9894209087166,15104200,MSFT
2025-05-07,429.1282043457031,433.8517229596541,426.9100064238295,429.61342097536215,23295300,MSFT
2025-05-08,433.9012145996094,439.3476317599919,431.4156581886589,433.6635322101029,23491300,MSFT
2025-05-09,434.4557800292969,436.4461774951318,431.6335394854884,435.7133964534002,15324200,MSFT
2025-05-12,444.8832092285156,444.9921230759706,435.4955548202822,441.5955462250109,22821900,MSFT
2025-05-13,444.764404296875,446.2794975271711,441.021200788799,443.41763796979524,23618800,MSFT
2025-05-14,448.52734375,449.4779827199474,443.7741186799948,443.7741186799948,19902800,MSFT
2025-05-15,449.53924560546875,452.5749946823822,446.86062923137035,447.19793132038893,21992300,MSFT
2025-05-16,450.67022705078125,450.7595102326154,445.17414935289,448.4678177382938,23849800,MSFT
2025-05-19,455.2337646484375,455.9480603525366,447.2277066057748,447.3070896149787,21336500,MSFT
2025-05-20,454.53936767578125,454.7080036018212,450.719869916101,451.9797952414424,15441800,MSFT
2025-05-21,448.9837341308594,454.1524403651085,448.22974686474834,450.967885651573,19216900,MSFT
2025-05-22,451.2555847167969,456.6028878213618,450.3032004241896,451.34489818162797,18025600,MSFT
2025-05-23,446.6126403808594,450.0948358464348,445.3527151156796,446.4142434023006,16883500,MSFT
2025-05-27,457.03936767578125,457.29731705224054,452.5055743512772,452.86273735527834,20974300,MSFT
2025-05-28,453.7357482910156,458.8548627693229,453.3091629867606,457.56517641086623,17086300,MSFT
2025-05-29,455.0453186035156,458.0612374989779,451.702028016876,457.89257129241645,13974800,MSFT
2025-05-30,456.7119445800781,458.02149174118404,451.93016282180776,456.07703188956276,34770500,MSFT
2025-06-02,458.3092041015625,458.44807895367734,453.2694729574846,453.5174918780263,16626500,MSFT
2025-06-03,459.3013000488281,460.4620419695056,457.20800452370844,457.8131864599202,15743800,MSFT
2025-06-04,460.19415283203125,461.9997378828715,459.35088242690273,460.3231275179124,14162700,MSFT
2025-06-05,463.9739685058594,465.92835889810493,460.35289815926444,461.2755213187348,20131700,MSFT
2025-06-06,466.652587890625,469.58912358157227,465.0652606634985,466.3648774509946,15285600,MSFT
2025-06-09,469.0038146972656,469.67841894667356,464.90653697170796,465.9779957450024,16469900,MSFT
2025-06-10,467.1883239746094,469.0534009468453,463.25968221899245,467.45617352695865,15375900,MSFT
2025-06-11,468.8748474121094,471.7022694228479,465.9383115986028,466.29544434484353,16399200,MSFT
2025-06-12,475.0752868652344,476.6130223697302,469.7676758011157,471.2557893550323,18950600,MSFT
2025-06-13,471.1962585449219,475.38281914376,469.0137102048777,472.63478039747713,16814500,MSFT
2025-06-16,475.3431701660156,476.8808754060361,471.23596219473825,471.44428961660435,15626100,MSFT
2025-06-17,474.25189208984375,474.9463269378011,470.3232503868908,471.63279762120845,15414100,MSFT
2025-06-18,476.4344482421875,477.1884355000323,470.70025162122124,474.21220825159133,17526500,MSFT
2025-06-20,473.616943359375,479.62891980922967,473.09114443804276,478.4086860483398,37576200,MSFT
2025-06-23,482.1488037109375,483.884936234588,468.76571183115124,474.42052531416374,24864000,MSFT
2025-06-24,486.2261962890625,487.9524285572733,482.9424282150726,485.07541514458467,22305600,MSFT
2025-06-25,488.3691101074219,490.64097201284227,485.5119574284625,488.1409520653471,17495100,MSFT
2025-06-26,493.5080871582031,494.09340820956044,488.9048412091741,489.0735074056833,21578900,MSFT
2025-06-27,492.010009765625,495.34336948151105,489.12306593539506,493.60723706055035,34539200,MSFT
2025-06-30,493.4684143066406,496.79187420420715,491.4048797426009,493.101351114434,28369000,MSFT
2025-07-01,488.1508483886719,494.10330273882704,487.08935037246306,492.53583641461546,19945400,MSFT
2025-07-02,487.198486328125,489.5893925672679,484.82744098086494,486.107196925814,16319600,MSFT
2025-07-03,494.8870544433594,496.1668406146565,489.5298515465148,489.8969147231798,13984800,MSFT
2025-07-07,493.77593994140625,494.7977767455099,491.3056810299541,493.4386378219278,13981600,MSFT
2025-07-08,492.68463134765625,494.25212791462184,490.1945116420166,493.2997134401056,11846600,MSFT
2025-07-09,499.5200500488281,502.76412671878114,495.77990524850594,496.3354652236218,18659500,MSFT
2025-07-10,497.5061340332031,500.4426696344743,493.8056807647675,499.06366987607214,16492100,MSFT
2025-07-11,499.3315734863281,501.0280145407016,493.85529597280816,494.5200000462786,16459500,MSFT
2025-07-14,499.033935546875,499.9764196247383,497.0597144820079,497.5458219138798,12058800,MSFT
2025-07-15,501.811767578125,504.2720960834484,498.80577924001653,499.03393728805895,14927200,MSFT
2025-07-16,501.61334228515625,502.70463167926073,497.9129190668174,501.1768265275145,15154400,MSFT
2025-07-17,507.6451721191406,509.3019216630888,501.61333461976557,501.67285674255714,17503100,MSFT
2025-07-18,506.00823974609375,510.56189422136015,503.40900604524023,510.4031281876361,21209700,MSFT
2025-07-21,506.0181579589844,508.03210080948105,501.54388660874696,502.69469811942383,14066800,MSFT
2025-07-22,501.2660827636719,507.1491147296819,501.2660827636719,506.92092641726225,13868600,MSFT
2025-07-23,501.861328125,502.77405108780124,496.7323137246232,502.7343595827018,16396600,MSFT
2025-07-24,506.8316650390625,509.59953458867506,503.28001689239056,504.73836945889843,16107000,MSFT
2025-07-25,509.63922119140625,514.1828842249572,506.3157313206406,508.4089964805577,19125700,MSFT
2025-07-28,508.4388122558594,510.91900158393673,506.07766717141,510.0063088656235,14308000,MSFT
2025-07-29,508.50823974609375,513.5182098314434,507.50623361872493,511.4448055642593,16469200,MSFT
2025-07-30,509.1729431152344,511.86149016920456,505.4030674134904,511.08764202727673,26380400,MSFT
2025-07-31,529.2723999023438,551.0484742016899,527.6851029610986,550.8301860551579,51617300,MSFT
2025-08-01,519.956787109375,531.5541546097426,516.7325410439772,530.7605061500977,28977600,MSFT
2025-08-04,531.3955078125,533.9848111754816,523.9450087012631,524.0839138486996,25349000,MSFT
2025-08-05,523.5679321289062,533.0422426180032,523.0619638515897,532.9231983823397,19171600,MSFT
2025-08-06,520.7802734375,527.486715540996,519.8775111011839,526.6930670104376,21355700,MSFT
2025-08-07,516.7127685546875,523.9053178574718,513.4488005319126,522.6255013664995,16079100,MSFT
2025-08-08,517.9031372070312,520.5023704990598,515.2939734705193,518.4586971346826,15531000,MSFT
2025-08-11,517.6353149414062,523.4092023083725,515.6015114818953,518.161083532538,20194400,MSFT
2025-08-12,525.046142578125,526.7723446368122,518.5579891899393,519.5996565820958,18667000,MSFT
2025-08-13,516.454833984375,528.4787877679453,515.2544004746543,527.8934364066101,19619200,MSFT
2025-08-14,518.3397216796875,521.7822560401938,516.0182983192124,518.4191046945965,20269100,MSFT
2025-08-15,516.0480346679688,521.9310366989816,514.9667059909838,518.6274679925785,25213300,MSFT
2025-08-18,513.0023803710938,518.6770855269226,509.94683045407294,517.4568516493948,23760600,MSFT
2025-08-19,505.73040771484375,511.0776798784135,504.5200741760794,510.9189744125155,21481000,MSFT
2025-08-20,501.71258544921875,506.9507445735079,500.4427296092623,505.82969405156365,27723000,MSFT
2025-08-21,501.06658935546875,504.435269171935,499.5561662916726,500.5200628741361,18443300,MSFT
2025-08-22,504.037841796875,507.5158151187978,499.2481684011306,501.0765850227361,24324200,MSFT
2025-08-25,501.0865173339844,504.9917771303553,500.9473838488724,503.44159720621536,21638600,MSFT
2025-08-26,498.8804931640625,501.801993130018,495.3727099158942,501.1858695359189,30835700,MSFT
2025-08-27,503.5509033203125,504.09746017877256,496.75395340313815,498.8407434548062,17277900,MSFT
2025-08-28,506.43267822265625,507.8735346885091,502.3187180821136,503.8987080370186,18015600,MSFT
2025-08-29,503.501220703125,506.39291066950057,501.3150539612025,505.4588240002719,20961600,MSFT
2025-09-02,501.9410705566406,502.81553721257154,493.68337117589067,497.32034095368414,18128000,MSFT
2025-09-03,502.1696472167969,504.5942937991858,499.1587173668126,500.6194673133705,16345100,MSFT
2025-09-04,504.7731628417969,504.95202275876863,499.983489561643,501.1262461318779,15509500,MSFT
2025-09-05,491.8847961425781,508.7479993566889,489.27134277765646,505.86625611105876,31994800,MSFT
2025-09-08,495.06463623046875,498.04575600626316,491.91457299081776,494.97517595073856,16771000,MSFT
2025-09-09,495.2733154296875,499.0891451753406,494.5677922273047,498.27429847652155,14410500,MSFT
2025-09-10,497.2209777832031,500.06299449245154,493.5939546766565,499.81456783685906,21611800,MSFT
2025-09-11,497.8569641113281,500.00337405269875,494.7466575341409,499.08915061774627,18881600,MSFT
2025-09-12,506.6910095214844,509.32432605160386,500.67909648146514,503.4614629424367,23624900,MSFT
2025-09-15,512.1166381835938,512.2259313574772,503.80926524972944,505.58800862213144,17143800,MSFT
2025-09-16,505.83642578125,513.9748550906477,505.3991924428879,513.6270820344445,19711900,MSFT
2025-09-17,506.81024169921875,508.07226852063866,502.74598524416496,507.4064717390096,15816600,MSFT
2025-09-18,505.2501525878906,509.84107240669834,504.4651158521554,508.270998935228,18913700,MSFT
2025-09-19,514.6704711914062,516.0318444319288,507.09843147001845,507.34685812925306,52474100,MSFT
2025-09-22,511.21240234375,514.48167541423,509.3143886623668,512.3452424901319,20009300,MSFT
2025-09-23,506.0252685546875,511.35155218118825,504.1173383670773,510.5664850795932,19799600,MSFT
2025-09-24,506.9394226074219,509.2547456727144,503.72976965544393,507.16798604562155,13533700,MSFT
2025-09-25,503.8390808105469,506.8003375404676,501.8616142840625,505.10107733704126,15786500,MSFT
2025-09-26,508.24114990234375,510.7055530942258,503.4316137794998,506.8499667801191,16213100,MSFT
2025-09-29,511.36138916015625,513.5972289973041,505.67741655332713,508.28092297827857,17617800,MSFT
2025-09-30,514.6903686523438,514.8990082310244,506.45253207823936,510.0099885223437,19728200,MSFT
2025-10-01,516.4392700195312,517.2342231556227,508.4697238165545,511.56013673304216,22632300,MSFT
2025-10-02,512.4942016601562,518.3173074331339,507.46604898963056,514.3822683481345,21222900,MSFT
2025-10-03,514.0940551757812,517.2143082734997,511.75886906280147,513.8456285403139,15112300,MSFT
2025-10-06,525.2435302734375,527.6880704621805,514.9387971845453,515.3461902238155,21388600,MSFT
2025-10-07,520.682373046875,526.4657528279373,518.1583800775612,524.9652461341774,14615200,MSFT
2025-10-08,521.546875,523.6336952116123,519.7980023635643,519.9868090400763,13363400,MSFT
2025-10-09,519.1123657226562,521.0302122328587,514.1438325922749,519.0527457511332,18343600,MSFT
2025-10-10,507.74432373046875,520.2849266906686,506.42270727517143,516.3697201998212,24133800,MSFT
2025-10-13,510.8149108886719,513.1600441163425,508.45983088995337,513.1600441163425,14284200,MSFT
2025-10-14,510.3378601074219,512.0371200755203,502.8154945413961,507.0188839999062,14684300,MSFT
2025-10-15,510.19879150390625,513.93513816427,506.7903850161382,511.71919177145384,14694700,MSFT
2025-10-16,508.3902282714844,513.597241245564,504.93214864922606,509.3541552294708,15559600,MSFT
2025-10-17,510.3478698730469,512.235876086287,504.1173098719632,505.8364332653001,19867800,MSFT
2025-10-20,513.53759765625,515.4356111738924,510.19875812962454,511.37132460679527,14665600,MSFT
2025-10-21,514.4021606445312,515.4257076122852,509.81124074780416,514.2431942660954,15586200,MSFT
2025-10-22,517.2639770507812,521.9244631183706,514.4518312300626,517.870184130928,18962700,MSFT
2025-10-23,517.283935546875,520.6526156742948,515.3461954332505,519.1720024577996,14023500,MSFT
2025-10-24,520.314697265625,522.0437370421222,517.4329845218087,519.499850577073,15532400,MSFT
2025-10-27,528.1749877929688,531.2157277722118,525.6807743511338,528.4333612309177,18734700,MSFT
2025-10-28,538.6585083007812,550.2351530342114,537.3667019364588,546.5385938392855,29986700,MSFT
2025-10-29,538.1417846679688,542.8321112501552,533.3521116884923,541.5104645203966,36023000,MSFT
2025-10-30,522.451171875,531.6031704966998,518.8340654321457,527.1414377363435,41023100,MSFT
2025-10-31,514.5512084960938,525.9887810857076,511.85824179468614,525.5515477587454,34006400,MSFT
2025-11-03,513.776123046875,521.6562086548496,511.3514766558802,516.5385956979154,22374700,MSFT
2025-11-04,511.0931701660156,512.3054631947169,504.64399323613884,508.53933673798264,20958700,MSFT
2025-11-05,503.9682312011719,511.58997398954807,503.39186440425516,510.0695738143288,23024300,MSFT
2025-11-06,493.9715576171875,502.51744045426454,492.6896676102462,502.47768369906356,27406500,MSFT
2025-11-07,493.6933288574219,496.2372153715257,490.1457889557352,493.8225155697467,24019800,MSFT
2025-11-10,502.8155517578125,503.66020845333964,495.66085193460816,496.8930687697553,26101500,MSFT
2025-11-11,505.4786682128906,506.39289163210333,499.18851875070465,501.6230817360039,17980000,MSFT
2025-11-12,507.9232177734375,508.4498810705414,495.9788447581273,506.1543908722183,26574900,MSFT
2025-11-13,500.1225891113281,510.26832472026865,498.1351759673349,507.098398329558,25273100,MSFT
2025-11-14,506.9692687988281,508.3803456334317,494.30945534799014,495.0944921195485,28505700,MSFT
2025-11-17,504.2961730957031,508.8970396915909,501.73242330739504,505.2501533046029,19092800,MSFT
2025-11-18,490.6824035644531,499.8145698875434,483.71651040889276,492.2524466910109,33815100,MSFT
2025-11-19,484.05438232421875,492.0736023312663,479.79137227085766,487.0156390818261,23245300,MSFT
2025-11-20,476.3088684082031,491.3817596467919,473.39186588492817,490.5255566668064,26802500,MSFT
2025-11-21,470.0268249511719,476.796695003642,466.19388806310616,476.3785437287191,31769200,MSFT
2025-11-24,471.8985290527344,474.7856658755464,465.9450303435204,472.8940955697233,34421000,MSFT
2025-11-25,474.8752136230469,477.0256407210385,462.82888433135173,471.9681767111092,28019800,MSFT
2025-11-26,483.3475036621094,486.14504291080743,479.06658014921754,484.1539100429923,25709100,MSFT
2025-11-28,489.82867431640625,490.44592067381114,484.49242217644115,485.4382224868377,14386700,MSFT
2025-12-01,484.5820007324219,487.68816317334665,482.5012705124726,486.27447583839387,23964000,MSFT
2025-12-02,487.82757568359375,491.312058367048,484.16389832530854,484.56211884124775,19562700,MSFT
2025-12-03,475.6119689941406,482.09308589504883,473.0931871020635,474.2082166599713,34615100,MSFT
2025-12-04,478.7081604003906,479.186043226252,474.3774403367437,477.6329620200481,22318200,MSFT
2025-12-05,481.01788330078125,481.2568095233099,476.7568601661199,480.3807061976695,22608700,MSFT
2025-12-08,488.8430480957031,490.11737199051475,482.2325023858298,482.74025101921535,21965900,MSFT
2025-12-09,489.8385925292969,489.93815525049575,486.33420957194573,486.93155551686203,14696100,MSFT
2025-12-10,476.4382629394531,482.10303829287767,472.973680864489,481.88401246545567,35756200,MSFT
2025-12-11,481.3265075683594,483.8751552220924,473.750231167373,474.51683677020293,24669200,MSFT
2025-12-12,476.4084167480469,480.31105063829824,474.22812377070755,477.69270598810584,21248100,MSFT
2025-12-15,472.7148742675781,478.588710310573,470.42505317808707,477.97146396596463,23727700,MSFT
2025-12-16,474.2779235839844,475.7712732838117,468.79234263095657,469.8177748762136,20705600,MSFT
2025-12-17,474.00909423828125,477.8718969329872,472.8940646732686,474.79560024235434,24527200,MSFT
2025-12-18,481.8342590332031,487.4293375934554,475.7712630284666,476.06992080908344,28573500,MSFT
2025-12-19,483.7656555175781,485.68709144559693,480.35083955461556,485.1992432324443,70836100,MSFT
2025-12-22,482.7701110839844,486.5632169440421,480.5499868948874,483.9647726311972,16963000,MSFT
2025-12-23,484.6915588378906,485.66719456773416,482.5908977144131,482.829854335465,14683600,MSFT
2025-12-24,485.8563232421875,486.99128356758627,482.680463867149,483.5267014178325,5855900,MSFT
2025-12-26,485.5477294921875,485.95591540329985,483.8054881161676,484.5521629916047,8842200,MSFT
2025-12-29,484.9404296875,486.1848877649252,482.0333622504328,482.71034015280554,10893400,MSFT
2025-12-30,485.3187561035156,487.5089841188462,483.3475235456682,483.77560983811236,13944500,MSFT
