Date,Adj Close,Close,High,Low,Open,Volume,Company
2015-01-02,0.4818838536739349,0.503250002861023,0.5070000290870667,0.4952499866485595,0.503250002861023,113680000,NVDA
2015-01-05,0.4737447500228882,0.4947499930858612,0.5047500133514404,0.4925000071525574,0.503250002861023,197952000,NVDA
2015-01-06,0.4593815505504608,0.4797500073909759,0.4959999918937683,0.4792500138282776,0.4954999983310699,197764000,NVDA
2015-01-07,0.4581845998764038,0.4785000085830688,0.4875000119209289,0.4769999980926513,0.4832499921321869,321808000,NVDA
2015-01-08,0.4754203855991363,0.4964999854564667,0.4995000064373016,0.4837499856948852,0.4839999973773956,283780000,NVDA
2015-01-09,0.4773354530334472,0.4984999895095825,0.5022500157356262,0.4914999902248382,0.4982500076293945,209540000,NVDA
2015-01-12,0.4713508784770965,0.492249995470047,0.5,0.4877499938011169,0.4997499883174896,190732000,NVDA
2015-01-13,0.4706326425075531,0.4914999902248382,0.5059999823570251,0.4880000054836273,0.4959999918937683,236720000,NVDA
2015-01-14,0.4725477993488312,0.4934999942779541,0.4950000047683716,0.4850000143051147,0.4862500131130218,155260000,NVDA
2015-01-15,0.4691964089870453,0.4900000095367431,0.5,0.4897499978542328,0.4970000088214874,188932000,NVDA
2015-01-16,0.477814257144928,0.4990000128746032,0.4995000064373016,0.4877499938011169,0.4892500042915344,181512000,NVDA
2015-01-20,0.4792505800724029,0.5005000233650208,0.5052499771118164,0.4942499995231628,0.5024999976158142,140308000,NVDA
2015-01-21,0.4859533905982971,0.5074999928474426,0.5087500214576721,0.4942499995231628,0.4977500140666961,144780000,NVDA
2015-01-22,0.4943319857120514,0.5162500143051147,0.5177500247955322,0.503250002861023,0.5084999799728394,159712000,NVDA
2015-01-23,0.4957682192325592,0.5177500247955322,0.518750011920929,0.512499988079071,0.5167499780654907,120416000,NVDA
2015-01-26,0.4936138689517975,0.515500009059906,0.5180000066757202,0.5122500061988831,0.515500009059906,133240000,NVDA
2015-01-27,0.4699144065380096,0.4907500147819519,0.5080000162124634,0.4897499978542328,0.5074999928474426,357948000,NVDA
2015-01-28,0.4622541666030884,0.4827499985694885,0.4987500011920929,0.4824999868869781,0.496749997138977,272728000,NVDA
2015-01-29,0.4735053777694702,0.4945000112056732,0.4972499907016754,0.4807499945163727,0.4830000102519989,235340000,NVDA
2015-01-30,0.4596209228038788,0.4799999892711639,0.496749997138977,0.4792500138282776,0.4909999966621399,298200000,NVDA
2015-02-02,0.4696751534938812,0.4905000030994415,0.4925000071525574,0.4735000133514404,0.4830000102519989,259604000,NVDA
2015-02-03,0.4814049303531647,0.5027499794960022,0.503250002861023,0.4914999902248382,0.4939999878406524,183468000,NVDA
2015-02-04,0.4826020002365112,0.5040000081062317,0.5097500085830688,0.4997499883174896,0.5012500286102295,181516000,NVDA
2015-02-05,0.4905018806457519,0.5122500061988831,0.512499988079071,0.5040000081062317,0.5044999718666077,140448000,NVDA
2015-02-06,0.4883472025394439,0.5099999904632568,0.5177500247955322,0.5077499747276306,0.5117499828338623,210524000,NVDA
2015-02-09,0.4878684878349304,0.5095000267028809,0.5109999775886536,0.5037500262260437,0.5070000290870667,273944000,NVDA
2015-02-10,0.5015132427215576,0.5237500071525574,0.5239999890327454,0.5077499747276306,0.5099999904632568,226204000,NVDA
2015-02-11,0.4981622099876404,0.5202500224113464,0.5249999761581421,0.5167499780654907,0.5249999761581421,320832000,NVDA
2015-02-12,0.533830463886261,0.5575000047683716,0.5625,0.546750009059906,0.550000011920929,676904000,NVDA
2015-02-13,0.534069836139679,0.5577499866485596,0.5584999918937683,0.5477499961853027,0.5562499761581421,310084000,NVDA
2015-02-17,0.5357455611228943,0.559499979019165,0.562250018119812,0.5532500147819519,0.5567499995231628,203340000,NVDA
2015-02-18,0.5295215249061584,0.5529999732971191,0.5597500205039978,0.5519999861717224,0.5587499737739563,170948000,NVDA
2015-02-19,0.5309578776359558,0.5544999837875366,0.5609999895095825,0.5519999861717224,0.5600000023841858,169432000,NVDA
2015-02-20,0.5347880721092224,0.5584999918937683,0.5587499737739563,0.550000011920929,0.5540000200271606,157752000,NVDA
2015-02-23,0.5304793119430542,0.5540000200271606,0.5582500100135803,0.5512499809265137,0.5582500100135803,125008000,NVDA
2015-02-24,0.5361263155937195,0.5577499866485596,0.5577499866485596,0.5490000247955322,0.5540000200271606,149356000,NVDA
2015-02-25,0.5320411324501038,0.5534999966621399,0.5580000281333923,0.5509999990463257,0.5554999709129333,123820000,NVDA
2015-02-26,0.5334830284118652,0.5550000071525574,0.5582500100135803,0.5504999756813049,0.5540000200271606,152864000,NVDA
2015-02-27,0.5301188826560974,0.5515000224113464,0.5547500252723694,0.5494999885559082,0.5534999966621399,157492000,NVDA
2015-03-02,0.543095588684082,0.5649999976158142,0.5680000185966492,0.5492500066757202,0.550000011920929,301512000,NVDA
2015-03-03,0.5330022573471069,0.5544999837875366,0.5634999871253967,0.5527499914169312,0.5607500076293945,160344000,NVDA
2015-03-04,0.5390100479125977,0.5607500076293945,0.5619999766349792,0.5502499938011169,0.5525000095367432,226840000,NVDA
2015-03-05,0.5493431091308594,0.5715000033378601,0.5724999904632568,0.559249997138977,0.5607500076293945,323056000,NVDA
2015-03-06,0.541893720626831,0.5637500286102295,0.5709999799728394,0.5632500052452087,0.5682500004768372,257392000,NVDA
2015-03-09,0.5433355569839478,0.5652499794960022,0.5695000290870667,0.562749981880188,0.5640000104904175,222388000,NVDA
2015-03-10,0.5527077317237854,0.574999988079071,0.5787500143051147,0.5667499899864197,0.5677499771118164,527212000,NVDA
2015-03-11,0.5498239994049072,0.5720000267028809,0.5824999809265137,0.5705000162124634,0.574999988079071,262120000,NVDA
2015-03-12,0.5447775721549988,0.5667499899864197,0.5707499980926514,0.5559999942779541,0.5665000081062317,406972000,NVDA
2015-03-13,0.545498251914978,0.5674999952316284,0.5690000057220459,0.5562499761581421,0.5640000104904175,359288000,NVDA
2015-03-16,0.5519865155220032,0.5742499828338623,0.577750027179718,0.5682500004768372,0.5720000267028809,236956000,NVDA
2015-03-17,0.5587154030799866,0.581250011920929,0.5814999938011169,0.5690000057220459,0.5730000138282776,299900000,NVDA
2015-03-18,0.5495838522911072,0.5717499852180481,0.5842499732971191,0.5665000081062317,0.581250011920929,413844000,NVDA
2015-03-19,0.5579944252967834,0.5805000066757202,0.5824999809265137,0.5695000290870667,0.5737500190734863,310756000,NVDA
2015-03-20,0.5640019774436951,0.5867499709129333,0.5902500152587891,0.5797500014305115,0.5852500200271606,462084000,NVDA
2015-03-23,0.5457388162612915,0.5677499771118164,0.5767499804496765,0.5674999952316284,0.5692499876022339,426012000,NVDA
2015-03-24,0.5382890105247498,0.5600000023841858,0.5699999928474426,0.5575000047683716,0.5659999847412109,330480000,NVDA
2015-03-25,0.5056073665618896,0.5260000228881836,0.5597500205039978,0.5242499709129333,0.5597500205039978,542552000,NVDA
2015-03-26,0.5039252042770386,0.5242499709129333,0.5264999866485596,0.5115000009536743,0.515250027179718,311920000,NVDA
2015-03-27,0.5137778520584106,0.534500002861023,0.5364999771118164,0.518750011920929,0.5272499918937683,318288000,NVDA
2015-03-30,0.5159404873847961,0.5367500185966492,0.5394999980926514,0.5299999713897705,0.5370000004768372,253252000,NVDA
2015-03-31,0.5029639601707458,0.5232499837875366,0.5357499718666077,0.5227500200271606,0.5352500081062317,357276000,NVDA
2015-04-01,0.5048864483833313,0.5252500176429749,0.5270000100135803,0.5162500143051147,0.5252500176429749,330768000,NVDA
2015-04-02,0.506088137626648,0.5264999866485596,0.5297499895095825,0.5220000147819519,0.528249979019165,192204000,NVDA
2015-04-06,0.5207465887069702,0.5417500138282776,0.5435000061988831,0.518750011920929,0.5242499709129333,515864000,NVDA
2015-04-07,0.5253126621246338,0.546500027179718,0.5525000095367432,0.5387499928474426,0.5417500138282776,413964000,NVDA
2015-04-08,0.5291574001312256,0.5504999756813049,0.5525000095367432,0.5417500138282776,0.546999990940094,366432000,NVDA
2015-04-09,0.5414131283760071,0.5632500052452087,0.5649999976158142,0.5460000038146973,0.5462499856948853,379432000,NVDA
2015-04-10,0.54694002866745,0.5690000057220459,0.5692499876022339,0.5617499947547913,0.5637500286102295,258728000,NVDA
2015-04-13,0.541893720626831,0.5637500286102295,0.5709999799728394,0.5612499713897705,0.5677499771118164,236724000,NVDA
2015-04-14,0.5373280644416809,0.5590000152587891,0.5637500286102295,0.5534999966621399,0.5615000128746033,220276000,NVDA
2015-04-15,0.5438162088394165,0.565750002861023,0.5699999928474426,0.5577499866485596,0.5605000257492065,243560000,NVDA
2015-04-16,0.5404519438743591,0.562250018119812,0.5672500133514404,0.5582500100135803,0.5625,155284000,NVDA
2015-04-17,0.5334830284118652,0.5550000071525574,0.5605000257492065,0.5502499938011169,0.5504999756813049,293636000,NVDA
2015-04-20,0.5308398008346558,0.5522500276565552,0.5609999895095825,0.5512499809265137,0.5575000047683716,231624000,NVDA
2015-04-21,0.5301188826560974,0.5515000224113464,0.5590000152587891,0.5487499833106995,0.5590000152587891,230456000,NVDA
2015-04-22,0.5361263155937195,0.5577499866485596,0.5584999918937683,0.5462499856948853,0.5547500252723694,207420000,NVDA
2015-04-23,0.5339637398719788,0.5554999709129333,0.5607500076293945,0.5412499904632568,0.5475000143051147,259380000,NVDA
2015-04-24,0.5293979048728943,0.5507500171661377,0.5554999709129333,0.5444999933242798,0.5552499890327454,240960000,NVDA
2015-04-27,0.5334830284118652,0.5550000071525574,0.5647500157356262,0.5477499961853027,0.5525000095367432,248456000,NVDA
2015-04-28,0.5361263155937195,0.5577499866485596,0.5597500205039978,0.5487499833106995,0.5540000200271606,234484000,NVDA
2015-04-29,0.5320411324501038,0.5534999966621399,0.559249997138977,0.5512499809265137,0.5537499785423279,195156000,NVDA
2015-04-30,0.5334830284118652,0.5550000071525574,0.5577499866485596,0.5494999885559082,0.5507500171661377,218844000,NVDA
2015-05-01,0.5467000007629395,0.5687500238418579,0.5705000162124634,0.5569999814033508,0.559499979019165,256968000,NVDA
2015-05-04,0.5433355569839478,0.5652499794960022,0.5720000267028809,0.5634999871253967,0.5682500004768372,200720000,NVDA
2015-05-05,0.5293979048728943,0.5507500171661377,0.5640000104904175,0.5482500195503235,0.5632500052452087,292928000,NVDA
2015-05-06,0.5310799479484558,0.5525000095367432,0.5590000152587891,0.5452499985694885,0.5537499785423279,316484000,NVDA
2015-05-07,0.5404519438743591,0.562250018119812,0.5640000104904175,0.5485000014305115,0.5502499938011169,534564000,NVDA
2015-05-08,0.5005607604980469,0.5207499861717224,0.5460000038146973,0.5122500061988831,0.5252500176429749,1146552000,NVDA
2015-05-11,0.4957547485828399,0.515749990940094,0.5210000276565552,0.5095000267028809,0.5134999752044678,544144000,NVDA
2015-05-12,0.5005607604980469,0.5207499861717224,0.5249999761581421,0.5117499828338623,0.5120000243186951,388800000,NVDA
2015-05-13,0.5034443736076355,0.5237500071525574,0.5285000205039978,0.518750011920929,0.5245000123977661,308524000,NVDA
2015-05-14,0.5116150975227356,0.5322499871253967,0.5350000262260437,0.5239999890327454,0.5252500176429749,293052000,NVDA
2015-05-15,0.5118552446365356,0.5325000286102295,0.5370000004768372,0.5292500257492065,0.534500002861023,215824000,NVDA
2015-05-18,0.5111345648765564,0.5317500233650208,0.5350000262260437,0.5287500023841858,0.53125,324972000,NVDA
2015-05-19,0.5079476237297058,0.5260000228881836,0.5317500233650208,0.5249999761581421,0.5299999713897705,253808000,NVDA
2015-05-20,0.5079476237297058,0.5260000228881836,0.5325000286102295,0.5254999995231628,0.5262500047683716,196824000,NVDA
2015-05-21,0.5043264031410217,0.5222499966621399,0.5285000205039978,0.5217499732971191,0.5262500047683716,239692000,NVDA
2015-05-22,0.5036018490791321,0.5214999914169312,0.5254999995231628,0.5202500224113464,0.5235000252723694,212592000,NVDA
2015-05-26,0.5004635453224182,0.5182499885559082,0.5224999785423279,0.5142499804496765,0.5189999938011169,259732000,NVDA
2015-05-27,0.5272613167762756,0.5460000038146973,0.5485000014305115,0.5199999809265137,0.5217499732971191,432332000,NVDA
2015-05-28,0.5345038771629333,0.5534999966621399,0.5552499890327454,0.5450000166893005,0.5460000038146973,327656000,NVDA
2015-05-29,0.534262478351593,0.5532500147819519,0.5569999814033508,0.5525000095367432,0.5534999966621399,335168000,NVDA
2015-06-01,0.5402980446815491,0.559499979019165,0.5649999976158142,0.5532500147819519,0.5567499995231628,372660000,NVDA
2015-06-02,0.5296756029129028,0.5485000014305115,0.5590000152587891,0.5479999780654907,0.5559999942779541,224304000,NVDA
2015-06-03,0.5238814949989319,0.5425000190734863,0.5542500019073486,0.5414999723434448,0.550000011920929,250788000,NVDA
2015-06-04,0.5332968831062317,0.5522500276565552,0.5540000200271606,0.5392500162124634,0.5392500162124634,323712000,NVDA
2015-06-05,0.5374009609222412,0.5565000176429749,0.5590000152587891,0.5447499752044678,0.5504999756813049,313320000,NVDA
2015-06-08,0.5250884294509888,0.543749988079071,0.5584999918937683,0.5375000238418579,0.5547500252723694,342812000,NVDA
2015-06-09,0.5277442336082458,0.546500027179718,0.5504999756813049,0.5432500243186951,0.5442500114440918,256888000,NVDA
2015-06-10,0.5183287262916565,0.5367500185966492,0.5435000061988831,0.5337499976158142,0.5400000214576721,529460000,NVDA
2015-06-11,0.5238814949989319,0.5425000190734863,0.5462499856948853,0.5367500185966492,0.5367500185966492,283052000,NVDA
2015-06-12,0.5096374750137329,0.5277500152587891,0.5422499775886536,0.5264999866485596,0.5389999747276306,323728000,NVDA
2015-06-15,0.5086718201637268,0.5267500281333923,0.5292500257492065,0.5210000276565552,0.5249999761581421,306548000,NVDA
2015-06-16,0.5149486064910889,0.5332499742507935,0.5339999794960022,0.5205000042915344,0.5257499814033508,256892000,NVDA
2015-06-17,0.5209844708442688,0.5394999980926514,0.5425000190734863,0.5317500233650208,0.5329999923706055,233544000,NVDA
2015-06-18,0.5296756029129028,0.5485000014305115,0.5519999861717224,0.5425000190734863,0.5440000295639038,299404000,NVDA
2015-06-19,0.5279857516288757,0.546750009059906,0.5529999732971191,0.5417500138282776,0.5485000014305115,355656000,NVDA
2015-06-22,0.5258129835128784,0.5444999933242798,0.5507500171661377,0.5362499952316284,0.5477499961853027,514236000,NVDA
2015-06-23,0.5122932195663452,0.5304999947547913,0.5497499704360962,0.5262500047683716,0.5454999804496765,414064000,NVDA
2015-06-24,0.50722336769104,0.5252500176429749,0.5325000286102295,0.5227500200271606,0.5297499895095825,253368000,NVDA
2015-06-25,0.5110861659049988,0.5292500257492065,0.5325000286102295,0.5252500176429749,0.5252500176429749,350460000,NVDA
2015-06-26,0.500704824924469,0.5184999704360962,0.5254999995231628,0.5162500143051147,0.5249999761581421,421296000,NVDA
2015-06-29,0.4857370853424072,0.503000020980835,0.5177500247955322,0.5022500157356262,0.512499988079071,391724000,NVDA
2015-06-30,0.4854954481124878,0.5027499794960022,0.5082499980926514,0.4992499947547912,0.5059999823570251,315916000,NVDA
2015-07-01,0.4924967288970947,0.5099999904632568,0.5224999785423279,0.5055000185966492,0.515250027179718,302892000,NVDA
2015-07-02,0.4929796159267425,0.5105000138282776,0.5137500166893005,0.5072500109672546,0.5097500085830688,145764000,NVDA
2015-07-06,0.4869439899921417,0.5042499899864197,0.5132499933242798,0.5005000233650208,0.5062500238418579,214776000,NVDA
2015-07-07,0.4777701795101166,0.4947499930858612,0.503250002861023,0.4790000021457672,0.5012500286102295,594252000,NVDA
2015-07-08,0.4743903279304504,0.4912500083446502,0.4950000047683716,0.4872500002384186,0.492000013589859,332492000,NVDA
2015-07-09,0.4685961306095123,0.4852499961853027,0.5012500286102295,0.4822500050067901,0.4990000128746032,357588000,NVDA
2015-07-10,0.4768044054508209,0.4937500059604645,0.4982500076293945,0.4902499914169311,0.4914999902248382,216708000,NVDA
2015-07-13,0.4799429178237915,0.4970000088214874,0.4997499883174896,0.4937500059604645,0.4987500011920929,212472000,NVDA
2015-07-14,0.4801843166351318,0.4972499907016754,0.4982500076293945,0.4907500147819519,0.4977500140666961,249216000,NVDA
2015-07-15,0.4768044054508209,0.4937500059604645,0.4992499947547912,0.4892500042915344,0.4959999918937683,265732000,NVDA
2015-07-16,0.4874269366264343,0.5047500133514404,0.5047500133514404,0.4950000047683716,0.496749997138977,282848000,NVDA
2015-07-17,0.4845297932624817,0.5017499923706055,0.5034999847412109,0.4952499866485595,0.503000020980835,220372000,NVDA
2015-07-20,0.4755973815917969,0.4925000071525574,0.5037500262260437,0.4912500083446502,0.5017499923706055,188412000,NVDA
2015-07-21,0.4777701795101166,0.4947499930858612,0.5017499923706055,0.4914999902248382,0.4914999902248382,149720000,NVDA
2015-07-22,0.4685961306095123,0.4852499961853027,0.4912500083446502,0.4792500138282776,0.4912500083446502,356472000,NVDA
2015-07-23,0.4743903279304504,0.4912500083446502,0.4984999895095825,0.4852499961853027,0.4862500131130218,169916000,NVDA
2015-07-24,0.4688377380371094,0.4855000078678131,0.4952499866485595,0.4835000038146972,0.4947499930858612,188844000,NVDA
2015-07-27,0.4661819636821747,0.4827499985694885,0.4882499873638153,0.4772500097751617,0.481249988079071,192420000,NVDA
2015-07-28,0.476321667432785,0.4932500123977661,0.4964999854564667,0.4790000021457672,0.4839999973773956,198308000,NVDA
2015-07-29,0.4821156561374664,0.4992499947547912,0.503250002861023,0.4902499914169311,0.492249995470047,232680000,NVDA
2015-07-30,0.4833228290081024,0.5005000233650208,0.5055000185966492,0.4979999959468841,0.4979999959468841,190180000,NVDA
2015-07-31,0.481632798910141,0.4987500011920929,0.5027499794960022,0.4957500100135803,0.5024999976158142,218340000,NVDA
2015-08-03,0.4898411333560943,0.5072500109672546,0.5077499747276306,0.4962500035762787,0.5027499794960022,397132000,NVDA
2015-08-04,0.4917723834514618,0.5092499852180481,0.5107499957084656,0.5034999847412109,0.5055000185966492,260100000,NVDA
2015-08-05,0.4968425333499908,0.5145000219345093,0.5222499966621399,0.5134999752044678,0.5217499732971191,234628000,NVDA
2015-08-06,0.4937039315700531,0.5112500190734863,0.5170000195503235,0.5027499794960022,0.5132499933242798,655676000,NVDA
2015-08-07,0.5547832250595093,0.5745000243186951,0.5842499732971191,0.546999990940094,0.5615000128746033,1405248000,NVDA
2015-08-10,0.5740965604782104,0.5945000052452087,0.5987499952316284,0.5669999718666077,0.5705000162124634,662304000,NVDA
2015-08-11,0.5711995959281921,0.5914999842643738,0.5972499847412109,0.5857499837875366,0.5857499837875366,435008000,NVDA
2015-08-12,0.5726484060287476,0.5929999947547913,0.5972499847412109,0.5820000171661377,0.5820000171661377,384048000,NVDA
2015-08-13,0.5678198337554932,0.5879999995231628,0.5950000286102295,0.5864999890327454,0.59375,276884000,NVDA
2015-08-14,0.5683028101921082,0.5885000228881836,0.5920000076293945,0.5839999914169312,0.5874999761581421,214652000,NVDA
2015-08-17,0.5646812915802002,0.5847499966621399,0.5874999761581421,0.5774999856948853,0.5874999761581421,273880000,NVDA
2015-08-18,0.5595417022705078,0.5770000219345093,0.5845000147819519,0.5724999904632568,0.5805000066757202,287084000,NVDA
2015-08-19,0.5573598742485046,0.5747500061988831,0.5827500224113464,0.5684999823570251,0.5762500166893005,249248000,NVDA
2015-08-20,0.5372375845909119,0.5540000200271606,0.5709999799728394,0.5512499809265137,0.5682500004768372,426932000,NVDA
2015-08-21,0.5205095410346985,0.5367500185966492,0.559249997138977,0.5362499952316284,0.550000011920929,382664000,NVDA
2015-08-24,0.5020842552185059,0.5177500247955322,0.5457500219345093,0.5,0.5067499876022339,682284000,NVDA
2015-08-25,0.4916598200798034,0.5070000290870667,0.5425000190734863,0.5070000290870667,0.5404999852180481,622684000,NVDA
2015-08-26,0.5287522673606873,0.5452499985694885,0.5457500219345093,0.5195000171661377,0.5235000252723694,614976000,NVDA
2015-08-27,0.5486319661140442,0.565750002861023,0.5659999847412109,0.5477499961853027,0.5509999990463257,463764000,NVDA
2015-08-28,0.5510566234588623,0.5682500004768372,0.5717499852180481,0.5617499947547913,0.565750002861023,320944000,NVDA
2015-08-31,0.5449954271316528,0.5619999766349792,0.5695000290870667,0.5597500205039978,0.565500020980835,219352000,NVDA
2015-09-01,0.5226914882659912,0.5389999747276306,0.5550000071525574,0.5350000262260437,0.5457500219345093,353408000,NVDA
2015-09-02,0.5384497046470642,0.5552499890327454,0.5554999709129333,0.5444999933242798,0.5537499785423279,344044000,NVDA
2015-09-03,0.5399045348167419,0.5567499995231628,0.5662500262260437,0.5557500123977661,0.5634999871253967,262556000,NVDA
2015-09-04,0.5272976756095886,0.543749988079071,0.5559999942779541,0.5435000061988831,0.547249972820282,287972000,NVDA
2015-09-08,0.5498442649841309,0.5669999718666077,0.5692499876022339,0.5547500252723694,0.5569999814033508,238448000,NVDA
2015-09-09,0.538934588432312,0.5557500123977661,0.5734999775886536,0.5544999837875366,0.5687500238418579,289392000,NVDA
2015-09-10,0.5474197864532471,0.5644999742507935,0.5715000033378601,0.550000011920929,0.5525000095367432,357076000,NVDA
2015-09-11,0.5491169691085815,0.5662500262260437,0.5699999928474426,0.5559999942779541,0.5582500100135803,301584000,NVDA
2015-09-14,0.5500866770744324,0.5672500133514404,0.5707499980926514,0.5642499923706055,0.5690000057220459,192460000,NVDA
2015-09-15,0.556147575378418,0.5734999775886536,0.5764999985694885,0.565750002861023,0.5674999952316284,327976000,NVDA
2015-09-16,0.5600265264511108,0.5774999856948853,0.5807499885559082,0.5682500004768372,0.5724999904632568,173508000,NVDA
2015-09-17,0.5651176571846008,0.5827500224113464,0.5927500128746033,0.5814999938011169,0.5874999761581421,268712000,NVDA
2015-09-18,0.5646328330039978,0.5822499990463257,0.5872499942779541,0.5712500214576721,0.5747500061988831,326412000,NVDA
2015-09-21,0.5704513788223267,0.5882499814033508,0.5895000100135803,0.5799999833106995,0.5830000042915344,281840000,NVDA
2015-09-22,0.5549353957176208,0.5722500085830688,0.5795000195503235,0.5692499876022339,0.5755000114440918,228356000,NVDA
2015-09-23,0.5576024055480957,0.574999988079071,0.578499972820282,0.5705000162124634,0.5727499723434448,161632000,NVDA
2015-09-24,0.5682694315910339,0.5860000252723694,0.5920000076293945,0.5625,0.5715000033378601,382440000,NVDA
2015-09-25,0.5723908543586731,0.5902500152587891,0.6017500162124634,0.5845000147819519,0.5932499766349792,369692000,NVDA
2015-09-28,0.5648752450942993,0.5824999809265137,0.593999981880188,0.5787500143051147,0.5902500152587891,395584000,NVDA
2015-09-29,0.5748152732849121,0.5927500128746033,0.59375,0.5805000066757202,0.5887500047683716,380736000,NVDA
2015-09-30,0.5976041555404663,0.6162499785423279,0.6169999837875366,0.5947499871253967,0.5982499718666077,556380000,NVDA
2015-10-01,0.5859672427177429,0.6042500138282776,0.6179999709129333,0.5867499709129333,0.6162499785423279,489296000,NVDA
2015-10-02,0.6012406945228577,0.6200000047683716,0.6200000047683716,0.5947499871253967,0.6010000109672546,386144000,NVDA
2015-10-05,0.6162715554237366,0.6355000138282776,0.6432499885559082,0.6207500100135803,0.6240000128746033,482024000,NVDA
2015-10-06,0.6242719888687134,0.643750011920929,0.6464999914169312,0.6262500286102295,0.6287500262260437,453216000,NVDA
2015-10-07,0.6308178901672363,0.6504999995231628,0.6570000052452087,0.6347500085830688,0.6452500224113464,310152000,NVDA
2015-10-08,0.6344544291496277,0.6542500257492065,0.656000018119812,0.6367499828338623,0.6477500200271606,460068000,NVDA
2015-10-09,0.6320300102233887,0.6517500281333923,0.6570000052452087,0.6395000219345093,0.6507499814033508,423248000,NVDA
2015-10-12,0.6388182044029236,0.6587499976158142,0.6625000238418579,0.6477500200271606,0.6524999737739563,227588000,NVDA
2015-10-13,0.6400303840637207,0.6600000262260437,0.6639999747276306,0.6512500047683716,0.6535000205039978,298444000,NVDA
2015-10-14,0.6633042097091675,0.6840000152587891,0.6947500109672546,0.6600000262260437,0.6607499718666077,612148000,NVDA
2015-10-15,0.6650010943412781,0.6857500076293945,0.6997500061988831,0.6782500147819519,0.6852499842643738,526048000,NVDA
2015-10-16,0.6754259467124939,0.6965000033378601,0.703000009059906,0.6862499713897705,0.6880000233650208,448396000,NVDA
2015-10-19,0.6742138862609863,0.6952499747276306,0.7020000219345093,0.687250018119812,0.6987500190734863,294712000,NVDA
2015-10-20,0.6732439994812012,0.6942499876022339,0.6974999904632568,0.6869999766349792,0.6922500133514404,264824000,NVDA
2015-10-21,0.6645165085792542,0.6852499842643738,0.702750027179718,0.6840000152587891,0.6984999775886536,386280000,NVDA
2015-10-22,0.6885172724723816,0.7099999785423279,0.7122499942779541,0.6922500133514404,0.6932500004768372,306884000,NVDA
2015-10-23,0.6931237578392029,0.7147499918937683,0.7195000052452087,0.7055000066757202,0.7162500023841858,381776000,NVDA
2015-10-26,0.6899722218513489,0.7114999890327454,0.7170000076293945,0.7049999833106995,0.7152500152587891,247436000,NVDA
2015-10-27,0.6894871592521667,0.7110000252723694,0.715499997138977,0.7074999809265137,0.7080000042915344,208268000,NVDA
2015-10-28,0.6950633525848389,0.7167500257492065,0.7167500257492065,0.7049999833106995,0.715499997138977,217036000,NVDA
2015-10-29,0.6710621118545532,0.6919999718666077,0.7124999761581421,0.690750002861023,0.7052500247955322,327168000,NVDA
2015-10-30,0.6877901554107666,0.7092499732971191,0.7142500281333923,0.6942499876022339,0.6995000243186951,301160000,NVDA
2015-11-02,0.6957905888557434,0.7174999713897705,0.7182499766349792,0.7072499990463257,0.7114999890327454,190088000,NVDA
2015-11-03,0.690942108631134,0.7124999761581421,0.7172499895095825,0.7045000195503235,0.7132499814033508,376768000,NVDA
2015-11-04,0.6795474290847778,0.7007499933242798,0.715749979019165,0.6974999904632568,0.7105000019073486,442264000,NVDA
2015-11-05,0.6717893481254578,0.6927499771118164,0.706250011920929,0.690750002861023,0.7042499780654907,478800000,NVDA
2015-11-06,0.7648850679397583,0.7887499928474426,0.7985000014305115,0.7455000281333923,0.7612500190734863,1172272000,NVDA
2015-11-09,0.7614906430244446,0.7852500081062317,0.7875000238418579,0.7742499709129333,0.781000018119812,492568000,NVDA
2015-11-10,0.7469446063041687,0.7702500224113464,0.7792500257492065,0.7537500262260437,0.7749999761581421,552260000,NVDA
2015-11-11,0.7396712303161621,0.7627500295639038,0.7762500047683716,0.7599999904632568,0.7707499861717224,619896000,NVDA
2015-11-12,0.7370047569274902,0.7599999904632568,0.7680000066757202,0.7567499876022339,0.7609999775886536,291080000,NVDA
2015-11-13,0.7224586606025696,0.7450000047683716,0.7639999985694885,0.7412499785423279,0.7607499957084656,292940000,NVDA
2015-11-16,0.7370047569274902,0.7599999904632568,0.7605000138282776,0.7487499713897705,0.7547500133514404,344280000,NVDA
2015-11-17,0.7370047569274902,0.7599999904632568,0.7664999961853027,0.7567499876022339,0.7620000243186951,257048000,NVDA
2015-11-18,0.7551348209381104,0.7757499814033508,0.7767500281333923,0.7519999742507935,0.7602499723434448,350216000,NVDA
2015-11-19,0.757324755191803,0.777999997138977,0.7857499718666077,0.7722499966621399,0.7785000205039978,254072000,NVDA
2015-11-20,0.7638954520225525,0.7847499847412109,0.7892500162124634,0.7789999842643738,0.7837499976158142,239744000,NVDA
2015-11-23,0.7524576187133789,0.7730000019073486,0.7912499904632568,0.7702500224113464,0.7912499904632568,242552000,NVDA
2015-11-24,0.7585418224334717,0.7792500257492065,0.7860000133514404,0.7695000171661377,0.7730000019073486,195428000,NVDA
2015-11-25,0.7575682401657104,0.778249979019165,0.7870000004768372,0.7754999995231628,0.7777500152587891,138300000,NVDA
2015-11-27,0.7638954520225525,0.7847499847412109,0.7872499823570251,0.7757499814033508,0.7797499895095825,86996000,NVDA
2015-11-30,0.7719264030456543,0.7929999828338623,0.796500027179718,0.7847499847412109,0.7854999899864197,327244000,NVDA
2015-12-01,0.7969920635223389,0.8187500238418579,0.8195000290870667,0.7992500066757202,0.800000011920929,409496000,NVDA
2015-12-02,0.79090815782547,0.8125,0.828499972820282,0.8107500076293945,0.8199999928474426,294240000,NVDA
2015-12-03,0.7892045974731445,0.8107500076293945,0.8274999856948853,0.8067499995231628,0.8190000057220459,246656000,NVDA
2015-12-04,0.8213277459144592,0.84375,0.8452500104904175,0.8107500076293945,0.8107500076293945,458756000,NVDA
2015-12-07,0.8057528734207153,0.827750027179718,0.843500018119812,0.8252500295639038,0.843500018119812,333588000,NVDA
2015-12-08,0.8167038559913635,0.8389999866485596,0.8424999713897705,0.812250018119812,0.8174999952316284,314488000,NVDA
2015-12-09,0.7960184812545776,0.8177499771118164,0.84375,0.809249997138977,0.8387500047683716,372676000,NVDA
2015-12-10,0.8025891780853271,0.8245000243186951,0.8289999961853027,0.8174999952316284,0.8202499747276306,236596000,NVDA
2015-12-11,0.790664792060852,0.812250018119812,0.8220000267028809,0.8105000257492065,0.8162500262260437,227320000,NVDA
2015-12-14,0.7926116585731506,0.8142499923706055,0.8187500238418579,0.8044999837875366,0.8130000233650208,275892000,NVDA
2015-12-15,0.8023458123207092,0.8242499828338623,0.8299999833106995,0.8190000057220459,0.8234999775886536,307296000,NVDA
2015-12-16,0.8072127103805542,0.8292499780654907,0.8320000171661377,0.8187500238418579,0.8259999752044678,236356000,NVDA
2015-12-17,0.7950450778007507,0.8167499899864197,0.8389999866485596,0.8162500262260437,0.8305000066757202,254160000,NVDA
2015-12-18,0.7821471095085144,0.8034999966621399,0.8192499876022339,0.8025000095367432,0.8109999895095825,395896000,NVDA
2015-12-21,0.800642192363739,0.8224999904632568,0.8232499957084656,0.8050000071525574,0.812250018119812,284216000,NVDA
2015-12-22,0.8013725280761719,0.8232499957084656,0.8314999938011169,0.8182500004768372,0.824999988079071,130012000,NVDA
2015-12-23,0.8045360445976257,0.8264999985694885,0.8297500014305115,0.8230000138282776,0.8245000243186951,122524000,NVDA
2015-12-24,0.8072127103805542,0.8292499780654907,0.831250011920929,0.8227499723434448,0.8240000009536743,52448000,NVDA
2015-12-28,0.8064827919006348,0.828499972820282,0.828499972820282,0.8090000152587891,0.8205000162124634,142024000,NVDA
2015-12-29,0.8196240067481995,0.8420000076293945,0.8445000052452087,0.8267499804496765,0.8289999961853027,203660000,NVDA
2015-12-30,0.8125668168067932,0.8347499966621399,0.8485000133514404,0.8345000147819519,0.8412500023841858,180344000,NVDA
2015-12-31,0.8021025061607361,0.8240000009536743,0.8372499942779541,0.8240000009536743,0.8335000276565552,148528000,NVDA
2016-01-04,0.7877443432807922,0.809249997138977,0.8144999742507935,0.8009999990463257,0.8072500228881836,358076000,NVDA
2016-01-05,0.8003991842269897,0.8222500085830688,0.8360000252723694,0.8125,0.8245000243186951,490272000,NVDA
2016-01-06,0.7673026323318481,0.7882500290870667,0.8125,0.7789999842643738,0.8087499737739563,449344000,NVDA
2016-01-07,0.7368831038475037,0.7570000290870667,0.7737500071525574,0.746999979019165,0.7684999704360962,645304000,NVDA
2016-01-08,0.7210648655891418,0.7407500147819519,0.7674999833106995,0.7392500042915344,0.7667499780654907,398472000,NVDA
2016-01-11,0.7222816348075867,0.7419999837875366,0.7472500205039978,0.7287499904632568,0.7415000200271606,409372000,NVDA
2016-01-12,0.7344492077827454,0.7544999718666077,0.765500009059906,0.7492499947547913,0.7552499771118164,469356000,NVDA
2016-01-13,0.7120605707168579,0.7315000295639038,0.765250027179718,0.7307500243186951,0.7602499723434448,481672000,NVDA
2016-01-14,0.6977027654647827,0.7167500257492065,0.7250000238418579,0.6955000162124634,0.7164999842643738,600236000,NVDA
2016-01-15,0.659739077091217,0.6777499914169312,0.6962500214576721,0.6660000085830688,0.6880000233650208,841452000,NVDA
2016-01-19,0.665092945098877,0.6832500100135803,0.7112500071525574,0.6804999709129333,0.6917499899864197,457140000,NVDA
2016-01-20,0.6687431335449219,0.6869999766349792,0.6957499980926514,0.6612499952316284,0.6702499985694885,481180000,NVDA
2016-01-21,0.6765307784080505,0.6949999928474426,0.7057499885559082,0.6802499890327454,0.6945000290870667,481456000,NVDA
2016-01-22,0.6923488974571228,0.7112500071525574,0.7160000205039978,0.7067499756813049,0.7082499861717224,257996000,NVDA
2016-01-25,0.6916189789772034,0.7105000019073486,0.7192500233650208,0.7089999914169312,0.7110000252723694,270728000,NVDA
2016-01-26,0.6984328031539917,0.7174999713897705,0.7204999923706055,0.7047500014305115,0.7120000123977661,227944000,NVDA
2016-01-27,0.6901585459709167,0.7089999914169312,0.71875,0.6955000162124634,0.7164999842643738,231700000,NVDA
2016-01-28,0.6826143860816956,0.7012500166893005,0.7172499895095825,0.6875,0.7147499918937683,276776000,NVDA
2016-01-29,0.7127906680107117,0.7322499752044678,0.7337499856948853,0.7045000195503235,0.7072499990463257,310504000,NVDA
2016-02-01,0.7130340933799744,0.7325000166893005,0.7362499833106995,0.7252500057220459,0.7315000295639038,289884000,NVDA
2016-02-02,0.682857871055603,0.7014999985694885,0.7287499904632568,0.6965000033378601,0.7250000238418579,341908000,NVDA
2016-02-03,0.6862649321556091,0.7049999833106995,0.7112500071525574,0.6887500286102295,0.7070000171661377,326772000,NVDA
2016-02-04,0.6865085363388062,0.7052500247955322,0.7212499976158142,0.6982499957084656,0.7059999704360962,348140000,NVDA
2016-02-05,0.6431909203529358,0.6607499718666077,0.7082499861717224,0.6587499976158142,0.7005000114440918,600428000,NVDA
2016-02-08,0.6137450337409973,0.6305000185966492,0.6539999842643738,0.6212499737739563,0.6507499814033508,608852000,NVDA
2016-02-09,0.6203151941299438,0.6372500061988831,0.6637499928474426,0.6200000047683716,0.6230000257492065,425372000,NVDA
2016-02-10,0.6188552379608154,0.6357499957084656,0.6597499847412109,0.6322500109672546,0.6412500143051147,335800000,NVDA
2016-02-11,0.615691602230072,0.6324999928474426,0.6389999985694885,0.6194999814033508,0.6194999814033508,340144000,NVDA
2016-02-12,0.6261558532714844,0.6432499885559082,0.6445000171661377,0.6187499761581421,0.6424999833106995,340816000,NVDA
2016-02-16,0.6568188667297363,0.6747499704360962,0.6757500171661377,0.6504999995231628,0.6524999737739563,485352000,NVDA
2016-02-17,0.6731235384941101,0.6915000081062317,0.6980000138282776,0.6804999709129333,0.6832500100135803,771468000,NVDA
2016-02-18,0.7310421466827393,0.7509999871253967,0.7745000123977661,0.7475000023841858,0.7482500076293945,1068660000,NVDA
2016-02-19,0.740776538848877,0.7609999775886536,0.7677500247955322,0.7412499785423279,0.746999979019165,525628000,NVDA
2016-02-22,0.7670591473579407,0.7879999876022339,0.796750009059906,0.7705000042915344,0.7720000147819519,449668000,NVDA
2016-02-23,0.7690060138702393,0.7900000214576721,0.7975000143051147,0.777999997138977,0.7817500233650208,369380000,NVDA
2016-02-24,0.7743598818778992,0.7954999804496765,0.796750009059906,0.7649999856948853,0.7867500185966492,336852000,NVDA
2016-02-25,0.7760633230209351,0.797249972820282,0.8012499809265137,0.7829999923706055,0.7985000014305115,349616000,NVDA
2016-02-26,0.7709528803825378,0.7919999957084656,0.8029999732971191,0.7839999794960022,0.8009999990463257,361964000,NVDA
2016-02-29,0.7659458518028259,0.7839999794960022,0.8004999756813049,0.7835000157356262,0.7902500033378601,323344000,NVDA
2016-03-01,0.7998956441879272,0.8187500238418579,0.8187500238418579,0.7847499847412109,0.7860000133514404,348700000,NVDA
2016-03-02,0.8045363426208496,0.8234999775886536,0.8264999985694885,0.812749981880188,0.8142499923706055,233812000,NVDA
2016-03-03,0.7974531650543213,0.8162500262260437,0.8259999752044678,0.8052499890327454,0.8224999904632568,302004000,NVDA
2016-03-04,0.7950108051300049,0.8137500286102295,0.8232499957084656,0.8075000047683716,0.8224999904632568,175304000,NVDA
2016-03-07,0.7898815274238586,0.8084999918937683,0.8147500157356262,0.7979999780654907,0.809249997138977,239968000,NVDA
2016-03-08,0.7754713296890259,0.793749988079071,0.8050000071525574,0.7912499904632568,0.8002499938011169,274940000,NVDA
2016-03-09,0.774982750415802,0.7932500243186951,0.8019999861717224,0.7829999923706055,0.8007500171661377,222788000,NVDA
2016-03-10,0.7737616300582886,0.7919999957084656,0.8025000095367432,0.7760000228881836,0.7979999780654907,286084000,NVDA
2016-03-11,0.7869507670402527,0.8054999709129333,0.8057500123977661,0.7942500114440918,0.8037499785423279,277400000,NVDA
2016-03-14,0.7889046669006348,0.8075000047683716,0.8107500076293945,0.7979999780654907,0.8017500042915344,190312000,NVDA
2016-03-15,0.7849968075752258,0.8034999966621399,0.8084999918937683,0.7892500162124634,0.8032500147819519,226216000,NVDA
2016-03-16,0.8084442615509033,0.8274999856948853,0.8302500247955322,0.793749988079071,0.7975000143051147,363644000,NVDA
2016-03-17,0.8016053438186646,0.8205000162124634,0.828499972820282,0.809249997138977,0.8245000243186951,353680000,NVDA
2016-03-18,0.8257853984832764,0.8452500104904175,0.856249988079071,0.824999988079071,0.8302500247955322,545512000,NVDA
2016-03-21,0.8282281160354614,0.8477500081062317,0.8479999899864197,0.8287500143051147,0.8377500176429749,337780000,NVDA
2016-03-22,0.8267624378204346,0.8462499976158142,0.8522499799728394,0.8357499837875366,0.8450000286102295,242012000,NVDA
2016-03-23,0.8409284353256226,0.8607500195503235,0.8669999837875366,0.8462499976158142,0.8500000238418579,429008000,NVDA
2016-03-24,0.8421497941017151,0.8619999885559082,0.8634999990463257,0.8502500057220459,0.8529999852180481,244956000,NVDA
2016-03-28,0.8506982922554016,0.8707500100135803,0.8744999766349792,0.859499990940094,0.8604999780654907,265388000,NVDA
2016-03-29,0.8643760085105896,0.8847500085830688,0.8867499828338623,0.8650000095367432,0.8669999837875366,261812000,NVDA
2016-03-30,0.8734127879142761,0.8939999938011169,0.90625,0.887499988079071,0.8880000114440918,376700000,NVDA
2016-03-31,0.8702374696731567,0.890749990940094,0.8999999761581421,0.8837500214576721,0.8980000019073486,379884000,NVDA
2016-04-01,0.8829384446144104,0.9037500023841858,0.9042500257492064,0.8784999847412109,0.8852499723434448,348292000,NVDA
2016-04-04,0.8743898272514343,0.8949999809265137,0.9160000085830688,0.8914999961853027,0.9112499952316284,393940000,NVDA
2016-04-05,0.873168408870697,0.893750011920929,0.9020000100135804,0.8834999799728394,0.8870000243186951,339568000,NVDA
2016-04-06,0.8743898272514343,0.8949999809265137,0.8955000042915344,0.8657500147819519,0.8824999928474426,453376000,NVDA
2016-04-07,0.8653526902198792,0.8857499957084656,0.8972499966621399,0.8820000290870667,0.8892499804496765,378104000,NVDA
2016-04-08,0.8709703683853149,0.8914999961853027,0.8987500071525574,0.8827499747276306,0.8930000066757202,255936000,NVDA
2016-04-11,0.8763436079025269,0.8970000147819519,0.9117500185966492,0.8939999938011169,0.8967499732971191,387524000,NVDA
2016-04-12,0.875366747379303,0.8960000276565552,0.9012500047683716,0.8784999847412109,0.8999999761581421,292764000,NVDA
2016-04-13,0.8973487019538879,0.9185000061988832,0.918749988079071,0.8999999761581421,0.8999999761581421,350716000,NVDA
2016-04-14,0.8997909426689148,0.9210000038146972,0.925000011920929,0.9122499823570251,0.9160000085830688,416564000,NVDA
2016-04-15,0.9068740606307985,0.928250014781952,0.9365000128746032,0.9177500009536744,0.9207500219345092,436972000,NVDA
2016-04-18,0.902966320514679,0.9242500066757202,0.9265000224113464,0.91525000333786,0.9265000224113464,307320000,NVDA
2016-04-19,0.8868461847305298,0.9077500104904176,0.9294999837875366,0.9020000100135804,0.9277499914169312,309152000,NVDA
2016-04-20,0.8902655243873596,0.9112499952316284,0.9167500138282776,0.9052500128746032,0.90625,200172000,NVDA
2016-04-21,0.889288604259491,0.9102500081062316,0.9157500267028807,0.90625,0.9114999771118164,178280000,NVDA
2016-04-22,0.8858692049980164,0.9067500233650208,0.9194999933242798,0.9037500023841858,0.9132500290870668,223540000,NVDA
2016-04-25,0.8902655243873596,0.9112499952316284,0.9162499904632568,0.9045000076293944,0.9070000052452089,191972000,NVDA
2016-04-26,0.8909984230995178,0.9120000004768372,0.9272500276565552,0.9079999923706056,0.9167500138282776,214536000,NVDA
2016-04-27,0.9112703800201416,0.9327499866485596,0.9332500100135804,0.9079999923706056,0.9097499847412108,352396000,NVDA
2016-04-28,0.8841594457626343,0.9049999713897704,0.9325000047683716,0.9027500152587892,0.9269999861717224,381224000,NVDA
2016-04-29,0.8677951097488403,0.8882499933242798,0.903249979019165,0.8784999847412109,0.9012500047683716,321904000,NVDA
2016-05-02,0.8792746067047119,0.8999999761581421,0.9054999947547911,0.8924999833106995,0.8967499732971191,256076000,NVDA
2016-05-03,0.8687722086906433,0.8892499804496765,0.8934999704360962,0.8815000057220459,0.8897500038146973,224024000,NVDA
2016-05-04,0.8489884734153748,0.8690000176429749,0.8792499899864197,0.8600000143051147,0.8784999847412109,525764000,NVDA
2016-05-05,0.8541176319122314,0.8742499947547913,0.8845000267028809,0.8677499890327454,0.8762500286102295,246884000,NVDA
2016-05-06,0.8629103302955627,0.8832499980926514,0.8855000138282776,0.8709999918937683,0.8727499842643738,183240000,NVDA
2016-05-09,0.8616892099380493,0.8820000290870667,0.8892499804496765,0.874750018119812,0.8855000138282776,333336000,NVDA
2016-05-10,0.8782976269721985,0.8989999890327454,0.9004999995231628,0.8790000081062317,0.887499988079071,269676000,NVDA
2016-05-11,0.8807399272918701,0.9014999866485596,0.9114999771118164,0.8967499732971191,0.9017500281333924,328176000,NVDA
2016-05-12,0.8687722086906433,0.8892499804496765,0.9120000004768372,0.8732500076293945,0.9079999923706056,670540000,NVDA
2016-05-13,1.0009080171585083,1.024500012397766,1.024999976158142,0.975000023841858,0.9797499775886536,2110256000,NVDA
2016-05-16,1.0304609537124634,1.0547499656677246,1.0700000524520874,1.0134999752044678,1.0167499780654907,973032000,NVDA
2016-05-17,1.0326592922210691,1.0570000410079956,1.0644999742507937,1.0364999771118164,1.0499999523162842,628392000,NVDA
2016-05-18,1.059037208557129,1.0839999914169312,1.096250057220459,1.0499999523162842,1.0499999523162842,541072000,NVDA
2016-05-19,1.0636780261993408,1.0887500047683716,1.096500039100647,1.0782500505447388,1.0797499418258667,398880000,NVDA
2016-05-20,1.082728624343872,1.1082500219345093,1.1127500534057615,1.09375,1.0954999923706057,391084000,NVDA
2016-05-23,1.084438681602478,1.1100000143051147,1.1172499656677246,1.1032500267028809,1.1130000352859497,413636000,NVDA
2016-05-24,1.1107624769210815,1.133999943733215,1.1375000476837158,1.1074999570846558,1.1104999780654907,415788000,NVDA
2016-05-25,1.106109857559204,1.1292500495910645,1.1422499418258667,1.1202499866485596,1.1375000476837158,458076000,NVDA
2016-05-26,1.1178641319274902,1.1412500143051147,1.149500012397766,1.128000020980835,1.131250023841858,309964000,NVDA
2016-05-27,1.1239863634109497,1.1475000381469729,1.149250030517578,1.1387499570846558,1.1425000429153442,277416000,NVDA
2016-05-31,1.144066333770752,1.1679999828338623,1.1705000400543213,1.1517499685287476,1.152500033378601,412524000,NVDA
2016-06-01,1.1462701559066772,1.1702500581741333,1.18149995803833,1.159000039100647,1.162500023841858,387132000,NVDA
2016-06-02,1.1543511152267456,1.178500056266785,1.1885000467300415,1.1649999618530271,1.1764999628067017,329208000,NVDA
2016-06-03,1.1381888389587402,1.1619999408721924,1.1684999465942385,1.1414999961853027,1.1670000553131104,461076000,NVDA
2016-06-06,1.1323120594024658,1.156000018119812,1.1740000247955322,1.149999976158142,1.1649999618530271,322512000,NVDA
2016-06-07,1.1345158815383911,1.1582499742507937,1.1694999933242798,1.1577500104904177,1.162999987602234,193400000,NVDA
2016-06-08,1.1308432817459106,1.1545000076293943,1.162750005722046,1.1449999809265137,1.1584999561309814,234616000,NVDA
2016-06-09,1.1602280139923096,1.184499979019165,1.1862499713897705,1.1480000019073486,1.1505000591278076,472168000,NVDA
2016-06-10,1.131332516670227,1.1549999713897705,1.180999994277954,1.153499960899353,1.1705000400543213,400024000,NVDA
2016-06-13,1.1457804441452026,1.1697499752044678,1.1924999952316284,1.15625,1.15625,475588000,NVDA
2016-06-14,1.147984266281128,1.1720000505447388,1.1775000095367432,1.1540000438690186,1.1670000553131104,298344000,NVDA
2016-06-15,1.1597379446029663,1.184000015258789,1.194249987602234,1.1687500476837158,1.1817500591278076,301036000,NVDA
2016-06-16,1.1643911600112915,1.1887500286102295,1.190750002861023,1.1637500524520874,1.1752500534057615,246456000,NVDA
2016-06-17,1.144066333770752,1.1679999828338623,1.190500020980835,1.163249969482422,1.190250039100647,471000000,NVDA
2016-06-20,1.1646355390548706,1.1890000104904177,1.2042499780654907,1.1859999895095823,1.186750054359436,293768000,NVDA
2016-06-21,1.1575342416763306,1.1817500591278076,1.1972500085830688,1.1799999475479126,1.194000005722046,212508000,NVDA
2016-06-22,1.15655517578125,1.180750012397766,1.1920000314712524,1.1787500381469729,1.184249997138977,202620000,NVDA
2016-06-23,1.187409520149231,1.212249994277954,1.2135000228881836,1.191249966621399,1.1920000314712524,297880000,NVDA
2016-06-24,1.1198232173919678,1.1432499885559082,1.184000015258789,1.1325000524520874,1.162500023841858,1017684000,NVDA
2016-06-27,1.1078248023986816,1.13100004196167,1.1425000429153442,1.1142499446868896,1.1337499618530271,449088000,NVDA
2016-06-28,1.1239863634109497,1.1475000381469729,1.153749942779541,1.131749987602234,1.152500033378601,381920000,NVDA
2016-06-29,1.1423523426055908,1.1662499904632568,1.1752500534057615,1.1545000076293943,1.1575000286102295,318932000,NVDA
2016-06-30,1.151167869567871,1.1752500534057615,1.1825000047683716,1.158750057220459,1.1682499647140503,430940000,NVDA
2016-07-01,1.1425968408584597,1.1664999723434448,1.184000015258789,1.162500023841858,1.1687500476837158,218488000,NVDA
2016-07-05,1.1594934463500977,1.183750033378601,1.1857500076293943,1.1507500410079956,1.159999966621399,371084000,NVDA
2016-07-06,1.1668399572372437,1.191249966621399,1.1982500553131104,1.1694999933242798,1.1755000352859497,273104000,NVDA
2016-07-07,1.1972047090530396,1.222249984741211,1.2265000343322754,1.193750023841858,1.1992499828338623,395400000,NVDA
2016-07-08,1.245200514793396,1.2712500095367432,1.277250051498413,1.2304999828338623,1.2352499961853027,481932000,NVDA
2016-07-11,1.2738511562347412,1.3005000352859497,1.309999942779541,1.287999987602234,1.2894999980926514,448776000,NVDA
2016-07-12,1.2929519414901731,1.3200000524520874,1.3320000171661377,1.2984999418258667,1.315000057220459,436760000,NVDA
2016-07-13,1.29246187210083,1.319499969482422,1.3300000429153442,1.3174999952316284,1.3224999904632568,324604000,NVDA
2016-07-14,1.305685043334961,1.3329999446868896,1.3450000286102295,1.315500020980835,1.3265000581741333,316892000,NVDA
2016-07-15,1.290502905845642,1.3174999952316284,1.3235000371932983,1.2960000038146973,1.315999984741211,428616000,NVDA
2016-07-18,1.2971147298812866,1.3242499828338623,1.3357499837875366,1.319249987602234,1.3337500095367432,252992000,NVDA
2016-07-19,1.3105825185775757,1.3380000591278076,1.343250036239624,1.3209999799728394,1.3235000371932983,382652000,NVDA
2016-07-20,1.3277244567871094,1.3554999828338623,1.3627500534057615,1.337000012397766,1.3424999713897705,296460000,NVDA
2016-07-21,1.3032362461090088,1.3305000066757202,1.3567500114440918,1.3259999752044678,1.3524999618530271,361308000,NVDA
2016-07-22,1.3387435674667358,1.3667500019073486,1.3667500019073486,1.3255000114440918,1.3352500200271606,315768000,NVDA
2016-07-25,1.3634761571884155,1.3919999599456787,1.3952499628067017,1.36899995803833,1.375,312528000,NVDA
2016-07-26,1.386739730834961,1.4157500267028809,1.4229999780654907,1.402250051498413,1.4042500257492063,514508000,NVDA
2016-07-27,1.3727811574935913,1.4014999866485596,1.430500030517578,1.3930000066757202,1.4279999732971191,446676000,NVDA
2016-07-28,1.3757200241088867,1.4045000076293943,1.4149999618530271,1.40024995803833,1.4047499895095823,221916000,NVDA
2016-07-29,1.3982490301132202,1.4275000095367432,1.431249976158142,1.3845000267028809,1.409749984741211,409588000,NVDA
2016-08-01,1.389188289642334,1.4182499647140503,1.4387500286102295,1.409000039100647,1.433500051498413,301120000,NVDA
2016-08-02,1.372292160987854,1.4010000228881836,1.4257500171661377,1.3875000476837158,1.4249999523162842,282748000,NVDA
2016-08-03,1.3759651184082031,1.4047499895095823,1.4075000286102295,1.3914999961853027,1.399250030517578,299828000,NVDA
2016-08-04,1.4014321565628052,1.430750012397766,1.437250018119812,1.408750057220459,1.4114999771118164,272712000,NVDA
2016-08-05,1.425185203552246,1.4550000429153442,1.4557499885559082,1.440250039100647,1.4472500085830688,371588000,NVDA
2016-08-08,1.4384089708328247,1.468500018119812,1.4785000085830688,1.4529999494552612,1.475000023841858,305064000,NVDA
2016-08-09,1.4420815706253052,1.472249984741211,1.4865000247955322,1.468500018119812,1.475749969482422,372344000,NVDA
2016-08-10,1.4327763319015503,1.46274995803833,1.4874999523162842,1.4579999446868896,1.4852499961853027,375740000,NVDA
2016-08-11,1.461917281150818,1.4924999475479126,1.4987499713897705,1.4674999713897705,1.4704999923706057,681064000,NVDA
2016-08-12,1.543705701828003,1.5759999752044678,1.5844999551773071,1.5157500505447388,1.5475000143051147,1425744000,NVDA
2016-08-15,1.5422366857528689,1.5744999647140503,1.587499976158142,1.5532499551773071,1.5777499675750732,573304000,NVDA
2016-08-16,1.5329310894012451,1.565000057220459,1.5747499465942385,1.5602500438690186,1.5722500085830688,287652000,NVDA
2016-08-17,1.497424602508545,1.528749942779541,1.56850004196167,1.5164999961853027,1.565000057220459,595212000,NVDA
2016-08-18,1.520687222480774,1.5525000095367432,1.5549999475479126,1.5204999446868896,1.5264999866485596,331684000,NVDA
2016-08-19,1.524605393409729,1.55649995803833,1.5682499408721924,1.5449999570846558,1.5517499446868896,291560000,NVDA
2016-08-22,1.5309721231460571,1.562999963760376,1.565250039100647,1.5427500009536743,1.5612499713897705,244748000,NVDA
2016-08-23,1.5433610677719116,1.5727499723434448,1.5829999446868896,1.5682499408721924,1.5759999752044678,339764000,NVDA
2016-08-24,1.5195642709732056,1.5484999418258667,1.5789999961853027,1.5412499904632568,1.5782500505447388,298448000,NVDA
2016-08-25,1.5095058679580688,1.538249969482422,1.5497499704360962,1.5190000534057615,1.5490000247955322,406032000,NVDA
2016-08-26,1.5217719078063965,1.5507500171661377,1.559499979019165,1.5299999713897705,1.5422500371932983,300024000,NVDA
2016-08-29,1.5207908153533936,1.5497499704360962,1.563249945640564,1.5472500324249268,1.5570000410079956,274652000,NVDA
2016-08-30,1.5119593143463137,1.5407500267028809,1.555999994277954,1.5364999771118164,1.5477499961853027,285544000,NVDA
2016-08-31,1.5048446655273438,1.5334999561309814,1.5479999780654907,1.5290000438690186,1.5437500476837158,388544000,NVDA
2016-09-01,1.5492490530014038,1.5787500143051147,1.5844999551773071,1.5334999561309814,1.534749984741211,428492000,NVDA
2016-09-02,1.5340386629104614,1.563249945640564,1.5837500095367432,1.5455000400543213,1.5820000171661377,323148000,NVDA
2016-09-06,1.5485129356384275,1.5779999494552612,1.5779999494552612,1.5607500076293943,1.568750023841858,306812000,NVDA
2016-09-07,1.5256977081298828,1.5547499656677246,1.5807499885559082,1.5457500219345093,1.5729999542236328,397988000,NVDA
2016-09-08,1.536737322807312,1.565999984741211,1.56850004196167,1.5355000495910645,1.5532499551773071,315808000,NVDA
2016-09-09,1.4601950645446775,1.4880000352859497,1.5575000047683716,1.475000023841858,1.5487500429153442,697760000,NVDA
2016-09-12,1.490370273590088,1.5187499523162842,1.5217499732971191,1.4329999685287476,1.468250036239624,598260000,NVDA
2016-09-13,1.4687812328338623,1.496749997138977,1.5325000286102295,1.4882500171661377,1.5149999856948853,471768000,NVDA
2016-09-14,1.4817835092544556,1.5099999904632568,1.5149999856948853,1.4877500534057615,1.500249981880188,319048000,NVDA
2016-09-15,1.5379643440246582,1.5672500133514404,1.569000005722046,1.508999943733215,1.5125000476837158,515212000,NVDA
2016-09-16,1.541643500328064,1.5709999799728394,1.5812499523162842,1.5529999732971191,1.5727499723434448,902444000,NVDA
2016-09-19,1.5620062351226809,1.5917500257492063,1.631500005722046,1.5802500247955322,1.587499976158142,417128000,NVDA
2016-09-20,1.5477774143218994,1.5772500038146973,1.6100000143051147,1.56850004196167,1.6100000143051147,331112000,NVDA
2016-09-21,1.591200351715088,1.621500015258789,1.624500036239624,1.5817500352859497,1.5820000171661377,336212000,NVDA
2016-09-22,1.595125675201416,1.625499963760376,1.6360000371932983,1.6162500381469729,1.63100004196167,308732000,NVDA
2016-09-23,1.5934083461761477,1.6237499713897705,1.63224995136261,1.6165000200271606,1.627500057220459,276132000,NVDA
2016-09-26,1.57844340801239,1.6085000038146973,1.6150000095367432,1.5882500410079956,1.6052500009536743,230040000,NVDA
2016-09-27,1.6324154138565063,1.66349995136261,1.6660000085830688,1.6015000343322754,1.6022499799728394,402752000,NVDA
2016-09-28,1.638303279876709,1.6694999933242798,1.6707500219345093,1.6482499837875366,1.6660000085830688,319788000,NVDA
2016-09-29,1.6535134315490725,1.684999942779541,1.690250039100647,1.6512500047683716,1.6667499542236328,336684000,NVDA
2016-09-30,1.68099045753479,1.7130000591278076,1.7297500371932983,1.684249997138977,1.694249987602234,429932000,NVDA
2016-10-03,1.679273009300232,1.7112499475479126,1.7377500534057615,1.7082500457763672,1.7130000591278076,242596000,NVDA
2016-10-04,1.6755934953689575,1.7074999809265137,1.7424999475479126,1.69474995136261,1.7137500047683716,281624000,NVDA
2016-10-05,1.67387592792511,1.7057499885559082,1.7395000457763672,1.7005000114440918,1.722000002861023,305440000,NVDA
2016-10-06,1.6520415544509888,1.683500051498413,1.6957499980926514,1.656499981880188,1.6852500438690186,360212000,NVDA
2016-10-07,1.6400203704833984,1.6712499856948853,1.6992499828338623,1.6664999723434448,1.69474995136261,286260000,NVDA
2016-10-10,1.6461535692214966,1.6775000095367432,1.6890000104904177,1.6617499589920044,1.6799999475479126,287876000,NVDA
2016-10-11,1.62235689163208,1.653249979019165,1.6744999885559082,1.6404999494552612,1.6720000505447388,388540000,NVDA
2016-10-12,1.629716873168945,1.6607500314712524,1.6694999933242798,1.6327500343322754,1.6464999914169312,419920000,NVDA
2016-10-13,1.6032212972640991,1.6337499618530271,1.6449999809265137,1.5924999713897705,1.6412500143051147,390116000,NVDA
2016-10-14,1.6189223527908323,1.649749994277954,1.6649999618530271,1.6399999856948853,1.653749942779541,330636000,NVDA
2016-10-17,1.6095997095108032,1.6402499675750732,1.6649999618530271,1.6380000114440918,1.649500012397766,195328000,NVDA
2016-10-18,1.6341328620910645,1.665249943733215,1.6747499704360962,1.65625,1.662999987602234,269372000,NVDA
2016-10-19,1.630698323249817,1.6617499589920044,1.6694999933242798,1.6454999446868896,1.6540000438690186,199060000,NVDA
2016-10-20,1.6616098880767822,1.6932499408721924,1.6987500190734863,1.6575000286102295,1.681249976158142,312084000,NVDA
2016-10-21,1.6569486856460571,1.6885000467300415,1.691499948501587,1.6725000143051147,1.687250018119812,279508000,NVDA
2016-10-24,1.734717845916748,1.7677500247955322,1.7697499990463257,1.6997499465942385,1.7000000476837158,339836000,NVDA
2016-10-25,1.763175368309021,1.7967499494552612,1.807500004768372,1.756250023841858,1.7647500038146973,397460000,NVDA
2016-10-26,1.7702901363372805,1.8040000200271609,1.8237500190734863,1.7799999713897705,1.781749963760376,333792000,NVDA
2016-10-27,1.7339811325073242,1.7669999599456787,1.821249961853028,1.7597500085830688,1.8177499771118164,388664000,NVDA
2016-10-28,1.7310374975204468,1.7640000581741333,1.8025000095367432,1.7607500553131104,1.7755000591278076,290856000,NVDA
2016-10-31,1.745757222175598,1.7790000438690186,1.7907500267028809,1.7687499523162842,1.7697499990463257,252388000,NVDA
2016-11-01,1.6939928531646729,1.7262500524520874,1.7952500581741333,1.7072499990463257,1.7855000495910645,473224000,NVDA
2016-11-02,1.6868788003921509,1.718999981880188,1.7630000114440918,1.715999960899353,1.7395000457763672,295848000,NVDA
2016-11-03,1.6672523021697998,1.6990000009536743,1.7285000085830688,1.6660000085830688,1.7269999980926514,309664000,NVDA
2016-11-04,1.657684087753296,1.6892499923706057,1.718250036239624,1.6644999980926514,1.687749981880188,328780000,NVDA
2016-11-07,1.7484557628631592,1.781749963760376,1.7929999828338623,1.7374999523162842,1.7387499809265137,487580000,NVDA
2016-11-08,1.745757222175598,1.7790000438690186,1.7942500114440918,1.7625000476837158,1.78849995136261,429884000,NVDA
2016-11-09,1.7163174152374268,1.7489999532699585,1.7725000381469729,1.718000054359436,1.7307499647140503,456532000,NVDA
2016-11-10,1.6625910997390747,1.694249987602234,1.787500023841858,1.6690000295639038,1.78725004196167,869280000,NVDA
2016-11-11,2.158154249191284,2.1992499828338623,2.219249963760376,1.962499976158142,1.9877500534057613,2175344000,NVDA
2016-11-14,2.051927089691162,2.0910000801086426,2.204750061035156,2.0905001163482666,2.2022500038146973,1348796000,NVDA
2016-11-15,2.11448621749878,2.154750108718872,2.1862499713897705,2.098249912261963,2.107249975204468,626092000,NVDA
2016-11-16,2.2479443550109863,2.290750026702881,2.313999891281128,2.158750057220459,2.183500051498413,987984000,NVDA
2016-11-17,2.266589403152466,2.3097500801086426,2.369750022888184,2.266249895095825,2.30774998664856,832988000,NVDA
2016-11-18,2.2903873920440674,2.3340001106262207,2.35824990272522,2.2950000762939453,2.3097500801086426,576060000,NVDA
2016-11-21,2.2810633182525635,2.32450008392334,2.358750104904175,2.309999942779541,2.352250099182129,436436000,NVDA
2016-11-22,2.297501564025879,2.341249942779541,2.3434998989105225,2.309499979019165,2.3324999809265137,330368000,NVDA
2016-11-23,2.3088037967681885,2.349250078201294,2.3812499046325684,2.3192501068115234,2.3429999351501465,443236000,NVDA
2016-11-25,2.313471555709839,2.3540000915527344,2.377500057220459,2.335249900817871,2.3605000972747803,195564000,NVDA
2016-11-28,2.3122427463531494,2.352750062942505,2.368499994277954,2.3399999141693115,2.346750020980835,278736000,NVDA
2016-11-29,2.2911131381988525,2.331249952316284,2.361000061035156,2.313250064849853,2.3499999046325684,444568000,NVDA
2016-11-30,2.2653157711029053,2.305000066757202,2.3540000915527344,2.302500009536743,2.3399999141693115,440500000,NVDA
2016-12-01,2.153277635574341,2.190999984741211,2.3042500019073486,2.119250059127808,2.302500009536743,1035524000,NVDA
2016-12-02,2.173179149627685,2.211250066757202,2.220000028610229,2.128000020980835,2.15625,478292000,NVDA
2016-12-05,2.257452726364136,2.296999931335449,2.3152499198913574,2.2249999046325684,2.2497498989105225,602284000,NVDA
2016-12-06,2.294552087783813,2.334749937057495,2.343250036239624,2.289249897003174,2.3052499294281006,498796000,NVDA
2016-12-07,2.335829496383667,2.376749992370605,2.382499933242798,2.302500009536743,2.321000099182129,480804000,NVDA
2016-12-08,2.2967641353607178,2.336999893188477,2.415499925613404,2.3262500762939453,2.3797500133514404,381544000,NVDA
2016-12-09,2.255978584289551,2.2955000400543213,2.356750011444092,2.267750024795532,2.3550000190734863,382312000,NVDA
2016-12-12,2.201188325881958,2.2397499084472656,2.2487499713897705,2.188499927520752,2.2462499141693115,601332000,NVDA
2016-12-13,2.240008592605591,2.279249906539917,2.307250022888184,2.251250028610229,2.252249956130981,387796000,NVDA
2016-12-14,2.3697354793548584,2.411250114440918,2.4277501106262207,2.289249897003174,2.313499927520752,983980000,NVDA
2016-12-15,2.425262212753296,2.467750072479248,2.498500108718872,2.414999961853028,2.422499895095825,746548000,NVDA
2016-12-16,2.4670305252075195,2.5102500915527344,2.5174999237060547,2.4432499408721924,2.4957499504089355,1089528000,NVDA
2016-12-19,2.4970059394836426,2.540750026702881,2.5612499713897705,2.4749999046325684,2.492500066757202,744656000,NVDA
2016-12-20,2.583982229232788,2.6292500495910645,2.653249979019165,2.602999925613404,2.614500045776367,848056000,NVDA
2016-12-21,2.6001980304718018,2.645750045776367,2.648750066757202,2.592750072479248,2.6410000324249268,576136000,NVDA
2016-12-22,2.631647109985352,2.6777501106262207,2.721750020980835,2.663249969482422,2.6705000400543213,718612000,NVDA
2016-12-23,2.6972479820251465,2.744499921798706,2.746000051498413,2.656749963760376,2.6594998836517334,647692000,NVDA
2016-12-27,2.8825018405914307,2.933000087738037,2.934000015258789,2.7804999351501465,2.801500082015991,1194272000,NVDA
2016-12-28,2.684225559234619,2.731250047683716,2.9982500076293945,2.717250108718872,2.990000009536743,2295764000,NVDA
2016-12-29,2.737788438796997,2.785749912261963,2.78725004196167,2.569999933242798,2.622499942779541,2175368000,NVDA
2016-12-30,2.622556686401367,2.6684999465942383,2.7980000972747803,2.657500028610229,2.783750057220459,1212932000,NVDA
2017-01-03,2.50634241104126,2.5502500534057617,2.659250020980835,2.484499931335449,2.609999895095825,1501996000,NVDA
2017-01-04,2.564818382263184,2.6097500324249268,2.637500047683716,2.538249969482422,2.5850000381469727,1199220000,NVDA
2017-01-05,2.499708414077759,2.5434999465942383,2.6454999446868896,2.526249885559082,2.6132500171661377,984296000,NVDA
2017-01-06,2.533123016357422,2.577500104904175,2.606250047683716,2.5299999713897705,2.571249961853028,822856000,NVDA
2017-01-09,2.6358234882354736,2.681999921798706,2.700000047683716,2.587500095367432,2.587500095367432,916248000,NVDA
2017-01-10,2.615922689437866,2.661750078201294,2.729749917984009,2.640749931335449,2.6952500343322754,880920000,NVDA
2017-01-11,2.5837368965148926,2.628999948501587,2.6549999713897705,2.603749990463257,2.650000095367432,525664000,NVDA
2017-01-12,2.541476488113404,2.5859999656677246,2.617500066757202,2.540499925613404,2.60575008392334,625616000,NVDA
2017-01-13,2.541231155395508,2.585750102996826,2.625,2.576499938964844,2.5899999141693115,457820000,NVDA
2017-01-17,2.484229326248169,2.527750015258789,2.5799999237060547,2.5142500400543213,2.575000047683716,580612000,NVDA
2017-01-18,2.529437303543091,2.5737500190734863,2.580749988555908,2.477750062942505,2.50600004196167,654424000,NVDA
2017-01-19,2.5837368965148926,2.628999948501587,2.6614999771118164,2.57450008392334,2.5767500400543213,644872000,NVDA
2017-01-20,2.55548095703125,2.600250005722046,2.6700000762939453,2.578000068664551,2.6519999504089355,492024000,NVDA
2017-01-23,2.582016706466675,2.627249956130981,2.6475000381469727,2.5924999713897705,2.595000028610229,369904000,NVDA
2017-01-24,2.6370527744293213,2.6832499504089355,2.689500093460083,2.622499942779541,2.637500047683716,428052000,NVDA
2017-01-25,2.648355007171631,2.6947500705718994,2.7325000762939453,2.658250093460083,2.726249933242798,522760000,NVDA
2017-01-26,2.69405484199524,2.7412500381469727,2.7487499713897705,2.6675000190734863,2.697499990463257,458800000,NVDA
2017-01-27,2.7461419105529785,2.794250011444092,2.7972500324249268,2.721250057220459,2.7482500076293945,471996000,NVDA
2017-01-30,2.7031443119049072,2.750499963760376,2.77524995803833,2.6977500915527344,2.7730000019073486,496004000,NVDA
2017-01-31,2.68250584602356,2.7295000553131104,2.751250028610229,2.7049999237060547,2.723750114440918,362756000,NVDA
2017-02-01,2.7997026443481445,2.848750114440918,2.852999925613404,2.746500015258789,2.76449990272522,590004000,NVDA
2017-02-02,2.835082530975342,2.88474988937378,2.8935000896453857,2.801500082015991,2.8324999809265137,483240000,NVDA
2017-02-03,2.810267686843872,2.859499931335449,2.8975000381469727,2.8475000858306885,2.8862500190734863,372744000,NVDA
2017-02-06,2.882256507873535,2.93274998664856,2.9332499504089355,2.8499999046325684,2.8499999046325684,506768000,NVDA
2017-02-07,2.9269731044769287,2.978250026702881,3.0230000019073486,2.947499990463257,2.9674999713897705,746224000,NVDA
2017-02-08,2.9141979217529297,2.965250015258789,2.982749938964844,2.9094998836517334,2.9600000381469727,449580000,NVDA
2017-02-09,2.859407424926758,2.9094998836517334,2.9765000343322754,2.890000104904175,2.9714999198913574,842568000,NVDA
2017-02-10,2.791594982147217,2.8405001163482666,3.0174999237060547,2.815000057220459,2.9982500076293945,1651092000,NVDA
2017-02-13,2.6628506183624268,2.7095000743865967,2.8494999408721924,2.7049999237060547,2.834749937057495,1180724000,NVDA
2017-02-14,2.6726784706115723,2.719500064849853,2.7537500858306885,2.657249927520752,2.6997499465942383,850632000,NVDA
2017-02-15,2.678084135055542,2.7249999046325684,2.744999885559082,2.694000005722046,2.7225000858306885,373020000,NVDA
2017-02-16,2.635087013244629,2.681250095367432,2.736000061035156,2.6414999961853027,2.7347500324249268,647176000,NVDA
2017-02-17,2.634595394134521,2.680749893188477,2.6852500438690186,2.619750022888184,2.6675000190734863,563740000,NVDA
2017-02-21,2.728943347930908,2.776750087738037,2.780750036239624,2.7054998874664307,2.705749988555908,551952000,NVDA
2017-02-22,2.724760770797729,2.7690000534057617,2.7950000762939453,2.7497498989105225,2.7855000495910645,433772000,NVDA
2017-02-23,2.4721128940582275,2.5122499465942383,2.659749984741211,2.492000102996826,2.637500047683716,1592888000,NVDA
2017-02-24,2.4959757328033447,2.5364999771118164,2.549999952316284,2.3924999237060547,2.4267499446868896,1029904000,NVDA
2017-02-27,2.568547248840332,2.6102499961853027,2.625499963760376,2.5390000343322754,2.555000066757202,715400000,NVDA
2017-02-28,2.496467351913452,2.5369999408721924,2.630000114440918,2.5195000171661377,2.619999885559082,625360000,NVDA
2017-03-01,2.5286941528320312,2.5697500705718994,2.609250068664551,2.527750015258789,2.594749927520752,504804000,NVDA
2017-03-02,2.435457706451416,2.4749999046325684,2.571000099182129,2.472249984741211,2.556750059127808,754332000,NVDA
2017-03-03,2.421435594558716,2.460750102996826,2.469249963760376,2.4054999351501465,2.464250087738037,864692000,NVDA
2017-03-06,2.4027390480041504,2.4417500495910645,2.452500104904175,2.3792500495910645,2.424000024795532,883568000,NVDA
2017-03-07,2.42906141281128,2.4684998989105225,2.4882500171661377,2.4287500381469727,2.4417500495910645,603400000,NVDA
2017-03-08,2.424633026123047,2.46399998664856,2.532500028610229,2.461750030517578,2.5174999237060547,638712000,NVDA
2017-03-09,2.4241414070129395,2.463500022888184,2.4862499237060547,2.434999942779541,2.4477500915527344,478060000,NVDA
2017-03-10,2.438409805297852,2.477999925613404,2.502249956130981,2.4595000743865967,2.4902501106262207,499740000,NVDA
2017-03-13,2.5055692195892334,2.546250104904175,2.556250095367432,2.4877500534057617,2.4885001182556152,774136000,NVDA
2017-03-14,2.50384783744812,2.5445001125335693,2.5687499046325684,2.5117499828338623,2.5592501163482666,522016000,NVDA
2017-03-15,2.522789716720581,2.563750028610229,2.5747499465942383,2.507999897003174,2.556250095367432,615036000,NVDA
2017-03-16,2.553786516189575,2.595249891281128,2.595750093460083,2.5602500438690186,2.57450008392334,523100000,NVDA
2017-03-17,2.609384536743164,2.651750087738037,2.6530001163482666,2.595249891281128,2.61299991607666,1119688000,NVDA
2017-03-20,2.692534208297729,2.7362499237060547,2.7402501106262207,2.653249979019165,2.6695001125335693,748568000,NVDA
2017-03-21,2.605447769165039,2.647749900817871,2.749000072479248,2.6397500038146973,2.71875,913484000,NVDA
2017-03-22,2.6585848331451416,2.7017500400543213,2.7065000534057617,2.632499933242798,2.6364998817443848,616764000,NVDA
2017-03-23,2.634477138519287,2.6772499084472656,2.71399998664856,2.6675000190734863,2.6937499046325684,533940000,NVDA
2017-03-24,2.643824338912964,2.6867499351501465,2.732249975204468,2.6605000495910645,2.724250078201294,439500000,NVDA
2017-03-27,2.663012981414795,2.706249952316284,2.710249900817871,2.5894999504089355,2.63949990272522,506644000,NVDA
2017-03-28,2.649235963821411,2.6922500133514404,2.722249984741211,2.681750059127808,2.7074999809265137,432444000,NVDA
2017-03-29,2.6406266689300537,2.683500051498413,2.712249994277954,2.681250095367432,2.6997499465942383,349992000,NVDA
2017-03-30,2.691303014755249,2.734999895095825,2.75,2.684999942779541,2.6907498836517334,525532000,NVDA
2017-03-31,2.679741144180298,2.723249912261963,2.7472500801086426,2.7100000381469727,2.725250005722046,440808000,NVDA
2017-04-03,2.666211128234864,2.7095000743865967,2.7412500381469727,2.685499906539917,2.723750114440918,445232000,NVDA
2017-04-04,2.4792463779449463,2.5195000171661377,2.6105000972747803,2.508500099182129,2.5850000381469727,1271280000,NVDA
2017-04-05,2.4607956409454346,2.500750064849853,2.5592501163482666,2.487499952316284,2.500499963760376,747048000,NVDA
2017-04-06,2.478755235671997,2.5190000534057617,2.53125,2.460249900817871,2.50600004196167,635120000,NVDA
2017-04-07,2.4681763648986816,2.508249998092652,2.54325008392334,2.493000030517578,2.525500059127808,429068000,NVDA
2017-04-10,2.4051995277404785,2.4442501068115234,2.515749931335449,2.440000057220459,2.509000062942505,756332000,NVDA
2017-04-11,2.413809299468994,2.453000068664551,2.4725000858306885,2.408750057220459,2.413749933242798,618148000,NVDA
2017-04-12,2.393883228302002,2.43274998664856,2.4674999713897705,2.427500009536743,2.453000068664551,414092000,NVDA
2017-04-13,2.3491103649139404,2.3872499465942383,2.4302499294281006,2.3872499465942383,2.408250093460083,506892000,NVDA
2017-04-17,2.441116571426392,2.48075008392334,2.4809999465942383,2.3949999809265137,2.40024995803833,497292000,NVDA
2017-04-18,2.442592144012451,2.482249975204468,2.4885001182556152,2.440000057220459,2.466249942779541,370116000,NVDA
2017-04-19,2.452186107635498,2.492000102996826,2.524499893188477,2.4852499961853027,2.5,380828000,NVDA
2017-04-20,2.4910552501678467,2.531500101089477,2.536250114440918,2.4852499961853027,2.5067501068115234,404016000,NVDA
2017-04-21,2.501387119293213,2.5420000553131104,2.544749975204468,2.509000062942505,2.5209999084472656,341896000,NVDA
2017-04-24,2.5326297283172607,2.5737500190734863,2.586999893188477,2.5527501106262207,2.5739998817443848,371820000,NVDA
2017-04-25,2.57666540145874,2.618499994277954,2.633249998092652,2.5667500495910645,2.588500022888184,388440000,NVDA
2017-04-26,2.558953285217285,2.6005001068115234,2.63474988937378,2.5985000133514404,2.6322500705718994,327004000,NVDA
2017-04-27,2.598805427551269,2.6410000324249268,2.649499893188477,2.589750051498413,2.6080000400543213,319700000,NVDA
2017-04-28,2.565840721130371,2.6075000762939453,2.6410000324249268,2.601749897003174,2.634000062942505,348248000,NVDA
2017-05-01,2.623406171798706,2.66599988937378,2.671250104904175,2.6112499237060547,2.618499994277954,307732000,NVDA
2017-05-02,2.545668125152588,2.586999893188477,2.640000104904175,2.563999891281128,2.6387500762939453,629972000,NVDA
2017-05-03,2.564610242843628,2.606250047683716,2.615999937057495,2.565000057220459,2.5799999237060547,336904000,NVDA
2017-05-04,2.554770946502685,2.596250057220459,2.6237499713897705,2.588249921798706,2.612499952316284,209788000,NVDA
2017-05-05,2.5550169944763184,2.5964999198913574,2.603749990463257,2.5687499046325684,2.5845000743865967,228428000,NVDA
2017-05-08,2.528203248977661,2.5692501068115234,2.609999895095825,2.55774998664856,2.6085000038146973,365240000,NVDA
2017-05-09,2.532383680343628,2.573499917984009,2.6232500076293945,2.566499948501587,2.575000047683716,847672000,NVDA
2017-05-10,2.983805656433105,3.032249927520752,3.0455000400543213,2.8505001068115234,2.857249975204468,2129096000,NVDA
2017-05-11,3.111973524093628,3.1624999046325684,3.2607500553131104,2.9977500438690186,3.001250028610229,1939792000,NVDA
2017-05-12,3.146167755126953,3.19724988937378,3.240000009536743,3.1445000171661377,3.165750026702881,962620000,NVDA
2017-05-15,3.3041036128997803,3.357749938964844,3.3602499961853027,3.234499931335449,3.239000082015991,1087540000,NVDA
2017-05-16,3.36560583114624,3.420249938964844,3.436000108718872,3.3340001106262207,3.4094998836517334,1120700000,NVDA
2017-05-17,3.141986131668091,3.193000078201294,3.371500015258789,3.188750028610229,3.352499961853028,1271368000,NVDA
2017-05-18,3.27359938621521,3.3267500400543213,3.335750102996826,3.1762499809265137,3.237499952316284,1156032000,NVDA
2017-05-19,3.349203586578369,3.400000095367432,3.4554998874664307,3.380500078201294,3.4257500171661377,1018372000,NVDA
2017-05-22,3.4206202030181885,3.4725000858306885,3.486999988555908,3.4332499504089355,3.4442501068115234,836608000,NVDA
2017-05-23,3.3745689392089844,3.4257500171661377,3.494750022888184,3.392750024795532,3.492500066757202,681248000,NVDA
2017-05-24,3.412493705749512,3.464250087738037,3.526750087738037,3.45199990272522,3.5239999294281006,815996000,NVDA
2017-05-25,3.404859066009521,3.4565000534057617,3.500750064849853,3.4110000133514404,3.5,608228000,NVDA
2017-05-26,3.493021249771118,3.5460000038146973,3.631999969482422,3.4277501106262207,3.4482500553131104,779140000,NVDA
2017-05-30,3.567640542984009,3.6217501163482666,3.657249927520752,3.5762500762939453,3.5924999713897705,989652000,NVDA
2017-05-31,3.5548343658447266,3.608750104904175,3.674999952316284,3.5512499809265137,3.667249917984009,887316000,NVDA
2017-06-01,3.5550808906555176,3.608999967575073,3.6257500648498535,3.562999963760376,3.6247498989105225,503340000,NVDA
2017-06-02,3.537349462509156,3.5910000801086426,3.632499933242798,3.5850000381469727,3.6059999465942383,487456000,NVDA
2017-06-05,3.6449668407440186,3.7002499103546143,3.713249921798706,3.562750101089477,3.57450008392334,817376000,NVDA
2017-06-06,3.628466844558716,3.683500051498413,3.7422499656677246,3.670000076293945,3.695499897003174,758728000,NVDA
2017-06-07,3.67230224609375,3.7279999256134033,3.746999979019165,3.692500114440918,3.708250045776367,612612000,NVDA
2017-06-08,3.938760995864868,3.998500108718872,4.0,3.794749975204468,3.8364999294281006,1161744000,NVDA
2017-06-09,3.6841230392456055,3.740000009536743,4.212500095367432,3.5687499046325684,4.118500232696533,3692928000,NVDA
2017-06-12,3.693234920501709,3.7492499351501465,3.7925000190734863,3.5527501106262207,3.6470000743865967,1697532000,NVDA
2017-06-13,3.728450298309326,3.785000085830689,3.869250059127808,3.641249895095825,3.859999895095825,1672504000,NVDA
2017-06-14,3.7363314628601074,3.7929999828338623,3.8515000343322754,3.712500095367432,3.788000106811523,1184640000,NVDA
2017-06-15,3.752338409423828,3.8092501163482666,3.839999914169312,3.662499904632568,3.674000024795532,963824000,NVDA
2017-06-16,3.7338690757751465,3.7904999256134033,3.867500066757202,3.75600004196167,3.819000005722046,924960000,NVDA
2017-06-19,3.874239683151245,3.933000087738037,3.9382500648498535,3.8315000534057617,3.835249900817871,778176000,NVDA
2017-06-20,3.868575572967529,3.9272499084472656,4.043499946594238,3.92300009727478,3.975749969482422,1095444000,NVDA
2017-06-21,3.927187442779541,3.986749887466431,3.990499973297119,3.892499923706055,3.955250024795532,682652000,NVDA
2017-06-22,3.900097608566284,3.959249973297119,4.008500099182129,3.934999942779541,3.994999885559082,469132000,NVDA
2017-06-23,3.7882933616638175,3.845750093460083,3.983000040054321,3.830499887466431,3.9670000076293945,1088588000,NVDA
2017-06-26,3.7469208240509033,3.8037500381469727,3.9149999618530273,3.708250045776367,3.878999948501587,1063960000,NVDA
2017-06-27,3.6097512245178223,3.6644999980926514,3.794749975204468,3.658750057220459,3.78600001335144,999492000,NVDA
2017-06-28,3.737070322036743,3.793750047683716,3.798500061035156,3.643749952316284,3.733000040054321,994948000,NVDA
2017-06-29,3.612214326858521,3.6670000553131104,3.767999887466431,3.601999998092652,3.765000104904175,1064424000,NVDA
2017-06-30,3.5600054264068604,3.614000082015991,3.6982500553131104,3.587500095367432,3.684499979019165,731060000,NVDA
2017-07-03,3.431209087371826,3.48324990272522,3.641249895095825,3.4644999504089355,3.6262500286102295,709072000,NVDA
2017-07-05,3.522819757461548,3.5762500762939453,3.6054999828338623,3.528249979019165,3.547499895095825,820188000,NVDA
2017-07-06,3.533409357070923,3.586999893188477,3.634500026702881,3.49399995803833,3.546750068664551,746284000,NVDA
2017-07-07,3.6141836643218994,3.6689999103546143,3.6875,3.621249914169312,3.6445000171661377,654972000,NVDA
2017-07-10,3.7850921154022217,3.8424999713897705,3.849999904632568,3.7170000076293945,3.743499994277954,958492000,NVDA
2017-07-11,3.838778018951416,3.8970000743865967,3.904750108718872,3.8037500381469727,3.846250057220459,757956000,NVDA
2017-07-12,4.002051830291748,4.062749862670898,4.074999809265137,3.9140000343322754,3.9574999809265137,1145208000,NVDA
2017-07-13,3.9557535648345934,4.015749931335449,4.15749979019165,3.96875,4.074999809265137,1369132000,NVDA
2017-07-14,4.062140464782715,4.12375020980835,4.125249862670898,4.02524995803833,4.032249927520752,941948000,NVDA
2017-07-17,4.044901847839356,4.106249809265137,4.1875,4.043749809265137,4.158249855041504,930792000,NVDA
2017-07-18,4.087013244628906,4.14900016784668,4.163750171661377,4.03249979019165,4.04449987411499,776640000,NVDA
2017-07-19,4.065833568572998,4.127500057220459,4.184999942779541,4.115250110626221,4.158249855041504,687044000,NVDA
2017-07-20,4.124937057495117,4.1875,4.187749862670898,4.097750186920166,4.148250102996826,699596000,NVDA
2017-07-21,4.139712810516357,4.202499866485596,4.232500076293945,4.152249813079834,4.166749954223633,648332000,NVDA
2017-07-24,4.091690540313721,4.153749942779541,4.2195000648498535,4.14300012588501,4.209750175476074,652524000,NVDA
2017-07-25,4.071990489959717,4.133749961853027,4.148250102996826,4.089499950408936,4.130499839782715,496556000,NVDA
2017-07-26,4.119027614593506,4.18149995803833,4.2482500076293945,4.146249771118164,4.191999912261963,640404000,NVDA
2017-07-27,3.983089208602905,4.043499946594238,4.218500137329102,3.938999891281128,4.20674991607666,782856000,NVDA
2017-07-28,4.048349380493164,4.109749794006348,4.134500026702881,3.982000112533569,4.00724983215332,513348000,NVDA
2017-07-31,4.002051830291748,4.062749862670898,4.159999847412109,4.015500068664551,4.123499870300293,559672000,NVDA
2017-08-01,4.050812244415283,4.112249851226807,4.113999843597412,4.025000095367432,4.053249835968018,431384000,NVDA
2017-08-02,4.048349380493164,4.109749794006348,4.147749900817871,4.031750202178955,4.143750190734863,478444000,NVDA
2017-08-03,4.099820613861084,4.162000179290772,4.165750026702881,4.0920000076293945,4.109250068664551,442420000,NVDA
2017-08-04,4.117794990539551,4.18025016784668,4.2517499923706055,4.162000179290772,4.184999942779541,589096000,NVDA
2017-08-07,4.244377136230469,4.308750152587891,4.309249877929688,4.199999809265137,4.209750175476074,717412000,NVDA
2017-08-08,4.193891525268555,4.257500171661377,4.363999843597412,4.217750072479248,4.347249984741211,755336000,NVDA
2017-08-09,4.238465785980225,4.302750110626221,4.30525016784668,4.1917500495910645,4.210750102996826,530784000,NVDA
2017-08-10,4.056969165802002,4.118500232696533,4.316500186920166,4.108250141143799,4.303999900817871,1328088000,NVDA
2017-08-11,3.840747356414795,3.8989999294281006,3.974999904632568,3.8227500915527344,3.928499937057495,1497196000,NVDA
2017-08-14,4.147099494934082,4.210000038146973,4.213749885559082,3.9800000190734863,3.9917500019073486,1279020000,NVDA
2017-08-15,4.1121320724487305,4.174499988555908,4.2417497634887695,4.139750003814697,4.215250015258789,764532000,NVDA
2017-08-16,4.067063808441162,4.128749847412109,4.213500022888184,4.0960001945495605,4.1897501945495605,596632000,NVDA
2017-08-17,3.976439952850342,4.036749839782715,4.137499809265137,4.0345001220703125,4.120250225067139,525444000,NVDA
2017-08-18,3.977177619934082,4.037499904632568,4.109000205993652,3.990999937057495,4.091750144958496,601204000,NVDA
2017-08-21,3.919306516647339,3.978749990463257,4.073750019073486,3.9342501163482666,4.062250137329102,623672000,NVDA
2017-08-22,4.006561279296875,4.06374979019165,4.06974983215332,3.9927499294281006,4.012249946594238,450456000,NVDA
2017-08-23,4.086667060852051,4.144999980926514,4.15625,4.021249771118164,4.03000020980835,579520000,NVDA
2017-08-24,4.071629524230957,4.129749774932861,4.182000160217285,4.103000164031982,4.177499771118164,469700000,NVDA
2017-08-25,4.037616729736328,4.095250129699707,4.164500236511231,4.088749885559082,4.154250144958496,357200000,NVDA
2017-08-28,4.066208362579346,4.1242499351501465,4.127500057220459,4.058249950408936,4.114500045776367,389496000,NVDA
2017-08-29,4.059556007385254,4.117499828338623,4.139500141143799,4.05649995803833,4.0647501945495605,324096000,NVDA
2017-08-30,4.083710193634033,4.142000198364258,4.153250217437744,4.106750011444092,4.137499809265137,384400000,NVDA
2017-08-31,4.176388263702393,4.236000061035156,4.239999771118164,4.15500020980835,4.162499904632568,612684000,NVDA
2017-09-01,4.201526641845703,4.261499881744385,4.297500133514404,4.239999771118164,4.24875020980835,445432000,NVDA
2017-09-05,4.089376449584961,4.147749900817871,4.214499950408936,4.089000225067139,4.209499835968018,695364000,NVDA
2017-09-06,4.086913585662842,4.145249843597412,4.195000171661377,4.110000133514404,4.181000232696533,397672000,NVDA
2017-09-07,4.105892181396484,4.164500236511231,4.197249889373779,4.12375020980835,4.16225004196167,352868000,NVDA
2017-09-08,4.034660816192627,4.092249870300293,4.167749881744385,4.067749977111816,4.152750015258789,498856000,NVDA
2017-09-11,4.165542125701904,4.224999904632568,4.235750198364258,4.132999897003174,4.138500213623047,567444000,NVDA
2017-09-12,4.180577754974365,4.240250110626221,4.25,4.17425012588501,4.25,411488000,NVDA
2017-09-13,4.199309825897217,4.259250164031982,4.28849983215332,4.182000160217285,4.214749813079834,580960000,NVDA
2017-09-14,4.1753997802734375,4.235000133514404,4.314000129699707,4.195000171661377,4.219749927520752,513712000,NVDA
2017-09-15,4.439382553100586,4.502749919891357,4.502749919891357,4.316249847412109,4.321499824523926,1364792000,NVDA
2017-09-18,4.622765064239502,4.68874979019165,4.78000020980835,4.621500015258789,4.628499984741211,1684460000,NVDA
2017-09-19,4.617835998535156,4.683750152587891,4.746250152587891,4.615499973297119,4.637750148773193,874280000,NVDA
2017-09-20,4.580615997314453,4.645999908447266,4.735499858856201,4.605249881744385,4.6875,724920000,NVDA
2017-09-21,4.455402851104736,4.519000053405762,4.567500114440918,4.440249919891357,4.540999889373779,1075600000,NVDA
2017-09-22,4.412023067474365,4.474999904632568,4.557750225067139,4.465000152587891,4.507500171661377,491232000,NVDA
2017-09-25,4.214838027954102,4.275000095367432,4.445000171661377,4.254000186920166,4.443749904632568,874580000,NVDA
2017-09-26,4.238499641418457,4.298999786376953,4.4670000076293945,4.258749961853027,4.411250114440918,1125620000,NVDA
2017-09-27,4.331423759460449,4.393249988555908,4.406750202178955,4.318749904632568,4.390500068664551,713720000,NVDA
2017-09-28,4.330192565917969,4.392000198364258,4.4045000076293945,4.343999862670898,4.4004998207092285,435244000,NVDA
2017-09-29,4.406355857849121,4.469250202178955,4.493249893188477,4.431250095367432,4.477000236511231,619092000,NVDA
2017-10-02,4.412023067474365,4.474999904632568,4.549499988555908,4.425000190734863,4.519999980926514,503480000,NVDA
2017-10-03,4.421141624450684,4.484250068664551,4.514500141143799,4.439499855041504,4.481249809265137,390332000,NVDA
2017-10-04,4.458115577697754,4.521749973297119,4.544250011444092,4.453499794006348,4.490499973297119,427848000,NVDA
2017-10-05,4.4556498527526855,4.51924991607666,4.550000190734863,4.488999843597412,4.546500205993652,437364000,NVDA
2017-10-06,4.468714714050293,4.53249979019165,4.546000003814697,4.474999904632568,4.491250038146973,318800000,NVDA
2017-10-09,4.569524765014648,4.634749889373779,4.66825008392334,4.550749778747559,4.56974983215332,563492000,NVDA
2017-10-10,4.656778812408447,4.723249912261963,4.823750019073486,4.68149995803833,4.785749912261963,974876000,NVDA
2017-10-11,4.706321716308594,4.773499965667725,4.775000095367432,4.69350004196167,4.739999771118164,529508000,NVDA
2017-10-12,4.708541870117188,4.775750160217285,4.827250003814697,4.7482500076293945,4.776999950408936,528292000,NVDA
2017-10-13,4.796288013458252,4.864749908447266,4.875,4.791250228881836,4.838749885559082,628728000,NVDA
2017-10-16,4.87861442565918,4.948249816894531,4.951250076293945,4.830999851226807,4.894999980926514,576640000,NVDA
2017-10-17,4.874176502227783,4.943749904632568,4.972499847412109,4.908750057220459,4.927249908447266,478596000,NVDA
2017-10-18,4.869986534118652,4.939499855041504,4.953499794006348,4.833000183105469,4.952750205993652,567316000,NVDA
2017-10-19,4.875410079956055,4.945000171661377,4.949999809265137,4.81125020980835,4.861000061035156,570772000,NVDA
2017-10-20,4.853226661682129,4.922500133514404,4.989749908447266,4.91349983215332,4.962250232696533,451620000,NVDA
2017-10-23,4.846324920654297,4.915500164031982,4.971250057220459,4.894999980926514,4.944499969482422,428696000,NVDA
2017-10-24,4.89709997177124,4.9670000076293945,4.96875,4.898499965667725,4.924749851226807,407244000,NVDA
2017-10-25,4.773365020751953,4.84149980545044,4.980500221252441,4.779250144958496,4.927000045776367,828160000,NVDA
2017-10-26,4.82340145111084,4.892250061035156,4.90399980545044,4.845250129699707,4.869500160217285,322744000,NVDA
2017-10-27,4.975480556488037,5.046500205993652,5.046750068664551,4.918749809265137,4.945000171661377,572192000,NVDA
2017-10-30,5.024284839630127,5.0960001945495605,5.152249813079834,5.0304999351501465,5.046500205993652,504056000,NVDA
2017-10-31,5.097488880157471,5.170249938964844,5.197249889373779,5.122499942779541,5.1282501220703125,411908000,NVDA
2017-11-01,5.107101440429688,5.179999828338623,5.2492499351501465,5.114999771118164,5.233749866485596,502576000,NVDA
2017-11-02,5.076043128967285,5.148499965667725,5.195250034332275,5.091249942779541,5.150000095367432,342308000,NVDA
2017-11-03,5.14382791519165,5.217249870300293,5.217249870300293,5.133500099182129,5.179999828338623,353640000,NVDA
2017-11-06,5.166995525360107,5.240749835968018,5.249499797821045,5.167500019073486,5.179999828338623,389944000,NVDA
2017-11-07,5.226151943206787,5.300749778747559,5.322500228881836,5.251500129699707,5.263750076293945,427700000,NVDA
2017-11-08,5.155412197113037,5.229000091552734,5.300000190734863,5.181000232696533,5.296249866485596,522988000,NVDA
2017-11-09,5.060762882232666,5.132999897003174,5.158249855041504,5.009250164031982,5.131750106811523,978564000,NVDA
2017-11-10,5.327456951141357,5.403500080108643,5.466750144958496,5.290750026702881,5.327000141143799,1253256000,NVDA
2017-11-13,5.240941524505615,5.3157501220703125,5.4292497634887695,5.300250053405762,5.403500080108643,582376000,NVDA
2017-11-14,5.27914571762085,5.354499816894531,5.369999885559082,5.280749797821045,5.324999809265137,529292000,NVDA
2017-11-15,5.175626277923584,5.249499797821045,5.300000190734863,5.195000171661377,5.298749923706055,501948000,NVDA
2017-11-16,5.215799331665039,5.290249824523926,5.355000019073486,5.28125,5.32450008392334,441768000,NVDA
2017-11-17,5.2096381187438965,5.283999919891357,5.383749961853027,5.268750190734863,5.3480000495910645,515664000,NVDA
2017-11-20,5.276679992675781,5.352000236511231,5.364250183105469,5.262499809265137,5.299749851226807,396100000,NVDA
2017-11-21,5.3252387046813965,5.401249885559082,5.413000106811523,5.360000133514404,5.392250061035156,399176000,NVDA
2017-11-22,5.3013129234313965,5.3732500076293945,5.425000190734863,5.340250015258789,5.425000190734863,356640000,NVDA
2017-11-24,5.351381301879883,5.423999786376953,5.425000190734863,5.364999771118164,5.389750003814697,180752000,NVDA
2017-11-27,5.281827449798584,5.353499889373779,5.434000015258789,5.350249767303467,5.432750225067139,422896000,NVDA
2017-11-28,5.197224140167236,5.267749786376953,5.368249893188477,5.205999851226807,5.358749866485596,512752000,NVDA
2017-11-29,4.8447585105896,4.9105000495910645,5.252999782562256,4.780749797821045,5.250249862670898,1396788000,NVDA
2017-11-30,4.950570583343506,5.017749786376953,5.066999912261963,4.916250228881836,4.980000019073486,823768000,NVDA
2017-12-01,4.875836372375488,4.941999912261963,5.0032501220703125,4.8117499351501465,4.982749938964844,811548000,NVDA
2017-12-04,4.604025840759277,4.666500091552734,5.007500171661377,4.612500190734863,5.00124979019165,1240844000,NVDA
2017-12-05,4.6306633949279785,4.69350004196167,4.817500114440918,4.514500141143799,4.559999942779541,981488000,NVDA
2017-12-06,4.668153762817383,4.731500148773193,4.753499984741211,4.620999813079834,4.642499923706055,467032000,NVDA
2017-12-07,4.735490798950195,4.799749851226807,4.840000152587891,4.752999782562256,4.798999786376953,542600000,NVDA
2017-12-08,4.723159790039063,4.78725004196167,4.869500160217285,4.778749942779541,4.850249767303467,466876000,NVDA
2017-12-11,4.801346778869629,4.866499900817871,4.869500160217285,4.7855000495910645,4.801499843597412,372748000,NVDA
2017-12-12,4.707125186920166,4.770999908447266,4.8460001945495605,4.747250080108643,4.822500228881836,455016000,NVDA
2017-12-13,4.592185497283936,4.6545000076293945,4.81374979019165,4.646999835968018,4.8125,554280000,NVDA
2017-12-14,4.599339485168457,4.661749839782715,4.733500003814697,4.614999771118164,4.6479997634887695,438164000,NVDA
2017-12-15,4.724883079528809,4.789000034332275,4.809500217437744,4.640500068664551,4.706250190734863,670036000,NVDA
2017-12-18,4.881263732910156,4.947500228881836,4.950500011444092,4.800000190734863,4.829999923706055,477704000,NVDA
2017-12-19,4.837111473083496,4.902750015258789,4.943250179290772,4.874000072479248,4.938000202178955,373100000,NVDA
2017-12-20,4.85413122177124,4.920000076293945,4.951749801635742,4.863749980926514,4.942500114440918,288820000,NVDA
2017-12-21,4.831684589385986,4.897250175476074,4.948750019073486,4.888750076293945,4.923500061035156,300904000,NVDA
2017-12-22,4.81639289855957,4.881750106811523,4.891250133514404,4.78125,4.860000133514404,466276000,NVDA
2017-12-26,4.869916915893555,4.935999870300293,4.943749904632568,4.795499801635742,4.82574987411499,355080000,NVDA
2017-12-27,4.863256931304932,4.9292497634887695,4.9992499351501465,4.907750129699707,4.922500133514404,329488000,NVDA
2017-12-28,4.868928909301758,4.934999942779541,4.984499931335449,4.928750038146973,4.953249931335449,240248000,NVDA
2017-12-29,4.772735118865967,4.837500095367432,4.96150016784668,4.837500095367432,4.96150016784668,279964000,NVDA
2018-01-02,4.917028427124023,4.983749866485596,4.987500190734863,4.862500190734863,4.894499778747559,355616000,NVDA
2018-01-03,5.240636825561523,5.3117499351501465,5.34250020980835,5.09375,5.102499961853027,914704000,NVDA
2018-01-04,5.268261432647705,5.339749813079834,5.451250076293945,5.317249774932861,5.394000053405762,583268000,NVDA
2018-01-05,5.312906265258789,5.385000228881836,5.422749996185303,5.276999950408936,5.354750156402588,580124000,NVDA
2018-01-08,5.475695610046387,5.550000190734863,5.625,5.464499950408936,5.510000228881836,881216000,NVDA
2018-01-09,5.474217414855957,5.548500061035156,5.5954999923706055,5.466000080108643,5.555500030517578,497000000,NVDA
2018-01-10,5.517135143280029,5.5920000076293945,5.5954999923706055,5.400000095367432,5.454999923706055,582664000,NVDA
2018-01-11,5.527000427246094,5.602000236511231,5.656750202178955,5.580249786376953,5.625,406032000,NVDA
2018-01-12,5.499868869781494,5.57450008392334,5.624750137329102,5.5335001945495605,5.590000152587891,359916000,NVDA
2018-01-16,5.429077625274658,5.502749919891357,5.687749862670898,5.417250156402588,5.601250171661377,702348000,NVDA
2018-01-17,5.542786121368408,5.618000030517578,5.627999782562256,5.422500133514404,5.517499923706055,538408000,NVDA
2018-01-18,5.53587818145752,5.611000061035156,5.665999889373779,5.566999912261963,5.598499774932861,408632000,NVDA
2018-01-19,5.675731658935547,5.752749919891357,5.777249813079834,5.675000190734863,5.702250003814697,609380000,NVDA
2018-01-22,5.764034748077393,5.842249870300293,5.843999862670898,5.702499866485596,5.760749816894531,550944000,NVDA
2018-01-23,5.892787456512451,5.972750186920166,5.995749950408936,5.877500057220459,5.896249771118164,475228000,NVDA
2018-01-24,5.8160786628723145,5.894999980926514,6.012249946594238,5.838749885559082,5.97599983215332,579972000,NVDA
2018-01-25,5.829642295837402,5.908750057220459,5.993750095367432,5.893750190734863,5.949999809265137,409884000,NVDA
2018-01-26,6.001808166503906,6.083250045776367,6.083499908447266,5.940000057220459,5.953000068664551,516356000,NVDA
2018-01-29,6.088629245758057,6.171249866485596,6.202750205993652,6.015250205993652,6.06850004196167,455116000,NVDA
2018-01-30,5.986760139465332,6.067999839782715,6.1605000495910645,5.960249900817871,6.027750015258789,570832000,NVDA
2018-01-31,6.062729835510254,6.144999980926514,6.231750011444092,6.111249923706055,6.14424991607666,478576000,NVDA
2018-02-01,5.932005405426025,6.012499809265137,6.172500133514404,5.951499938964844,5.9629998207092285,519224000,NVDA
2018-02-02,5.759839057922363,5.8379998207092285,5.949250221252441,5.779250144958496,5.925000190734863,718464000,NVDA
2018-02-05,5.2709736824035645,5.34250020980835,5.830749988555908,5.125,5.675000190734863,1165204000,NVDA
2018-02-06,5.563998699188232,5.639500141143799,5.642499923706055,5.099999904632568,5.110000133514404,1114800000,NVDA
2018-02-07,5.643421173095703,5.71999979019165,5.8742499351501465,5.667500019073486,5.739500045776367,802932000,NVDA
2018-02-08,5.3651957511901855,5.438000202178955,5.880499839782715,5.437749862670898,5.8470001220703125,1144000000,NVDA
2018-02-09,5.724321842193604,5.802000045776367,5.972249984741211,5.438000202178955,5.956250190734863,1674604000,NVDA
2018-02-12,5.624428749084473,5.70074987411499,5.88700008392334,5.6257500648498535,5.883999824523926,1093172000,NVDA
2018-02-13,5.737887859344482,5.8157501220703125,5.862500190734863,5.631249904632568,5.664000034332275,625524000,NVDA
2018-02-14,5.9546966552734375,6.0355000495910645,6.0647501945495605,5.763750076293945,5.775000095367432,744988000,NVDA
2018-02-15,6.079996109008789,6.162499904632568,6.209249973297119,6.038000106811523,6.119750022888184,698900000,NVDA
2018-02-16,6.014387130737305,6.0960001945495605,6.25,6.086750030517578,6.135000228881836,637656000,NVDA
2018-02-20,6.14363431930542,6.227000236511231,6.296750068664551,6.114999771118164,6.118750095367432,686240000,NVDA
2018-02-21,5.956914901733398,6.037749767303467,6.29925012588501,6.033999919891357,6.292250156402588,892292000,NVDA
2018-02-22,5.976413726806641,6.053750038146973,6.140749931335449,5.987500190734863,6.068250179290772,534364000,NVDA
2018-02-23,6.06970739364624,6.148250102996826,6.148250102996826,6.063000202178955,6.114250183105469,415300000,NVDA
2018-02-26,6.085748672485352,6.164500236511231,6.19950008392334,6.101500034332275,6.195000171661377,469312000,NVDA
2018-02-27,6.072914123535156,6.151500225067139,6.222750186920166,6.1282501220703125,6.137499809265137,455436000,NVDA
2018-02-28,5.972709655761719,6.050000190734863,6.202499866485596,6.038249969482422,6.162499904632568,523116000,NVDA
2018-03-01,5.731088161468506,5.80525016784668,6.102250099182129,5.703000068664551,6.047749996185303,1040120000,NVDA
2018-03-02,5.837954521179199,5.91349983215332,5.920000076293945,5.546249866485596,5.696499824523926,913428000,NVDA
2018-03-05,5.815990447998047,5.891250133514404,5.931250095367432,5.73799991607666,5.862750053405762,620776000,NVDA
2018-03-06,5.976661205291748,6.053999900817871,6.073500156402588,5.934000015258789,5.977499961853027,636808000,NVDA
2018-03-07,5.968762874603272,6.046000003814697,6.098750114440918,5.948750019073486,5.949999809265137,581208000,NVDA
2018-03-08,5.952473163604736,6.0295000076293945,6.073750019073486,5.984749794006348,6.073750019073486,411912000,NVDA
2018-03-09,6.054898738861084,6.133250236511231,6.146249771118164,6.06125020980835,6.077499866485596,505524000,NVDA
2018-03-12,6.164232730865479,6.24399995803833,6.324999809265137,6.166749954223633,6.175000190734863,605060000,NVDA
2018-03-13,6.113637924194336,6.192749977111816,6.362500190734863,6.151000022888184,6.28725004196167,619772000,NVDA
2018-03-14,6.139060497283936,6.218500137329102,6.263750076293945,6.1554999351501465,6.236249923706055,505496000,NVDA
2018-03-15,6.153867244720459,6.233500003814697,6.315499782562256,6.190999984741211,6.232250213623047,401952000,NVDA
2018-03-16,6.182003021240234,6.26200008392334,6.28125,6.211999893188477,6.25,399456000,NVDA
2018-03-19,5.948030471801758,6.025000095367432,6.233749866485596,5.925000190734863,6.204500198364258,713772000,NVDA
2018-03-20,6.159792423248291,6.239500045776367,6.278749942779541,6.027999877929688,6.027999877929688,554696000,NVDA
2018-03-21,6.134616851806641,6.214000225067139,6.300000190734863,6.183249950408936,6.232999801635742,438688000,NVDA
2018-03-22,5.969009876251221,6.046249866485596,6.197000026702881,6.008500099182129,6.150000095367432,551196000,NVDA
2018-03-23,5.7498459815979,5.824250221252441,6.0625,5.813000202178955,6.059999942779541,735620000,NVDA
2018-03-26,6.033919334411621,6.111999988555908,6.113249778747559,5.897500038146973,5.949999809265137,611424000,NVDA
2018-03-27,5.565975666046143,5.638000011444092,6.25,5.496250152587891,6.193749904632568,1409000000,NVDA
2018-03-28,5.463057041168213,5.533750057220459,5.734749794006348,5.425000190734863,5.603250026702881,945904000,NVDA
2018-03-29,5.715785980224609,5.789750099182129,5.887499809265137,5.517499923706055,5.602749824523926,916628000,NVDA
2018-04-02,5.455653667449951,5.526249885559082,5.866250038146973,5.4375,5.718500137329102,922092000,NVDA
2018-04-03,5.561778545379639,5.633749961853027,5.758749961853027,5.533750057220459,5.695000171661377,667432000,NVDA
2018-04-04,5.583743572235107,5.656000137329102,5.666500091552734,5.349999904632568,5.375249862670898,789168000,NVDA
2018-04-05,5.463797569274902,5.5345001220703125,5.728250026702881,5.462250232696533,5.715000152587891,701240000,NVDA
2018-04-06,5.287822246551514,5.356249809265137,5.539999961853027,5.326749801635742,5.430749893188477,662988000,NVDA
2018-04-09,5.3164544105529785,5.385250091552734,5.54925012588501,5.364999771118164,5.420000076293945,499524000,NVDA
2018-04-10,5.624962329864502,5.697750091552734,5.724999904632568,5.56024980545044,5.618000030517578,761676000,NVDA
2018-04-11,5.583743572235107,5.656000137329102,5.724500179290772,5.623000144958496,5.682750225067139,460244000,NVDA
2018-04-12,5.790073394775391,5.864999771118164,5.882999897003174,5.705249786376953,5.75,593920000,NVDA
2018-04-13,5.713564395904541,5.787499904632568,5.937749862670898,5.738749980926514,5.9292497634887695,503036000,NVDA
2018-04-16,5.71331787109375,5.78725004196167,5.821000099182129,5.691999912261963,5.794250011444092,350792000,NVDA
2018-04-17,5.862635612487793,5.938499927520752,5.960000038146973,5.783750057220459,5.840000152587891,447224000,NVDA
2018-04-18,5.833759784698486,5.909249782562256,5.981249809265137,5.819250106811523,5.887499809265137,391364000,NVDA
2018-04-19,5.652851104736328,5.72599983215332,5.827499866485596,5.670000076293945,5.793749809265137,471996000,NVDA
2018-04-20,5.644706726074219,5.717750072479248,5.802499771118164,5.68625020980835,5.717249870300293,386200000,NVDA
2018-04-23,5.525498867034912,5.5970001220703125,5.787499904632568,5.570750236511231,5.735750198364258,427508000,NVDA
2018-04-24,5.459355354309082,5.53000020980835,5.71999979019165,5.464000225067139,5.623000144958496,414596000,NVDA
2018-04-25,5.347304821014404,5.416500091552734,5.539500236511231,5.257500171661377,5.5,588492000,NVDA
2018-04-26,5.55856990814209,5.630499839782715,5.638750076293945,5.51324987411499,5.579999923706055,375824000,NVDA
2018-04-27,5.585966110229492,5.658249855041504,5.757500171661377,5.615499973297119,5.737500190734863,400848000,NVDA
2018-04-30,5.55067253112793,5.622499942779541,5.724999904632568,5.603000164031982,5.674749851226807,327844000,NVDA
2018-05-01,5.60595703125,5.678500175476074,5.681250095367432,5.554999828338623,5.614250183105469,253788000,NVDA
2018-05-02,5.58547306060791,5.657750129699707,5.71999979019165,5.631249904632568,5.675000190734863,268248000,NVDA
2018-05-03,5.750339984893799,5.824749946594238,5.851250171661377,5.64424991607666,5.690000057220459,443144000,NVDA
2018-05-04,5.900149345397949,5.976500034332275,5.979750156402588,5.778250217437744,5.795750141143799,400660000,NVDA
2018-05-07,6.137577533721924,6.2170000076293945,6.274750232696533,6.072249889373779,6.082250118255615,687616000,NVDA
2018-05-08,6.180028438568115,6.260000228881836,6.262750148773193,6.167749881744385,6.217249870300293,506616000,NVDA
2018-05-09,6.31281042098999,6.394499778747559,6.396749973297119,6.252749919891357,6.280250072479248,596760000,NVDA
2018-05-10,6.420171737670898,6.5032501220703125,6.512499809265137,6.429999828338623,6.447999954223633,994080000,NVDA
2018-05-11,6.281960487365723,6.363249778747559,6.494750022888184,6.263500213623047,6.319499969482422,1214456000,NVDA
2018-05-14,6.302443981170654,6.383999824523926,6.462250232696533,6.360000133514404,6.401750087738037,523140000,NVDA
2018-05-15,6.060574531555176,6.138999938964844,6.322500228881836,6.037499904632568,6.31974983215332,963528000,NVDA
2018-05-16,6.071681976318359,6.15024995803833,6.2129998207092285,6.062749862670898,6.099999904632568,553828000,NVDA
2018-05-17,6.113637924194336,6.192749977111816,6.287499904632568,6.135749816894531,6.151999950408936,519784000,NVDA
2018-05-18,6.069953918457031,6.148499965667725,6.309249877929688,6.143499851226807,6.245250225067139,483716000,NVDA
2018-05-21,6.027994632720947,6.105999946594238,6.2507500648498535,6.012249946594238,6.247000217437744,640624000,NVDA
2018-05-22,5.989986896514893,6.067500114440918,6.144999980926514,6.006249904632568,6.119500160217285,518264000,NVDA
2018-05-23,6.11322021484375,6.188499927520752,6.1897501945495605,6.006249904632568,6.006999969482422,442956000,NVDA
2018-05-24,6.116925239562988,6.192249774932861,6.235000133514404,6.13100004196167,6.184750080108643,437372000,NVDA
2018-05-25,6.156191825866699,6.23199987411499,6.248499870300293,6.169000148773193,6.204999923706055,292112000,NVDA
2018-05-29,6.139151573181152,6.214749813079834,6.2835001945495605,6.167500019073486,6.213749885559082,352684000,NVDA
2018-05-30,6.2478132247924805,6.324749946594238,6.333499908447266,6.223750114440918,6.24875020980835,390996000,NVDA
2018-05-31,6.22805643081665,6.304749965667725,6.380000114440918,6.281750202178955,6.292500019073486,493868000,NVDA
2018-06-01,6.362154960632324,6.440499782562256,6.446750164031982,6.341249942779541,6.349999904632568,421968000,NVDA
2018-06-04,6.540706634521484,6.621250152587891,6.643499851226807,6.442500114440918,6.474999904632568,642024000,NVDA
2018-06-05,6.546138763427734,6.6267499923706055,6.664750099182129,6.579249858856201,6.624499797821045,391712000,NVDA
2018-06-06,6.5481157302856445,6.628749847412109,6.631999969482422,6.51924991607666,6.535749912261963,371356000,NVDA
2018-06-07,6.492548942565918,6.572500228881836,6.63700008392334,6.481249809265137,6.625,369448000,NVDA
2018-06-08,6.477238178253174,6.557000160217285,6.599999904632568,6.480000019073486,6.499000072479248,360456000,NVDA
2018-06-11,6.43624210357666,6.515500068664551,6.586249828338623,6.502500057220459,6.544250011444092,265372000,NVDA
2018-06-12,6.484647274017334,6.564499855041504,6.576749801635742,6.491499900817871,6.542250156402588,319160000,NVDA
2018-06-13,6.48020076751709,6.559999942779541,6.641749858856201,6.550749778747559,6.565999984741211,338208000,NVDA
2018-06-14,6.591579914093018,6.672749996185303,6.730000019073486,6.590499877929688,6.605500221252441,430016000,NVDA
2018-06-15,6.550830841064453,6.631499767303467,6.686999797821045,6.583749771118164,6.614999771118164,432260000,NVDA
2018-06-18,6.546634197235107,6.6272501945495605,6.644999980926514,6.559500217437744,6.586999893188477,356268000,NVDA
2018-06-19,6.425129413604736,6.5042500495910645,6.591000080108643,6.375500202178955,6.5229997634887695,594932000,NVDA
2018-06-20,6.4779791831970215,6.557750225067139,6.611249923706055,6.506999969482422,6.545750141143799,369780000,NVDA
2018-06-21,6.349559307098389,6.427750110626221,6.608500003814697,6.420000076293945,6.590000152587891,359516000,NVDA
2018-06-22,6.197432518005371,6.273749828338623,6.462250232696533,6.258250236511231,6.448750019073486,434160000,NVDA
2018-06-25,5.9052815437316895,5.978000164031982,6.170000076293945,5.888500213623047,6.166250228881836,665816000,NVDA
2018-06-26,5.97615909576416,6.049749851226807,6.141250133514404,5.99774980545044,6.09250020980835,478884000,NVDA
2018-06-27,5.821315288543701,5.89300012588501,6.160749912261963,5.887499809265137,6.09375,453892000,NVDA
2018-06-28,5.948252201080322,6.021500110626221,6.0335001945495605,5.875249862670898,5.882999897003174,338012000,NVDA
2018-06-29,5.850456237792969,5.922500133514404,6.099999904632568,5.921249866485596,6.087250232696533,392300000,NVDA
2018-07-02,5.982333660125732,6.056000232696533,6.059750080108643,5.831500053405762,5.852250099182129,357572000,NVDA
2018-07-03,5.848974227905273,5.921000003814697,6.0970001220703125,5.912499904632568,6.091000080108643,222732000,NVDA
2018-07-05,5.99443244934082,6.068250179290772,6.073249816894531,5.9375,5.976749897003174,306216000,NVDA
2018-07-06,6.108034610748291,6.183249950408936,6.1917500495910645,6.021999835968018,6.043499946594238,296352000,NVDA
2018-07-09,6.155450820922852,6.231249809265137,6.26800012588501,6.151750087738037,6.258250236511231,303880000,NVDA
2018-07-10,6.254234313964844,6.331250190734863,6.353499889373779,6.203000068664551,6.243750095367432,360016000,NVDA
2018-07-11,6.112973690032959,6.1882500648498535,6.272500038146973,6.177499771118164,6.237500190734863,367508000,NVDA
2018-07-12,6.204347133636475,6.280749797821045,6.329249858856201,6.223999977111816,6.234000205993652,345508000,NVDA
2018-07-13,6.157179355621338,6.232999801635742,6.299499988555908,6.190499782562256,6.299499988555908,246988000,NVDA
2018-07-16,6.129519462585449,6.204999923706055,6.258500099182129,6.192500114440918,6.204999923706055,197036000,NVDA
2018-07-17,6.265100955963135,6.342249870300293,6.357500076293945,6.129499912261963,6.155250072479248,362136000,NVDA
2018-07-18,6.215955257415772,6.292500019073486,6.348750114440918,6.241000175476074,6.334750175476074,277640000,NVDA
2018-07-19,6.2241058349609375,6.300749778747559,6.334750175476074,6.258250236511231,6.273499965667725,235752000,NVDA
2018-07-20,6.195950984954834,6.272250175476074,6.337500095367432,6.261250019073486,6.298250198364258,222352000,NVDA
2018-07-23,6.159401893615723,6.235249996185303,6.247250080108643,6.081999778747559,6.245500087738037,301584000,NVDA
2018-07-24,6.142116069793701,6.217750072479248,6.371250152587891,6.199999809265137,6.283750057220459,354620000,NVDA
2018-07-25,6.220152854919434,6.296750068664551,6.309500217437744,6.168749809265137,6.227250099182129,319112000,NVDA
2018-07-26,6.293499946594238,6.370999813079834,6.408249855041504,6.259500026702881,6.276500225067139,325124000,NVDA
2018-07-27,6.22385835647583,6.30049991607666,6.414999961853027,6.245999813079834,6.4079999923706055,295420000,NVDA
2018-07-30,6.029007434844971,6.103250026702881,6.320750236511231,6.067999839782715,6.3147501945495605,340340000,NVDA
2018-07-31,6.047036170959473,6.121500015258789,6.197000026702881,6.053500175476074,6.092750072479248,283988000,NVDA
2018-08-01,6.086796283721924,6.161749839782715,6.209000110626221,6.097249984741211,6.153250217437744,283556000,NVDA
2018-08-02,6.189284801483154,6.265500068664551,6.269499778747559,6.030250072479248,6.089749813079834,269668000,NVDA
2018-08-03,6.225835800170898,6.302499771118164,6.326499938964844,6.273250102996826,6.290249824523926,214288000,NVDA
2018-08-06,6.273496627807617,6.350749969482422,6.354249954223633,6.24275016784668,6.289750099182129,207508000,NVDA
2018-08-07,6.345609188079834,6.423749923706055,6.442500114440918,6.373000144958496,6.400000095367432,258132000,NVDA
2018-08-08,6.3819122314453125,6.4604997634887695,6.50600004196167,6.389750003814697,6.425000190734863,262100000,NVDA
2018-08-09,6.333507537841797,6.411499977111816,6.481249809265137,6.403749942779541,6.478499889373779,204280000,NVDA
2018-08-10,6.292266368865967,6.369750022888184,6.402500152587891,6.317500114440918,6.328750133514404,256396000,NVDA
2018-08-13,6.3251118659973145,6.402999877929688,6.525000095367432,6.3767499923706055,6.378499984741211,375208000,NVDA
2018-08-14,6.456245422363281,6.535749912261963,6.550000190734863,6.42549991607666,6.509500026702881,466220000,NVDA
2018-08-15,6.39821195602417,6.477000236511231,6.591000080108643,6.397500038146973,6.5567498207092285,591136000,NVDA
2018-08-16,6.3577094078063965,6.435999870300293,6.550000190734863,6.375249862670898,6.547500133514404,801260000,NVDA
2018-08-17,6.046048164367676,6.120500087738037,6.324250221252441,6.093249797821045,6.323500156402588,1143188000,NVDA
2018-08-20,6.12062931060791,6.196000099182129,6.329999923706055,5.9679999351501465,6.079500198364258,854388000,NVDA
2018-08-21,6.255962371826172,6.333000183105469,6.337500095367432,6.192500114440918,6.212500095367432,673988000,NVDA
2018-08-22,6.490574836730957,6.570499897003174,6.575500011444092,6.296500205993652,6.300000190734863,749856000,NVDA
2018-08-23,6.589851379394531,6.671000003814697,6.736999988555908,6.517499923706055,6.531499862670898,720684000,NVDA
2018-08-24,6.722716331481934,6.805500030517578,6.820250034332275,6.675000190734863,6.679500102996826,531512000,NVDA
2018-08-27,6.813596248626709,6.897500038146973,6.972499847412109,6.803750038146973,6.8354997634887695,505776000,NVDA
2018-08-28,6.776057720184326,6.859499931335449,6.914500236511231,6.738249778747559,6.891499996185303,475384000,NVDA
2018-08-29,6.881320953369141,6.962250232696533,6.987500190734863,6.827000141143799,6.8480000495910645,420108000,NVDA
2018-08-30,6.864518642425537,6.945250034332275,7.043000221252441,6.9079999923706055,6.930749893188477,346608000,NVDA
2018-08-31,6.935435771942139,7.017000198364258,7.03000020980835,6.914999961853027,6.925000190734863,306592000,NVDA
2018-09-04,7.01005744934082,7.09250020980835,7.130499839782715,6.974999904632568,7.003749847412109,391720000,NVDA
2018-09-05,6.879591464996338,6.9604997634887695,7.110499858856201,6.878749847412109,7.074749946594238,393156000,NVDA
2018-09-06,6.738746643066406,6.817999839782715,6.946499824523926,6.784749984741211,6.943999767303467,322796000,NVDA
2018-09-07,6.717498302459717,6.796500205993652,6.923250198364258,6.679749965667725,6.724999904632568,295420000,NVDA
2018-09-10,6.788412094116211,6.868249893188477,6.898250102996826,6.775000095367432,6.819250106811523,220140000,NVDA
2018-09-11,6.740723133087158,6.820000171661377,6.909999847412109,6.80049991607666,6.821499824523926,243112000,NVDA
2018-09-12,6.627059459686279,6.704999923706055,6.799499988555908,6.547999858856201,6.779749870300293,419092000,NVDA
2018-09-13,6.704649448394775,6.7835001945495605,6.875,6.754000186920166,6.771500110626221,305536000,NVDA
2018-09-14,6.830418109893799,6.910749912261963,6.977499961853027,6.837500095367432,6.874750137329102,386936000,NVDA
2018-09-17,6.768645763397217,6.848249912261963,6.934500217437744,6.828750133514404,6.885000228881836,205528000,NVDA
2018-09-18,6.696741580963135,6.7754998207092285,6.955999851226807,6.768750190734863,6.852250099182129,299520000,NVDA
2018-09-19,6.720462322235107,6.799499988555908,6.817500114440918,6.706250190734863,6.756750106811523,224860000,NVDA
2018-09-20,6.579619407653809,6.6570000648498535,6.718999862670898,6.602499961853027,6.676249980926514,430584000,NVDA
2018-09-21,6.50969123840332,6.586249828338623,6.715000152587891,6.552750110626221,6.669000148773193,435128000,NVDA
2018-09-24,6.565287590026856,6.642499923706055,6.645999908447266,6.4670000076293945,6.554999828338623,293912000,NVDA
2018-09-25,6.632247924804688,6.710249900817871,6.735499858856201,6.62274980545044,6.709249973297119,280388000,NVDA
2018-09-26,6.595431804656982,6.672999858856201,6.75600004196167,6.6570000648498535,6.715250015258789,268548000,NVDA
2018-09-27,6.607293605804443,6.684999942779541,6.730000019073486,6.653250217437744,6.708499908447266,214428000,NVDA
2018-09-28,6.943836688995361,7.0254998207092285,7.047999858856201,6.789999961853027,6.818250179290772,709396000,NVDA
2018-10-01,7.1499104499816895,7.234000205993652,7.301499843597412,7.065000057220459,7.104000091552734,622060000,NVDA
2018-10-02,7.078747749328613,7.162000179290772,7.318999767303467,7.139500141143799,7.206250190734863,383964000,NVDA
2018-10-03,7.084924697875977,7.16825008392334,7.240499973297119,7.0632500648498535,7.232999801635742,320552000,NVDA
2018-10-04,6.901087760925293,6.982250213623047,7.15625,6.9045000076293945,7.131750106811523,391220000,NVDA
2018-10-05,6.668076992034912,6.746500015258789,7.019999980926514,6.688499927520752,6.957250118255615,426636000,NVDA
2018-10-08,6.567018032073975,6.64424991607666,6.77899980545044,6.501999855041504,6.662499904632568,408612000,NVDA
2018-10-09,6.561334133148193,6.638500213623047,6.718999862670898,6.570000171661377,6.623499870300293,273500000,NVDA
2018-10-10,6.070852279663086,6.142250061035156,6.577750205993652,6.139999866485596,6.531499862670898,684940000,NVDA
2018-10-11,5.8099212646484375,5.8782501220703125,6.189000129699707,5.856500148773193,6.0542497634887695,725436000,NVDA
2018-10-12,6.091854572296143,6.16349983215332,6.238500118255615,5.991250038146973,6.137750148773193,608236000,NVDA
2018-10-15,5.816097736358643,5.884500026702881,6.150000095367432,5.883500099182129,6.150000095367432,449760000,NVDA
2018-10-16,6.074312686920166,6.145750045776367,6.1570000648498535,5.948500156402588,5.9982500076293945,408712000,NVDA
2018-10-17,6.005867004394531,6.076499938964844,6.247000217437744,6.026999950408936,6.208499908447266,329668000,NVDA
2018-10-18,5.918642997741699,5.988249778747559,6.18524980545044,5.927249908447266,6.146500110626221,524020000,NVDA
2018-10-19,5.662652969360352,5.729249954223633,6.06374979019165,5.692500114440918,6.044000148773193,613608000,NVDA
2018-10-22,5.713305473327637,5.7804999351501465,5.882999897003174,5.676750183105469,5.7820000648498535,368844000,NVDA
2018-10-23,5.462260723114014,5.526500225067139,5.604750156402588,5.417749881744385,5.510749816894531,626436000,NVDA
2018-10-24,4.927300453186035,4.985249996185303,5.534749984741211,4.971250057220459,5.487750053405762,884288000,NVDA
2018-10-25,5.13560152053833,5.196000099182129,5.243750095367432,4.8420000076293945,4.886750221252441,951720000,NVDA
2018-10-26,4.899625301361084,4.957250118255615,5.120999813079834,4.828000068664551,4.957749843597412,664784000,NVDA
2018-10-29,4.586559295654297,4.640500068664551,5.103250026702881,4.40024995803833,5.09975004196167,758016000,NVDA
2018-10-30,5.016007900238037,5.074999809265137,5.085000038146973,4.640500068664551,4.663750171661377,807192000,NVDA
2018-10-31,5.209483623504639,5.270750045776367,5.3147501945495605,5.100249767303467,5.241250038146973,745772000,NVDA
2018-11-01,5.389366149902344,5.452750205993652,5.462250232696533,5.179749965667725,5.307499885559082,566528000,NVDA
2018-11-02,5.310544013977051,5.373000144958496,5.550000190734863,5.255249977111816,5.443250179290772,452960000,NVDA
2018-11-05,5.232708930969238,5.294250011444092,5.383250236511231,5.131999969482422,5.359749794006348,379332000,NVDA
2018-11-06,5.215165615081787,5.276500225067139,5.371250152587891,5.238999843597412,5.286250114440918,299012000,NVDA
2018-11-07,5.282620906829834,5.344749927520752,5.43524980545044,5.2795000076293945,5.34375,483812000,NVDA
2018-11-08,5.089889526367188,5.149750232696533,5.285749912261963,5.095749855041504,5.284999847412109,511352000,NVDA
2018-11-09,5.08198356628418,5.141749858856201,5.232999801635742,5.026000022888184,5.059999942779541,413240000,NVDA
2018-11-12,4.683420181274414,4.738500118255615,5.071750164031982,4.71649980545044,5.049499988555908,617116000,NVDA
2018-11-13,4.924830436706543,4.982749938964844,5.105249881744385,4.830999851226807,4.837250232696533,644712000,NVDA
2018-11-14,4.8724470138549805,4.929749965667725,5.171999931335449,4.820750236511231,5.15749979019165,526580000,NVDA
2018-11-15,5.0009355545043945,5.059750080108643,5.132500171661377,4.887499809265137,4.923749923706055,840708000,NVDA
2018-11-16,4.062964916229248,4.110750198364258,4.266499996185303,4.040249824523926,4.083000183105469,1963520000,NVDA
2018-11-19,3.5754497051239014,3.617500066757202,4.045499801635742,3.6157500743865967,4.044750213623047,1697820000,NVDA
2018-11-20,3.6836774349212646,3.7269999980926514,3.8564999103546143,3.332750082015991,3.3515000343322754,1692032000,NVDA
2018-11-21,3.5756967067718506,3.6177499294281006,3.882499933242798,3.590250015258789,3.865499973297119,1025496000,NVDA
2018-11-23,3.5828628540039062,3.625,3.7397499084472656,3.5697500705718994,3.582750082015991,411968000,NVDA
2018-11-26,3.781773328781128,3.826250076293945,3.836750030517578,3.6640000343322754,3.7472500801086426,814832000,NVDA
2018-11-27,3.798575878143311,3.843250036239624,3.9252500534057617,3.763750076293945,3.799999952316284,738060000,NVDA
2018-11-28,3.955233335494995,4.0017499923706055,4.006999969482422,3.828249931335449,3.961999893188477,804524000,NVDA
2018-11-29,3.892162084579468,3.934000015258789,4.037499904632568,3.9035000801086426,4.0,549172000,NVDA
2018-11-30,4.042296886444092,4.085750102996826,4.096499919891357,3.892999887466431,3.943749904632568,729564000,NVDA
2018-12-03,4.205790519714356,4.250999927520752,4.367000102996826,4.183499813079834,4.315000057220459,890804000,NVDA
2018-12-04,3.885977506637573,3.9277501106262207,4.210999965667725,3.912499904632568,4.205999851226807,812112000,NVDA
2018-12-06,3.9151651859283447,3.9572501182556152,3.962249994277954,3.770250082015991,3.78600001335144,692308000,NVDA
2018-12-07,3.651004314422608,3.690249919891357,3.971750020980835,3.640500068664551,3.9614999294281006,681676000,NVDA
2018-12-10,3.7561240196228014,3.796499967575073,3.821500062942505,3.641249895095825,3.6449999809265137,629472000,NVDA
2018-12-11,3.6653494834899902,3.704750061035156,3.897249937057495,3.625,3.888999938964844,671912000,NVDA
2018-12-12,3.6829113960266113,3.722500085830689,3.819499969482422,3.620500087738037,3.7105000019073486,654136000,NVDA
2018-12-13,3.682663917541504,3.722249984741211,3.8345000743865967,3.686000108718872,3.7697501182556152,471384000,NVDA
2018-12-14,3.622312307357788,3.661250114440918,3.764750003814697,3.637500047683716,3.6802499294281006,471820000,NVDA
2018-12-17,3.551324844360352,3.5894999504089355,3.703749895095825,3.5309998989105225,3.63100004196167,662868000,NVDA
2018-12-18,3.634431600570679,3.673500061035156,3.7582499980926514,3.606250047683716,3.6337499618530273,564372000,NVDA
2018-12-19,3.425923585891724,3.46274995803833,3.69350004196167,3.410749912261963,3.63949990272522,745364000,NVDA
2018-12-20,3.3415799140930176,3.377500057220459,3.5450000762939453,3.3172500133514404,3.4542500972747803,749588000,NVDA
2018-12-21,3.2048003673553467,3.2392499446868896,3.4375,3.2114999294281006,3.404249906539917,863740000,NVDA
2018-12-24,3.1432125568389893,3.177000045776367,3.249500036239624,3.112499952316284,3.16225004196167,463840000,NVDA
2018-12-26,3.292112112045288,3.327500104904175,3.3285000324249268,3.111500024795532,3.2235000133514404,695100000,NVDA
2018-12-27,3.244374513626098,3.279249906539917,3.309499979019165,3.129499912261963,3.274749994277954,637044000,NVDA
2018-12-28,3.305715084075928,3.341249942779541,3.4347500801086426,3.2577500343322754,3.299999952316284,628728000,NVDA
2018-12-31,3.3020050525665283,3.337500095367432,3.4177498817443848,3.30649995803833,3.384999990463257,465140000,NVDA
2019-01-02,3.369281768798828,3.4054999351501465,3.461999893188477,3.251250028610229,3.2660000324249268,508752000,NVDA
2019-01-03,3.165720224380493,3.1997499465942383,3.378999948501587,3.1922500133514404,3.344749927520752,705552000,NVDA
2019-01-04,3.3685405254364014,3.404750108718872,3.4432499408721924,3.242500066757202,3.2734999656677246,585620000,NVDA
2019-01-07,3.546873092651367,3.5850000381469727,3.6222500801086426,3.410749912261963,3.462500095367432,709160000,NVDA
2019-01-08,3.458571672439575,3.4957499504089355,3.669500112533569,3.422499895095825,3.667249917984009,786016000,NVDA
2019-01-09,3.5265913009643555,3.564500093460083,3.6122500896453857,3.496500015258789,3.547499895095825,617260000,NVDA
2019-01-10,3.5921363830566406,3.630749940872192,3.63949990272522,3.483999967575073,3.5450000762939453,523156000,NVDA
2019-01-11,3.6811790466308594,3.720750093460083,3.743750095367432,3.580250024795532,3.60824990272522,874764000,NVDA
2019-01-14,3.721001386642456,3.760999917984009,3.786499977111816,3.64424991607666,3.6679999828338623,730168000,NVDA
2019-01-15,3.70690393447876,3.7467501163482666,3.833750009536743,3.728250026702881,3.7939999103546143,617012000,NVDA
2019-01-16,3.6814260482788086,3.720999956130981,3.807499885559082,3.7155001163482666,3.774250030517578,470104000,NVDA
2019-01-17,3.7526605129241934,3.7929999828338623,3.833250045776367,3.660249948501587,3.6877501010894775,493436000,NVDA
2019-01-18,3.881525039672852,3.923249959945679,3.94950008392334,3.791249990463257,3.843250036239624,651336000,NVDA
2019-01-22,3.679694652557373,3.719249963760376,3.9045000076293945,3.6887500286102295,3.892750024795532,661552000,NVDA
2019-01-23,3.6925570964813232,3.732249975204468,3.864500045776367,3.700750112533569,3.775000095367432,591020000,NVDA
2019-01-24,3.90403413772583,3.946000099182129,3.963749885559082,3.8127501010894775,3.817500114440918,708972000,NVDA
2019-01-25,3.961169958114624,4.003749847412109,4.021999835968018,3.7825000286102295,3.885999917984009,1154572000,NVDA
2019-01-28,3.4135565757751465,3.4502499103546143,3.54099988937378,3.275000095367432,3.413749933242798,2511528000,NVDA
2019-01-29,3.25501036643982,3.289999961853028,3.452500104904175,3.27524995803833,3.403749942779541,1153932000,NVDA
2019-01-30,3.398221015930176,3.4347500801086426,3.4492499828338623,3.2864999771118164,3.3667500019073486,974228000,NVDA
2019-01-31,3.555529832839966,3.59375,3.62975001335144,3.4094998836517334,3.43149995803833,842852000,NVDA
2019-02-01,3.5797696113586426,3.618249893188477,3.669749975204468,3.564500093460083,3.612499952316284,625048000,NVDA
2019-02-04,3.689836263656616,3.7295000553131104,3.766999959945679,3.611999988555908,3.6342499256134033,528592000,NVDA
2019-02-05,3.708881139755249,3.7487499713897705,3.785749912261963,3.7074999809265137,3.741499900817871,542424000,NVDA
2019-02-06,3.784320831298828,3.825000047683716,3.890000104904175,3.776750087738037,3.782249927520752,702464000,NVDA
2019-02-07,3.6463043689727774,3.685499906539917,3.7804999351501465,3.642250061035156,3.778249979019165,637120000,NVDA
2019-02-08,3.6648552417755127,3.70425009727478,3.714999914169312,3.603250026702881,3.6177499294281006,461604000,NVDA
2019-02-11,3.622312307357788,3.661250114440918,3.714499950408936,3.612499952316284,3.659749984741211,495180000,NVDA
2019-02-12,3.7390565872192383,3.779249906539917,3.795000076293945,3.685499906539917,3.700000047683716,591060000,NVDA
2019-02-13,3.781352043151856,3.822000026702881,3.895750045776367,3.795249938964844,3.809000015258789,605372000,NVDA
2019-02-14,3.822163581848145,3.8632500171661377,3.89175009727478,3.777499914169312,3.821000099182129,827264000,NVDA
2019-02-15,3.891666412353516,3.933500051498413,4.096749782562256,3.910500049591065,4.073750019073486,1516748000,NVDA
2019-02-19,3.87435245513916,3.9159998893737793,3.9972500801086426,3.9035000801086426,3.922749996185303,551892000,NVDA
2019-02-20,3.921594619750977,3.963749885559082,4.031499862670898,3.9342501163482666,3.945499897003174,540988000,NVDA
2019-02-21,3.8528332710266113,3.89424991607666,4.00124979019165,3.879499912261963,3.9765000343322754,448548000,NVDA
2019-02-22,3.937424659729004,3.979749917984009,3.9987499713897705,3.93274998664856,3.946500062942505,401740000,NVDA
2019-02-25,3.9250569343566895,3.967250108718872,4.131999969482422,3.9584999084472656,4.064000129699707,656020000,NVDA
2019-02-26,3.885730504989624,3.927500009536743,4.019000053405762,3.893749952316284,3.962500095367432,488464000,NVDA
2019-02-27,3.8439300060272217,3.8852500915527344,3.939749956130981,3.827749967575073,3.913000106811523,500256000,NVDA
2019-02-28,3.81941819190979,3.8564999103546143,3.8975000381469727,3.8340001106262207,3.875,324944000,NVDA
2019-03-01,3.8736417293548575,3.911250114440918,3.953749895095825,3.848000049591065,3.906749963760376,357188000,NVDA
2019-03-04,3.881812334060669,3.919500112533569,3.973000049591065,3.862499952316284,3.950000047683716,409992000,NVDA
2019-03-05,3.875375032424927,3.913000106811523,3.951499938964844,3.848999977111816,3.903749942779541,362924000,NVDA
2019-03-06,3.7646989822387695,3.8012499809265137,3.912499904632568,3.798500061035156,3.9040000438690186,403524000,NVDA
2019-03-07,3.695620059967041,3.7314999103546143,3.78725004196167,3.684999942779541,3.777499914169312,450104000,NVDA
2019-03-08,3.729787826538086,3.766000032424927,3.776750087738037,3.619999885559082,3.641499996185303,422416000,NVDA
2019-03-11,3.989764213562012,4.028500080108643,4.051499843597412,3.7422499656677246,3.789750099182129,859728000,NVDA
2019-03-12,4.023932933807373,4.063000202178955,4.109749794006348,3.979749917984009,4.05649995803833,579576000,NVDA
2019-03-13,4.1749653816223145,4.215499877929688,4.244999885559082,4.093249797821045,4.100749969482422,768900000,NVDA
2019-03-14,4.099201679229736,4.138999938964844,4.23675012588501,4.131249904632568,4.22475004196167,519384000,NVDA
2019-03-15,4.204431056976318,4.245250225067139,4.288249969482422,4.178999900817871,4.182499885559082,661484000,NVDA
2019-03-18,4.1831374168396,4.223750114440918,4.331250190734863,4.196499824523926,4.276999950408936,486992000,NVDA
2019-03-19,4.350511074066162,4.392749786376953,4.4375,4.302000045776367,4.318999767303467,854972000,NVDA
2019-03-20,4.3180766105651855,4.360000133514404,4.475749969482422,4.324999809265137,4.421999931335449,719148000,NVDA
2019-03-21,4.554283618927002,4.598499774932861,4.625,4.3782501220703125,4.383250236511231,824312000,NVDA
2019-03-22,4.394832134246826,4.4375,4.619999885559082,4.423500061035156,4.571000099182129,747644000,NVDA
2019-03-25,4.302726268768311,4.3445000648498535,4.461249828338623,4.277750015258789,4.396500110626221,525212000,NVDA
2019-03-26,4.379232406616211,4.421750068664551,4.543749809265137,4.364999771118164,4.487249851226807,703508000,NVDA
2019-03-27,4.370072364807129,4.412499904632568,4.4942498207092285,4.34250020980835,4.447500228881836,474372000,NVDA
2019-03-28,4.388641834259033,4.431250095367432,4.497499942779541,4.377749919891357,4.43874979019165,480264000,NVDA
2019-03-29,4.445835590362549,4.488999843597412,4.513500213623047,4.447750091552734,4.498499870300293,456896000,NVDA
2019-04-01,4.513182163238525,4.557000160217285,4.587500095367432,4.509250164031982,4.581500053405762,483824000,NVDA
2019-04-02,4.531008720397949,4.574999809265137,4.619750022888184,4.538000106811523,4.581250190734863,440920000,NVDA
2019-04-03,4.670159816741943,4.715499877929688,4.775000095367432,4.619999885559082,4.625,783504000,NVDA
2019-04-04,4.661245346069336,4.706500053405762,4.7492499351501465,4.643249988555908,4.699999809265137,457376000,NVDA
2019-04-05,4.727848052978516,4.773749828338623,4.791250228881836,4.713250160217285,4.75,481744000,NVDA
2019-04-08,4.748647212982178,4.794750213623047,4.820000171661377,4.71875,4.743000030517578,424192000,NVDA
2019-04-09,4.686004161834717,4.731500148773193,4.772250175476074,4.689000129699707,4.761000156402588,439972000,NVDA
2019-04-10,4.756321430206299,4.802499771118164,4.828499794006348,4.726250171661377,4.73075008392334,444772000,NVDA
2019-04-11,4.742457389831543,4.78849983215332,4.836750030517578,4.738749980926514,4.804999828338623,374600000,NVDA
2019-04-12,4.7045745849609375,4.750249862670898,4.831500053405762,4.741499900817871,4.827499866485596,471708000,NVDA
2019-04-15,4.57310152053833,4.617499828338623,4.747499942779541,4.577499866485596,4.742499828338623,440092000,NVDA
2019-04-16,4.660006523132324,4.705249786376953,4.724249839782715,4.624000072479248,4.6570000648498535,394964000,NVDA
2019-04-17,4.637228488922119,4.682250022888184,4.761499881744385,4.659749984741211,4.740499973297119,351004000,NVDA
2019-04-18,4.612716197967529,4.65749979019165,4.723249912261963,4.629499912261963,4.689000129699707,380988000,NVDA
2019-04-22,4.666443347930908,4.711750030517578,4.727499961853027,4.602000236511231,4.633749961853027,279936000,NVDA
2019-04-23,4.720914840698242,4.766749858856201,4.798250198364258,4.715250015258789,4.724999904632568,346856000,NVDA
2019-04-24,4.733295917510986,4.779250144958496,4.820250034332275,4.716000080108643,4.777249813079834,318204000,NVDA
2019-04-25,4.627819538116455,4.672749996185303,4.761250019073486,4.59250020980835,4.738749980926514,499296000,NVDA
2019-04-26,4.409438610076904,4.452250003814697,4.522250175476074,4.332499980926514,4.517749786376953,868988000,NVDA
2019-04-29,4.440141677856445,4.483250141143799,4.511250019073486,4.387499809265137,4.460249900817871,391920000,NVDA
2019-04-30,4.481490612030029,4.525000095367432,4.550749778747559,4.43149995803833,4.45074987411499,362920000,NVDA
2019-05-01,4.468367099761963,4.511750221252441,4.620250225067139,4.511499881744385,4.577750205993652,354280000,NVDA
2019-05-02,4.535713195800781,4.579750061035156,4.621749877929688,4.478000164031982,4.521500110626221,394684000,NVDA
2019-05-03,4.531257629394531,4.575250148773193,4.598249912261963,4.51324987411499,4.588250160217285,336824000,NVDA
2019-05-06,4.453015327453613,4.496250152587891,4.508500099182129,4.349999904632568,4.387499809265137,422176000,NVDA
2019-05-07,4.286137104034424,4.327750205993652,4.447500228881836,4.279250144958496,4.447500228881836,555220000,NVDA
2019-05-08,4.306191444396973,4.3480000495910645,4.428750038146973,4.288000106811523,4.300000190734863,419168000,NVDA
2019-05-09,4.213839530944824,4.254749774932861,4.288249969482422,4.135000228881836,4.278500080108643,660248000,NVDA
2019-05-10,4.1799187660217285,4.2204999923706055,4.289750099182129,4.099999904632568,4.223750114440918,569500000,NVDA
2019-05-13,3.923161268234253,3.961250066757202,4.110750198364258,3.9452500343322754,4.087500095367432,656912000,NVDA
2019-05-14,4.012048721313477,4.051000118255615,4.08650016784668,3.962249994277954,4.00124979019165,524880000,NVDA
2019-05-15,3.951138973236084,3.989500045776367,4.026249885559082,3.9352500438690186,3.994999885559082,502320000,NVDA
2019-05-16,3.966242551803589,4.004749774932861,4.047749996185303,3.941250085830689,3.983999967575073,781088000,NVDA
2019-05-17,3.875622749328613,3.913249969482422,4.092750072479248,3.873500108718872,3.962500095367432,1022068000,NVDA
2019-05-20,3.75727128982544,3.793750047683716,3.869250059127808,3.768749952316284,3.8137500286102295,572064000,NVDA
2019-05-21,3.8392252922058105,3.876499891281128,3.892499923706055,3.815999984741211,3.8550000190734863,361848000,NVDA
2019-05-22,3.7684130668640137,3.805000066757202,3.8637499809265137,3.7939999103546143,3.837500095367432,325868000,NVDA
2019-05-23,3.647586107254028,3.683000087738037,3.7422499656677246,3.6227500438690186,3.7422499656677246,591844000,NVDA
2019-05-24,3.5938587188720703,3.628750085830689,3.737499952316284,3.621999979019165,3.70199990272522,357584000,NVDA
2019-05-28,3.548795700073242,3.583250045776367,3.679500102996826,3.581249952316284,3.6465001106262207,428356000,NVDA
2019-05-29,3.474764347076416,3.508500099182129,3.570499897003174,3.4735000133514404,3.535249948501587,559800000,NVDA
2019-05-30,3.448241949081421,3.477750062942505,3.543750047683716,3.439249992370605,3.5077500343322754,394300000,NVDA
2019-05-31,3.357764959335327,3.3864998817443848,3.4962499141693115,3.38474988937378,3.428499937057495,389720000,NVDA
2019-06-03,3.3161215782165527,3.344500064849853,3.4367499351501465,3.315000057220459,3.397749900817871,478644000,NVDA
2019-06-04,3.544666290283203,3.575000047683716,3.580250024795532,3.3867499828338623,3.4089999198913574,641836000,NVDA
2019-06-05,3.502031087875366,3.532000064849853,3.654750108718872,3.495500087738037,3.649250030517578,511616000,NVDA
2019-06-06,3.564000606536865,3.594500064849853,3.619250059127808,3.533750057220459,3.536250114440918,408140000,NVDA
2019-06-07,3.606635570526123,3.637500047683716,3.671999931335449,3.581249952316284,3.6005001068115234,348856000,NVDA
2019-06-10,3.679264545440674,3.710750102996826,3.779750108718872,3.694000005722046,3.694000005722046,402780000,NVDA
2019-06-11,3.736771821975708,3.768749952316284,3.809000015258789,3.7290000915527344,3.7709999084472656,383872000,NVDA
2019-06-12,3.623987436294556,3.6549999713897705,3.731250047683716,3.639750003814697,3.724999904632568,358892000,NVDA
2019-06-13,3.6750504970550537,3.7065000534057617,3.724999904632568,3.659499883651733,3.6772499084472656,308080000,NVDA
2019-06-14,3.585318326950073,3.615999937057495,3.6372499465942383,3.571000099182129,3.6127500534057617,394428000,NVDA
2019-06-17,3.594985246658325,3.6257500648498535,3.663000106811523,3.591249942779541,3.6142499446868896,276040000,NVDA
2019-06-18,3.789569616317749,3.822000026702881,3.877749919891357,3.676500082015991,3.6875,581920000,NVDA
2019-06-19,3.795519351959229,3.828000068664551,3.86899995803833,3.8017499446868896,3.857500076293945,331644000,NVDA
2019-06-20,3.819811344146729,3.8524999618530273,3.933249950408936,3.838000059127808,3.919250011444092,350168000,NVDA
2019-06-21,3.761807680130005,3.7939999103546143,3.88700008392334,3.787499904632568,3.837500095367432,434428000,NVDA
2019-06-24,3.784116506576538,3.816499948501587,3.846250057220459,3.767999887466431,3.815500020980835,282948000,NVDA
2019-06-25,3.754866600036621,3.786999940872192,3.8970000743865967,3.784250020980835,3.821500062942505,311868000,NVDA
2019-06-26,3.947716474533081,3.9814999103546143,4.043000221252441,3.902250051498413,3.915250062942505,584072000,NVDA
2019-06-27,4.046124458312988,4.080749988555908,4.099999904632568,4.031499862670898,4.067749977111816,445440000,NVDA
2019-06-28,4.070912837982178,4.10575008392334,4.134250164031982,4.058750152587891,4.125,397668000,NVDA
2019-07-01,4.11899995803833,4.154250144958496,4.348750114440918,4.116499900817871,4.3142499923706055,709756000,NVDA
2019-07-02,4.021336555480957,4.055749893188477,4.158750057220459,4.042500019073486,4.137499809265137,400228000,NVDA
2019-07-03,4.034225940704346,4.068749904632568,4.085000038146973,4.008500099182129,4.079249858856201,246636000,NVDA
2019-07-05,3.9717612266540527,4.005750179290772,4.014500141143799,3.941999912261963,4.010000228881836,396552000,NVDA
2019-07-08,3.896902084350586,3.9302499294281006,3.964750051498413,3.900000095367432,3.9457499980926514,329788000,NVDA
2019-07-09,3.899380445480346,3.93274998664856,3.9609999656677246,3.875,3.8877499103546143,342860000,NVDA
2019-07-10,3.96754789352417,4.001500129699707,4.059249877929688,3.962500095367432,3.9765000343322754,452076000,NVDA
2019-07-11,4.12172794342041,4.1570000648498535,4.197999954223633,4.037499904632568,4.074999809265137,682560000,NVDA
2019-07-12,4.154695510864258,4.190249919891357,4.261750221252441,4.184999942779541,4.184999942779541,506392000,NVDA
2019-07-15,4.146266937255859,4.1817498207092285,4.227749824523926,4.153250217437744,4.21150016784668,289840000,NVDA
2019-07-16,4.141557693481445,4.177000045776367,4.204249858856201,4.120999813079834,4.166749954223633,341444000,NVDA
2019-07-17,4.206750869750977,4.24275016784668,4.249750137329102,4.149250030517578,4.178750038146973,348204000,NVDA
2019-07-18,4.2184014320373535,4.254499912261963,4.317749977111816,4.196249961853027,4.2532501220703125,442192000,NVDA
2019-07-19,4.175269603729248,4.210999965667725,4.299499988555908,4.204999923706055,4.293000221252441,344896000,NVDA
2019-07-22,4.246658802032471,4.2829999923706055,4.296000003814697,4.224999904632568,4.232500076293945,315940000,NVDA
2019-07-23,4.35423755645752,4.391499996185303,4.393499851226807,4.3067498207092285,4.322500228881836,428176000,NVDA
2019-07-24,4.428603172302246,4.46649980545044,4.472249984741211,4.358500003814697,4.434999942779541,366236000,NVDA
2019-07-25,4.297720432281494,4.334499835968018,4.4375,4.310999870300293,4.424749851226807,392700000,NVDA
2019-07-26,4.339612483978272,4.3767499923706055,4.423749923706055,4.36175012588501,4.36175012588501,274160000,NVDA
2019-07-29,4.333415985107422,4.370500087738037,4.386750221252441,4.281750202178955,4.369500160217285,248160000,NVDA
2019-07-30,4.349031925201416,4.386250019073486,4.398499965667725,4.309249877929688,4.323750019073486,197772000,NVDA
2019-07-31,4.182209491729736,4.2179999351501465,4.355500221252441,4.17549991607666,4.354499816894531,359416000,NVDA
2019-08-01,4.088016986846924,4.123000144958496,4.319499969482422,4.070499897003174,4.228499889373779,421212000,NVDA
2019-08-02,3.9955570697784415,4.029749870300293,4.099500179290772,3.982000112533569,4.029749870300293,428348000,NVDA
2019-08-05,3.7377636432647705,3.7697501182556152,3.846250057220459,3.722500085830689,3.8450000286102295,589156000,NVDA
2019-08-06,3.776432514190674,3.808749914169312,3.890749931335449,3.7607500553131104,3.8450000286102295,361272000,NVDA
2019-08-07,3.814605236053467,3.847249984741211,3.859250068664551,3.7300000190734863,3.747499942779541,372560000,NVDA
2019-08-08,3.922928810119629,3.9565000534057617,3.957750082015991,3.847500085830689,3.905250072479248,309300000,NVDA
2019-08-09,3.821793794631958,3.8545000553131104,3.918750047683716,3.8037500381469727,3.915250062942505,341816000,NVDA
2019-08-12,3.7541236877441406,3.786250114440918,3.8545000553131104,3.764250040054321,3.802000045776367,279200000,NVDA
2019-08-13,3.868147850036621,3.901249885559082,3.947499990463257,3.745500087738037,3.784749984741211,351956000,NVDA
2019-08-14,3.7199161052703857,3.7517499923706055,3.8237500190734863,3.707750082015991,3.8125,419880000,NVDA
2019-08-15,3.6876914501190186,3.719249963760376,3.790750026702881,3.6847500801086426,3.770750045776367,477200000,NVDA
2019-08-16,3.955153465270996,3.989000082015991,4.03849983215332,3.921999931335449,3.983750104904175,1007960000,NVDA
2019-08-19,4.233272552490234,4.269499778747559,4.2855000495910645,4.086750030517578,4.103000164031982,815112000,NVDA
2019-08-20,4.161139488220215,4.196750164031982,4.264500141143799,4.17549991607666,4.263999938964844,463188000,NVDA
2019-08-21,4.244427680969238,4.280749797821045,4.336249828338623,4.241499900817871,4.26324987411499,427244000,NVDA
2019-08-22,4.250625133514404,4.287000179290772,4.333250045776367,4.247499942779541,4.290500164031982,303488000,NVDA
2019-08-23,4.026541709899902,4.060999870300293,4.264750003814697,4.040999889373779,4.210000038146973,568056000,NVDA
2019-08-26,4.10115385055542,4.136250019073486,4.164500236511231,4.097750186920166,4.140250205993652,318208000,NVDA
2019-08-27,4.010678291320801,4.045000076293945,4.177499771118164,4.015500068664551,4.174749851226807,290968000,NVDA
2019-08-28,4.000256538391113,4.0304999351501465,4.083499908447266,3.974999904632568,4.014500141143799,255612000,NVDA
2019-08-29,4.143673419952393,4.175000190734863,4.207499980926514,4.11899995803833,4.122499942779541,357976000,NVDA
2019-08-30,4.156326770782471,4.187749862670898,4.271500110626221,4.16949987411499,4.221499919891357,290616000,NVDA
2019-09-03,4.073453903198242,4.104249954223633,4.147749900817871,4.081250190734863,4.114500045776367,296140000,NVDA
2019-09-04,4.187342166900635,4.218999862670898,4.226500034332275,4.165249824523926,4.165249824523926,227728000,NVDA
2019-09-05,4.459782123565674,4.493500232696533,4.499750137329102,4.320000171661377,4.321750164031982,695676000,NVDA
2019-09-06,4.432736873626709,4.466249942779541,4.527249813079834,4.427999973297119,4.46999979019165,376976000,NVDA
2019-09-09,4.478640079498291,4.512499809265137,4.599500179290772,4.495999813079834,4.497499942779541,417524000,NVDA
2019-09-10,4.545136451721191,4.579500198364258,4.606249809265137,4.469749927520752,4.479499816894531,352812000,NVDA
2019-09-11,4.573672294616699,4.608250141143799,4.656750202178955,4.565000057220459,4.594250202178955,361512000,NVDA
2019-09-12,4.5721821784973145,4.606750011444092,4.710000038146973,4.598750114440918,4.65500020980835,327840000,NVDA
2019-09-13,4.514369964599609,4.548500061035156,4.577000141143799,4.504499912261963,4.539750099182129,324592000,NVDA
2019-09-16,4.471445083618164,4.505249977111816,4.539999961853027,4.462500095367432,4.4730000495910645,231832000,NVDA
2019-09-17,4.492783546447754,4.526750087738037,4.531000137329102,4.465250015258789,4.51200008392334,223048000,NVDA
2019-09-18,4.465737342834473,4.499499797821045,4.5355000495910645,4.412499904632568,4.519750118255615,258152000,NVDA
2019-09-19,4.390308380126953,4.423500061035156,4.52400016784668,4.412749767303467,4.505499839782715,245476000,NVDA
2019-09-20,4.284855842590332,4.317249774932861,4.446249961853027,4.307000160217285,4.422500133514404,350244000,NVDA
2019-09-23,4.338202476501465,4.370999813079834,4.416749954223633,4.31374979019165,4.317500114440918,249712000,NVDA
2019-09-24,4.280885696411133,4.3132500648498535,4.432250022888184,4.277500152587891,4.402500152587891,317268000,NVDA
2019-09-25,4.422316074371338,4.455749988555908,4.475500106811523,4.267749786376953,4.312749862670898,308432000,NVDA
2019-09-26,4.400233268737793,4.433499813079834,4.454750061035156,4.38224983215332,4.446000099182129,234564000,NVDA
2019-09-27,4.261778354644775,4.294000148773193,4.442500114440918,4.232999801635742,4.391499996185303,362056000,NVDA
2019-09-30,4.319096565246582,4.351749897003174,4.361999988555908,4.28849983215332,4.320000171661377,186184000,NVDA
2019-10-01,4.317359924316406,4.349999904632568,4.525000095367432,4.345250129699707,4.375,366008000,NVDA
2019-10-02,4.293539047241211,4.326000213623047,4.340000152587891,4.2532501220703125,4.328000068664551,293372000,NVDA
2019-10-03,4.498738765716553,4.532750129699707,4.539000034332275,4.300000190734863,4.33050012588501,450588000,NVDA
2019-10-04,4.515115261077881,4.54925012588501,4.578750133514404,4.4695000648498535,4.534999847412109,265524000,NVDA
2019-10-07,4.573672294616699,4.608250141143799,4.708499908447266,4.60575008392334,4.614500045776367,480984000,NVDA
2019-10-08,4.397504806518555,4.430749893188477,4.515999794006348,4.412499904632568,4.515999794006348,444436000,NVDA
2019-10-09,4.483850955963135,4.517749786376953,4.567500114440918,4.479000091552734,4.507999897003174,292412000,NVDA
2019-10-10,4.541416168212891,4.57574987411499,4.626999855041504,4.510250091552734,4.515500068664551,309124000,NVDA
2019-10-11,4.6148600578308105,4.649750232696533,4.733500003814697,4.641250133514404,4.660250186920166,446404000,NVDA
2019-10-14,4.628259658813477,4.663249969482422,4.684249877929688,4.609749794006348,4.640999794006348,200040000,NVDA
2019-10-15,4.872413158416748,4.909249782562256,4.982250213623047,4.739999771118164,4.754000186920166,664124000,NVDA
2019-10-16,4.818816661834717,4.855249881744385,4.980500221252441,4.84375,4.875,428944000,NVDA
2019-10-17,4.820804595947266,4.857250213623047,4.945250034332275,4.802499771118164,4.900000095367432,263436000,NVDA
2019-10-18,4.72651481628418,4.762249946594238,4.890500068664551,4.6875,4.857749938964844,307440000,NVDA
2019-10-21,4.863481044769287,4.90024995803833,4.913750171661377,4.804999828338623,4.823999881744385,261868000,NVDA
2019-10-22,4.853555202484131,4.890250205993652,5.0632500648498535,4.882500171661377,4.957499980926514,328720000,NVDA
2019-10-23,4.840653896331787,4.8772501945495605,4.891499996185303,4.775750160217285,4.807750225067139,279916000,NVDA
2019-10-24,4.884571552276611,4.921500205993652,4.955249786376953,4.884500026702881,4.918749809265137,232020000,NVDA
2019-10-25,5.075130939483643,5.113500118255615,5.134500026702881,4.994750022888184,5.002500057220459,423092000,NVDA
2019-10-28,5.130958080291748,5.169750213623047,5.222499847412109,5.127999782562256,5.15749979019165,330792000,NVDA
2019-10-29,5.034934043884277,5.072999954223633,5.16225004196167,5.053500175476074,5.155749797821045,211236000,NVDA
2019-10-30,5.036920070648193,5.074999809265137,5.10575008392334,5.006499767303467,5.099999904632568,205960000,NVDA
2019-10-31,4.987791061401367,5.0254998207092285,5.074999809265137,4.945250034332275,5.053999900817871,209732000,NVDA
2019-11-01,5.026747703552246,5.0647501945495605,5.097249984741211,4.964749813079834,4.989999771118164,283640000,NVDA
2019-11-04,5.223013401031494,5.262499809265137,5.275000095367432,5.123000144958496,5.146249771118164,376716000,NVDA
2019-11-05,5.200930118560791,5.240250110626221,5.28849983215332,5.191999912261963,5.262249946594238,300868000,NVDA
2019-11-06,5.151801109313965,5.1907501220703125,5.2417497634887695,5.102749824523926,5.216000080108643,269012000,NVDA
2019-11-07,5.169418811798096,5.208499908447266,5.292500019073486,5.16349983215332,5.277750015258789,280340000,NVDA
2019-11-08,5.155522346496582,5.194499969482422,5.226250171661377,5.153749942779541,5.191500186920166,189100000,NVDA
2019-11-11,5.165448188781738,5.204500198364258,5.227749824523926,5.10699987411499,5.193749904632568,243436000,NVDA
2019-11-12,5.200930118560791,5.240250110626221,5.296500205993652,5.207749843597412,5.243000030517578,283504000,NVDA
2019-11-13,5.175124645233154,5.214250087738037,5.236499786376953,5.147500038146973,5.208749771118164,300188000,NVDA
2019-11-14,5.205395698547363,5.244750022888184,5.247000217437744,5.163000106811523,5.223249912261963,518080000,NVDA
2019-11-15,5.066445350646973,5.104750156402588,5.29449987411499,5.015999794006348,5.242499828338623,1053628000,NVDA
2019-11-18,5.267178058624268,5.307000160217285,5.333749771118164,5.094250202178955,5.097249984741211,574588000,NVDA
2019-11-19,5.160732746124268,5.199749946594238,5.299499988555908,5.141250133514404,5.275750160217285,414564000,NVDA
2019-11-20,5.2398858070373535,5.2795000076293945,5.363749980926514,5.164000034332275,5.176750183105469,472588000,NVDA
2019-11-21,5.215073108673096,5.254499912261963,5.330999851226807,5.232749938964844,5.275000095367432,288388000,NVDA
2019-11-22,5.232689380645752,5.272250175476074,5.323999881744385,5.248499870300293,5.277249813079834,224100000,NVDA
2019-11-25,5.488752841949463,5.530250072479248,5.535250186920166,5.388000011444092,5.401000022888184,506476000,NVDA
2019-11-26,5.384293079376221,5.425000190734863,5.517250061035156,5.418499946594238,5.512499809265137,385244000,NVDA
2019-11-27,5.41905689239502,5.455999851226807,5.50124979019165,5.429500102996826,5.466750144958496,215784000,NVDA
2019-11-29,5.381810188293457,5.418499946594238,5.453499794006348,5.394499778747559,5.425000190734863,141556000,NVDA
2019-12-02,5.195827484130859,5.231249809265137,5.425000190734863,5.216000080108643,5.411499977111816,372036000,NVDA
2019-12-03,5.156346321105957,5.191500186920166,5.195499897003174,5.009250164031982,5.046750068664551,465232000,NVDA
2019-12-04,5.20004940032959,5.235499858856201,5.297999858856201,5.20674991607666,5.2754998207092285,273424000,NVDA
2019-12-05,5.183165073394775,5.218500137329102,5.273250102996826,5.187749862670898,5.257500171661377,184884000,NVDA
2019-12-06,5.26833438873291,5.3042497634887695,5.337250232696533,5.277999877929688,5.288000106811523,232236000,NVDA
2019-12-09,5.26833438873291,5.3042497634887695,5.359250068664551,5.272500038146973,5.28125,211880000,NVDA
2019-12-10,5.313278198242188,5.349500179290772,5.401500225067139,5.281499862670898,5.334499835968018,256388000,NVDA
2019-12-11,5.396708965301514,5.433499813079834,5.439000129699707,5.357500076293945,5.360000133514404,233796000,NVDA
2019-12-12,5.5638203620910645,5.601749897003174,5.619999885559082,5.395500183105469,5.4045000076293945,404348000,NVDA
2019-12-13,5.561832427978516,5.59975004196167,5.724500179290772,5.545499801635742,5.604750156402588,454704000,NVDA
2019-12-16,5.590635776519775,5.628749847412109,5.701499938964844,5.6192498207092285,5.647500038146973,320976000,NVDA
2019-12-17,5.668604850769043,5.707250118255615,5.730000019073486,5.638000011444092,5.647500038146973,321196000,NVDA
2019-12-18,5.698898792266846,5.737750053405762,5.798500061035156,5.733749866485596,5.742249965667725,343548000,NVDA
2019-12-19,5.846640110015869,5.886499881744385,5.900000095367432,5.767499923706055,5.772500038146973,445360000,NVDA
2019-12-20,5.943729400634766,5.984250068664551,6.009749889373779,5.934000015258789,5.953249931335449,603044000,NVDA
2019-12-23,5.9300713539123535,5.9704999923706055,6.045249938964844,5.959750175476074,6.013000011444092,355060000,NVDA
2019-12-24,5.925105094909668,5.965499877929688,5.982749938964844,5.920499801635742,5.954999923706055,138864000,NVDA
2019-12-26,5.939260482788086,5.979750156402588,6.007999897003174,5.949999809265137,5.968999862670898,182852000,NVDA
2019-12-27,5.881652355194092,5.921750068664551,6.008500099182129,5.895249843597412,5.994999885559082,254644000,NVDA
2019-12-30,5.768673896789551,5.808000087738037,5.90500020980835,5.776500225067139,5.899750232696533,258056000,NVDA
2019-12-31,5.842668056488037,5.882500171661377,5.892000198364258,5.7532501220703125,5.772500038146973,231004000,NVDA
2020-01-02,5.957137584686279,5.99774980545044,5.99774980545044,5.918000221252441,5.96875,237536000,NVDA
2020-01-03,5.861786365509033,5.901750087738037,5.945750236511231,5.852499961853027,5.877500057220459,205384000,NVDA
2020-01-06,5.886369705200195,5.926499843597412,5.9317498207092285,5.781750202178955,5.808000087738037,262636000,NVDA
2020-01-07,5.957635879516602,5.9982500076293945,6.044250011444092,5.909749984741211,5.954999923706055,314856000,NVDA
2020-01-08,5.968808650970459,6.009500026702881,6.051000118255615,5.953750133514404,5.99399995803833,277108000,NVDA
2020-01-09,6.034360408782959,6.075500011444092,6.148250102996826,6.021500110626221,6.096250057220459,255112000,NVDA
2020-01-10,6.066640853881836,6.107999801635742,6.213749885559082,6.09375,6.183249950408936,316296000,NVDA
2020-01-13,6.256845474243164,6.299499988555908,6.324749946594238,6.168749809265137,6.191500186920166,319840000,NVDA
2020-01-14,6.140140056610107,6.182000160217285,6.2820000648498535,6.168749809265137,6.256499767303467,359088000,NVDA
2020-01-15,6.097680568695068,6.139249801635742,6.217249870300293,6.113249778747559,6.19474983215332,263104000,NVDA
2020-01-16,6.1811113357543945,6.223249912261963,6.229249954223633,6.16949987411499,6.192999839782715,284192000,NVDA
2020-01-17,6.189801692962647,6.23199987411499,6.25,6.184249877929688,6.242499828338623,253792000,NVDA
2020-01-21,6.156528949737549,6.198500156402588,6.232250213623047,6.164249897003174,6.195250034332275,217916000,NVDA
2020-01-22,6.210411071777344,6.252749919891357,6.339749813079834,6.224999904632568,6.24399995803833,239240000,NVDA
2020-01-23,6.278694152832031,6.321499824523926,6.329999923706055,6.203750133514404,6.293000221252441,244516000,NVDA
2020-01-24,6.219598770141602,6.26200008392334,6.487500190734863,6.207499980926514,6.4375,373512000,NVDA
2020-01-27,5.964339256286621,6.005000114440918,6.056250095367432,5.805749893188477,5.955999851226807,470536000,NVDA
2020-01-28,6.157273292541504,6.199250221252441,6.231750011444092,6.017749786376953,6.071249961853027,310976000,NVDA
2020-01-29,6.096935272216797,6.138500213623047,6.2210001945495605,6.098499774932861,6.184750080108643,258848000,NVDA
2020-01-30,6.103639125823975,6.145249843597412,6.158750057220459,5.985000133514404,6.040249824523926,290504000,NVDA
2020-01-31,5.870726585388184,5.910749912261963,6.111249923706055,5.868750095367432,6.099249839782715,370420000,NVDA
2020-02-03,5.96756649017334,6.008250236511231,6.027750015258789,5.886250019073486,5.892499923706055,255564000,NVDA
2020-02-04,6.136415958404541,6.178249835968018,6.197500228881836,6.100500106811523,6.150750160217285,271544000,NVDA
2020-02-05,6.226551532745361,6.269000053405762,6.309999942779541,6.18524980545044,6.299749851226807,208220000,NVDA
2020-02-06,6.313211917877197,6.356249809265137,6.356249809265137,6.2220001220703125,6.303500175476074,218284000,NVDA
2020-02-07,6.247161865234375,6.289750099182129,6.338250160217285,6.264249801635742,6.315999984741211,189752000,NVDA
2020-02-10,6.529736042022705,6.574250221252441,6.574999809265137,6.307499885559082,6.3125,529608000,NVDA
2020-02-11,6.651902675628662,6.697249889373779,6.8125,6.620749950408936,6.683000087738037,638556000,NVDA
2020-02-12,6.767364978790283,6.813499927520752,6.820000171661377,6.711249828338623,6.750249862670898,374644000,NVDA
2020-02-13,6.723662853240967,6.769499778747559,6.836999893188477,6.727749824523926,6.755249977111816,528016000,NVDA
2020-02-14,7.1956939697265625,7.244750022888184,7.374249935150146,7.150000095367432,7.18149995803833,1041924000,NVDA
2020-02-18,7.364046096801758,7.414249897003174,7.432750225067139,7.121500015258789,7.140999794006348,620164000,NVDA
2020-02-19,7.814227104187012,7.867499828338623,7.885250091552734,7.53725004196167,7.53725004196167,694332000,NVDA
2020-02-20,7.665244102478027,7.71750020980835,7.907999992370605,7.408750057220459,7.819250106811523,810052000,NVDA
2020-02-21,7.3019700050354,7.351749897003174,7.630000114440918,7.266499996185303,7.604750156402588,768180000,NVDA
2020-02-24,6.785739421844482,6.831999778747559,7.046750068664551,6.699999809265137,6.754749774932861,856916000,NVDA
2020-02-25,6.506890773773193,6.551249980926514,6.969749927520752,6.448999881744385,6.90749979019165,1055496000,NVDA
2020-02-26,6.645942687988281,6.691249847412109,6.886250019073486,6.550000190734863,6.551499843597412,747732000,NVDA
2020-02-27,6.275990962982178,6.315000057220459,6.675000190734863,6.222249984741211,6.372499942779541,906416000,NVDA
2020-02-28,6.710043430328369,6.7517499923706055,6.811500072479248,6.044750213623047,6.061500072479248,1133252000,NVDA
2020-03-02,6.868062496185303,6.910749912261963,6.9397501945495605,6.525000095367432,6.922500133514404,890744000,NVDA
2020-03-03,6.606189727783203,6.647250175476074,7.026750087738037,6.561500072479248,6.966750144958496,652792000,NVDA
2020-03-04,7.068813800811768,7.112750053405762,7.122250080108643,6.679999828338623,6.755000114440918,597408000,NVDA
2020-03-05,6.7900471687316895,6.832250118255615,7.079999923706055,6.787499904632568,6.912499904632568,540328000,NVDA
2020-03-06,6.609914779663086,6.651000022888184,6.709750175476074,6.449999809265137,6.651999950408936,515412000,NVDA
2020-03-09,6.09809684753418,6.136000156402588,6.485000133514404,5.954500198364258,5.997499942779541,614160000,NVDA
2020-03-10,6.48668098449707,6.526999950408936,6.526999950408936,6.149750232696533,6.41349983215332,580648000,NVDA
2020-03-11,6.123688220977783,6.161749839782715,6.414999961853027,6.0642499923706055,6.386499881744385,499964000,NVDA
2020-03-12,5.374346733093262,5.407750129699707,5.902999877929688,5.394999980926514,5.636499881744385,816540000,NVDA
2020-03-13,5.983806610107422,6.020999908447266,6.0254998207092285,5.490250110626221,5.762499809265137,634836000,NVDA
2020-03-16,4.8796706199646,4.909999847412109,5.652500152587891,4.849999904632568,5.31024980545044,726972000,NVDA
2020-03-17,5.398195743560791,5.4317498207092285,5.521500110626221,4.775000095367432,5.022749900817871,833632000,NVDA
2020-03-18,5.039179801940918,5.070499897003174,5.248499870300293,4.517000198364258,5.002500057220459,874268000,NVDA
2020-03-19,5.291362285614014,5.324250221252441,5.41825008392334,4.834750175476074,5.048999786376953,765512000,NVDA
2020-03-20,5.11197566986084,5.143750190734863,5.757999897003174,5.1282501220703125,5.474999904632568,804636000,NVDA
2020-03-23,5.284404277801514,5.317249774932861,5.412000179290772,4.9629998207092285,5.142749786376953,643876000,NVDA
2020-03-24,6.1910176277160645,6.229499816894531,6.316500186920166,5.701250076293945,5.724999904632568,1101644000,NVDA
2020-03-25,6.102569580078125,6.140500068664551,6.545499801635742,6.09149980545044,6.34499979019165,793432000,NVDA
2020-03-26,6.391275405883789,6.431000232696533,6.555500030517578,6.25,6.348499774932861,696108000,NVDA
2020-03-27,6.279222011566162,6.318250179290772,6.578000068664551,6.2170000076293945,6.25,638828000,NVDA
2020-03-30,6.598734855651856,6.639750003814697,6.64900016784668,6.339749813079834,6.383999824523926,602252000,NVDA
2020-03-31,6.549291610717773,6.590000152587891,6.885000228881836,6.443749904632568,6.679999828338623,949960000,NVDA
2020-04-01,6.039213180541992,6.076749801635742,6.538249969482422,6.0320000648498535,6.391250133514404,656912000,NVDA
2020-04-02,6.347297668457031,6.386750221252441,6.400000095367432,6.057750225067139,6.105999946594238,675764000,NVDA
2020-04-03,6.060083389282227,6.097750186920166,6.390749931335449,5.959750175476074,6.348999977111816,663212000,NVDA
2020-04-06,6.668551445007324,6.710000038146973,6.747000217437744,6.323249816894531,6.38100004196167,727884000,NVDA
2020-04-07,6.435747623443604,6.475749969482422,6.956250190734863,6.432499885559082,6.932499885559082,784520000,NVDA
2020-04-08,6.632524967193604,6.673749923706055,6.698750019073486,6.514999866485596,6.585249900817871,542444000,NVDA
2020-04-09,6.533141136169434,6.573750019073486,6.822999954223633,6.510499954223633,6.800000190734863,525564000,NVDA
2020-04-13,6.7045769691467285,6.746250152587891,6.755000114440918,6.425000190734863,6.513750076293945,398408000,NVDA
2020-04-14,7.054898738861084,7.098750114440918,7.132999897003174,6.847249984741211,6.875,530948000,NVDA
2020-04-15,6.977630138397217,7.020999908447266,7.104249954223633,6.884500026702881,6.929999828338623,366148000,NVDA
2020-04-16,7.321990013122559,7.367499828338623,7.474999904632568,7.163750171661377,7.177000045776367,745620000,NVDA
2020-04-17,7.2628583908081055,7.308000087738037,7.471499919891357,7.173500061035156,7.449999809265137,539120000,NVDA
2020-04-20,7.131921768188477,7.176249980926514,7.337500095367432,7.131750106811523,7.181000232696533,449388000,NVDA
2020-04-21,6.696130275726318,6.737750053405762,7.1192498207092285,6.677750110626221,7.057750225067139,735160000,NVDA
2020-04-22,7.109560966491699,7.153749942779541,7.196750164031982,6.885000228881836,6.930749893188477,483356000,NVDA
2020-04-23,7.05639123916626,7.100249767303467,7.328499794006348,7.074999809265137,7.196000099182129,424160000,NVDA
2020-04-24,7.195029258728027,7.239749908447266,7.2417497634887695,7.014999866485596,7.090000152587891,352328000,NVDA
2020-04-27,7.381122589111328,7.427000045776367,7.587500095367432,7.349999904632568,7.374750137329102,479388000,NVDA
2020-04-28,7.239004611968994,7.283999919891357,7.605000019073486,7.278500080108643,7.574999809265137,442904000,NVDA
2020-04-29,7.415409564971924,7.46150016784668,7.514500141143799,7.34375,7.419250011444092,379160000,NVDA
2020-04-30,7.26186466217041,7.307000160217285,7.46150016784668,7.293000221252441,7.407249927520752,375916000,NVDA
2020-05-01,7.0258307456970215,7.069499969482422,7.222499847412109,7.020999908447266,7.108749866485596,342096000,NVDA
2020-05-04,7.2372660636901855,7.282249927520752,7.296000003814697,7.021999835968018,7.021999835968018,317556000,NVDA
2020-05-05,7.2981390953063965,7.343500137329102,7.506750106811523,7.282249927520752,7.386750221252441,368896000,NVDA
2020-05-06,7.398763656616211,7.44474983215332,7.550000190734863,7.385250091552734,7.423250198364258,323464000,NVDA
2020-05-07,7.57466983795166,7.621749877929687,7.685249805450439,7.532999992370605,7.584499835968018,373732000,NVDA
2020-05-08,7.764240264892578,7.8125,7.818749904632568,7.659749984741211,7.693749904632568,339216000,NVDA
2020-05-11,8.015676498413086,8.065500259399414,8.112500190734863,7.778749942779541,7.807499885559082,469060000,NVDA
2020-05-12,7.754302024841309,7.802499771118164,8.172499656677246,7.792749881744385,8.123499870300293,493060000,NVDA
2020-05-13,7.731942653656006,7.78000020980835,8.078499794006348,7.594749927520752,7.917500019073486,625852000,NVDA
2020-05-14,7.980893135070801,8.030500411987305,8.03600025177002,7.6875,7.841750144958496,602312000,NVDA
2020-05-15,8.438300132751465,8.490750312805176,8.500499725341797,7.874000072479248,7.889750003814697,987660000,NVDA
2020-05-18,8.696199417114258,8.750249862670898,8.916500091552734,8.680500030517578,8.760499954223633,774460000,NVDA
2020-05-19,8.751105308532715,8.805500030517578,9.087499618530272,8.762749671936035,8.790249824523926,717320000,NVDA
2020-05-20,8.914593696594238,8.970000267028809,9.04300022125244,8.888750076293945,8.991000175476074,587536000,NVDA
2020-05-21,8.72104263305664,8.775250434875488,9.052499771118164,8.737500190734863,9.05150032043457,761068000,NVDA
2020-05-22,8.970492362976074,9.026249885559082,9.093000411987305,8.713250160217285,8.825249671936035,1038764000,NVDA
2020-05-26,8.663900375366211,8.71774959564209,9.181750297546388,8.67199993133545,9.156749725341797,770780000,NVDA
2020-05-27,8.472589492797852,8.525250434875488,8.632749557495117,7.996749877929687,8.625,1175892000,NVDA
2020-05-28,8.434575080871582,8.487000465393066,8.760499954223633,8.379249572753906,8.412249565124512,734896000,NVDA
2020-05-29,8.820672988891602,8.875499725341797,8.875499725341797,8.484999656677246,8.554499626159668,745256000,NVDA
2020-06-01,8.751852035522461,8.806249618530273,8.840749740600586,8.689499855041504,8.833250045776367,389876000,NVDA
2020-06-02,8.770733833312988,8.825249671936035,8.837249755859375,8.657999992370605,8.796250343322754,391320000,NVDA
2020-06-03,8.71532917022705,8.769499778747559,8.866250038146973,8.699999809265137,8.822250366210938,365440000,NVDA
2020-06-04,8.716324806213379,8.766500473022461,8.943249702453613,8.677499771118164,8.727999687194824,424280000,NVDA
2020-06-05,8.868946075439453,8.920000076293945,8.996999740600586,8.708000183105469,8.794500350952148,481748000,NVDA
2020-06-08,8.754602432250977,8.805000305175781,8.889749526977539,8.685750007629395,8.877249717712402,387736000,NVDA
2020-06-09,8.994227409362793,9.04599952697754,9.109749794006348,8.751250267028809,8.800000190734863,468488000,NVDA
2020-06-10,9.31313705444336,9.36674976348877,9.5,9.153499603271484,9.167750358581545,632180000,NVDA
2020-06-11,8.745904922485352,8.796250343322754,9.261249542236328,8.78600025177002,9.149999618530272,583652000,NVDA
2020-06-12,8.88137435913086,8.932499885559082,9.187250137329102,8.70324993133545,9.162500381469728,570908000,NVDA
2020-06-15,9.121241569519045,9.173749923706056,9.182250022888184,8.743749618530273,8.815250396728516,400004000,NVDA
2020-06-16,9.016596794128418,9.068499565124512,9.26675033569336,8.838749885559082,9.225000381469728,535716000,NVDA
2020-06-17,9.183138847351074,9.236000061035156,9.298999786376951,9.070249557495115,9.113750457763672,408304000,NVDA
2020-06-18,9.165243148803713,9.218000411987305,9.282500267028809,9.114500045776367,9.22700023651123,254408000,NVDA
2020-06-19,9.208239555358888,9.261249542236328,9.44499969482422,9.227250099182127,9.24250030517578,524160000,NVDA
2020-06-22,9.47222137451172,9.52674961090088,9.53125,9.273249626159668,9.300000190734863,398468000,NVDA
2020-06-23,9.395910263061523,9.449999809265137,9.642499923706056,9.407500267028809,9.550999641418455,375108000,NVDA
2020-06-24,9.182640075683594,9.23550033569336,9.556500434875488,9.14449977874756,9.47624969482422,449372000,NVDA
2020-06-25,9.43568229675293,9.489999771118164,9.505000114440918,9.182250022888184,9.35575008392334,376072000,NVDA
2020-06-26,9.102601051330566,9.154999732971191,9.5,9.125,9.5,592084000,NVDA
2020-06-29,9.147340774536133,9.199999809265137,9.204500198364258,8.899999618530273,9.169750213623049,342248000,NVDA
2020-06-30,9.44338607788086,9.497750282287598,9.526249885559082,9.26650047302246,9.314000129699709,367892000,NVDA
2020-07-01,9.475454330444336,9.529999732971191,9.575750350952148,9.413000106811523,9.520750045776367,326648000,NVDA
2020-07-02,9.55723476409912,9.612250328063965,9.737500190734863,9.57824993133545,9.638999938964844,364056000,NVDA
2020-07-06,9.782934188842772,9.83924961090088,9.9087495803833,9.712499618530272,9.74174976348877,315892000,NVDA
2020-07-07,9.815247535705566,9.871749877929688,10.06999969482422,9.850749969482422,9.946249961853027,357800000,NVDA
2020-07-08,10.157527923583984,10.215999603271484,10.225000381469728,9.965499877929688,9.993749618530272,365480000,NVDA
2020-07-09,10.4488525390625,10.508999824523926,10.56999969482422,10.23349952697754,10.380249977111816,494548000,NVDA
2020-07-10,10.419272422790527,10.479249954223633,10.65524959564209,10.37874984741211,10.588749885559082,497676000,NVDA
2020-07-13,9.994715690612791,10.052249908447266,10.79224967956543,10.024999618530272,10.595000267028809,457076000,NVDA
2020-07-14,10.317606925964355,10.376999855041504,10.402750015258787,9.785499572753906,10.074999809265137,542676000,NVDA
2020-07-15,10.16871166229248,10.227250099182127,10.43299961090088,10.055749893188477,10.414250373840332,403984000,NVDA
2020-07-16,10.07674503326416,10.134750366210938,10.20674991607666,9.895500183105469,10.015000343322754,344964000,NVDA
2020-07-17,10.143108367919922,10.201499938964844,10.248499870300291,10.087750434875488,10.225500106811523,266284000,NVDA
2020-07-20,10.45059299468994,10.510749816894531,10.53125,10.156749725341797,10.274250030517578,284852000,NVDA
2020-07-21,10.269383430480955,10.328499794006348,10.5600004196167,10.286749839782717,10.512999534606934,277036000,NVDA
2020-07-22,10.379005432128906,10.438750267028809,10.602499961853027,10.291500091552734,10.36750030517578,367292000,NVDA
2020-07-23,10.071772575378418,10.12975025177002,10.54699993133545,10.03125,10.449999809265137,411660000,NVDA
2020-07-24,10.136150360107422,10.194499969482422,10.364749908447266,9.777000427246094,9.875,473292000,NVDA
2020-07-27,10.36185359954834,10.421500205993652,10.441749572753906,10.21774959564209,10.232250213623049,292132000,NVDA
2020-07-28,10.15703010559082,10.215499877929688,10.381999969482422,10.209250450134276,10.374250411987305,271636000,NVDA
2020-07-29,10.405599594116213,10.465499877929688,10.516249656677246,10.347000122070312,10.39074993133545,284508000,NVDA
2020-07-30,10.553252220153809,10.61400032043457,10.623000144958496,10.295249938964844,10.375,308880000,NVDA
2020-07-31,10.553996086120604,10.614749908447266,10.76650047302246,10.43299961090088,10.563249588012695,386080000,NVDA
2020-08-03,10.947230339050291,11.010250091552734,11.098750114440918,10.715250015258787,10.732500076293944,412720000,NVDA
2020-08-04,11.16348648071289,11.227749824523926,11.227749824523926,10.906000137329102,11.050000190734863,310336000,NVDA
2020-08-05,11.22214698791504,11.286749839782717,11.371749877929688,11.166250228881836,11.244000434875488,249924000,NVDA
2020-08-06,11.270621299743652,11.33549976348877,11.357999801635742,11.178750038146973,11.349749565124512,244316000,NVDA
2020-08-07,11.135398864746094,11.19950008392334,11.50475025177002,11.037500381469728,11.3125,342516000,NVDA
2020-08-10,11.101094245910645,11.164999961853027,11.408249855041504,10.856499671936035,11.334250450134276,427796000,NVDA
2020-08-11,10.7878999710083,10.850000381469728,11.13675022125244,10.79574966430664,11.073749542236328,354512000,NVDA
2020-08-12,11.374771118164062,11.440250396728516,11.467000007629396,10.958250045776367,10.990750312805176,464412000,NVDA
2020-08-13,11.377506256103516,11.442999839782717,11.721750259399414,11.35575008392334,11.54599952697754,374460000,NVDA
2020-08-14,11.497812271118164,11.564000129699709,11.704750061035156,11.440500259399414,11.529999732971191,366436000,NVDA
2020-08-17,12.266386032104492,12.336999893188477,12.409749984741213,11.81725025177002,11.85124969482422,621300000,NVDA
2020-08-18,12.190574645996094,12.260749816894531,12.496000289916992,12.08625030517578,12.449999809265137,503448000,NVDA
2020-08-19,12.069024085998535,12.138500213623049,12.3149995803833,12.097999572753906,12.296500205993652,622624000,NVDA
2020-08-20,12.071507453918455,12.140999794006348,12.375,11.87874984741211,11.975000381469728,921388000,NVDA
2020-08-21,12.610905647277832,12.683500289916992,12.80875015258789,12.195249557495115,12.201749801635742,999868000,NVDA
2020-08-24,12.647443771362305,12.720250129699709,12.912500381469728,12.50749969482422,12.883749961853027,490564000,NVDA
2020-08-25,12.677024841308594,12.75,12.761249542236328,12.573749542236328,12.630749702453612,289076000,NVDA
2020-08-26,12.6998929977417,12.77299976348877,12.868499755859377,12.677749633789062,12.799249649047852,321244000,NVDA
2020-08-27,12.555971145629885,12.628250122070312,12.850000381469728,12.566499710083008,12.781499862670898,317604000,NVDA
2020-08-28,13.072497367858888,13.147749900817873,13.14799976348877,12.642499923706056,12.675000190734863,537160000,NVDA
2020-08-31,13.29794979095459,13.374500274658203,13.574999809265137,13.037750244140623,13.18274974822998,500840000,NVDA
2020-09-01,13.746007919311523,13.821000099182127,13.993749618530272,13.43649959564209,13.479999542236328,511316000,NVDA
2020-09-02,14.26865291595459,14.346500396728516,14.726750373840332,13.899999618530272,14.703749656677246,874012000,NVDA
2020-09-03,12.94487762451172,13.01550006866455,13.884499549865724,12.87874984741211,13.828749656677246,945128000,NVDA
2020-09-04,12.554009437561035,12.6225004196167,13.175000190734863,11.704750061035156,12.7837495803833,1463684000,NVDA
2020-09-08,11.848360061645508,11.913000106811523,12.550000190734863,11.70425033569336,11.73449993133545,795728000,NVDA
2020-09-09,12.64600944519043,12.71500015258789,12.809249877929688,12.231749534606934,12.399999618530272,736200000,NVDA
2020-09-10,12.24494457244873,12.311750411987305,13.065250396728516,12.166999816894531,12.989250183105469,698684000,NVDA
2020-09-11,12.09849452972412,12.16450023651123,12.65250015258789,11.895750045776367,12.48550033569336,636928000,NVDA
2020-09-14,12.802403450012209,12.872249603271484,13.3149995803833,12.631250381469728,13.081000328063965,1201744000,NVDA
2020-09-15,12.920509338378906,12.991000175476074,13.298749923706056,12.827750205993652,13.279999732971191,727556000,NVDA
2020-09-16,12.44659423828125,12.51449966430664,13.09274959564209,12.513750076293944,12.957249641418455,556384000,NVDA
2020-09-17,12.395870208740234,12.463500022888184,12.589750289916992,12.034749984741213,12.13224983215332,792512000,NVDA
2020-09-18,12.123111724853516,12.189249992370604,12.63249969482422,11.988750457763672,12.59375,698460000,NVDA
2020-09-21,12.449333190917969,12.517250061035156,12.522500038146973,11.904500007629396,11.925000190734863,721044000,NVDA
2020-09-22,12.569177627563477,12.637749671936035,12.64799976348877,12.155500411987305,12.574999809265137,646452000,NVDA
2020-09-23,12.057964324951172,12.123749732971191,12.72700023651123,12.07925033569336,12.575499534606934,647012000,NVDA
2020-09-24,12.280998229980469,12.347999572753906,12.569499969482422,12.013999938964844,12.072250366210938,731240000,NVDA
2020-09-25,12.803894996643066,12.873749732971191,12.883500099182127,12.245750427246094,12.447500228881836,588016000,NVDA
2020-09-28,12.964269638061523,13.03499984741211,13.051750183105469,12.75,13.040249824523926,573808000,NVDA
2020-09-29,13.153986930847168,13.225749969482422,13.442749977111816,12.933250427246094,12.9375,621460000,NVDA
2020-09-30,13.457082748413086,13.530500411987305,13.6225004196167,13.150250434875488,13.157500267028809,689184000,NVDA
2020-10-01,13.540624618530272,13.614500045776367,13.762749671936035,13.460749626159668,13.758000373840332,525004000,NVDA
2020-10-02,12.991374015808104,13.062250137329102,13.51949977874756,13.050999641418455,13.225000381469728,552496000,NVDA
2020-10-05,13.568473815917969,13.642499923706056,13.64424991607666,13.222749710083008,13.236000061035156,479820000,NVDA
2020-10-06,13.661964416503906,13.736499786376951,14.142000198364258,13.664999961853027,13.829999923706056,784420000,NVDA
2020-10-07,13.888229370117188,13.96399974822998,14.119250297546388,13.863499641418455,13.999750137329102,418084000,NVDA
2020-10-08,13.763659477233888,13.838749885559082,14.084500312805176,13.758000373840332,14.074999809265137,378900000,NVDA
2020-10-09,13.688071250915527,13.762749671936035,13.82425022125244,13.66075038909912,13.767000198364258,346892000,NVDA
2020-10-12,14.148809432983398,14.22599983215332,14.347000122070312,13.912500381469728,13.989500045776367,434744000,NVDA
2020-10-13,14.170938491821287,14.248250007629396,14.34850025177002,14.018750190734863,14.296500205993652,344604000,NVDA
2020-10-14,14.01876735687256,14.095250129699709,14.34274959564209,13.960000038146973,14.290499687194824,276100000,NVDA
2020-10-15,13.894197463989258,13.970000267028809,14.005749702453612,13.767749786376951,13.810750007629396,267224000,NVDA
2020-10-16,13.736557006835938,13.81149959564209,14.121500015258787,13.792499542236328,14.036749839782717,242392000,NVDA
2020-10-19,13.424508094787598,13.497750282287598,13.98349952697754,13.406749725341797,13.902999877929688,298068000,NVDA
2020-10-20,13.57145881652832,13.645500183105469,13.799750328063965,13.506999969482422,13.583499908447266,229212000,NVDA
2020-10-21,13.451363563537598,13.524749755859377,13.791500091552734,13.477499961853027,13.625,219596000,NVDA
2020-10-22,13.28850269317627,13.361000061035156,13.611749649047852,13.231749534606934,13.522500038146973,290480000,NVDA
2020-10-23,13.516507148742676,13.590250015258787,13.593250274658203,13.291250228881836,13.449999809265137,233484000,NVDA
2020-10-26,13.069942474365234,13.141249656677246,13.692749977111816,13.03849983215332,13.427000045776367,336896000,NVDA
2020-10-27,13.324057579040527,13.396750450134276,13.44200038909912,13.191499710083008,13.305999755859377,250520000,NVDA
2020-10-28,12.558483123779297,12.626999855041504,13.260000228881836,12.609000205993652,13.197999954223633,376520000,NVDA
2020-10-29,12.953330039978027,13.02400016784668,13.192749977111816,12.75,12.838500022888184,320080000,NVDA
2020-10-30,12.46599006652832,12.534000396728516,12.93649959564209,12.300000190734863,12.850000381469728,416820000,NVDA
2020-11-02,12.512483596801758,12.580750465393066,12.836750030517578,12.395000457763672,12.657750129699709,299652000,NVDA
2020-11-03,12.948853492736816,13.01949977874756,13.104999542236328,12.602749824523926,12.708499908447266,272900000,NVDA
2020-11-04,13.719399452209473,13.794249534606934,13.827500343322754,13.336999893188477,13.389249801635742,410228000,NVDA
2020-11-05,14.083165168762209,14.15999984741211,14.33899974822998,13.991000175476074,14.162500381469728,319028000,NVDA
2020-11-06,14.482985496520996,14.562000274658203,14.588749885559082,13.895000457763672,14.109749794006348,383348000,NVDA
2020-11-09,13.556784629821776,13.630749702453612,14.691499710083008,13.610750198364258,14.552499771118164,582976000,NVDA
2020-11-10,12.700709342956545,12.770000457763672,13.606499671936035,12.628250122070312,13.606499671936035,644068000,NVDA
2020-11-11,13.345192909240724,13.41800022125244,13.4350004196167,12.948249816894531,13.053750038146973,404744000,NVDA
2020-11-12,13.383731842041016,13.45674991607666,13.765999794006348,13.315999984741213,13.479000091552734,365812000,NVDA
2020-11-13,13.224848747253418,13.29699993133545,13.668749809265137,13.059249877929688,13.627249717712402,346312000,NVDA
2020-11-16,13.44191551208496,13.515250205993652,13.649499893188477,13.156000137329102,13.172499656677246,413776000,NVDA
2020-11-17,13.349417686462402,13.422249794006348,13.5962495803833,13.303750038146973,13.552499771118164,312028000,NVDA
2020-11-18,13.355884552001951,13.428750038146973,13.60575008392334,13.1850004196167,13.465250015258787,510924000,NVDA
2020-11-19,13.367321968078612,13.440250396728516,13.487500190734863,13.100000381469728,13.212750434875488,565936000,NVDA
2020-11-20,13.016736030578612,13.087750434875488,13.494500160217283,13.0649995803833,13.45400047302246,341088000,NVDA
2020-11-23,13.068702697753906,13.140000343322754,13.38249969482422,13.01550006866455,13.171250343322754,361356000,NVDA
2020-11-24,12.887438774108888,12.95775032043457,13.161999702453612,12.885000228881836,13.142499923706056,346500000,NVDA
2020-11-25,13.162938117980955,13.234749794006348,13.26949977874756,13.020000457763672,13.032500267028809,259916000,NVDA
2020-11-27,13.189291000366213,13.261249542236328,13.407500267028809,13.170499801635742,13.375,167276000,NVDA
2020-11-30,13.328781127929688,13.40149974822998,13.412500381469728,12.972249984741213,13.265000343322754,286952000,NVDA
2020-12-01,13.317346572875977,13.390000343322754,13.5287504196167,13.228249549865724,13.492250442504885,296948000,NVDA
2020-12-02,13.471007347106934,13.544500350952148,13.673500061035156,13.23425006866455,13.350500106811523,283360000,NVDA
2020-12-03,13.327244758605955,13.395999908447266,13.65999984741211,13.32900047302246,13.587499618530272,199520000,NVDA
2020-12-04,13.488667488098145,13.558250427246094,13.5600004196167,13.388750076293944,13.44849967956543,202244000,NVDA
2020-12-07,13.536914825439451,13.606749534606934,13.731249809265137,13.5,13.60124969482422,223244000,NVDA
2020-12-08,13.28148365020752,13.350000381469728,13.598750114440918,13.281499862670898,13.585000038146973,271920000,NVDA
2020-12-09,12.864387512207031,12.930749893188477,13.413999557495115,12.868249893188477,13.30049991607666,401300000,NVDA
2020-12-10,12.905674934387209,12.972249984741213,13.068750381469728,12.849499702453612,12.869000434875488,207764000,NVDA
2020-12-11,12.946463584899902,13.013250350952148,13.020000457763672,12.822999954223633,12.967249870300291,209264000,NVDA
2020-12-14,13.240448951721191,13.30875015258789,13.388750076293944,13.077500343322754,13.088000297546388,270156000,NVDA
2020-12-15,13.291929244995115,13.36050033569336,13.46399974822998,13.186750411987305,13.439749717712402,193016000,NVDA
2020-12-16,13.174534797668455,13.24250030517578,13.437250137329102,13.212499618530272,13.422499656677246,223116000,NVDA
2020-12-17,13.272777557373049,13.3412504196167,13.37950038909912,13.178500175476074,13.36674976348877,231384000,NVDA
2020-12-18,13.203886032104492,13.272000312805176,13.404999732971191,13.070500373840332,13.378999710083008,342064000,NVDA
2020-12-21,13.263824462890623,13.332249641418455,13.369999885559082,12.967499732971191,13.074749946594238,302332000,NVDA
2020-12-22,13.210101127624512,13.278249740600586,13.337249755859377,13.053999900817873,13.319250106811523,185580000,NVDA
2020-12-23,12.942481994628906,13.009249687194824,13.274999618530272,13.005000114440918,13.255999565124512,179144000,NVDA
2020-12-24,12.927063941955566,12.993749618530272,13.13249969482422,12.938750267028809,13.037249565124512,97884000,NVDA
2020-12-28,12.83379364013672,12.899999618530272,13.0625,12.763250350952148,13.0625,212564000,NVDA
2020-12-29,12.876821517944336,12.943249702453612,13.072500228881836,12.842249870300291,12.925000190734863,170372000,NVDA
2020-12-30,13.078282356262209,13.145750045776367,13.213749885559082,12.896750450134276,12.990249633789062,225396000,NVDA
2020-12-31,12.987997055053713,13.05500030517578,13.151000022888184,12.914999961853027,13.136500358581545,192424000,NVDA
2021-01-04,13.046196937561035,13.113499641418455,13.65250015258789,12.962499618530272,13.104249954223633,560640000,NVDA
2021-01-05,13.335951805114746,13.404749870300291,13.443499565124512,13.086999893188477,13.099749565124512,322760000,NVDA
2021-01-06,12.549758911132812,12.614500045776367,13.244999885559082,12.586000442504885,13.22249984741211,580424000,NVDA
2021-01-07,13.275514602661133,13.343999862670898,13.377750396728516,12.886500358581545,12.967499732971191,461480000,NVDA
2021-01-08,13.208608627319336,13.27674961090088,13.42099952697754,13.041999816894531,13.362500190734863,292528000,NVDA
2021-01-11,13.551589965820312,13.621500015258787,13.961000442504885,13.362500190734863,13.418749809265137,518344000,NVDA
2021-01-12,13.41554355621338,13.484749794006348,13.75450038909912,13.345000267028809,13.7524995803833,291476000,NVDA
2021-01-13,13.462299346923828,13.531749725341797,13.625,13.385000228881836,13.489999771118164,210028000,NVDA
2021-01-14,13.132502555847168,13.200249671936035,13.599749565124512,13.180500030517578,13.574999809265137,283120000,NVDA
2021-01-15,12.793500900268556,12.85949993133545,13.325249671936035,12.84850025177002,13.227999687194824,277780000,NVDA
2021-01-19,12.958399772644045,13.025250434875488,13.093999862670898,12.843999862670898,13.016249656677246,226188000,NVDA
2021-01-20,13.29715347290039,13.365750312805176,13.430500030517578,13.056750297546388,13.111749649047852,258572000,NVDA
2021-01-21,13.796327590942385,13.86750030517578,13.999250411987305,13.253000259399414,13.418499946594238,337780000,NVDA
2021-01-22,13.642123222351074,13.712499618530272,13.841750144958496,13.627249717712402,13.739999771118164,246820000,NVDA
2021-01-25,13.58317756652832,13.653249740600586,13.828499794006348,13.236499786376951,13.781749725341797,251112000,NVDA
2021-01-26,13.366296768188477,13.435250282287598,13.644749641418455,13.387499809265137,13.580499649047852,163980000,NVDA
2021-01-27,12.851452827453612,12.917750358581545,13.232749938964844,12.793749809265137,13.229999542236328,371272000,NVDA
2021-01-28,12.984017372131348,13.050999641418455,13.339750289916992,12.96049976348877,12.99625015258789,228316000,NVDA
2021-01-29,12.92308235168457,12.989749908447266,13.334750175476074,12.911499977111816,13.074999809265137,271552000,NVDA
2021-02-01,13.16906452178955,13.237000465393066,13.270750045776367,12.902750015258787,13.053250312805176,217204000,NVDA
2021-02-02,13.487175941467283,13.556750297546388,13.571999549865724,13.285499572753906,13.39875030517578,220440000,NVDA
2021-02-03,13.461058616638184,13.530500411987305,13.931750297546388,13.51650047302246,13.63599967956543,245408000,NVDA
2021-02-04,13.594120979309082,13.664250373840332,13.673500061035156,13.337750434875488,13.531000137329102,201340000,NVDA
2021-02-05,13.521245956420898,13.590999603271484,13.737250328063965,13.54574966430664,13.725000381469728,169152000,NVDA
2021-02-08,14.364645957946776,14.438750267028809,14.473750114440918,13.727250099182127,13.727250099182127,434624000,NVDA
2021-02-09,14.190046310424805,14.263250350952148,14.583250045776367,14.22249984741211,14.340749740600586,287560000,NVDA
2021-02-10,14.688472747802734,14.764249801635742,14.904999732971191,14.341500282287598,14.463250160217283,485352000,NVDA
2021-02-11,15.172477722167969,15.250749588012695,15.272250175476074,14.925000190734863,14.980250358581545,450828000,NVDA
2021-02-12,14.884465217590332,14.96125030517578,15.291250228881836,14.774999618530272,15.050000190734863,374756000,NVDA
2021-02-16,15.251571655273438,15.330249786376951,15.3725004196167,14.949999809265137,15.064249992370604,321960000,NVDA
2021-02-17,14.829497337341309,14.906000137329102,15.22350025177002,14.779999732971191,15.17099952697754,274756000,NVDA
2021-02-18,14.75289249420166,14.82900047302246,14.873250007629396,14.574999809265137,14.729000091552734,233868000,NVDA
2021-02-19,14.849892616271973,14.92650032043457,15.177000045776367,14.846750259399414,15.024499893188477,271724000,NVDA
2021-02-22,14.282068252563477,14.35575008392334,15.13325023651123,14.324999809265137,14.774749755859377,325884000,NVDA
2021-02-23,14.069417953491213,14.142000198364258,14.238750457763672,13.38949966430664,14.075249671936035,391780000,NVDA
2021-02-24,14.424586296081545,14.49899959564209,14.506750106811523,13.755999565124512,14.122750282287598,448320000,NVDA
2021-02-25,13.239205360412598,13.307499885559082,14.374750137329102,13.2162504196167,14.045499801635742,824436000,NVDA
2021-02-26,13.644112586975098,13.714500427246094,13.854499816894531,13.361000061035156,13.7524995803833,500932000,NVDA
2021-03-01,13.770709991455078,13.841750144958496,13.925000190734863,13.553250312805176,13.875,353184000,NVDA
2021-03-02,13.337444305419922,13.40625,13.920499801635742,13.395999908447266,13.899999618530272,264116000,NVDA
2021-03-03,12.739032745361328,12.804750442504885,13.451499938964844,12.798749923706056,13.426250457763672,377592000,NVDA
2021-03-04,12.3067626953125,12.37024974822998,12.975000381469728,12.083749771118164,12.80074977874756,573344000,NVDA
2021-03-05,12.397543907165527,12.46150016784668,12.550000190734863,11.67924976348877,12.550000190734863,542840000,NVDA
2021-03-08,11.5337495803833,11.593250274658203,12.4712495803833,11.566499710083008,12.449999809265137,543112000,NVDA
2021-03-09,12.460291862487791,12.52025032043457,12.61674976348877,12.059249877929688,12.130249977111816,521824000,NVDA
2021-03-10,12.408540725708008,12.468250274658203,12.979999542236328,12.457500457763672,12.840499877929688,384376000,NVDA
2021-03-11,12.931275367736816,12.993499755859377,13.046250343322754,12.73449993133545,12.949999809265137,299916000,NVDA
2021-03-12,12.794434547424316,12.855999946594238,12.888750076293944,12.59000015258789,12.648249626159668,243964000,NVDA
2021-03-15,13.128076553344728,13.19124984741211,13.20674991607666,12.767250061035156,12.864749908447266,221988000,NVDA
2021-03-16,13.227599143981934,13.291250228881836,13.512499809265137,13.11674976348877,13.356499671936035,272128000,NVDA
2021-03-17,13.277360916137695,13.3412504196167,13.45324993133545,12.989500045776367,13.039750099182127,243864000,NVDA
2021-03-18,12.661572456359863,12.72249984741211,13.184000015258787,12.717000007629396,13.136500358581545,293896000,NVDA
2021-03-19,12.784235000610352,12.845749855041504,12.921500205993652,12.612500190734863,12.75,299208000,NVDA
2021-03-22,13.123103141784668,13.186249732971191,13.39449977874756,12.906749725341797,12.912750244140623,297804000,NVDA
2021-03-23,13.00815486907959,13.07075023651123,13.344499588012695,13.021249771118164,13.254249572753906,222048000,NVDA
2021-03-24,12.582454681396484,12.642999649047852,13.159250259399414,12.63675022125244,13.151249885559082,245840000,NVDA
2021-03-25,12.475221633911133,12.535249710083008,12.714750289916992,12.272000312805176,12.499500274658203,295144000,NVDA
2021-03-26,12.777764320373535,12.83924961090088,12.856249809265137,12.373499870300291,12.554499626159668,363968000,NVDA
2021-03-29,12.886241912841797,12.948249816894531,13.0625,12.699999809265137,12.820249557495115,273520000,NVDA
2021-03-30,12.81010913848877,12.871749877929688,12.975250244140623,12.704999923706056,12.842000007629396,200204000,NVDA
2021-03-31,13.28432846069336,13.34825038909912,13.470499992370604,12.982500076293944,13.01550006866455,314776000,NVDA
2021-04-01,13.745607376098633,13.811750411987305,13.869999885559082,13.511249542236328,13.572250366210938,308276000,NVDA
2021-04-05,13.920515060424805,13.987500190734863,14.013999938964844,13.732999801635742,13.86750030517578,255672000,NVDA
2021-04-06,13.79511833190918,13.861499786376951,14.05424976348877,13.773500442504885,13.999750137329102,191744000,NVDA
2021-04-07,14.075769424438477,14.143500328063965,14.243499755859377,13.71150016784668,13.880749702453612,251284000,NVDA
2021-04-08,14.248438835144045,14.31700038909912,14.471500396728516,14.24899959564209,14.252750396728516,244416000,NVDA
2021-04-09,14.33104133605957,14.399999618530272,14.407999992370604,14.175000190734863,14.21399974822998,195172000,NVDA
2021-04-12,15.136165618896484,15.208999633789062,15.352499961853027,14.139249801635742,14.289750099182127,869324000,NVDA
2021-04-13,15.604411125183104,15.679499626159668,15.699999809265137,15.125749588012695,15.231499671936035,676212000,NVDA
2021-04-14,15.20384120941162,15.277000427246094,15.720499992370604,15.227499961853027,15.625,385500000,NVDA
2021-04-15,16.05997085571289,16.137250900268555,16.214250564575195,15.631500244140623,15.662500381469728,598480000,NVDA
2021-04-16,15.836296081542969,15.912500381469728,16.16575050354004,15.865249633789062,16.05299949645996,335208000,NVDA
2021-04-19,15.28818130493164,15.361749649047852,15.807499885559082,15.232999801635742,15.536499977111816,404420000,NVDA
2021-04-20,15.098596572875977,15.171250343322754,15.496999740600586,14.963000297546388,15.323249816894531,334132000,NVDA
2021-04-21,15.28693962097168,15.36050033569336,15.362500190734863,15.102250099182127,15.118749618530272,216776000,NVDA
2021-04-22,14.779132843017578,14.850250244140623,15.43850040435791,14.783499717712402,15.375,277788000,NVDA
2021-04-23,15.192147254943848,15.265250205993652,15.335000038146973,14.900250434875488,14.934249877929688,227500000,NVDA
2021-04-26,15.403876304626465,15.477999687194824,15.479000091552734,15.125,15.1850004196167,197796000,NVDA
2021-04-27,15.308088302612305,15.381750106811523,15.670499801635742,15.354499816894531,15.578499794006348,164572000,NVDA
2021-04-28,15.203591346740724,15.27674961090088,15.53225040435791,15.215499877929688,15.364500045776367,209416000,NVDA
2021-04-29,15.251361846923828,15.324749946594238,15.43649959564209,15.071499824523926,15.399999618530272,173196000,NVDA
2021-04-30,14.937620162963867,15.009499549865724,15.364999771118164,14.996999740600586,15.174500465393066,201912000,NVDA
2021-05-03,14.765697479248049,14.836750030517578,15.246749877929688,14.787500381469728,15.125,203912000,NVDA
2021-05-04,14.282523155212402,14.35124969482422,14.637499809265137,14.010250091552734,14.637249946594238,405324000,NVDA
2021-05-05,14.389259338378906,14.458499908447266,14.81350040435791,14.387499809265137,14.708999633789062,292024000,NVDA
2021-05-06,14.453450202941896,14.52299976348877,14.571249961853027,14.218000411987305,14.49524974822998,193380000,NVDA
2021-05-07,14.74131679534912,14.812250137329102,14.970749855041504,14.67175006866455,14.808250427246094,229328000,NVDA
2021-05-10,14.197434425354004,14.26574993133545,14.805999755859377,14.25,14.787249565124512,268904000,NVDA
2021-05-11,14.237737655639648,14.306249618530272,14.35474967956543,13.75,13.824999809265137,285584000,NVDA
2021-05-12,13.69261074066162,13.758500099182127,14.260250091552734,13.709250450134276,14.009499549865724,303408000,NVDA
2021-05-13,13.599808692932127,13.665249824523926,14.080750465393066,13.458999633789062,14.0337495803833,285404000,NVDA
2021-05-14,14.174792289733888,14.243000030517578,14.32800006866455,13.748499870300291,13.890000343322754,258616000,NVDA
2021-05-17,14.097662925720217,14.165499687194824,14.169249534606934,13.853500366210938,14.156999588012695,216980000,NVDA
2021-05-18,13.948628425598145,14.01574993133545,14.404250144958496,14.003999710083008,14.267000198364258,186256000,NVDA
2021-05-19,13.998390197753906,14.065750122070312,14.079500198364258,13.54325008392334,13.566499710083008,344000000,NVDA
2021-05-20,14.542521476745604,14.612500190734863,14.68375015258789,14.270500183105469,14.302499771118164,321592000,NVDA
2021-05-21,14.91995620727539,14.99174976348877,15.222000122070312,14.869500160217283,15.16374969482422,672992000,NVDA
2021-05-24,15.537236213684082,15.612000465393066,15.744999885559082,15.175999641418455,15.212499618530272,554816000,NVDA
2021-05-25,15.572813987731934,15.647749900817873,15.818499565124512,15.482500076293944,15.765999794006348,435408000,NVDA
2021-05-26,15.624813079833984,15.699999809265137,15.793749809265137,15.58625030517578,15.73425006866455,370440000,NVDA
2021-05-27,15.413829803466797,15.48799991607666,15.75,15.460000038146973,15.699749946594238,581476000,NVDA
2021-05-28,16.16670799255371,16.24449920654297,16.27750015258789,15.50100040435791,15.50100040435791,644536000,NVDA
2021-06-01,16.186607360839844,16.26449966430664,16.38825035095215,15.903249740600586,16.270000457763672,472804000,NVDA
2021-06-02,16.69790267944336,16.778249740600586,16.918750762939453,16.23550033569336,16.25225067138672,594168000,NVDA
2021-06-03,16.888484954833984,16.969749450683594,17.259000778198242,16.58300018310547,16.70075035095215,580008000,NVDA
2021-06-04,17.49407196044922,17.578250885009766,17.660999298095703,17.095500946044922,17.112499237060547,617120000,NVDA
2021-06-07,17.534622192382812,17.618999481201172,17.8125,17.192750930786133,17.571250915527344,575756000,NVDA
2021-06-08,17.37340545654297,17.457000732421875,17.62150001525879,17.250999450683594,17.527250289916992,323848000,NVDA
2021-06-09,17.27907943725586,17.35824966430664,17.575000762939453,17.25575065612793,17.515750885009766,381656000,NVDA
2021-06-10,17.34552764892578,17.424999237060547,17.492000579833984,17.176000595092773,17.350000381469727,287772000,NVDA
2021-06-11,17.74394989013672,17.82525062561035,17.939250946044922,17.443750381469727,17.47949981689453,416308000,NVDA
2021-06-14,17.93657112121582,18.018749237060547,18.03949928283692,17.662750244140625,17.9060001373291,321376000,NVDA
2021-06-15,17.707366943359375,17.78849983215332,18.01625061035156,17.72800064086914,17.915000915527344,243032000,NVDA
2021-06-16,17.729019165039062,17.81024932861328,17.954750061035156,17.58449935913086,17.79075050354004,307124000,NVDA
2021-06-17,18.572160720825195,18.6572494506836,18.834999084472656,17.756250381469727,17.774499893188477,809656000,NVDA
2021-06-18,18.55374526977539,18.638750076293945,19.375,18.583999633789062,18.78400039672852,968856000,NVDA
2021-06-21,18.343204498291016,18.427249908447266,18.536500930786133,17.822750091552734,18.43524932861328,672384000,NVDA
2021-06-22,18.800613403320312,18.886749267578125,18.9637508392334,18.38599967956543,18.47150039672852,580144000,NVDA
2021-06-23,18.9703311920166,19.057249069213867,19.15275001525879,18.90774917602539,19.00774955749512,332356000,NVDA
2021-06-24,19.117902755737305,19.20549964904785,19.420000076293945,19.08824920654297,19.22775077819824,320924000,NVDA
2021-06-25,18.944204330444336,19.0310001373291,19.34550094604492,18.894500732421875,19.280500411987305,278364000,NVDA
2021-06-28,19.89385032653809,19.98500061035156,20.07875061035156,19.319000244140625,19.36124992370605,495436000,NVDA
2021-06-29,19.93541145324707,20.026750564575195,20.0987491607666,19.65699958801269,19.88249969482422,367632000,NVDA
2021-06-30,19.91127586364746,20.002500534057617,20.162500381469727,19.863750457763672,19.999250411987305,326568000,NVDA
2021-07-01,20.11982154846192,20.21199989318848,20.45599937438965,20.018999099731445,20.125,480136000,NVDA
2021-07-02,20.393558502197266,20.48699951171875,20.505250930786133,20.287750244140625,20.44025039672852,342764000,NVDA
2021-07-06,20.60409545898437,20.69849967956543,20.84199905395508,20.350250244140625,20.737499237060547,446708000,NVDA
2021-07-07,20.27884292602539,20.371749877929688,20.875,20.332000732421875,20.853500366210938,418428000,NVDA
2021-07-08,19.81197929382324,19.90275001525879,20.132999420166016,19.70075035095215,19.85650062561035,503300000,NVDA
2021-07-09,19.95880699157715,20.050249099731445,20.08024978637696,19.754249572753903,19.96249961853028,296624000,NVDA
2021-07-12,20.41894721984864,20.512500762939453,20.53274917602539,20.1877498626709,20.239999771118164,321984000,NVDA
2021-07-13,20.15764236450196,20.25,20.46125030517578,20.11400032043457,20.40049934387207,290708000,NVDA
2021-07-14,19.75100898742676,19.84149932861328,20.417749404907227,19.75275039672852,20.357749938964844,380100000,NVDA
2021-07-15,18.879749298095703,18.966249465942383,19.847000122070312,18.85849952697754,19.811750411987305,550564000,NVDA
2021-07-16,18.078170776367188,18.160999298095703,19.15699958801269,18.07299995422364,19.030500411987305,688224000,NVDA
2021-07-19,18.694107055664062,18.77975082397461,19.04199981689453,17.86549949645996,17.915250778198242,749060000,NVDA
2021-07-20,18.52711296081543,18.61199951171875,18.83799934387207,18.16399955749512,18.729999542236328,434687000,NVDA
2021-07-21,19.32147216796875,19.40999984741211,19.527000427246094,18.742000579833984,18.881999969482425,371017000,NVDA
2021-07-22,19.504638671875,19.5939998626709,19.886999130249023,19.275999069213867,19.64200019836425,323826000,NVDA
2021-07-23,19.46880340576172,19.558000564575195,19.700000762939453,19.25,19.6560001373291,195672000,NVDA
2021-07-26,19.20600318908692,19.29400062561035,19.441999435424805,18.91399955749512,19.31100082397461,203943000,NVDA
2021-07-27,19.12039375305176,19.20800018310547,19.621999740600582,18.74099922180176,19.26499938964844,248863000,NVDA
2021-07-28,19.414051055908203,19.50300025939941,19.645999908447266,18.9950008392334,19.319000244140625,202191000,NVDA
2021-07-29,19.572324752807617,19.66200065612793,19.85300064086914,19.327999114990234,19.518999099731445,190781000,NVDA
2021-07-30,19.41006660461425,19.499000549316406,19.6299991607666,19.26300048828125,19.417999267578125,183497000,NVDA
2021-08-02,19.6599235534668,19.75,19.961000442504883,19.36100006103516,19.700000762939453,217444000,NVDA
2021-08-03,19.72462654113769,19.815000534057617,20.222000122070312,19.21999931335449,19.739999771118164,301811000,NVDA
2021-08-04,20.181535720825195,20.27400016784668,20.31800079345703,19.827999114990234,19.989999771118164,231309000,NVDA
2021-08-05,20.54287338256836,20.636999130249023,20.732999801635746,20.34199905395508,20.5,211435000,NVDA
2021-08-06,20.27310943603516,20.36599922180176,20.56999969482422,20.209999084472656,20.52400016784668,178497000,NVDA
2021-08-09,20.202442169189453,20.295000076293945,20.507999420166016,20.14299964904785,20.44599914550781,146443000,NVDA
2021-08-10,19.845075607299805,19.93600082397461,20.43000030517578,19.834999084472656,20.32200050354004,179238000,NVDA
2021-08-11,19.60915184020996,19.698999404907227,20.04899978637696,19.43000030517578,20.042999267578125,185925000,NVDA
2021-08-12,19.814218521118164,19.905000686645508,20.02899932861328,19.6200008392334,19.8700008392334,151652000,NVDA
2021-08-13,20.09592628479004,20.1879997253418,20.214000701904297,19.85099983215332,19.905000686645508,183063000,NVDA
2021-08-16,19.8590087890625,19.950000762939453,20.28700065612793,19.452999114990234,20.13500022888184,210876000,NVDA
2021-08-17,19.36925506591797,19.45800018310547,19.770000457763672,19.26700019836425,19.684999465942383,204585000,NVDA
2021-08-18,18.95316505432129,19.040000915527344,19.63400077819824,19.0,19.5,285913000,NVDA
2021-08-19,19.70770835876465,19.79800033569336,20.4950008392334,18.761999130249023,19.49399948120117,766555000,NVDA
2021-08-20,20.721065521240234,20.81599998474121,20.864999771118164,19.933000564575195,19.99099922180176,675741000,NVDA
2021-08-23,21.85785484313965,21.95800018310547,21.996999740600582,20.950000762939453,20.97100067138672,575807000,NVDA
2021-08-24,21.693607330322266,21.792999267578125,21.958999633789062,21.53499984741211,21.75300025939941,297299000,NVDA
2021-08-25,22.111690521240234,22.21299934387207,22.46999931335449,21.722000122070312,21.73699951171875,347701000,NVDA
2021-08-26,21.96735191345215,22.06800079345703,22.34000015258789,21.790000915527344,22.200000762939453,237940000,NVDA
2021-08-27,22.53275680541992,22.63599967956543,22.722000122070312,22.16699981689453,22.18400001525879,304722000,NVDA
2021-08-30,22.584522247314453,22.6879997253418,23.042999267578125,22.551000595092773,22.82999992370605,262580000,NVDA
2021-08-31,22.286834716796875,22.38500022888184,22.69499969482422,22.1200008392334,22.69499969482422,259850000,NVDA
2021-09-01,22.34259414672852,22.44099998474121,22.69700050354004,22.35700035095215,22.48500061035156,201767000,NVDA
2021-09-02,22.297786712646484,22.395999908447266,22.593000411987305,22.295000076293945,22.51799964904785,187834000,NVDA
2021-09-03,22.742826461791992,22.843000411987305,22.98600006103516,22.200000762939453,22.325000762939453,280532000,NVDA
2021-09-07,22.562623977661133,22.66200065612793,22.89900016784668,22.52199935913086,22.83300018310547,198107000,NVDA
2021-09-08,22.24103546142578,22.339000701904297,22.61000061035156,21.97699928283692,22.51300048828125,254434000,NVDA
2021-09-09,22.07975006103516,22.177000045776367,22.538000106811523,22.131000518798828,22.312000274658203,196856000,NVDA
2021-09-10,22.37942695617676,22.47800064086914,22.6259994506836,22.270000457763672,22.347999572753903,248376000,NVDA
2021-09-13,22.054855346679688,22.152000427246094,22.964000701904297,21.857999801635746,22.68400001525879,297500000,NVDA
2021-09-14,22.14446449279785,22.242000579833984,22.40999984741211,22.086000442504883,22.27499961853028,199755000,NVDA
2021-09-15,22.243024826049805,22.340999603271484,22.367000579833984,21.965999603271484,22.30900001525879,166538000,NVDA
2021-09-16,22.14446449279785,22.242000579833984,22.277000427246094,21.927000045776367,22.183000564575195,156033000,NVDA
2021-09-17,21.80396270751953,21.89999961853028,22.32099914550781,21.82999992370605,22.299999237060547,294503000,NVDA
2021-09-20,21.02041244506836,21.113000869750977,21.433000564575195,20.66200065612793,21.145999908447266,349440000,NVDA
2021-09-21,21.15282821655273,21.246000289916992,21.424999237060547,20.950000762939453,21.41699981689453,204688000,NVDA
2021-09-22,21.84477996826172,21.94099998474121,21.959999084472656,21.19599914550781,21.36599922180176,268726000,NVDA
2021-09-23,22.38340950012207,22.48200035095215,22.53499984741211,21.88999938964844,22.13999938964844,248555000,NVDA
2021-09-24,21.98417091369629,22.08099937438965,22.14900016784668,21.86100006103516,22.06999969482422,217655000,NVDA
2021-09-27,21.56501579284668,21.65999984741211,21.79899978637696,21.325000762939453,21.709999084472656,245215000,NVDA
2021-09-28,20.60822868347168,20.698999404907227,21.41900062561035,20.650999069213867,21.214000701904297,343069000,NVDA
2021-09-29,20.427032470703125,20.51700019836425,21.01700019836425,20.46699905395508,20.940000534057617,218394000,NVDA
2021-09-30,20.625152587890625,20.715999603271484,21.06599998474121,20.6879997253418,20.76799964904785,221009000,NVDA
2021-10-01,20.65104103088379,20.742000579833984,20.858999252319336,20.202999114990234,20.75,240978000,NVDA
2021-10-04,19.64547348022461,19.73200035095215,20.54199981689453,19.55500030517578,20.503999710083008,345635000,NVDA
2021-10-05,20.36131858825684,20.451000213623047,20.64800071716309,19.85400009155273,19.950000762939453,279282000,NVDA
2021-10-06,20.60922241210937,20.700000762939453,20.71999931335449,20.07999992370605,20.1200008392334,297202000,NVDA
2021-10-07,20.982580184936523,21.075000762939453,21.32200050354004,20.972000122070312,21.09199905395508,256919000,NVDA
2021-10-08,20.73965072631836,20.83099937438965,21.20599937438965,20.77499961853028,21.10099983215332,151258000,NVDA
2021-10-11,20.60424423217773,20.69499969482422,21.0629997253418,20.51099967956543,20.575000762939453,163388000,NVDA
2021-10-12,20.58034896850586,20.67099952697754,21.05699920654297,20.527999877929688,20.827999114990234,162134000,NVDA
2021-10-13,20.847177505493164,20.93899917602539,20.989999771118164,20.71299934387207,20.917999267578125,180652000,NVDA
2021-10-14,21.6506404876709,21.746000289916992,21.7549991607666,21.121999740600582,21.288000106811523,243589000,NVDA
2021-10-15,21.76613044738769,21.86199951171875,21.93099975585937,21.66200065612793,21.809999465942383,226994000,NVDA
2021-10-18,22.124549865722656,22.222000122070312,22.291000366210938,21.643999099731445,21.749000549316406,189494000,NVDA
2021-10-19,22.1922550201416,22.290000915527344,22.378999710083008,22.03700065612793,22.275999069213867,161473000,NVDA
2021-10-20,22.006072998046875,22.10300064086914,22.433000564575195,21.98200035095215,22.30500030517578,146276000,NVDA
2021-10-21,22.59248924255371,22.691999435424805,22.711000442504883,22.08300018310547,22.097000122070312,187590000,NVDA
2021-10-22,22.626340866088867,22.72599983215332,23.1299991607666,22.56100082397461,22.82299995422364,249384000,NVDA
2021-10-25,23.064409255981445,23.166000366210938,23.354999542236328,22.770000457763672,22.972999572753903,230235000,NVDA
2021-10-26,24.608612060546875,24.71699905395508,25.25900077819824,23.92399978637696,23.98900032043457,485898000,NVDA
2021-10-27,24.343774795532227,24.451000213623047,25.09000015258789,24.28199958801269,24.474000930786133,245990000,NVDA
2021-10-28,24.831626892089844,24.94099998474121,24.950000762939453,24.52300071716309,24.87800025939941,234204000,NVDA
2021-10-29,25.45488166809082,25.566999435424805,25.708999633789062,25.0,25.0009994506836,292503000,NVDA
2021-11-01,25.713741302490234,25.82699966430664,25.893999099731445,25.22699928283692,25.64900016784668,265740000,NVDA
2021-11-02,26.28522300720215,26.400999069213867,26.67799949645996,25.799999237060547,25.82200050354004,294112000,NVDA
2021-11-03,26.48136138916016,26.597999572753903,26.78400039672852,26.23500061035156,26.670000076293945,239910000,NVDA
2021-11-04,29.670316696166992,29.801000595092773,31.364999771118164,27.11800003051757,27.22900009155273,1153631000,NVDA
2021-11-05,29.62152862548828,29.75200080871582,31.39999961853028,29.40999984741211,30.187000274658203,851260000,NVDA
2021-11-08,30.668916702270508,30.804000854492188,31.100000381469727,29.90699958801269,30.14900016784668,503101000,NVDA
2021-11-09,30.52255630493164,30.65699958801269,32.310001373291016,29.964000701904297,32.28200149536133,646746000,NVDA
2021-11-10,29.329811096191406,29.458999633789062,30.850000381469727,28.777999877929688,29.356000900268555,636206000,NVDA
2021-11-11,30.25672912597656,30.38999938964844,30.59000015258789,29.777000427246094,30.468000411987305,332172000,NVDA
2021-11-12,30.25672912597656,30.38999938964844,30.68000030517578,29.6299991607666,30.01000022888184,413054000,NVDA
2021-11-15,29.8933334350586,30.02499961853028,30.643999099731445,29.246999740600582,30.552000045776367,384909000,NVDA
2021-11-16,30.07054710388184,30.202999114990234,30.38999938964844,29.70599937438965,29.75900077819824,264484000,NVDA
2021-11-17,29.1326847076416,29.26099967956543,30.50900077819824,28.799999237060547,30.417999267578125,428508000,NVDA
2021-11-18,31.53609275817871,31.674999237060547,32.7599983215332,31.32099914550781,32.367000579833984,781711000,NVDA
2021-11-19,32.84034729003906,32.98500061035156,33.0880012512207,31.905000686645508,32.24300003051758,533867000,NVDA
2021-11-22,31.81586265563965,31.95599937438965,34.64699935913086,31.89999961853028,33.516998291015625,754335000,NVDA
2021-11-23,31.606782913208008,31.746000289916992,32.36000061035156,30.8799991607666,31.53499984741211,532163000,NVDA
2021-11-24,32.53071212768555,32.67399978637695,32.85499954223633,30.92799949645996,31.461000442504883,435162000,NVDA
2021-11-26,31.36484909057617,31.50300025939941,32.709999084472656,31.350000381469727,32.599998474121094,283069000,NVDA
2021-11-29,33.22963333129883,33.375999450683594,33.4119987487793,32.0359992980957,32.36600112915039,454964000,NVDA
2021-11-30,32.53269577026367,32.67599868774414,33.35300064086914,31.86400032043457,33.16899871826172,622066000,NVDA
2021-12-01,31.300981521606445,31.434999465942383,33.28900146484375,31.3799991607666,33.21900177001953,484368000,NVDA
2021-12-02,31.98903465270996,32.125999450683594,32.47800064086914,31.02499961853028,31.214000701904297,472890000,NVDA
2021-12-03,30.562143325805664,30.69300079345703,32.12900161743164,30.1299991607666,32.0,544325000,NVDA
2021-12-06,29.908945083618164,30.03700065612793,30.24099922180176,28.038000106811523,29.8799991607666,658938000,NVDA
2021-12-07,32.28874969482422,32.426998138427734,32.44900131225586,30.650999069213867,30.957000732421875,593053000,NVDA
2021-12-08,31.69031524658203,31.826000213623047,32.290000915527344,31.42099952697754,31.999000549316406,475551000,NVDA
2021-12-09,30.36000633239746,30.489999771118164,32.20500183105469,30.42799949645996,31.733999252319336,488507000,NVDA
2021-12-10,30.06925201416016,30.19799995422364,31.30500030517578,29.86100006103516,31.14999961853028,488825000,NVDA
2021-12-13,28.04093360900879,28.160999298095703,30.29400062561035,28.11599922180176,30.249000549316406,598344000,NVDA
2021-12-14,28.216188430786133,28.33699989318848,28.67799949645996,27.25,27.698999404907227,667035000,NVDA
2021-12-15,30.329139709472656,30.458999633789062,30.5,27.83799934387207,28.39999961853028,698297000,NVDA
2021-12-16,28.26597595214844,28.386999130249023,31.15999984741211,28.093000411987305,31.152000427246094,707366000,NVDA
2021-12-17,27.68247413635254,27.801000595092773,28.92200088500977,27.76000022888184,27.98500061035156,713758000,NVDA
2021-12-20,27.60082054138184,27.7189998626709,28.143999099731445,27.145000457763672,27.30500030517578,461847000,NVDA
2021-12-21,28.9510440826416,29.075000762939453,29.1200008392334,27.400999069213867,28.374000549316406,524385000,NVDA
2021-12-22,29.274658203125,29.39999961853028,29.55500030517578,28.448999404907227,28.891000747680664,395184000,NVDA
2021-12-23,29.513633728027344,29.63999938964844,30.05900001525879,29.43099975585937,29.7549991607666,343022000,NVDA
2021-12-27,30.81307029724121,30.94499969482422,31.08699989318848,29.63999938964844,29.65999984741211,403686000,NVDA
2021-12-28,30.19272232055664,30.32200050354004,31.32999992370605,30.011999130249023,31.312000274658203,420591000,NVDA
2021-12-29,29.87309455871582,30.0009994506836,30.54800033569336,29.36599922180176,30.27300071716309,343139000,NVDA
2021-12-30,29.459863662719727,29.586000442504883,30.457000732421875,29.540000915527344,29.82699966430664,308864000,NVDA
2021-12-31,29.285608291625977,29.410999298095703,30.030000686645508,29.33099937438965,29.67399978637696,266530000,NVDA
2022-01-03,29.992584228515625,30.121000289916992,30.711000442504883,29.78499984741211,29.815000534057617,391547000,NVDA
2022-01-04,29.165128707885746,29.290000915527344,30.468000411987305,28.349000930786133,30.277000427246094,527154000,NVDA
2022-01-05,27.486310958862305,27.60400009155273,29.416000366210938,27.53300094604492,28.948999404907227,498064000,NVDA
2022-01-06,28.057865142822266,28.17799949645996,28.4379997253418,27.065000534057617,27.63999938964844,454186000,NVDA
2022-01-07,27.130834579467773,27.246999740600582,28.42200088500977,27.05699920654297,28.141000747680664,409939000,NVDA
2022-01-10,27.283180236816406,27.39999961853028,27.4689998626709,25.643999099731445,26.58099937438965,594681000,NVDA
2022-01-11,27.698406219482425,27.816999435424805,28.065000534057617,26.839000701904297,27.32299995422364,404089000,NVDA
2022-01-12,27.87962913513184,27.999000549316406,28.59499931335449,27.607999801635746,28.066999435424805,383413000,NVDA
2022-01-13,26.46169662475586,26.575000762939453,28.479999542236328,26.49799919128418,28.378999710083008,540171000,NVDA
2022-01-14,26.827136993408203,26.941999435424805,27.19700050354004,26.209999084472656,26.299999237060547,395832000,NVDA
2022-01-18,25.79256820678711,25.902999877929688,26.63800048828125,25.770000457763672,26.26000022888184,424270000,NVDA
2022-01-19,24.96013069152832,25.066999435424805,26.542999267578125,25.052000045776367,26.07900047302246,488315000,NVDA
2022-01-20,24.04703712463379,24.14999961853028,25.57900047302246,24.077999114990234,25.304000854492188,435181000,NVDA
2022-01-21,23.274349212646484,23.374000549316406,24.82299995422364,23.26300048828125,23.506999969482425,718958000,NVDA
2022-01-24,23.272356033325195,23.371999740600582,23.3799991607666,20.88800048828125,22.32999992370605,913982000,NVDA
2022-01-25,22.22882843017578,22.323999404907227,22.94300079345703,22.0,22.54599952697754,664616000,NVDA
2022-01-26,22.67491340637207,22.77199935913086,24.05699920654297,22.299999237060547,23.239999771118164,755959000,NVDA
2022-01-27,21.850446701049805,21.944000244140625,23.9950008392334,21.674999237060547,23.56800079345703,573353000,NVDA
2022-01-28,22.74262237548828,22.84000015258789,22.857999801635746,21.29599952697754,22.011999130249023,543774000,NVDA
2022-01-31,24.3816032409668,24.48600006103516,24.50900077819824,23.052000045776367,23.18199920654297,564680000,NVDA
2022-02-01,24.532962799072266,24.63800048828125,25.145000457763672,23.88999938964844,25.10400009155273,518925000,NVDA
2022-02-02,25.13438606262207,25.242000579833984,25.816999435424805,24.55299949645996,25.79400062561035,543419000,NVDA
2022-02-03,23.84589958190918,23.94799995422364,25.07699966430664,23.780000686645508,24.45800018310547,410178000,NVDA
2022-02-04,24.21531867980957,24.319000244140625,24.63500022888184,23.631999969482425,23.972000122070312,354829000,NVDA
2022-02-07,24.62257575988769,24.72800064086914,25.18199920654297,24.20199966430664,24.371999740600582,376868000,NVDA
2022-02-08,25.000957489013672,25.107999801635746,25.229999542236328,23.979999542236328,24.358999252319336,410359000,NVDA
2022-02-09,26.591148376464844,26.70499992370605,26.725000381469727,25.35300064086914,25.621999740600582,524282000,NVDA
2022-02-10,25.713903427124023,25.823999404907227,26.924999237060547,25.600000381469727,25.9950008392334,513200000,NVDA
2022-02-11,23.846893310546875,23.948999404907227,26.152000427246094,23.77300071716309,25.916000366210938,605472000,NVDA
2022-02-14,24.163543701171875,24.26700019836425,24.875,23.7549991607666,23.93400001525879,440424000,NVDA
2022-02-15,26.382041931152344,26.4950008392334,26.545000076293945,24.78400039672852,24.948999404907227,699869000,NVDA
2022-02-16,26.3979721069336,26.51099967956543,26.582000732421875,25.552000045776367,26.25900077819824,732676000,NVDA
2022-02-17,24.40252113342285,24.506999969482425,25.78499984741211,24.165000915527344,25.6299991607666,810595000,NVDA
2022-02-18,23.54120445251465,23.64200019836425,24.98600006103516,23.100000381469727,24.667999267578125,761255000,NVDA
2022-02-22,23.2902774810791,23.38999938964844,24.06399917602539,23.0,23.03499984741211,633422000,NVDA
2022-02-23,22.291553497314453,22.386999130249023,24.155000686645508,22.301000595092773,23.802000045776367,566511000,NVDA
2022-02-24,23.646753311157227,23.74799919128418,23.799999237060547,20.88999938964844,21.01499938964844,735801000,NVDA
2022-02-25,24.05401039123535,24.15699958801269,24.21699905395508,23.381000518798828,23.72100067138672,528866000,NVDA
2022-02-28,24.28103446960449,24.38500022888184,24.665000915527344,23.707000732421875,23.992000579833984,477319000,NVDA
2022-03-01,23.37690544128418,23.47699928283692,24.37700080871582,23.131999969482425,24.291000366210938,412056000,NVDA
2022-03-02,24.120847702026367,24.21999931335449,24.40900039672852,23.415000915527344,23.756000518798828,389642000,NVDA
2022-03-03,23.616926193237305,23.714000701904297,24.326000213623047,23.4689998626709,24.261999130249023,365095000,NVDA
2022-03-04,22.84210968017578,22.93600082397461,23.68000030517578,22.48200035095215,23.38400077819824,431415000,NVDA
2022-03-07,21.264591217041016,21.35199928283692,23.03300094604492,21.32999992370605,22.816999435424805,450821000,NVDA
2022-03-08,21.425928115844727,21.513999938964844,22.37299919128418,20.64999961853028,21.30900001525879,557467000,NVDA
2022-03-09,22.919790267944336,23.013999938964844,23.21999931335449,22.246999740600582,22.386999130249023,492742000,NVDA
2022-03-10,22.56524658203125,22.65800094604492,22.788000106811523,21.881999969482425,22.5310001373291,428066000,NVDA
2022-03-11,22.009531021118164,22.100000381469727,23.145000457763672,22.04599952697754,23.02199935913086,367209000,NVDA
2022-03-14,21.242679595947266,21.32999992370605,22.261999130249023,21.15900039672852,21.86899948120117,385354000,NVDA
2022-03-15,22.878952026367188,22.972999572753903,23.038000106811523,21.32200050354004,21.51799964904785,491996000,NVDA
2022-03-16,24.39571762084961,24.496000289916992,24.597000122070312,23.17200088500977,23.5,671422000,NVDA
2022-03-17,24.66461563110352,24.766000747680664,24.84199905395508,23.9060001373291,24.1200008392334,471941000,NVDA
2022-03-18,26.344707489013672,26.452999114990234,26.569000244140625,24.624000549316406,24.79899978637696,730719000,NVDA
2022-03-21,26.62455940246582,26.733999252319336,27.152000427246094,25.96699905395508,26.506999969482425,591727000,NVDA
2022-03-22,26.415416717529297,26.52400016784668,27.238000869750977,26.07200050354004,26.72699928283692,547007000,NVDA
2022-03-23,25.52906036376953,25.63400077819824,26.61199951171875,25.575000762939453,26.1259994506836,502120000,NVDA
2022-03-24,28.03476524353028,28.14999961853028,28.31999969482422,25.90699958801269,26.166000366210938,877379000,NVDA
2022-03-25,27.578638076782227,27.691999435424805,28.357999801635746,27.270999908447266,27.88599967956543,579016000,NVDA
2022-03-28,28.103479385375977,28.2189998626709,28.25,27.20599937438965,27.756000518798828,425494000,NVDA
2022-03-29,28.538692474365234,28.6560001373291,28.94599914550781,27.979999542236328,28.69499969482422,488984000,NVDA
2022-03-30,27.576642990112305,27.690000534057617,28.496000289916992,27.50300025939941,28.304000854492188,463487000,NVDA
2022-03-31,27.174297332763672,27.285999298095703,28.24799919128418,27.270000457763672,27.78199958801269,523440000,NVDA
2022-04-01,26.60264587402344,26.71199989318848,27.496000289916992,26.26700019836425,27.375,517235000,NVDA
2022-04-04,27.24799537658692,27.36000061035156,27.558000564575195,26.613000869750977,26.72800064086914,397120000,NVDA
2022-04-05,25.82484245300293,25.93099975585937,27.319000244140625,25.81999969482422,27.253999710083008,436615000,NVDA
2022-04-06,24.30708694458008,24.40699958801269,25.299999237060547,24.00300025939941,24.93400001525879,703833000,NVDA
2022-04-07,24.108896255493164,24.20800018310547,24.722000122070312,23.47800064086914,24.44099998474121,557992000,NVDA
2022-04-08,23.024354934692383,23.11899948120117,23.92300033569336,23.062000274658203,23.91699981689453,524781000,NVDA
2022-04-11,21.82727813720703,21.91699981689453,22.31999969482422,21.65999984741211,22.214000701904297,575207000,NVDA
2022-04-12,21.41596794128418,21.503999710083008,22.725000381469727,21.28199958801269,22.53700065612793,662258000,NVDA
2022-04-13,22.112106323242188,22.202999114990234,22.5,21.45499992370605,21.72800064086914,516943000,NVDA
2022-04-14,21.170974731445312,21.257999420166016,22.777000427246094,21.163000106811523,22.5049991607666,569097000,NVDA
2022-04-18,21.69382667541504,21.78300094604492,22.08799934387207,21.07900047302246,21.200000762939453,525701000,NVDA
2022-04-19,22.10713005065918,22.19799995422364,22.37299919128418,21.31399917602539,21.71999931335449,512781000,NVDA
2022-04-20,21.3940544128418,21.48200035095215,22.670000076293945,21.200000762939453,22.51700019836425,468974000,NVDA
2022-04-21,20.10037612915039,20.183000564575195,22.39200019836425,20.0,21.708999633789062,656209000,NVDA
2022-04-22,19.43511199951172,19.51499938964844,20.48600006103516,19.5,20.30299949645996,624713000,NVDA
2022-04-25,19.82052993774414,19.902000427246094,19.94499969482422,19.09600067138672,19.20199966430664,641566000,NVDA
2022-04-26,18.711088180541992,18.788000106811523,19.788000106811523,18.670000076293945,19.718000411987305,653143000,NVDA
2022-04-27,18.339614868164062,18.415000915527344,19.16699981689453,18.290000915527344,18.597999572753903,499460000,NVDA
2022-04-28,19.701017379760746,19.78199958801269,20.03700065612793,18.489999771118164,18.96699905395508,570327000,NVDA
2022-04-29,18.47107696533203,18.54700088500977,20.12800025939941,18.51700019836425,19.402000427246094,500435000,NVDA
2022-05-02,19.45304107666016,19.53300094604492,19.573999404907227,18.391000747680664,18.541000366210938,572049000,NVDA
2022-05-03,19.521759033203125,19.60199928283692,19.825000762939453,19.132999420166016,19.39999961853028,475751000,NVDA
2022-05-04,20.25076103210449,20.333999633789062,20.39999961853028,18.7509994506836,19.92300033569336,648855000,NVDA
2022-05-05,18.76685905456543,18.8439998626709,19.924999237060547,18.5,19.867000579833984,626331000,NVDA
2022-05-06,18.598546981811523,18.674999237060547,19.511999130249023,17.989999771118164,18.73600006103516,633297000,NVDA
2022-05-09,16.880613327026367,16.950000762939453,18.2549991607666,16.82699966430664,18.03400039672852,644455000,NVDA
2022-05-10,17.522972106933594,17.594999313354492,18.19799995422364,17.024999618530273,17.68899917602539,761474000,NVDA
2022-05-11,16.561922073364258,16.6299991607666,17.753000259399414,16.56800079345703,17.347000122070312,670167000,NVDA
2022-05-12,16.10878562927246,16.174999237060547,16.788000106811523,15.56700038909912,16.2189998626709,708728000,NVDA
2022-05-13,17.633516311645508,17.70599937438965,17.92799949645996,16.593000411987305,16.788000106811523,670437000,NVDA
2022-05-16,17.193323135375977,17.263999938964844,17.788000106811523,17.106000900268555,17.509000778198242,521446000,NVDA
2022-05-17,18.102588653564453,18.177000045776367,18.371000289916992,17.634000778198242,18.073999404907227,585830000,NVDA
2022-05-18,16.868656158447266,16.937999725341797,18.11800003051757,16.86400032043457,17.704999923706055,545161000,NVDA
2022-05-19,17.053895950317383,17.124000549316406,17.687000274658203,16.733999252319336,16.937000274658203,621310000,NVDA
2022-05-20,16.62566375732422,16.694000244140625,17.40999984741211,15.755000114440918,17.332000732421875,739105000,NVDA
2022-05-23,16.828824996948242,16.898000717163086,16.915000915527344,16.179000854492188,16.27400016784668,639889000,NVDA
2022-05-24,16.087867736816406,16.15399932861328,16.597000122070312,15.779999732971191,16.510000228881836,588550000,NVDA
2022-05-25,16.905508041381836,16.975000381469727,17.111000061035156,16.0,16.020000457763672,781132000,NVDA
2022-05-26,17.77791976928711,17.85099983215332,18.09199905395508,16.02199935913086,16.035999298095703,996575000,NVDA
2022-05-27,18.733991622924805,18.81100082397461,18.881000518798828,18.100000381469727,18.18600082397461,738379000,NVDA
2022-05-31,18.59556007385254,18.67200088500977,19.200000762939453,18.350000381469727,18.979999542236328,664100000,NVDA
2022-06-01,18.24500274658203,18.31999969482422,19.05299949645996,18.121999740600582,18.724000930786133,544514000,NVDA
2022-06-02,19.51179313659668,19.59199905395508,19.61899948120117,18.19799995422364,18.29199981689453,648656000,NVDA
2022-06-03,18.643369674682617,18.71999931335449,19.332000732421875,18.52199935913086,19.082000732421875,598779000,NVDA
2022-06-06,18.70909309387207,18.785999298095703,19.33699989318848,18.56399917602539,19.138999938964844,422406000,NVDA
2022-06-07,18.84852600097656,18.926000595092773,19.0,18.1879997253418,18.472000122070312,388914000,NVDA
2022-06-08,18.57558822631836,18.64800071716309,19.18000030517578,18.53499984741211,18.79899978637696,363252000,NVDA
2022-06-09,17.97791862487793,18.04800033569336,18.933000564575195,18.041000366210938,18.481000900268555,395574000,NVDA
2022-06-10,16.90808868408203,16.974000930786133,17.69700050354004,16.868999481201172,17.600000381469727,465248000,NVDA
2022-06-13,15.586237907409668,15.647000312805176,16.312000274658203,15.605999946594238,16.0,604153000,NVDA
2022-06-14,15.77450466156006,15.836000442504885,16.06599998474121,15.411999702453612,15.730999946594238,469680000,NVDA
2022-06-15,16.46282196044922,16.527000427246094,16.868000030517578,15.925999641418455,16.094999313354492,563936000,NVDA
2022-06-16,15.540420532226562,15.60099983215332,15.94200038909912,15.401000022888184,15.859999656677246,545749000,NVDA
2022-06-17,15.81833553314209,15.880000114440918,15.994999885559082,15.32800006866455,15.64799976348877,630334000,NVDA
2022-06-21,16.50166893005371,16.56599998474121,17.007999420166016,16.406999588012695,16.475000381469727,483089000,NVDA
2022-06-22,16.296470642089844,16.360000610351562,16.66200065612793,16.18000030517578,16.22599983215332,437135000,NVDA
2022-06-23,16.161996841430664,16.225000381469727,16.584999084472656,15.852999687194824,16.518999099731445,463680000,NVDA
2022-06-24,17.059492111206055,17.125999450683594,17.139999389648438,16.309999465942383,16.5,472153000,NVDA
2022-06-27,16.803495407104492,16.868999481201172,17.329999923706055,16.625999450683594,17.312000274658203,427968000,NVDA
2022-06-28,15.91993808746338,15.982000350952148,17.20199966430664,15.94499969482422,16.899999618530273,461149000,NVDA
2022-06-29,15.481646537780762,15.541999816894531,15.81999969482422,15.170000076293944,15.814000129699709,482352000,NVDA
2022-06-30,15.10013484954834,15.159000396728516,15.56700038909912,14.862000465393066,15.361000061035156,686070000,NVDA
2022-07-01,14.466604232788086,14.52299976348877,15.062999725341797,14.392000198364258,14.89900016784668,577610000,NVDA
2022-07-05,14.905892372131348,14.96399974822998,14.970999717712402,14.05500030517578,14.175000190734863,651397000,NVDA
2022-07-06,15.071246147155762,15.130000114440918,15.319000244140623,14.788999557495115,15.010000228881836,529066000,NVDA
2022-07-07,15.796420097351074,15.857999801635742,15.94499969482422,15.388999938964844,15.456000328063965,492903000,NVDA
2022-07-08,15.776498794555664,15.838000297546388,16.03700065612793,15.388999938964844,15.43000030517578,467972000,NVDA
2022-07-11,15.093162536621094,15.152000427246094,15.527000427246094,15.038000106811523,15.526000022888184,437321000,NVDA
2022-07-12,15.023433685302734,15.08199977874756,15.430999755859377,14.876999855041504,15.267999649047852,458483000,NVDA
2022-07-13,15.10511302947998,15.163999557495115,15.375,14.46500015258789,14.59000015258789,521918000,NVDA
2022-07-14,15.312307357788086,15.371999740600586,15.472999572753906,14.727999687194824,15.107999801635742,456235000,NVDA
2022-07-15,15.700793266296388,15.76200008392334,15.781999588012695,15.44499969482422,15.659000396728516,385935000,NVDA
2022-07-18,16.038476943969727,16.10099983215332,16.89699935913086,16.00200080871582,16.302000045776367,670517000,NVDA
2022-07-19,16.9260196685791,16.992000579833984,17.110000610351562,16.172000885009766,16.486000061035156,702366000,NVDA
2022-07-20,17.737855911254883,17.80699920654297,17.933000564575195,16.801000595092773,16.94700050354004,760538000,NVDA
2022-07-21,17.97990608215332,18.049999237060547,18.143999099731445,17.545000076293945,17.885000228881836,557049000,NVDA
2022-07-22,17.25174903869629,17.319000244140625,17.966999053955078,17.136999130249023,17.89299964904785,536671000,NVDA
2022-07-25,16.957889556884766,17.02400016784668,17.124000549316406,16.64900016784668,17.018999099731445,480748000,NVDA
2022-07-26,16.468801498413086,16.533000946044922,16.91900062561035,16.47800064086914,16.888999938964844,397865000,NVDA
2022-07-27,17.720916748046875,17.790000915527344,17.93600082397461,16.913000106811523,17.031999588012695,569776000,NVDA
2022-07-28,17.914161682128906,17.983999252319336,18.13999938964844,17.440000534057617,17.975000381469727,474646000,NVDA
2022-07-29,18.092470169067383,18.163000106811523,18.24399948120117,17.691999435424805,17.812999725341797,435460000,NVDA
2022-08-01,18.369394302368164,18.44099998474121,18.84600067138672,17.989999771118164,18.18199920654297,476469000,NVDA
2022-08-02,18.454057693481445,18.525999069213867,18.9379997253418,18.09199905395508,18.121999740600582,489527000,NVDA
2022-08-03,18.819629669189453,18.89299964904785,18.968000411987305,18.136999130249023,18.18400001525879,418146000,NVDA
2022-08-04,19.1403865814209,19.21500015258789,19.27400016784668,18.76000022888184,18.849000930786133,409652000,NVDA
2022-08-05,18.915266036987305,18.98900032043457,19.22900009155273,18.666000366210938,18.809999465942383,386068000,NVDA
2022-08-08,17.72390365600586,17.792999267578125,18.23900032043457,17.242000579833984,17.50200080871582,981859000,NVDA
2022-08-09,17.0196533203125,17.086000442504883,17.44700050354004,16.724000930786133,17.25200080871582,668263000,NVDA
2022-08-10,18.026723861694336,18.097000122070312,18.11800003051757,17.316999435424805,17.697999954223633,597422000,NVDA
2022-08-11,17.872329711914062,17.941999435424805,18.707000732421875,17.875999450683594,18.131000518798828,509327000,NVDA
2022-08-12,18.636348724365234,18.708999633789062,18.718000411987305,17.952999114990234,18.15999984741211,478094000,NVDA
2022-08-15,18.958091735839844,19.03199958801269,19.16399955749512,18.613000869750977,18.701000213623047,457666000,NVDA
2022-08-16,18.80569267272949,18.878999710083008,19.14200019836425,18.5009994506836,18.920000076293945,451240000,NVDA
2022-08-17,18.26380157470703,18.334999084472656,18.6879997253418,18.145000457763672,18.52300071716309,446799000,NVDA
2022-08-18,18.700103759765625,18.77300071716309,18.864999771118164,18.183000564575195,18.301000595092773,415447000,NVDA
2022-08-19,17.77968978881836,17.849000930786133,18.520000457763672,17.770000457763672,18.4060001373291,441588000,NVDA
2022-08-22,16.967853546142578,17.034000396728516,17.558000564575195,16.965999603271484,17.489999771118164,409593000,NVDA
2022-08-23,17.114280700683594,17.180999755859375,17.46500015258789,16.969999313354492,16.98900032043457,369986000,NVDA
2022-08-24,17.15512466430664,17.222000122070312,17.4060001373291,16.895000457763672,17.011999130249023,522661000,NVDA
2022-08-25,17.84343910217285,17.913000106811523,17.94700050354004,16.83300018310547,16.8439998626709,770691000,NVDA
2022-08-26,16.196861267089844,16.260000228881836,17.923999786376953,16.23699951171875,17.85700035095215,769127000,NVDA
2022-08-29,15.739641189575195,15.800999641418455,16.33799934387207,15.767000198364258,16.020000457763672,496132000,NVDA
2022-08-30,15.40793514251709,15.468000411987305,16.038999557495117,15.182000160217283,15.960000038146973,530181000,NVDA
2022-08-31,15.03538703918457,15.093999862670898,15.539999961853027,14.958999633789062,15.383999824523926,573710000,NVDA
2022-09-01,13.882880210876465,13.937000274658203,14.380000114440918,13.270000457763672,14.208999633789062,1178865000,NVDA
2022-09-02,13.594006538391112,13.647000312805176,14.17099952697754,13.590999603271484,14.100000381469728,743157000,NVDA
2022-09-06,13.412714004516602,13.46500015258789,13.779000282287598,13.35099983215332,13.730999946594238,535751000,NVDA
2022-09-07,13.664803504943848,13.71399974822998,13.838000297546388,13.345999717712402,13.562999725341797,512657000,NVDA
2022-09-08,13.939815521240234,13.989999771118164,14.008000373840332,13.369000434875488,13.458999633789062,624873000,NVDA
2022-09-09,14.335390090942385,14.38700008392334,14.473999977111816,14.12600040435791,14.156999588012695,486612000,NVDA
2022-09-12,14.452969551086426,14.505000114440918,14.54699993133545,14.197999954223633,14.369000434875488,484159000,NVDA
2022-09-13,13.083898544311523,13.130999565124512,13.92199993133545,13.098999977111816,13.802000045776367,714956000,NVDA
2022-09-14,13.080907821655272,13.128000259399414,13.289999961853027,12.913000106811523,13.253999710083008,588507000,NVDA
2022-09-15,12.882619857788086,12.928999900817873,13.232999801635742,12.789999961853027,13.015000343322754,523625000,NVDA
2022-09-16,13.150656700134276,13.197999954223633,13.211999893188477,12.616999626159668,12.741999626159668,670751000,NVDA
2022-09-19,13.333996772766112,13.381999969482422,13.463000297546388,13.010000228881836,13.01200008392334,569685000,NVDA
2022-09-20,13.12873649597168,13.175999641418455,13.482999801635742,13.057000160217283,13.21500015258789,524818000,NVDA
2022-09-21,13.213428497314451,13.26099967956543,14.031000137329102,13.109999656677246,13.213000297546388,807679000,NVDA
2022-09-22,12.515942573547363,12.560999870300291,13.14900016784668,12.428000450134276,13.06999969482422,759162000,NVDA
2022-09-23,12.47110080718994,12.515999794006348,12.611000061035156,12.256999969482422,12.420000076293944,663309000,NVDA
2022-09-26,12.184134483337402,12.227999687194824,12.659000396728516,12.21399974822998,12.491000175476074,547343000,NVDA
2022-09-27,12.3684720993042,12.413000106811523,12.736000061035156,12.258000373840332,12.506999969482422,553854000,NVDA
2022-09-28,12.690314292907717,12.736000061035156,12.822999954223633,12.354000091552734,12.40999984741211,542414000,NVDA
2022-09-29,12.17616844177246,12.220000267028809,12.5,11.946000099182127,12.447999954223633,532763000,NVDA
2022-09-30,12.095454216003418,12.138999938964844,12.633000373840332,12.074999809265137,12.086999893188477,565638000,NVDA
2022-10-03,12.467117309570312,12.51200008392334,12.678000450134276,12.104999542236328,12.347000122070312,547478000,NVDA
2022-10-04,13.119766235351562,13.166999816894531,13.220000267028809,12.878999710083008,12.878999710083008,584182000,NVDA
2022-10-05,13.161615371704102,13.208999633789062,13.321000099182127,12.621000289916992,12.91100025177002,507131000,NVDA
2022-10-06,13.082902908325195,13.130000114440918,13.656000137329102,13.102999687194824,13.220000267028809,644157000,NVDA
2022-10-07,12.032681465148926,12.076000213623049,12.670000076293944,12.022000312805176,12.505000114440918,672478000,NVDA
2022-10-10,11.628137588500977,11.670000076293944,12.12399959564209,11.407999992370604,12.036999702453612,698699000,NVDA
2022-10-11,11.544439315795898,11.586000442504885,11.845999717712402,11.282999992370604,11.560999870300291,667482000,NVDA
2022-10-12,11.458745002746582,11.5,11.734999656677246,11.345000267028809,11.57900047302246,492590000,NVDA
2022-10-13,11.91709804534912,11.960000038146973,12.07800006866455,10.812999725341797,10.970999717712402,850103000,NVDA
2022-10-14,11.186726570129396,11.22700023651123,12.111000061035156,11.20400047302246,12.057000160217283,713432000,NVDA
2022-10-17,11.845355033874512,11.887999534606934,11.947999954223633,11.517000198364258,11.517999649047852,580774000,NVDA
2022-10-18,11.924072265625,11.967000007629396,12.491999626159668,11.618000030517578,12.343999862670898,659362000,NVDA
2022-10-19,12.007769584655762,12.050999641418455,12.350000381469728,11.833999633789062,11.878999710083008,523131000,NVDA
2022-10-20,12.150257110595703,12.194000244140623,12.769000053405762,12.104999542236328,12.11299991607666,652398000,NVDA
2022-10-21,12.421282768249512,12.465999603271484,12.498000144958496,11.88700008392334,12.097999572753906,609494000,NVDA
2022-10-24,12.553803443908691,12.598999977111816,12.710000038146973,12.064000129699709,12.508000373840332,517457000,NVDA
2022-10-25,13.213428497314451,13.26099967956543,13.300000190734863,12.663999557495115,12.694000244140623,505482000,NVDA
2022-10-26,12.849742889404297,12.895999908447266,13.387999534606934,12.708000183105469,12.869000434875488,532953000,NVDA
2022-10-27,13.12873649597168,13.175999641418455,13.838000297546388,13.121999740600586,13.630000114440918,583113000,NVDA
2022-10-28,13.784374237060549,13.833999633789062,13.850000381469728,13.060999870300291,13.104000091552734,521040000,NVDA
2022-10-31,13.448582649230955,13.496999740600586,13.838000297546388,13.29699993133545,13.777999877929688,486341000,NVDA
2022-11-01,13.49441909790039,13.54300022125244,13.925000190734863,13.519000053405762,13.810999870300291,432817000,NVDA
2022-11-02,13.17158031463623,13.218999862670898,14.210000038146973,13.211000442504885,13.850000381469728,672628000,NVDA
2022-11-03,13.372857093811035,13.42099952697754,13.781000137329102,12.956000328063965,13.04300022125244,500065000,NVDA
2022-11-04,14.105220794677734,14.156000137329102,14.229000091552734,13.696999549865724,13.986000061035156,612576000,NVDA
2022-11-07,14.2496976852417,14.300999641418455,14.411999702453612,13.95400047302246,14.227999687194824,410061000,NVDA
2022-11-08,14.549620628356934,14.60200023651123,14.890999794006348,14.215999603271484,14.800999641418455,595292000,NVDA
2022-11-09,13.72658348083496,13.776000022888184,14.211000442504885,13.758999824523926,14.161999702453612,454414000,NVDA
2022-11-10,15.693500518798828,15.75,15.77299976348877,14.54699993133545,14.800000190734863,700819000,NVDA
2022-11-11,16.268434524536133,16.32699966430664,16.388999938964844,15.482000350952148,15.807000160217283,655487000,NVDA
2022-11-14,16.236547470092773,16.295000076293945,16.540000915527344,15.92199993133545,16.218000411987305,527852000,NVDA
2022-11-15,16.606220245361328,16.666000366210938,16.99799919128418,16.381999969482422,16.722000122070312,545876000,NVDA
2022-11-16,15.852928161621094,15.90999984741211,16.36199951171875,15.873000144958496,16.16200065612793,649547000,NVDA
2022-11-17,15.620762825012209,15.677000045776367,16.266000747680664,15.53499984741211,15.71500015258789,710894000,NVDA
2022-11-18,15.35372543334961,15.409000396728516,16.00200080871582,15.119999885559082,15.965999603271484,492072000,NVDA
2022-11-21,15.262054443359377,15.31700038909912,15.47700023651123,15.079999923706056,15.147000312805176,404739000,NVDA
2022-11-22,15.98046875,16.038000106811523,16.058000564575195,15.121999740600586,15.32800006866455,472866000,NVDA
2022-11-23,16.459741592407227,16.518999099731445,16.527000427246094,16.04800033569336,16.097999572753906,427241000,NVDA
2022-11-25,16.211637496948242,16.270000457763672,16.48699951171875,16.172000885009766,16.31800079345703,167934000,NVDA
2022-11-28,15.77022647857666,15.82699966430664,16.35700035095215,15.725000381469728,16.025999069213867,303741000,NVDA
2022-11-29,15.58289909362793,15.638999938964844,15.932000160217283,15.520000457763672,15.82699966430664,298384000,NVDA
2022-11-30,16.866609573364258,16.92300033569336,16.93000030517578,15.597000122070312,15.696999549865724,565298000,NVDA
2022-12-01,17.077899932861328,17.135000228881836,17.264999389648438,16.635000228881836,16.999000549316406,470977000,NVDA
2022-12-02,16.819765090942383,16.875999450683594,16.933000564575195,16.44499969482422,16.659000396728516,371389000,NVDA
2022-12-05,16.554651260375977,16.610000610351562,16.9950008392334,16.472000122070312,16.679000854492188,352255000,NVDA
2022-12-06,15.933727264404297,15.987000465393066,16.572999954223633,15.819000244140623,16.530000686645508,352694000,NVDA
2022-12-07,16.0662841796875,16.1200008392334,16.18600082397461,15.666999816894531,15.772000312805176,372388000,NVDA
2022-12-08,17.111785888671875,17.16900062561035,17.179000854492188,15.958999633789062,16.273000717163086,515456000,NVDA
2022-12-09,16.94434356689453,17.000999450683594,17.58300018310547,16.975000381469727,17.15999984741211,465338000,NVDA
2022-12-12,17.4765682220459,17.53499984741211,17.538000106811523,16.797000885009766,17.03700065612793,457328000,NVDA
2022-12-13,18.01177978515625,18.07200050354004,18.790000915527344,17.711000442504883,18.5310001373291,656589000,NVDA
2022-12-14,17.6151065826416,17.673999786376953,18.25200080871582,17.420000076293945,17.98699951171875,496888000,NVDA
2022-12-15,16.895511627197266,16.95199966430664,17.31999969482422,16.700000762939453,17.145999908447266,478542000,NVDA
2022-12-16,16.51578140258789,16.570999145507812,17.041000366210938,16.40999984741211,16.86400032043457,478232000,NVDA
2022-12-19,16.1998348236084,16.253999710083008,16.608999252319336,16.145000457763672,16.57200050354004,354039000,NVDA
2022-12-20,16.031402587890625,16.084999084472656,16.309999465942383,15.85200023651123,16.06399917602539,403260000,NVDA
2022-12-21,16.446014404296875,16.500999450683594,16.62700080871582,16.101999282836914,16.11400032043457,325025000,NVDA
2022-12-22,15.287886619567873,15.33899974822998,16.13800048828125,14.881999969482422,16.0939998626709,565045000,NVDA
2022-12-23,15.155330657958984,15.206000328063965,15.33899974822998,14.883000373840332,15.196000099182127,349326000,NVDA
2022-12-27,14.073944091796877,14.121000289916992,15.100000381469728,14.055999755859377,15.074000358581545,464902000,NVDA
2022-12-28,13.989230155944824,14.03600025177002,14.26200008392334,13.883999824523926,13.927000045776367,351066000,NVDA
2022-12-29,14.554339408874512,14.602999687194824,14.68299961090088,14.22700023651123,14.402000427246094,354923000,NVDA
2022-12-30,14.565302848815918,14.61400032043457,14.628999710083008,14.232999801635742,14.333999633789062,310490000,NVDA
2023-01-03,14.26729965209961,14.3149995803833,14.996000289916992,14.095999717712402,14.85099983215332,401277000,NVDA
2023-01-04,14.699851036071776,14.74899959564209,14.852999687194824,14.241000175476074,14.56700038909912,431324000,NVDA
2023-01-05,14.217466354370115,14.265000343322754,14.564000129699709,14.14799976348877,14.491000175476074,389168000,NVDA
2023-01-06,14.809484481811523,14.859000205993652,15.010000228881836,14.034000396728516,14.473999977111816,405044000,NVDA
2023-01-09,15.575922012329102,15.628000259399414,16.055999755859375,15.140999794006348,15.284000396728516,504231000,NVDA
2023-01-10,15.85598850250244,15.909000396728516,15.961999893188477,15.472000122070312,15.506999969482422,384101000,NVDA
2023-01-11,15.947677612304688,16.000999450683594,16.027999877929688,15.562999725341797,15.84000015258789,353285000,NVDA
2023-01-12,16.455982208251953,16.51099967956543,16.636999130249023,15.491999626159668,16.100000381469727,551409000,NVDA
2023-01-13,16.84268569946289,16.89900016784668,16.922000885009766,16.165000915527344,16.277999877929688,447287000,NVDA
2023-01-17,17.64301109313965,17.70199966430664,17.72800064086914,16.89900016784668,16.89900016784668,511102000,NVDA
2023-01-18,17.319093704223633,17.37700080871582,17.87299919128418,17.281999588012695,17.66699981689453,439624000,NVDA
2023-01-19,16.709129333496094,16.764999389648438,17.19700050354004,16.731000900268555,17.035999298095703,452932000,NVDA
2023-01-20,17.779556274414062,17.839000701904297,17.856000900268555,16.825000762939453,17.01099967956543,564967000,NVDA
2023-01-23,19.12904357910156,19.19300079345703,19.2450008392334,17.81800079345703,18.06399917602539,655163000,NVDA
2023-01-24,19.2008056640625,19.26499938964844,19.4950008392334,18.81999969482422,18.82699966430664,496204000,NVDA
2023-01-25,19.25861167907715,19.32299995422364,19.3700008392334,18.57999992370605,18.913000106811523,449537000,NVDA
2023-01-26,19.736013412475582,19.802000045776367,20.166000366210938,19.277999877929688,19.701000213623047,489535000,NVDA
2023-01-27,20.297134399414062,20.364999771118164,20.62800025939941,19.405000686645508,19.46199989318848,542142000,NVDA
2023-01-30,19.09814453125,19.16200065612793,20.13999938964844,19.14999961853028,19.950000762939453,488611000,NVDA
2023-01-31,19.47189712524414,19.53700065612793,19.687000274658203,18.950000762939453,19.170000076293945,498017000,NVDA
2023-02-01,20.873210906982425,20.94300079345703,21.191999435424805,19.61100006103516,19.69099998474121,660477000,NVDA
2023-02-02,21.63665771484375,21.708999633789062,21.948999404907227,20.700000762939453,21.0,564276000,NVDA
2023-02-03,21.02968978881836,21.100000381469727,21.7450008392334,20.78899955749512,21.0,429366000,NVDA
2023-02-06,21.01872444152832,21.089000701904297,21.56999969482422,20.785999298095703,20.80599975585937,452197000,NVDA
2023-02-07,22.0991153717041,22.17300033569336,22.25900077819824,21.14999961853028,21.381999969482425,664150000,NVDA
2023-02-08,22.131010055541992,22.20499992370605,22.87800025939941,22.007999420166016,22.386999130249023,559651000,NVDA
2023-02-09,22.26256561279297,22.33699989318848,23.020000457763672,22.1200008392334,22.606000900268555,523876000,NVDA
2023-02-10,21.19413948059082,21.26499938964844,22.077999114990234,20.81100082397461,21.690000534057617,550737000,NVDA
2023-02-13,21.71539878845215,21.788000106811523,22.04800033569336,20.96199989318848,21.538000106811523,474919000,NVDA
2023-02-14,22.89445304870605,22.97100067138672,23.04899978637696,21.36599922180176,21.577999114990234,675474000,NVDA
2023-02-15,22.68814468383789,22.763999938964844,22.854999542236328,22.106000900268555,22.54899978637696,420575000,NVDA
2023-02-16,21.928686141967773,22.00200080871582,22.549999237060547,21.927000045776367,22.132999420166016,412026000,NVDA
2023-02-17,21.316728591918945,21.38800048828125,21.739999771118164,20.975000381469727,21.631000518798828,465888000,NVDA
2023-02-21,20.58617210388184,20.655000686645508,21.49399948120117,20.61800003051757,21.0,410015000,NVDA
2023-02-22,20.6848373413086,20.753999710083008,21.10400009155273,20.42099952697754,20.707000732421875,513184000,NVDA
2023-02-23,23.58514213562012,23.66399955749512,23.88800048828125,23.02499961853028,23.440000534057617,1117995000,NVDA
2023-02-24,23.208404541015625,23.285999298095703,23.474000930786133,22.94700050354004,23.225000381469727,589716000,NVDA
2023-02-27,23.422685623168945,23.5009994506836,23.8799991607666,23.45400047302246,23.670000076293945,452994000,NVDA
2023-02-28,23.13863754272461,23.215999603271484,23.825000762939453,23.20599937438965,23.371999740600582,455963000,NVDA
2023-03-01,22.622364044189453,22.69799995422364,23.256000518798828,22.507999420166016,23.191999435424805,460026000,NVDA
2023-03-02,23.236309051513672,23.31399917602539,23.3799991607666,22.43199920654297,22.488000869750977,389415000,NVDA
2023-03-03,23.81039047241211,23.88999938964844,23.89999961853028,23.1299991607666,23.31999969482422,412393000,NVDA
2023-03-06,23.47551155090332,23.554000854492188,24.24799919128418,23.48699951171875,23.891000747680664,437429000,NVDA
2023-03-07,23.214338302612305,23.288000106811523,24.125,23.24099922180176,23.600000381469727,515154000,NVDA
2023-03-08,24.104516983032227,24.18099975585937,24.200000762939453,23.42399978637696,23.48699951171875,513573000,NVDA
2023-03-09,23.36187171936035,23.43600082397461,24.45400047302246,23.382999420166016,24.174999237060547,501257000,NVDA
2023-03-10,22.892364501953125,22.96500015258789,23.62700080871582,22.72599983215332,23.40900039672852,474866000,NVDA
2023-03-13,22.89335823059082,22.965999603271484,23.29800033569336,22.29700088500977,22.75200080871582,421890000,NVDA
2023-03-14,23.986888885498047,24.0629997253418,24.2189998626709,23.459999084472656,23.496000289916992,474910000,NVDA
2023-03-15,24.15136909484864,24.22800064086914,24.285999298095703,23.36000061035156,23.76099967956543,524486000,NVDA
2023-03-16,25.460214614868164,25.541000366210938,25.58799934387207,23.893999099731445,24.027000427246094,583253000,NVDA
2023-03-17,25.643630981445312,25.725000381469727,26.39900016784668,25.667999267578125,25.98200035095215,848547000,NVDA
2023-03-20,25.818077087402344,25.89999961853028,26.02400016784668,25.1299991607666,25.614999771118164,432747000,NVDA
2023-03-21,26.11613273620605,26.198999404907227,26.39200019836425,25.381000518798828,26.18000030517578,547408000,NVDA
2023-03-22,26.384281158447266,26.468000411987305,27.589000701904297,26.23699951171875,26.424999237060547,797295000,NVDA
2023-03-23,27.1049919128418,27.19099998474121,27.499000549316406,26.690000534057617,27.114999771118164,564889000,NVDA
2023-03-24,26.69429397583008,26.77899932861328,27.16699981689453,26.354999542236328,27.0310001373291,454920000,NVDA
2023-03-27,26.447084426879883,26.5310001373291,27.0,26.364999771118164,26.83699989318848,361026000,NVDA
2023-03-28,26.32646369934082,26.40999984741211,26.51300048828125,25.850000381469727,26.44700050354004,356104000,NVDA
2023-03-29,26.898643493652344,26.983999252319336,27.077999114990234,26.597000122070312,26.825000762939453,393694000,NVDA
2023-03-30,27.29638862609864,27.382999420166016,27.499000549316406,27.10199928283692,27.22900009155273,364516000,NVDA
2023-03-31,27.68914031982422,27.777000427246094,27.833999633789062,27.104999542236328,27.13999938964844,433933000,NVDA
2023-04-03,27.876543045043945,27.96500015258789,28.0,27.336000442504883,27.50900077819824,398716000,NVDA
2023-04-04,27.36616516113281,27.452999114990234,28.0,27.30699920654297,27.965999603271484,368592000,NVDA
2023-04-05,26.795974731445312,26.881000518798828,26.99799919128418,26.395000457763672,26.82900047302246,515015000,NVDA
2023-04-06,26.95148277282715,27.03700065612793,27.07999992370605,26.427000045776367,26.583999633789062,397654000,NVDA
2023-04-10,27.49176788330078,27.57900047302246,27.621000289916992,26.66900062561035,26.82299995422364,395279000,NVDA
2023-04-11,27.083065032958984,27.16900062561035,27.790000915527344,27.1259994506836,27.724000930786133,314378000,NVDA
2023-04-12,26.411195755004883,26.4950008392334,27.468000411987305,26.44799995422364,27.3700008392334,446259000,NVDA
2023-04-13,26.37929916381836,26.46299934387207,26.886999130249023,26.32900047302246,26.733999252319336,353615000,NVDA
2023-04-14,26.673364639282227,26.757999420166016,26.882999420166016,26.21999931335449,26.503999710083008,395660000,NVDA
2023-04-17,26.91659545898437,27.00200080871582,27.006000518798828,26.433000564575195,26.565000534057617,321471000,NVDA
2023-04-18,27.579490661621094,27.66699981689453,28.11000061035156,27.35700035095215,27.53300094604492,604812000,NVDA
2023-04-19,27.8426513671875,27.93099975585937,28.0,27.23200035095215,27.36100006103516,358660000,NVDA
2023-04-20,27.01826858520508,27.10400009155273,28.030000686645508,27.0,27.67099952697754,427713000,NVDA
2023-04-21,27.03322029113769,27.11899948120117,27.183000564575195,26.722000122070312,26.95199966430664,345103000,NVDA
2023-04-24,26.95646858215332,27.04199981689453,27.36599922180176,26.67099952697754,27.01300048828125,339282000,NVDA
2023-04-25,26.15800094604492,26.24099922180176,27.246999740600582,26.225000381469727,27.077999114990234,378527000,NVDA
2023-04-26,26.87073516845703,26.95599937438965,27.32999992370605,26.70499992370605,27.00200080871582,406337000,NVDA
2023-04-27,27.13988304138184,27.22599983215332,27.4950008392334,26.625,27.363000869750977,377161000,NVDA
2023-04-28,27.66123008728028,27.749000549316406,27.757999420166016,27.07099914550781,27.225000381469727,292216000,NVDA
2023-05-01,28.818553924560547,28.90999984741211,29.058000564575195,27.780000686645508,27.84000015258789,570329000,NVDA
2023-05-02,28.120773315429688,28.209999084472656,28.836000442504883,28.08300018310547,28.68000030517578,402730000,NVDA
2023-05-03,27.714061737060547,27.802000045776367,28.367000579833984,27.472000122070312,27.84000015258789,383387000,NVDA
2023-05-04,27.47482109069824,27.562000274658203,27.858999252319336,27.239999771118164,27.650999069213867,321850000,NVDA
2023-05-05,28.589284896850582,28.68000030517578,28.7549991607666,27.731000900268555,27.826000213623047,361494000,NVDA
2023-05-08,29.05879211425781,29.150999069213867,29.21999931335449,28.350000381469727,28.52199935913086,344979000,NVDA
2023-05-09,28.48062896728516,28.57099914550781,28.972999572753903,28.450000762939453,28.89900016784668,314869000,NVDA
2023-05-10,28.79363441467285,28.88500022888184,29.113000869750977,28.461000442504883,29.0049991607666,369350000,NVDA
2023-05-11,28.48760414123535,28.577999114990234,28.950000762939453,28.246000289916992,28.895999908447266,322149000,NVDA
2023-05-12,28.250362396240234,28.34000015258789,28.780000686645508,28.04599952697754,28.52899932861328,274222000,NVDA
2023-05-15,28.86141967773437,28.952999114990234,28.9689998626709,28.152000427246094,28.507999420166016,293926000,NVDA
2023-05-16,29.1205997467041,29.21299934387207,29.8700008392334,28.832000732421875,28.840999603271484,449405000,NVDA
2023-05-17,30.08254814147949,30.17799949645996,30.198999404907227,29.43000030517578,29.583999633789062,432535000,NVDA
2023-05-18,31.57780265808105,31.67799949645996,31.827999114990234,30.31999969482422,30.40999984741211,748725000,NVDA
2023-05-19,31.165115356445312,31.263999938964844,31.57999992370605,30.916000366210938,31.535999298095703,473908000,NVDA
2023-05-22,31.07738876342773,31.176000595092773,31.520000457763672,30.68000030517578,30.900999069213867,372000000,NVDA
2023-05-23,30.59093475341797,30.6879997253418,31.288000106811523,30.631000518798828,31.0,356253000,NVDA
2023-05-24,30.44140815734864,30.538000106811523,30.60700035095215,29.80599975585937,30.209999084472656,721419000,NVDA
2023-05-25,37.85987854003906,37.97999954223633,39.47999954223633,36.6349983215332,38.52299880981445,1543911000,NVDA
2023-05-26,38.82281112670898,38.94599914550781,39.16999816894531,37.54999923706055,37.88999938964844,714397000,NVDA
2023-05-30,39.98412704467773,40.11100006103516,41.9379997253418,39.94900131225586,40.595001220703125,923401000,NVDA
2023-05-31,37.71432495117188,37.83399963378906,40.29499816894531,37.821998596191406,39.48799896240234,1002580000,NVDA
2023-06-01,39.64421081542969,39.77000045776367,40.04999923706055,38.34000015258789,38.48899841308594,635873000,NVDA
2023-06-02,39.20261001586914,39.32699966430664,40.5,39.05799865722656,40.09700012207031,482731000,NVDA
2023-06-05,39.04710388183594,39.17100143432617,39.56499862670898,38.70700073242188,38.90900039672852,396094000,NVDA
2023-06-06,38.531734466552734,38.65399932861328,39.15999984741211,38.14799880981445,38.83000183105469,388729000,NVDA
2023-06-07,37.360328674316406,37.47499847412109,39.499000549316406,37.35599899291992,38.915000915527344,511998000,NVDA
2023-06-08,38.39216995239258,38.5099983215332,38.86399841308594,37.505001068115234,37.7239990234375,417772000,NVDA
2023-06-09,38.65137100219727,38.77000045776367,39.71099853515625,38.56700134277344,39.0369987487793,427717000,NVDA
2023-06-12,39.36118316650391,39.48199844360352,39.52999877929688,38.61800003051758,39.20000076293945,388701000,NVDA
2023-06-13,40.896480560302734,41.02199935913086,41.10100173950195,39.7400016784668,40.18600082397461,613208000,NVDA
2023-06-14,42.86543273925781,42.99700164794922,43.0,40.55199813842773,40.82400131225586,740465000,NVDA
2023-06-15,42.52248764038086,42.65299987792969,43.28900146484375,42.14699935913086,42.60200119018555,568622000,NVDA
2023-06-16,42.56136703491211,42.69200134277344,43.72100067138672,42.6609992980957,43.45000076293945,655709000,NVDA
2023-06-20,43.6739501953125,43.80799865722656,43.9900016784668,42.67399978637695,42.99800109863281,451153000,NVDA
2023-06-21,42.91328811645508,43.04499816894531,43.6150016784668,42.08000183105469,43.5009994506836,551603000,NVDA
2023-06-22,42.89336013793945,43.025001525878906,43.42599868774414,42.23400115966797,42.25299835205078,417737000,NVDA
2023-06-23,42.07984924316406,42.20899963378906,42.80899810791016,42.01499938964844,42.4640007019043,358140000,NVDA
2023-06-26,40.5076789855957,40.63199996948242,42.76399993896485,40.09999847412109,42.46099853515625,594322000,NVDA
2023-06-27,41.74787139892578,41.8759994506836,41.93999862670898,40.448001861572266,40.79899978637695,462175000,NVDA
2023-06-28,40.99119186401367,41.117000579833984,41.845001220703125,40.51800155639648,40.65999984741211,582639000,NVDA
2023-06-29,40.69709396362305,40.821998596191406,41.59999847412109,40.59999847412109,41.55799865722656,380514000,NVDA
2023-06-30,42.17255783081055,42.30199813842773,42.54999923706055,41.5009994506836,41.68000030517578,501148000,NVDA
2023-07-03,42.2832260131836,42.41299819946289,42.89799880981445,42.20199966430664,42.516998291015625,198209000,NVDA
2023-07-05,42.18752670288086,42.31700134277344,43.17699813842773,42.084999084472656,42.1349983215332,323618000,NVDA
2023-07-06,41.97417831420898,42.10300064086914,42.17900085449219,41.34600067138672,41.84400177001953,303582000,NVDA
2023-07-07,42.37294387817383,42.50299835205078,43.2140007019043,42.18000030517578,42.321998596191406,355881000,NVDA
2023-07-10,42.05093765258789,42.18000030517578,42.81100082397461,41.64899826049805,42.65700149536133,353908000,NVDA
2023-07-11,42.27524566650391,42.40499877929688,42.757999420166016,42.06700134277344,42.48099899291992,298244000,NVDA
2023-07-12,43.76766204833984,43.902000427246094,43.935001373291016,42.777000427246094,43.03300094604492,481277000,NVDA
2023-07-13,45.8363151550293,45.97700119018555,46.15499877929688,44.492000579833984,44.51800155639648,478204000,NVDA
2023-07-14,45.32987594604492,45.46900177001953,48.0880012512207,45.060001373291016,46.58300018310547,772075000,NVDA
2023-07-17,46.31884002685547,46.46099853515625,46.49599838256836,45.262001037597656,46.28900146484375,510488000,NVDA
2023-07-18,47.348670959472656,47.49399948120117,47.89599990844727,45.73400115966797,46.70100021362305,569164000,NVDA
2023-07-19,46.93294525146485,47.07699966430664,47.81800079345703,46.742000579833984,47.4640007019043,427502000,NVDA
2023-07-20,45.38071823120117,45.52000045776367,47.08700180053711,45.0620002746582,46.50699996948242,537865000,NVDA
2023-07-21,44.17341995239258,44.30899810791016,45.86600112915039,44.09999847412109,45.78799819946289,963769000,NVDA
2023-07-24,44.47549819946289,44.61199951171875,45.10900115966797,44.040000915527344,44.73099899291992,382516000,NVDA
2023-07-25,45.53923034667969,45.67900085449219,46.18299865722656,44.92300033569336,44.94100189208984,348081000,NVDA
2023-07-26,45.31291961669922,45.45199966430664,46.053001403808594,44.630001068115234,46.02099990844727,364237000,NVDA
2023-07-27,45.759559631347656,45.900001525878906,47.39500045776367,45.75,46.51900100708008,455976000,NVDA
2023-07-28,46.60695266723633,46.75,47.027000427246094,46.38100051879883,46.667999267578125,331194000,NVDA
2023-07-31,46.58601760864258,46.729000091552734,47.130001068115234,46.50600051879883,46.75400161743164,251055000,NVDA
2023-08-01,46.36469650268555,46.50699996948242,46.900001525878906,46.027000427246094,46.459999084472656,237858000,NVDA
2023-08-02,44.133544921875,44.26900100708008,45.84000015258789,43.387001037597656,45.83100128173828,530142000,NVDA
2023-08-03,44.378787994384766,44.51499938964844,45.11800003051758,43.79999923706055,43.79999923706055,324176000,NVDA
2023-08-04,44.54328536987305,44.68000030517578,45.641998291015625,44.39300155639648,44.98500061035156,362666000,NVDA
2023-08-07,45.27803421020508,45.41699981689453,45.540000915527344,44.5629997253418,45.11100006103516,322154000,NVDA
2023-08-08,44.5273323059082,44.66400146484375,45.242000579833984,44.055999755859375,44.85300064086914,353843000,NVDA
2023-08-09,42.42378616333008,42.55400085449219,44.3120002746582,42.13399887084961,44.27399826049805,586449000,NVDA
2023-08-10,42.258296966552734,42.38800048828125,43.57400131225586,41.834999084472656,42.15999984741211,492705000,NVDA
2023-08-11,40.72998428344727,40.85499954223633,42.01800155639648,40.63899993896485,41.7509994506836,533085000,NVDA
2023-08-14,43.61912536621094,43.75299835205078,43.79999923706055,40.31100082397461,40.48600006103516,690286000,NVDA
2023-08-15,43.80554962158203,43.93999862670898,45.26800155639648,43.709999084472656,44.560001373291016,676512000,NVDA
2023-08-16,43.35294342041016,43.48600006103516,44.67499923706055,43.40599822998047,44.52000045776367,527451000,NVDA
2023-08-17,43.211368560791016,43.34400177001953,44.0620002746582,43.0009994506836,43.970001220703125,452395000,NVDA
2023-08-18,43.16650772094727,43.29899978637695,43.57799911499024,41.65999984741211,42.6349983215332,583768000,NVDA
2023-08-21,46.82328796386719,46.96699905395508,47.06499862670898,44.22200012207031,44.49399948120117,692573000,NVDA
2023-08-22,45.52825927734375,45.667999267578125,48.1870002746582,45.33300018310547,48.1349983215332,755293000,NVDA
2023-08-23,46.97183609008789,47.11600112915039,47.20000076293945,45.20800018310547,45.86600112915039,779046000,NVDA
2023-08-24,47.01868438720703,47.16299819946289,50.26599884033203,47.15900039672852,50.21599960327149,1156044000,NVDA
2023-08-25,45.877197265625,46.01800155639648,47.80500030517578,45.02399826049805,47.012001037597656,925341000,NVDA
2023-08-28,46.69169616699219,46.834999084472656,46.97999954223633,44.88800048828125,46.48199844360352,685192000,NVDA
2023-08-29,48.63473129272461,48.78400039672852,49.08100128173828,46.39099884033203,46.66600036621094,701397000,NVDA
2023-08-30,49.113258361816406,49.26399993896485,49.92699813842773,48.42499923706055,49.04399871826172,735206000,NVDA
2023-08-31,49.203983306884766,49.35499954223633,49.74399948120117,48.95800018310547,49.380001068115234,528570000,NVDA
2023-09-01,48.36056900024414,48.50899887084961,49.79999923706055,48.141998291015625,49.762001037597656,463830000,NVDA
2023-09-05,48.399452209472656,48.54800033569336,48.85100173950195,47.86000061035156,48.22299957275391,382653000,NVDA
2023-09-06,46.92086791992188,47.06100082397461,48.54899978637695,46.58000183105469,48.44100189208984,468670000,NVDA
2023-09-07,46.103309631347656,46.24100112915039,46.34400177001953,45.152000427246094,45.525001525878906,433330000,NVDA
2023-09-08,45.43629837036133,45.571998596191406,46.60599899291992,45.27099990844727,45.94200134277344,473069000,NVDA
2023-09-11,45.04347229003906,45.178001403808594,46.16299819946289,44.3120002746582,46.14799880981445,473966000,NVDA
2023-09-12,44.73638916015625,44.869998931884766,45.67300033569336,44.53099822998047,44.73799896240234,349256000,NVDA
2023-09-13,45.34955978393555,45.48500061035156,45.93000030517578,44.50299835205078,44.59999847412109,398355000,NVDA
2023-09-14,45.445274353027344,45.58100128173828,45.98699951171875,45.13100051879883,45.95000076293945,370097000,NVDA
2023-09-15,43.76927947998047,43.900001525878906,45.5989990234375,43.80799865722656,45.34099960327149,506831000,NVDA
2023-09-18,43.835079193115234,43.96599960327149,44.242000579833984,42.0,42.74800109863281,500271000,NVDA
2023-09-19,43.390419006347656,43.52000045776367,43.96599960327149,43.00199890136719,43.83300018310547,373064000,NVDA
2023-09-20,42.11322784423828,42.23899841308594,43.90299987792969,42.22299957275391,43.59999847412109,367108000,NVDA
2023-09-21,40.89485549926758,41.016998291015625,42.09999847412109,40.97999954223633,41.58300018310547,450736000,NVDA
2023-09-22,41.48609924316406,41.61000061035156,42.1150016784668,41.23099899291992,41.571998596191406,479236000,NVDA
2023-09-25,42.09627914428711,42.22200012207031,42.5359992980957,41.17699813842773,41.59099960327149,419091000,NVDA
2023-09-26,41.78620147705078,41.9109992980957,42.81999969482422,41.65499877929688,42.0009994506836,402282000,NVDA
2023-09-27,42.34153747558594,42.46799850463867,42.87200164794922,41.62900161743164,42.33000183105469,444935000,NVDA
2023-09-28,42.960697174072266,43.0890007019043,43.44599914550781,42.1150016784668,42.459999084472656,424663000,NVDA
2023-09-29,43.36946868896485,43.499000549316406,44.14400100708008,43.30699920654297,43.82699966430664,397830000,NVDA
2023-10-02,44.648658752441406,44.78200149536133,45.17499923706055,43.86100006103516,44.02999877929688,433298000,NVDA
2023-10-03,43.38742446899414,43.516998291015625,45.130001068115234,43.24599838256836,44.80799865722656,470850000,NVDA
2023-10-04,43.909854888916016,44.04100036621094,44.14300155639648,43.29199981689453,43.742000579833984,361821000,NVDA
2023-10-05,44.554931640625,44.6879997253418,44.900001525878906,43.88800048828125,44.04999923706055,393483000,NVDA
2023-10-06,45.62574005126953,45.762001037597656,45.78900146484375,44.0260009765625,44.19300079345703,434436000,NVDA
2023-10-09,45.13819122314453,45.27299880981445,45.60499954223633,44.36800003051758,44.84199905395508,409675000,NVDA
2023-10-10,45.66162872314453,45.79800033569336,46.25899887084961,45.0880012512207,45.310001373291016,368582000,NVDA
2023-10-11,46.66661834716797,46.805999755859375,46.85900115966797,46.04999923706055,46.19599914550781,378137000,NVDA
2023-10-12,46.80521011352539,46.94499969482422,47.60900115966797,46.33000183105469,46.777000427246094,481325000,NVDA
2023-10-13,45.32563018798828,45.46099853515625,47.11600112915039,45.27999877929688,46.959999084472656,474115000,NVDA
2023-10-16,45.957740783691406,46.095001220703125,46.22499847412109,44.9119987487793,45.0629997253418,375099000,NVDA
2023-10-17,43.80716323852539,43.9379997253418,44.75400161743164,42.47999954223633,44.0,812333000,NVDA
2023-10-18,42.07035446166992,42.19599914550781,43.21900177001953,41.82500076293945,42.59099960327149,627294000,NVDA
2023-10-19,41.97564315795898,42.10100173950195,43.297000885009766,41.88199996948242,42.81100082397461,501233000,NVDA
2023-10-20,41.263763427734375,41.387001037597656,42.470001220703125,41.07799911499024,41.88999938964844,477266000,NVDA
2023-10-23,42.84703063964844,42.97499847412109,43.24800109863281,40.94499969482422,41.229000091552734,478530000,NVDA
2023-10-24,43.532989501953125,43.66299819946289,43.696998596191406,42.69100189208984,43.07699966430664,401463000,NVDA
2023-10-25,41.65459060668945,41.77899932861328,43.650001525878906,41.55500030517578,43.39799880981445,398379000,NVDA
2023-10-26,40.2059211730957,40.32600021362305,42.25600051879883,39.880001068115234,41.85300064086914,541001000,NVDA
2023-10-27,40.37940216064453,40.5,41.20600128173828,40.01499938964844,41.130001068115234,416784000,NVDA
2023-10-30,41.03843307495117,41.1609992980957,41.76599884033203,40.48099899291992,41.08700180053711,388028000,NVDA
2023-10-31,40.6585578918457,40.77999877929688,40.87900161743164,39.22999954223633,40.45000076293945,517969000,NVDA
2023-11-01,42.19897079467773,42.32500076293945,42.38100051879883,40.86899948120117,40.88399887084961,437593000,NVDA
2023-11-02,43.37644958496094,43.50600051879883,43.88399887084961,42.89400100708008,43.32799911499024,409172000,NVDA
2023-11-03,44.87098693847656,45.005001068115234,45.30899810791016,43.72299957275391,44.02000045776367,424610000,NVDA
2023-11-06,45.61476516723633,45.7509994506836,45.935001373291016,44.89899826049805,45.28499984741211,400733000,NVDA
2023-11-07,45.81815719604492,45.95500183105469,46.21799850463867,45.15800094604492,45.71900177001953,343165000,NVDA
2023-11-08,46.43531799316406,46.57400131225586,46.867000579833984,45.96799850463867,46.09999847412109,346719000,NVDA
2023-11-09,46.81019592285156,46.95000076293945,48.22999954223633,46.75,47.46699905395508,540496000,NVDA
2023-11-10,48.19107055664063,48.334999084472656,48.47200012207031,47.28300094604492,47.5,421245000,NVDA
2023-11-13,48.4752197265625,48.619998931884766,49.11600112915039,48.0989990234375,48.31999969482422,384136000,NVDA
2023-11-14,49.50814056396485,49.65599822998047,49.83399963378906,49.040000915527344,49.68000030517578,416954000,NVDA
2023-11-15,48.7424201965332,48.88800048828125,49.959999084472656,48.20000076293945,49.935001373291016,475497000,NVDA
2023-11-16,49.332664489746094,49.47999954223633,49.525001525878906,48.33000183105469,48.67900085449219,339756000,NVDA
2023-11-17,49.15120697021485,49.29800033569336,49.71699905395508,49.00699996948242,49.52399826049805,325205000,NVDA
2023-11-20,50.25889587402344,50.40900039672852,50.54800033569336,49.180999755859375,49.3120002746582,414120000,NVDA
2023-11-21,49.7952766418457,49.94400024414063,50.516998291015625,49.22200012207031,50.1259994506836,565747000,NVDA
2023-11-22,48.57094192504883,48.71599960327149,50.334999084472656,47.68999862670898,49.85200119018555,899420000,NVDA
2023-11-24,47.63373565673828,47.7760009765625,48.92100143432617,47.744998931884766,48.470001220703125,294645000,NVDA
2023-11-27,48.09834671020508,48.242000579833984,48.52999877929688,47.652000427246094,47.79999923706055,395662000,NVDA
2023-11-28,47.6786003112793,47.82099914550781,48.323001861572266,47.47299957275391,48.23600006103516,401491000,NVDA
2023-11-29,47.99665069580078,48.13999938964844,48.762001037597656,47.86000061035156,48.37900161743164,382005000,NVDA
2023-11-30,46.63072967529297,46.77000045776367,48.11000061035156,46.422000885009766,48.02399826049805,526247000,NVDA
2023-12-01,46.62574768066406,46.76499938964844,47.20000076293945,46.1870002746582,46.525001525878906,369317000,NVDA
2023-12-04,45.37448120117188,45.5099983215332,46.07699966430664,45.0099983215332,46.07699966430664,437543000,NVDA
2023-12-05,46.431419372558594,46.56600189208984,46.59999847412109,45.27099990844727,45.46599960327149,371718000,NVDA
2023-12-06,45.371490478515625,45.50299835205078,47.387001037597656,45.4119987487793,47.21500015258789,380590000,NVDA
2023-12-07,46.46133804321289,46.59600067138672,46.62900161743164,45.604000091552734,45.70000076293945,350823000,NVDA
2023-12-08,47.36870956420898,47.50600051879883,47.74100112915039,46.54999923706055,46.595001220703125,359224000,NVDA
2023-12-11,46.49224090576172,46.62699890136719,47.53099822998047,45.83000183105469,47.49100112915039,509728000,NVDA
2023-12-12,47.51926803588867,47.65700149536133,47.66600036621094,46.04600143432617,46.04600143432617,372387000,NVDA
2023-12-13,47.94902801513672,48.0880012512207,48.59400177001953,47.608001708984375,47.62900161743164,447792000,NVDA
2023-12-14,48.21025848388672,48.34999847412109,48.66999816894531,47.422000885009766,48.38999938964844,391232000,NVDA
2023-12-15,48.74869537353516,48.88999938964844,49.40399932861328,48.119998931884766,48.19400024414063,479948000,NVDA
2023-12-18,49.93227767944336,50.07699966430664,50.43299865722656,49.150001525878906,49.400001525878906,412587000,NVDA
2023-12-19,49.46063995361328,49.604000091552734,49.70000076293945,48.89500045776367,49.42399978637695,464444000,NVDA
2023-12-20,47.971954345703125,48.11100006103516,49.999000549316406,48.09799957275391,49.65499877929688,397894000,NVDA
2023-12-21,48.848419189453125,48.9900016784668,49.095001220703125,48.41899871826172,48.81100082397461,300425000,NVDA
2023-12-22,48.68887710571289,48.83000183105469,49.382999420166016,48.46699905395508,49.19499969482422,252507000,NVDA
2023-12-26,49.13658142089844,49.27899932861328,49.59999847412109,48.959999084472656,48.96799850463867,244200000,NVDA
2023-12-27,49.27418518066406,49.41699981689453,49.68000030517578,49.084999084472656,49.51100158691406,233648000,NVDA
2023-12-28,49.37887954711914,49.52199935913086,49.88399887084961,49.4119987487793,49.64300155639648,246587000,NVDA
2023-12-29,49.37887954711914,49.52199935913086,49.99700164794922,48.7509994506836,49.8129997253418,389293000,NVDA
2024-01-02,48.02879333496094,48.167999267578125,49.29499816894531,47.595001220703125,49.24399948120117,411254000,NVDA
2024-01-03,47.431522369384766,47.56900024414063,48.18399810791016,47.31999969482422,47.48500061035156,320896000,NVDA
2024-01-04,47.859283447265625,47.99800109863281,48.5,47.507999420166016,47.766998291015625,306535000,NVDA
2024-01-05,48.9551010131836,49.09700012207031,49.547000885009766,48.305999755859375,48.46200180053711,415039000,NVDA
2024-01-08,52.10198593139648,52.25299835205078,52.275001525878906,49.479000091552734,49.512001037597656,642510000,NVDA
2024-01-09,52.98642349243164,53.13999938964844,54.32500076293945,51.68999862670898,52.4010009765625,773100000,NVDA
2024-01-10,54.19292831420898,54.34999847412109,54.59999847412109,53.48899841308594,53.61600112915039,533796000,NVDA
2024-01-11,54.66355895996094,54.821998596191406,55.34600067138672,53.560001373291016,54.999000549316406,596759000,NVDA
2024-01-12,54.551883697509766,54.709999084472656,54.970001220703125,54.33000183105469,54.619998931884766,352994000,NVDA
2024-01-16,56.21904754638672,56.38199996948242,56.834999084472656,54.900001525878906,55.01800155639648,449580000,NVDA
2024-01-17,55.89101028442383,56.053001403808594,56.47100067138672,54.7400016784668,56.34700012207031,474394000,NVDA
2024-01-18,56.94195556640625,57.10699844360352,57.59999847412109,56.10699844360352,57.2599983215332,491650000,NVDA
2024-01-19,59.31907272338867,59.49100112915039,59.5,57.22499847412109,57.98899841308594,543501000,NVDA
2024-01-22,59.48159408569336,59.65399932861328,60.33100128173828,59.06999969482422,60.04899978637695,452955000,NVDA
2024-01-23,59.6999626159668,59.87300109863281,59.90999984741211,58.584999084472656,59.56999969482422,294654000,NVDA
2024-01-24,61.18465805053711,61.36199951171875,62.8489990234375,59.9379997253418,60.30400085449219,560271000,NVDA
2024-01-25,61.43892288208008,61.617000579833984,62.71900177001953,60.84999847412109,62.34999847412109,482777000,NVDA
2024-01-26,60.854618072509766,61.03099822998047,61.78300094604492,60.573001861572266,60.959999084472656,390309000,NVDA
2024-01-29,62.28447723388672,62.46500015258789,62.48899841308594,60.90700149536133,61.23199844360352,348733000,NVDA
2024-01-30,62.59257125854492,62.77399826049805,63.49300003051758,62.2599983215332,62.900001525878906,410735000,NVDA
2024-01-31,61.34917831420898,61.527000427246094,62.26900100708008,60.70000076293945,61.43999862670898,453795000,NVDA
2024-02-01,62.844852447509766,63.027000427246094,63.19100189208984,61.650001525878906,62.09999847412109,369146000,NVDA
2024-02-02,65.96879577636719,66.16000366210938,66.5999984741211,63.68999862670898,63.9739990234375,476578000,NVDA
2024-02-05,69.13162231445312,69.33200073242188,69.49700164794922,67.20500183105469,68.2249984741211,680078000,NVDA
2024-02-06,68.02582550048828,68.2229995727539,69.75399780273438,66.30000305175781,69.62999725341797,683111000,NVDA
2024-02-07,69.89641571044922,70.0989990234375,70.22000122070312,67.5999984741211,68.31900024414062,495575000,NVDA
2024-02-08,69.43972778320312,69.64099884033203,70.79399871826172,69.45500183105469,70.0739974975586,414422000,NVDA
2024-02-09,71.9245376586914,72.13300323486328,72.18499755859375,70.21199798583984,70.53299713134766,436637000,NVDA
2024-02-12,72.0391845703125,72.24800109863281,74.61100006103516,71.25,72.5999984741211,613710000,NVDA
2024-02-13,71.91954803466797,72.12799835205078,73.44999694824219,69.62000274658203,70.4000015258789,602580000,NVDA
2024-02-14,73.6864242553711,73.9000015258789,74.23600006103516,71.93800354003906,73.2020034790039,504917000,NVDA
2024-02-15,72.44801330566406,72.65799713134766,73.9749984741211,72.4000015258789,73.86900329589844,420122000,NVDA
2024-02-16,72.40314483642578,72.61299896240234,74.4020004272461,72.5009994506836,74.0999984741211,495327000,NVDA
2024-02-20,69.25128936767578,69.4520034790039,71.95600128173828,67.73400115966797,71.9469985961914,704833000,NVDA
2024-02-21,67.27700805664062,67.47200012207031,68.88800048828125,66.24800109863281,68.00599670410156,673755000,NVDA
2024-02-22,78.31101989746094,78.53800201416016,78.57499694824219,74.22000122070312,75.0250015258789,865100000,NVDA
2024-02-23,78.58922576904297,78.81700134277344,82.39399719238281,77.56999969482422,80.79000091552734,829388000,NVDA
2024-02-26,78.86341857910156,79.09200286865234,80.64600372314453,78.50499725341797,79.69999694824219,503973000,NVDA
2024-02-27,78.47354888916016,78.70099639892578,79.4800033569336,77.16200256347656,79.38099670410156,391705000,NVDA
2024-02-28,77.43854522705078,77.66300201416016,78.93299865722656,77.125,77.62000274658203,393110000,NVDA
2024-02-29,78.88334655761719,79.11199951171875,79.98999786376953,78.3499984741211,79.09400177001953,507289000,NVDA
2024-03-01,82.04120635986328,82.27899932861328,82.30000305175781,79.43499755859375,80.0,479135000,NVDA
2024-03-04,84.99066162109375,85.23699951171875,87.69499969482422,83.71900177001953,84.12999725341797,615616000,NVDA
2024-03-05,85.7195816040039,85.96399688720703,86.09700012207031,83.41699981689453,85.2699966430664,520639000,NVDA
2024-03-06,88.44779205322266,88.69999694824219,89.7239990234375,87.02999877929688,88.02200317382812,582520000,NVDA
2024-03-07,92.40552520751952,92.66899871826172,92.76699829101562,89.60199737548828,90.15799713134766,608119000,NVDA
2024-03-08,87.27912139892578,87.52799987792969,97.4000015258789,86.50599670410156,95.13800048828124,1142269000,NVDA
2024-03-11,85.53012084960938,85.77400207519531,88.7969970703125,84.16600036621094,86.42900085449219,678364000,NVDA
2024-03-12,91.65166473388672,91.91300201416016,91.95999908447266,86.1500015258789,88.04900360107422,668075000,NVDA
2024-03-13,90.62957000732422,90.88800048828124,91.50399780273438,88.43499755859375,91.05500030517578,635713000,NVDA
2024-03-14,87.69396209716797,87.94400024414062,90.64600372314452,86.5999984741211,89.5770034790039,602318000,NVDA
2024-03-15,87.5872573852539,87.83699798583984,89.5459976196289,86.25700378417969,86.93000030517578,642086000,NVDA
2024-03-18,88.20349884033203,88.45500183105469,92.40499877929688,87.08499908447266,90.38800048828124,668976000,NVDA
2024-03-19,89.14380645751953,89.39800262451172,90.54399871826172,85.01000213623047,86.69999694824219,672171000,NVDA
2024-03-20,90.11505889892578,90.37200164794922,90.41000366210938,88.2229995727539,89.7969970703125,479063000,NVDA
2024-03-21,91.17501831054688,91.43499755859376,92.64800262451172,90.40499877929688,92.3000030517578,480372000,NVDA
2024-03-22,94.02092742919922,94.28900146484376,94.77799987792967,90.83399963378906,91.14099884033205,586719000,NVDA
2024-03-25,94.7318878173828,95.0019989013672,96.76599884033205,93.51000213623048,93.94100189208984,552136000,NVDA
2024-03-26,92.2978057861328,92.56099700927734,96.375,92.5019989013672,95.85099792480467,513648000,NVDA
2024-03-27,89.99339294433594,90.25,93.23999786376952,89.12300109863281,93.11199951171876,586067000,NVDA
2024-03-28,90.0990982055664,90.3560028076172,91.3000030517578,89.19300079345703,90.0,435212000,NVDA
2024-04-01,90.1060791015625,90.36299896240234,92.2249984741211,89.2040023803711,90.29900360107422,452441000,NVDA
2024-04-02,89.19766998291016,89.4520034790039,90.09400177001952,87.62000274658203,88.447998046875,433064000,NVDA
2024-04-03,88.71105194091797,88.96399688720703,90.3740005493164,88.4000015258789,88.48400115966797,370067000,NVDA
2024-04-04,85.66075897216797,85.90499877929688,90.63400268554688,85.87999725341797,90.40599822998048,434965000,NVDA
2024-04-05,87.75776672363281,88.00800323486328,88.48100280761719,85.9260025024414,86.86599731445312,399678000,NVDA
2024-04-08,86.88526153564453,87.13300323486328,88.83000183105469,86.73200225830078,88.69999694824219,283220000,NVDA
2024-04-09,85.11132049560547,85.35399627685547,87.63500213623047,83.02200317382812,87.44200134277344,501700000,NVDA
2024-04-10,86.79154205322266,87.03900146484375,87.4000015258789,83.70899963378906,83.9260025024414,431929000,NVDA
2024-04-11,90.35834503173828,90.61599731445312,90.73899841308594,86.9260025024414,87.41999816894531,431637000,NVDA
2024-04-12,87.93524932861328,88.18599700927734,90.1750030517578,87.52999877929688,89.6989974975586,426805000,NVDA
2024-04-15,85.75646209716797,86.0009994506836,90.61299896240234,85.92900085449219,89.0979995727539,443077000,NVDA
2024-04-16,87.16645050048828,87.41500091552734,88.11799621582031,86.06400299072266,86.43299865722656,370453000,NVDA
2024-04-17,83.79606628417969,84.03500366210938,88.7750015258789,83.94999694824219,88.33999633789062,495400000,NVDA
2024-04-18,84.43024444580078,84.6709976196289,86.19000244140625,82.4020004272461,84.97000122070312,447260000,NVDA
2024-04-19,75.98333740234375,76.19999694824219,84.3239974975586,75.60600280761719,83.1500015258789,875198000,NVDA
2024-04-22,79.29190826416016,79.51799774169922,80.072998046875,76.4000015258789,78.10399627685547,596341000,NVDA
2024-04-23,82.18864440917969,82.4229965209961,82.76899719238281,80.26399993896484,80.76899719238281,438559000,NVDA
2024-04-24,79.4504623413086,79.677001953125,84.08200073242188,79.18299865722656,83.94999694824219,512208000,NVDA
2024-04-25,82.39706420898438,82.63200378417969,83.322998046875,78.2229995727539,78.86799621582031,424641000,NVDA
2024-04-26,87.48554992675781,87.73500061035156,88.33100128173828,83.38700103759766,83.81800079345703,551011000,NVDA
2024-04-29,87.5074691772461,87.75700378417969,87.99199676513672,85.26599884033203,87.59500122070312,388971000,NVDA
2024-04-30,86.15633392333984,86.4020004272461,88.81900024414062,86.30000305175781,87.23999786376953,363709000,NVDA
2024-05-01,82.80489349365234,83.04100036621094,86.0,81.25499725341797,85.0770034790039,559863000,NVDA
2024-05-02,85.572998046875,85.81700134277344,86.23699951171875,83.19999694824219,84.4489974975586,377898000,NVDA
2024-05-03,88.53655242919922,88.78900146484375,89.28099822998047,87.04000091552734,87.78900146484375,398341000,NVDA
2024-05-06,91.87802124023438,92.13999938964844,92.22000122070312,89.05500030517578,89.38999938964844,376203000,NVDA
2024-05-07,90.29654693603516,90.5540008544922,91.78099822998048,89.01100158691406,91.0979995727539,437342000,NVDA
2024-05-08,90.1549301147461,90.41200256347656,91.19400024414062,89.41999816894531,89.48300170898438,325721000,NVDA
2024-05-09,88.4946517944336,88.74700164794922,91.0719985961914,88.23100280761719,90.52899932861328,378013000,NVDA
2024-05-10,89.62245178222656,89.87799835205078,91.4010009765625,89.22699737548828,90.30500030517578,335325000,NVDA
2024-05-13,90.1419677734375,90.39900207519533,90.9980010986328,88.52899932861328,90.47799682617188,289680000,NVDA
2024-05-14,91.09626007080078,91.3560028076172,91.6510009765625,88.93399810791016,89.5989990234375,296507000,NVDA
2024-05-15,94.3609390258789,94.62999725341795,94.86199951171876,91.5989990234375,92.47200012207033,417735000,NVDA
2024-05-16,94.09071350097656,94.35900115966795,95.81900024414062,94.10299682617188,94.91000366210938,323952000,NVDA
2024-05-17,92.21604919433594,92.47899627685548,94.73999786376952,91.80599975585938,94.36900329589844,359691000,NVDA
2024-05-20,94.5105209350586,94.77999877929688,95.1999969482422,93.44000244140624,93.75,318764000,NVDA
2024-05-21,95.11478424072266,95.38600158691406,95.4000015258789,93.18000030517578,93.5989990234375,328946000,NVDA
2024-05-22,94.6800308227539,94.9499969482422,96.0199966430664,93.2490005493164,95.45899963378906,548648000,NVDA
2024-05-23,103.5038833618164,103.79900360107422,106.31999969482422,101.5199966430664,102.02799987792967,835065000,NVDA
2024-05-24,106.16629028320312,106.46900177001952,106.4749984741211,103.0,104.4489974975586,429494000,NVDA
2024-05-28,113.57714080810548,113.9010009765625,114.93900299072266,109.88300323486328,110.24400329589844,652728000,NVDA
2024-05-29,114.4985122680664,114.8249969482422,115.49199676513672,110.9010009765625,113.0500030517578,557442000,NVDA
2024-05-30,110.18582916259766,110.5,115.81900024414062,109.66300201416016,114.6500015258789,484553000,NVDA
2024-05-31,109.3212890625,109.63300323486328,112.71700286865234,106.94000244140624,112.5199966430664,613263000,NVDA
2024-06-03,114.67301940917967,115.0,115.0,112.00299835205078,113.62100219726562,438392000,NVDA
2024-06-04,116.10594177246094,116.43699645996094,116.5999984741211,114.04499816894533,115.71600341796876,403324000,NVDA
2024-06-05,122.09186553955078,122.44000244140624,122.4489974975586,117.46800231933594,118.37100219726562,528402000,NVDA
2024-06-06,120.65397644042967,120.9980010986328,125.58699798583984,118.31999969482422,124.0479965209961,664696000,NVDA
2024-06-07,120.54428100585938,120.88800048828124,121.69200134277344,118.02200317382812,119.7699966430664,412386000,NVDA
2024-06-10,121.44371032714844,121.79000091552734,123.0999984741211,117.01000213623048,120.37000274658205,313434100,NVDA
2024-06-11,120.5761260986328,120.91000366210938,122.87000274658205,118.73999786376952,121.7699966430664,222551200,NVDA
2024-06-12,124.8542709350586,125.1999969482422,126.87999725341795,122.56999969482422,123.05999755859376,299595000,NVDA
2024-06-13,129.25209045410156,129.61000061035156,129.8000030517578,127.16000366210938,129.38999938964844,260704500,NVDA
2024-06-14,131.51583862304688,131.8800048828125,132.83999633789062,128.32000732421875,129.9600067138672,309320400,NVDA
2024-06-17,130.61830139160156,130.97999572753906,133.72999572753906,129.5800018310547,132.99000549316406,288504400,NVDA
2024-06-18,135.2056121826172,135.5800018310547,136.3300018310547,130.69000244140625,131.13999938964844,294335100,NVDA
2024-06-20,130.41885375976562,130.77999877929688,140.75999450683594,129.52000427246094,139.8000030517578,517768400,NVDA
2024-06-21,126.22049713134766,126.56999969482422,130.6300048828125,124.3000030517578,127.12000274658205,649445800,NVDA
2024-06-24,117.78385162353516,118.11000061035156,124.45999908447266,118.04000091552734,123.23999786376952,476060900,NVDA
2024-06-25,125.74180603027344,126.08999633789062,126.5,119.31999969482422,121.1999969482422,414192600,NVDA
2024-06-26,126.05096435546876,126.4000015258789,128.1199951171875,122.5999984741211,126.12999725341795,362975900,NVDA
2024-06-27,123.64762115478516,123.98999786376952,126.41000366210938,122.91999816894533,124.0999984741211,252571700,NVDA
2024-06-28,123.19886779785156,123.54000091552734,127.70999908447266,122.75,124.58000183105467,315516700,NVDA
2024-07-01,123.95675659179688,124.3000030517578,124.83999633789062,118.83000183105467,123.47000122070312,284885500,NVDA
2024-07-02,122.33124542236328,122.66999816894533,123.41000366210938,121.02999877929688,121.12999725341795,218374000,NVDA
2024-07-03,127.92576599121094,128.27999877929688,128.27999877929688,121.36000061035156,121.66000366210938,215749000,NVDA
2024-07-05,125.48252868652344,125.83000183105467,128.85000610351562,125.68000030517578,127.37999725341795,214176700,NVDA
2024-07-08,127.8459701538086,128.1999969482422,130.77000427246094,127.04000091552734,127.48999786376952,237677300,NVDA
2024-07-09,131.01724243164062,131.3800048828125,133.82000732421875,128.64999389648438,130.35000610351562,285366600,NVDA
2024-07-10,134.53744506835938,134.91000366210938,135.10000610351562,132.4199981689453,134.02999877929688,248978600,NVDA
2024-07-11,127.04818725585938,127.4000015258789,136.14999389648438,127.0500030517578,135.75,374782700,NVDA
2024-07-12,128.88311767578125,129.24000549316406,131.9199981689453,127.22000122070312,128.25999450683594,252680500,NVDA
2024-07-15,128.0853271484375,128.44000244140625,131.38999938964844,127.18000030517578,130.55999755859375,208326200,NVDA
2024-07-16,126.01107788085938,126.36000061035156,129.0399932861328,124.58000183105467,128.44000244140625,214769500,NVDA
2024-07-17,117.6641845703125,117.98999786376952,121.8499984741211,116.72000122070312,121.3499984741211,390086200,NVDA
2024-07-18,120.75562286376952,121.08999633789062,122.4000015258789,116.55999755859376,121.8499984741211,320979500,NVDA
2024-07-19,117.6043472290039,117.93000030517578,121.5999984741211,117.37000274658205,120.3499984741211,217223800,NVDA
2024-07-22,123.19886779785156,123.54000091552734,124.06999969482422,119.86000061035156,120.3499984741211,258068900,NVDA
2024-07-23,122.25147247314452,122.58999633789062,124.69000244140624,122.0999984741211,122.77999877929688,173911000,NVDA
2024-07-24,113.9345245361328,114.25,119.9499969482422,113.44000244140624,119.16999816894533,327776900,NVDA
2024-07-25,111.96995544433594,112.27999877929688,116.62999725341795,106.3000030517578,113.04000091552734,460067000,NVDA
2024-07-26,112.74778747558594,113.05999755859376,116.1999969482422,111.58000183105467,116.19000244140624,293399100,NVDA
2024-07-29,111.28184509277344,111.58999633789062,116.27999877929688,111.3000030517578,113.69000244140624,248152100,NVDA
2024-07-30,103.4435577392578,103.7300033569336,111.98999786376952,102.54000091552734,111.5199966430664,486833300,NVDA
2024-07-31,116.69686889648438,117.0199966430664,118.33999633789062,110.87999725341795,112.9000015258789,473174200,NVDA
2024-08-01,108.90843200683594,109.20999908447266,120.16000366210938,106.80999755859376,117.52999877929688,523462300,NVDA
2024-08-02,106.9737777709961,107.2699966430664,108.72000122070312,101.37000274658205,103.76000213623048,482027500,NVDA
2024-08-05,100.17261505126952,100.4499969482422,103.41000366210938,90.69000244140624,92.05999755859376,552842400,NVDA
2024-08-06,103.96212005615234,104.25,107.70999908447266,100.5500030517578,103.83999633789062,409012100,NVDA
2024-08-07,98.63687133789062,98.91000366210938,108.8000030517578,98.69000244140624,107.80999755859376,411440400,NVDA
2024-08-08,104.6801300048828,104.97000122070312,105.5,97.5199966430664,102.0,391910000,NVDA
2024-08-09,104.46074676513672,104.75,106.5999984741211,103.43000030517578,105.63999938964844,290844200,NVDA
2024-08-12,108.7189483642578,109.0199966430664,111.06999969482422,106.26000213623048,106.31999969482422,325559900,NVDA
2024-08-13,115.81929779052734,116.13999938964844,116.2300033569336,111.58000183105467,112.44000244140624,312646700,NVDA
2024-08-14,117.75393676757812,118.08000183105467,118.5999984741211,114.06999969482422,118.52999877929688,339246400,NVDA
2024-08-15,122.52073669433594,122.86000061035156,123.23999786376952,117.47000122070312,118.76000213623048,318086700,NVDA
2024-08-16,124.2359848022461,124.58000183105467,125.0,121.18000030517578,121.94000244140624,302589900,NVDA
2024-08-19,129.6410369873047,130.0,130.0,123.41999816894533,124.27999877929688,318333600,NVDA
2024-08-20,126.89861297607422,127.25,129.8800048828125,125.88999938964844,128.39999389648438,300087400,NVDA
2024-08-21,128.14515686035156,128.5,129.35000610351562,126.66000366210938,127.31999969482422,257883600,NVDA
2024-08-22,123.39830780029295,123.73999786376952,130.75,123.0999984741211,130.02000427246094,376189100,NVDA
2024-08-23,129.01275634765625,129.3699951171875,129.60000610351562,125.22000122070312,125.86000061035156,323230300,NVDA
2024-08-26,126.11080169677734,126.45999908447266,131.25999450683594,124.37000274658205,129.57000732421875,331964700,NVDA
2024-08-27,127.94572448730467,128.3000030517578,129.1999969482422,123.87999725341795,125.0500030517578,303134600,NVDA
2024-08-28,125.26315307617188,125.61000061035156,128.3300018310547,122.63999938964844,128.1199951171875,448101100,NVDA
2024-08-29,117.26529693603516,117.58999633789062,124.43000030517578,116.70999908447266,121.36000061035156,453023300,NVDA
2024-08-30,119.04037475585938,119.37000274658205,121.75,117.22000122070312,119.52999877929688,333751600,NVDA
2024-09-03,107.70177459716795,108.0,116.20999908447266,107.29000091552734,116.01000213623048,477155100,NVDA
2024-09-04,105.91670989990234,106.20999908447266,113.2699966430664,104.12000274658205,105.41000366210938,372470300,NVDA
2024-09-05,106.91395568847656,107.20999908447266,109.6500015258789,104.76000213623048,104.98999786376952,306850700,NVDA
2024-09-06,102.54606628417967,102.83000183105467,108.1500015258789,100.9499969482422,108.04000091552734,413638100,NVDA
2024-09-09,106.17599487304688,106.47000122070312,106.5500030517578,103.69000244140624,104.87999725341795,273912000,NVDA
2024-09-10,107.8014907836914,108.0999984741211,109.4000015258789,104.9499969482422,107.80999755859376,268283700,NVDA
2024-09-11,116.5871810913086,116.91000366210938,117.19000244140624,107.41999816894533,109.38999938964844,441422400,NVDA
2024-09-12,118.82118225097656,119.13999938964844,120.79000091552734,115.37999725341795,116.83999633789062,366052700,NVDA
2024-09-13,118.78128051757812,119.0999984741211,119.95999908447266,117.5999984741211,119.08000183105467,238358300,NVDA
2024-09-16,116.46749114990234,116.77999877929688,118.18000030517578,114.36000061035156,116.79000091552734,248772300,NVDA
2024-09-17,115.28067779541016,115.58999633789062,118.8000030517578,114.83000183105467,118.16999816894533,231925900,NVDA
2024-09-18,113.0666275024414,113.37000274658205,117.6999969482422,113.22000122070312,115.88999938964844,310318900,NVDA
2024-09-19,117.55457305908205,117.87000274658205,119.66000366210938,117.25,117.3499984741211,293506400,NVDA
2024-09-20,115.68958282470705,116.0,118.62000274658205,115.38999938964844,117.05999755859376,382462400,NVDA
2024-09-23,115.94889068603516,116.26000213623048,116.98999786376952,114.86000061035156,116.5500030517578,206228500,NVDA
2024-09-24,120.54655456542967,120.87000274658205,121.8000030517578,115.37999725341795,116.5199966430664,354966800,NVDA
2024-09-25,123.17948150634766,123.51000213623048,124.94000244140624,121.61000061035156,122.0199966430664,284692900,NVDA
2024-09-26,123.70806121826172,124.04000091552734,127.66999816894533,121.8000030517578,126.8000030517578,302582900,NVDA
2024-09-27,121.07512664794922,121.4000015258789,124.02999877929688,119.26000213623048,123.97000122070312,271009200,NVDA
2024-09-30,121.11502838134766,121.44000244140624,121.5,118.1500015258789,118.30999755859376,226553700,NVDA
2024-10-01,116.68689727783205,117.0,122.44000244140624,115.79000091552734,121.7699966430664,302094500,NVDA
2024-10-02,118.53194427490234,118.8499984741211,119.37999725341795,115.13999938964844,116.44000244140624,221845900,NVDA
2024-10-03,122.52124786376952,122.8499984741211,124.36000061035156,120.33999633789062,120.91999816894533,277118000,NVDA
2024-10-04,124.58570861816406,124.91999816894533,125.04000091552734,121.83000183105467,124.94000244140624,243678100,NVDA
2024-10-07,127.3782196044922,127.72000122070312,130.63999938964844,124.9499969482422,124.98999786376952,346250200,NVDA
2024-10-08,132.53436279296875,132.88999938964844,133.47999572753906,129.4199981689453,130.25999450683594,285722500,NVDA
2024-10-09,132.29502868652344,132.64999389648438,134.52000427246094,131.3800048828125,134.11000061035156,246191600,NVDA
2024-10-10,134.44924926757812,134.80999755859375,135.0,131.0,131.91000366210938,242311300,NVDA
2024-10-11,134.43927001953125,134.8000030517578,135.77999877929688,133.66000366210938,134.00999450683594,170209500,NVDA
2024-10-14,137.7005157470703,138.07000732421875,139.60000610351562,136.3000030517578,136.47000122070312,232347700,NVDA
2024-10-15,131.24783325195312,131.60000610351562,138.57000732421875,128.74000549316406,137.8699951171875,377831000,NVDA
2024-10-16,135.3568115234375,135.72000122070312,136.6199951171875,131.5800018310547,133.97999572753906,264879700,NVDA
2024-10-17,136.5635528564453,136.92999267578125,140.88999938964844,136.8699951171875,139.33999633789062,306435900,NVDA
2024-10-18,137.63070678710938,138.0,138.89999389648438,137.27999877929688,138.6699981689453,176090200,NVDA
2024-10-21,143.325439453125,143.7100067138672,143.7100067138672,138.0,138.1300048828125,264554500,NVDA
2024-10-22,143.20571899414062,143.58999633789062,144.4199981689453,141.77999877929688,142.91000366210938,226311600,NVDA
2024-10-23,139.1865234375,139.55999755859375,142.42999267578125,137.4600067138672,142.02999877929688,285930000,NVDA
2024-10-24,140.03427124023438,140.41000366210938,141.35000610351562,138.4600067138672,140.82000732421875,172354900,NVDA
2024-10-25,141.16122436523438,141.5399932861328,144.1300048828125,140.8000030517578,140.92999267578125,205122100,NVDA
2024-10-28,140.1439666748047,140.52000427246094,143.13999938964844,140.0500030517578,143.0,173586700,NVDA
2024-10-29,140.8720245361328,141.25,142.25999450683594,138.89999389648438,140.2899932861328,157593600,NVDA
2024-10-30,138.96710205078125,139.33999633789062,140.3300018310547,136.80999755859375,139.5399932861328,179418100,NVDA
2024-10-31,132.4047088623047,132.75999450683594,137.61000061035156,132.11000061035156,137.60000610351562,270039600,NVDA
2024-11-01,135.03765869140625,135.39999389648438,137.30999755859375,134.57000732421875,134.6999969482422,207127800,NVDA
2024-11-04,135.68589782714844,136.0500030517578,138.9600067138672,135.57000732421875,137.2100067138672,187528200,NVDA
2024-11-05,139.53561401367188,139.91000366210938,140.3699951171875,137.3300018310547,137.4499969482422,160537400,NVDA
2024-11-06,145.2203369140625,145.61000061035156,146.49000549316406,141.9600067138672,142.9600067138672,242043900,NVDA
2024-11-07,148.48158264160156,148.8800048828125,148.92999267578125,146.1699981689453,146.38999938964844,207323300,NVDA
2024-11-08,147.23492431640625,147.6300048828125,149.77000427246094,146.25999450683594,148.77000427246094,175665800,NVDA
2024-11-11,144.87127685546875,145.25999450683594,148.85000610351562,143.57000732421875,148.67999267578125,182325600,NVDA
2024-11-12,147.89315795898438,148.2899932861328,149.64999389648438,146.00999450683594,146.77999877929688,198634700,NVDA
2024-11-13,145.87857055664062,146.27000427246094,149.3300018310547,145.89999389648438,149.07000732421875,191903300,NVDA
2024-11-14,146.36727905273438,146.75999450683594,149.0,145.5500030517578,147.63999938964844,194463300,NVDA
2024-11-15,141.6000213623047,141.97999572753906,145.24000549316406,140.0800018310547,144.8699951171875,250132900,NVDA
2024-11-18,139.7749481201172,140.14999389648438,141.5500030517578,137.14999389648438,139.5,221205300,NVDA
2024-11-19,146.61659240722656,147.00999450683594,147.1300048828125,140.99000549316406,141.32000732421875,227834900,NVDA
2024-11-20,145.49960327148438,145.88999938964844,147.55999755859375,142.72999572753906,147.41000366210938,309871700,NVDA
2024-11-21,146.27748107910156,146.6699981689453,152.88999938964844,140.6999969482422,149.35000610351562,400946600,NVDA
2024-11-22,141.57012939453125,141.9499969482422,147.16000366210938,141.10000610351562,145.92999267578125,236406200,NVDA
2024-11-25,135.656005859375,136.02000427246094,142.0500030517578,135.82000732421875,141.99000549316406,344941900,NVDA
2024-11-26,136.5535888671875,136.9199981689453,139.3000030517578,135.6699981689453,137.6999969482422,190287700,NVDA
2024-11-27,134.97781372070312,135.33999633789062,137.22000122070312,131.8000030517578,135.00999450683594,226370900,NVDA
2024-11-29,137.88003540039062,138.25,139.35000610351562,136.0500030517578,136.77999877929688,141863200,NVDA
2024-12-02,138.25904846191406,138.6300048828125,140.4499969482422,137.82000732421875,138.8300018310547,171682800,NVDA
2024-12-03,139.88465881347656,140.25999450683594,140.5399932861328,137.9499969482422,138.25999450683594,164414000,NVDA
2024-12-04,144.7515869140625,145.13999938964844,145.7899932861328,140.2899932861328,142.0,231224300,NVDA
2024-12-05,144.68177795410156,145.05999755859375,146.5399932861328,143.9499969482422,145.11000061035156,172621200,NVDA
2024-12-06,142.06863403320312,142.44000244140625,145.6999969482422,141.30999755859375,144.60000610351562,188505600,NVDA
2024-12-09,138.4480743408203,138.80999755859375,139.9499969482422,137.1300048828125,138.97000122070312,189308600,NVDA
2024-12-10,134.71783447265625,135.07000732421875,141.82000732421875,133.7899932861328,139.00999450683594,210020900,NVDA
2024-12-11,138.94676208496094,139.30999755859375,140.1699981689453,135.2100067138672,137.36000061035156,184905200,NVDA
2024-12-12,136.98191833496094,137.33999633789062,138.44000244140625,135.8000030517578,137.0800018310547,159211400,NVDA
2024-12-13,133.8999786376953,134.25,139.60000610351562,132.5399932861328,138.94000244140625,231514900,NVDA
2024-12-16,131.65582275390625,132.0,134.39999389648438,130.4199981689453,134.17999267578125,237951100,NVDA
2024-12-17,130.05001831054688,130.38999938964844,131.58999633789062,126.86000061035156,129.08999633789062,259410300,NVDA
2024-12-18,128.5738983154297,128.91000366210938,136.6999969482422,128.27999877929688,133.86000061035156,277444500,NVDA
2024-12-19,130.33924865722656,130.67999267578125,134.02999877929688,129.5500030517578,131.75999450683594,209719200,NVDA
2024-12-20,134.34878540039062,134.6999969482422,135.27999877929688,128.22000122070312,129.80999755859375,306528600,NVDA
2024-12-23,139.3058319091797,139.6699981689453,139.7899932861328,135.1199951171875,136.27999877929688,176053500,NVDA
2024-12-24,139.8544158935547,140.22000122070312,141.89999389648438,138.64999389648438,140.0,105157000,NVDA
2024-12-26,139.56515502929688,139.92999267578125,140.85000610351562,137.72999572753906,139.6999969482422,116205600,NVDA
2024-12-27,136.6527557373047,137.00999450683594,139.02000427246094,134.7100067138672,138.5500030517578,170582600,NVDA
2024-12-30,137.13153076171875,137.49000549316406,140.27000427246094,134.02000427246094,134.8300018310547,167734700,NVDA
2024-12-31,133.9398651123047,134.2899932861328,138.07000732421875,133.8300018310547,138.02999877929688,155659200,NVDA
2025-01-02,137.94937133789062,138.30999755859375,138.8800048828125,134.6300048828125,136.0,198247200,NVDA
2025-01-03,144.0933074951172,144.47000122070312,144.89999389648438,139.72999572753906,140.00999450683594,229322500,NVDA
2025-01-06,149.04037475585938,149.42999267578125,152.16000366210938,147.82000732421875,148.58999633789062,265377400,NVDA
2025-01-07,139.77459716796875,140.13999938964844,153.1300048828125,140.00999450683594,153.02999877929688,351782200,NVDA
2025-01-08,139.74468994140625,140.11000061035156,143.9499969482422,137.55999755859375,142.5800018310547,227349900,NVDA
2025-01-10,135.55563354492188,135.91000366210938,139.9199981689453,134.22000122070312,137.4499969482422,207602500,NVDA
2025-01-13,132.8826141357422,133.22999572753906,133.49000549316406,129.50999450683594,129.99000549316406,204808900,NVDA
2025-01-14,131.4164581298828,131.75999450683594,136.3800048828125,130.0500030517578,136.0500030517578,195590500,NVDA
2025-01-15,135.88479614257812,136.24000549316406,136.4499969482422,131.2899932861328,133.64999389648438,185217300,NVDA
2025-01-16,133.22174072265625,133.57000732421875,138.75,133.49000549316406,138.63999938964844,209235600,NVDA
2025-01-17,137.35096740722656,137.7100067138672,138.5,135.4600067138672,136.69000244140625,201188800,NVDA
2025-01-21,140.46279907226562,140.8300018310547,141.8300018310547,137.08999633789062,139.16000366210938,197749000,NVDA
2025-01-22,146.68655395507812,147.07000732421875,147.7899932861328,143.6699981689453,144.66000366210938,237651400,NVDA
2025-01-23,146.83615112304688,147.22000122070312,147.22999572753906,143.72000122070312,145.0500030517578,155915500,NVDA
2025-01-24,142.2481231689453,142.6199951171875,148.97000122070312,141.8800048828125,148.3699951171875,234657600,NVDA
2025-01-27,118.11123657226562,118.41999816894533,128.39999389648438,116.6999969482422,124.8000030517578,818830900,NVDA
2025-01-28,128.65367126464844,128.99000549316406,129.0,116.25,121.80999755859376,579666400,NVDA
2025-01-29,123.37747955322266,123.6999969482422,126.88999938964844,120.0500030517578,126.5,467120600,NVDA
2025-01-30,124.32500457763672,124.6500015258789,125.0,118.0999984741211,123.0999984741211,392925500,NVDA
2025-01-31,119.75694274902344,120.06999969482422,127.8499984741211,119.19000244140624,123.77999877929688,388161100,NVDA
2025-02-03,116.3558349609375,116.66000366210938,118.56999969482422,113.01000213623048,114.75,371235700,NVDA
2025-02-04,118.34063720703124,118.6500015258789,121.1999969482422,116.6999969482422,116.95999908447266,256550000,NVDA
2025-02-05,124.5045166015625,124.83000183105467,125.0,120.76000213623048,121.76000213623048,262230800,NVDA
2025-02-06,128.34449768066406,128.67999267578125,128.77000427246094,125.20999908447266,127.41999816894533,251483600,NVDA
2025-02-07,129.50143432617188,129.83999633789062,130.3699951171875,125.0,129.22000122070312,228186300,NVDA
2025-02-10,133.22174072265625,133.57000732421875,135.0,129.9600067138672,130.08999633789062,216989100,NVDA
2025-02-11,132.45375061035156,132.8000030517578,134.47999572753906,131.02000427246094,132.5800018310547,178902400,NVDA
2025-02-12,130.79808044433594,131.13999938964844,132.24000549316406,129.0800018310547,130.02000427246094,160278600,NVDA
2025-02-13,134.937255859375,135.2899932861328,136.5,131.1699981689453,131.55999755859375,197430000,NVDA
2025-02-14,138.4879913330078,138.85000610351562,139.25,135.5,136.47999572753906,195479600,NVDA
2025-02-18,139.0365447998047,139.39999389648438,143.44000244140625,137.92999267578125,141.27000427246094,219176600,NVDA
2025-02-19,138.86697387695312,139.22999572753906,141.36000061035156,137.22000122070312,139.50999450683594,167536000,NVDA
2025-02-20,139.74468994140625,140.11000061035156,140.66000366210938,136.7899932861328,140.02999877929688,143903600,NVDA
2025-02-21,134.07948303222656,134.42999267578125,141.4600067138672,134.02999877929688,140.0399932861328,228217600,NVDA
2025-02-24,129.94033813476562,130.27999877929688,138.58999633789062,130.0800018310547,136.55999755859375,251381100,NVDA
2025-02-25,126.2998275756836,126.62999725341795,130.1999969482422,124.44000244140624,129.97999572753906,271428700,NVDA
2025-02-26,130.9376983642578,131.27999877929688,133.72999572753906,128.49000549316406,129.99000549316406,322553800,NVDA
2025-02-27,119.83673095703124,120.1500015258789,135.00999450683594,120.01000213623048,135.0,443175800,NVDA
2025-02-28,124.59429168701172,124.91999816894533,125.08999633789062,116.4000015258789,118.0199966430664,389091100,NVDA
2025-03-03,113.76261138916016,114.05999755859376,123.6999969482422,112.27999877929688,123.51000213623048,411381400,NVDA
2025-03-04,115.68757629394533,115.98999786376952,119.30999755859376,110.11000061035156,110.6500015258789,398163300,NVDA
2025-03-05,116.99415588378906,117.3000030517578,118.27999877929688,114.51000213623048,117.58000183105467,284337900,NVDA
2025-03-06,110.28170776367188,110.56999969482422,115.3499984741211,110.22000122070312,113.52999877929688,321181900,NVDA
2025-03-07,112.39618682861328,112.69000244140624,113.4800033569336,107.55999755859376,111.25,341755500,NVDA
2025-03-10,106.7010726928711,106.9800033569336,111.8499984741211,105.45999908447266,109.9000015258789,366487400,NVDA
2025-03-11,108.4764175415039,108.76000213623048,112.23999786376952,104.7699966430664,106.98999786376952,354865700,NVDA
2025-03-12,115.44884490966795,115.73999786376952,116.76000213623048,112.87999725341795,114.12000274658205,323857500,NVDA
2025-03-13,115.28925323486328,115.58000183105467,117.76000213623048,113.79000091552734,117.02999877929688,299033100,NVDA
2025-03-14,121.36392211914062,121.66999816894533,121.87999725341795,118.1500015258789,118.61000061035156,277593500,NVDA
2025-03-17,119.22930908203124,119.52999877929688,122.88999938964844,118.02999877929688,122.73999786376952,255501500,NVDA
2025-03-18,115.1396255493164,115.43000030517578,119.0199966430664,114.54000091552734,118.0,299686900,NVDA
2025-03-19,117.224365234375,117.5199966430664,120.4499969482422,115.68000030517578,117.2699966430664,273426200,NVDA
2025-03-20,118.23181915283205,118.52999877929688,120.1999969482422,116.47000122070312,116.5500030517578,248829700,NVDA
2025-03-21,117.4039077758789,117.6999969482422,117.98999786376952,115.41999816894533,116.94000244140624,266498500,NVDA
2025-03-24,121.1045913696289,121.41000366210938,122.22000122070312,119.33999633789062,119.87999725341795,228452500,NVDA
2025-03-25,120.38638305664062,120.69000244140624,121.29000091552734,118.91999816894533,120.5500030517578,167447200,NVDA
2025-03-26,113.47382354736328,113.76000213623048,118.83999633789062,112.70999908447266,118.7300033569336,293463300,NVDA
2025-03-27,111.14968872070312,111.43000030517578,114.4499969482422,110.66000366210938,111.3499984741211,236902100,NVDA
2025-03-28,109.39411926269533,109.66999816894533,112.87000274658205,109.06999969482422,111.48999786376952,229872500,NVDA
2025-03-31,108.10736083984376,108.37999725341795,110.95999908447266,103.6500015258789,105.12999725341795,299212700,NVDA
2025-04-01,109.87291717529295,110.1500015258789,110.1999969482422,106.47000122070312,108.5199966430664,222614000,NVDA
2025-04-02,110.14221954345705,110.41999816894533,111.9800033569336,106.79000091552734,107.29000091552734,220601200,NVDA
2025-04-03,101.54391479492188,101.8000030517578,105.62999725341795,101.5999984741211,103.51000213623048,338769400,NVDA
2025-04-04,94.07274627685548,94.30999755859376,100.12999725341795,92.11000061035156,98.91000366210938,532273800,NVDA
2025-04-07,97.39436340332033,97.63999938964844,101.75,86.62000274658203,87.45999908447266,611041300,NVDA
2025-04-08,96.05775451660156,96.3000030517578,105.8499984741211,94.45999908447266,103.80999755859376,476243400,NVDA
2025-04-09,114.04239654541016,114.33000183105467,115.0999984741211,97.52999877929688,98.88999938964844,612918300,NVDA
2025-04-10,107.29939270019533,107.56999969482422,110.86000061035156,99.1500015258789,109.37000274658205,437812400,NVDA
2025-04-11,110.65093994140624,110.93000030517578,111.5500030517578,107.4800033569336,108.5,313417300,NVDA
2025-04-14,110.43150329589844,110.70999908447266,114.29000091552734,109.06999969482422,114.11000061035156,264705000,NVDA
2025-04-15,111.9177474975586,112.1999969482422,113.62000274658205,110.5,110.97000122070312,228966900,NVDA
2025-04-16,104.22714233398438,104.48999786376952,106.79000091552734,100.4499969482422,104.5500030517578,397016900,NVDA
2025-04-17,101.23469543457033,101.48999786376952,104.47000122070312,100.0500030517578,104.4499969482422,292517500,NVDA
2025-04-21,96.66622924804688,96.91000366210938,99.44000244140624,95.04000091552734,98.7699966430664,288501100,NVDA
2025-04-22,98.64122009277344,98.88999938964844,99.80999755859376,97.27999877929688,98.77999877929688,241004800,NVDA
2025-04-23,102.4516143798828,102.70999908447266,104.8000030517578,102.0199966430664,104.5199966430664,247526000,NVDA
2025-04-24,106.16226196289062,106.43000030517578,106.54000091552734,103.11000061035156,103.4800033569336,220815000,NVDA
2025-04-25,110.73075103759766,111.01000213623048,111.91999816894533,105.7300033569336,106.8499984741211,251064700,NVDA
2025-04-28,108.45648193359376,108.7300033569336,110.37000274658205,106.0199966430664,109.69000244140624,207708500,NVDA
2025-04-29,108.74574279785156,109.0199966430664,110.1999969482422,107.44000244140624,107.66999816894533,170444300,NVDA
2025-04-30,108.64599609375,108.91999816894533,108.91999816894533,104.08000183105467,104.47000122070312,235044600,NVDA
2025-05-01,111.32923889160156,111.61000061035156,114.94000244140624,111.3000030517578,113.08000183105467,236121500,NVDA
2025-05-02,114.21196746826172,114.5,115.4000015258789,113.37000274658205,114.18000030517578,190194800,NVDA
2025-05-05,113.53368377685548,113.81999969482422,114.66999816894533,112.66000366210938,112.91000366210938,133163200,NVDA
2025-05-06,113.25437927246094,113.54000091552734,114.73999786376952,110.81999969482422,111.4800033569336,158525600,NVDA
2025-05-07,116.7655258178711,117.05999755859376,117.68000030517578,112.27999877929688,113.0500030517578,206758800,NVDA
2025-05-08,117.07474517822266,117.37000274658205,118.68000030517578,115.8499984741211,118.25,198428100,NVDA
2025-05-09,116.3565673828125,116.6500015258789,118.2300033569336,115.20999908447266,117.3499984741211,132972200,NVDA
2025-05-12,122.6905746459961,123.0,123.0,120.27999877929688,121.97000122070312,225023300,NVDA
2025-05-13,129.60313415527344,129.92999267578125,131.22000122070312,124.47000122070312,124.9800033569336,330430100,NVDA
2025-05-14,134.99954223632812,135.33999633789062,135.44000244140625,131.67999267578125,133.1999969482422,281180800,NVDA
2025-05-15,134.49082946777344,134.8300018310547,136.3000030517578,132.66000366210938,134.2899932861328,226632600,NVDA
2025-05-16,135.05938720703125,135.39999389648438,136.35000610351562,133.4600067138672,136.22000122070312,226542500,NVDA
2025-05-19,135.22897338867188,135.57000732421875,135.8699951171875,132.38999938964844,132.38999938964844,193154600,NVDA
2025-05-20,134.0419464111328,134.3800048828125,134.5800018310547,132.6199951171875,134.2899932861328,161514200,NVDA
2025-05-21,131.4684600830078,131.8000030517578,137.39999389648438,130.58999633789062,133.05999755859375,270608700,NVDA
2025-05-22,132.49586486816406,132.8300018310547,134.25,131.5500030517578,132.22999572753906,187344000,NVDA
2025-05-23,130.959716796875,131.2899932861328,132.67999267578125,129.16000366210938,130.0,198821300,NVDA
2025-05-27,135.15911865234375,135.5,135.66000366210938,133.30999755859375,134.14999389648438,192953600,NVDA
2025-05-28,134.4708709716797,134.80999755859375,137.25,134.7899932861328,136.02999877929688,304021100,NVDA
2025-05-29,138.83984375,139.19000244140625,143.49000549316406,137.91000366210938,142.25,369241900,NVDA
2025-05-30,134.7900848388672,135.1300048828125,139.6199951171875,132.9199981689453,138.72000122070312,333170900,NVDA
2025-06-02,137.03440856933594,137.3800048828125,138.1199951171875,135.39999389648438,135.49000549316406,197663100,NVDA
2025-06-03,140.86474609375,141.22000122070312,142.0,137.9499969482422,138.77999877929688,225578800,NVDA
2025-06-04,141.56300354003906,141.9199981689453,142.38999938964844,139.5399932861328,142.19000244140625,167120800,NVDA
2025-06-05,139.63783264160156,139.99000549316406,144.0,138.8300018310547,142.1699981689453,231397900,NVDA
2025-06-06,141.3634796142578,141.72000122070312,143.27000427246094,141.50999450683594,142.50999450683594,153986200,NVDA
2025-06-09,142.27122497558594,142.6300048828125,145.0,141.94000244140625,143.19000244140625,185114500,NVDA
2025-06-10,143.59783935546875,143.9600067138672,144.2899932861328,141.52999877929688,142.69000244140625,155881900,NVDA
2025-06-11,142.48057556152344,142.8300018310547,144.99000549316406,141.8699951171875,144.61000061035156,167694000,NVDA
2025-06-12,144.64527893066406,145.0,145.0,141.85000610351562,141.97000122070312,162365000,NVDA
2025-06-13,141.6226806640625,141.97000122070312,143.5800018310547,140.85000610351562,142.47999572753906,180820600,NVDA
2025-06-16,144.33602905273438,144.69000244140625,146.17999267578125,143.1999969482422,143.35000610351562,183133700,NVDA
2025-06-17,143.76742553710938,144.1199951171875,145.22000122070312,143.77999877929688,144.49000549316406,139108000,NVDA
2025-06-18,145.12408447265625,145.47999572753906,145.64999389648438,143.1199951171875,144.00999450683594,161494100,NVDA
2025-06-20,143.49807739257812,143.85000610351562,146.1999969482422,142.64999389648438,145.4499969482422,242956200,NVDA
2025-06-23,143.8173065185547,144.1699981689453,144.77999877929688,142.02999877929688,142.5,154308900,NVDA
2025-06-24,147.53817749023438,147.89999389648438,147.9600067138672,145.5,145.55999755859375,187566100,NVDA
2025-06-25,153.93251037597656,154.30999755859375,154.4499969482422,149.25999450683594,149.27000427246094,269146500,NVDA
2025-06-26,154.64076232910156,155.02000427246094,156.72000122070312,154.0,155.97999572753906,198145700,NVDA
2025-06-27,157.3640899658203,157.75,158.7100067138672,155.25999450683594,156.0399932861328,263234500,NVDA
2025-06-30,157.603515625,157.99000549316406,158.66000366210938,155.9600067138672,158.39999389648438,194580300,NVDA
2025-07-01,152.92498779296875,153.3000030517578,157.1999969482422,151.49000549316406,156.2899932861328,213143600,NVDA
2025-07-02,156.8653106689453,157.25,157.60000610351562,152.97000122070312,152.97999572753906,171224100,NVDA
2025-07-03,158.9501953125,159.33999633789062,160.97999572753906,157.77000427246094,158.3699951171875,143716100,NVDA
2025-07-07,157.8529052734375,158.24000549316406,159.30999755859375,157.33999633789062,158.1999969482422,140139000,NVDA
2025-07-08,159.60858154296875,160.0,160.22000122070312,158.38999938964844,159.3300018310547,138133000,NVDA
2025-07-09,162.48153686523438,162.8800048828125,164.4199981689453,161.16000366210938,161.22000122070312,183656400,NVDA
2025-07-10,163.69857788085938,164.10000610351562,164.5,161.61000061035156,164.32000732421875,167704100,NVDA
2025-07-11,164.5165557861328,164.9199981689453,167.88999938964844,163.47000122070312,163.72000122070312,193633300,NVDA
2025-07-14,163.66864013671875,164.07000732421875,165.49000549316406,162.02000427246094,165.3699951171875,136975800,NVDA
2025-07-15,170.28240966796875,170.6999969482422,172.39999389648438,169.1999969482422,171.19000244140625,230627400,NVDA
2025-07-16,170.9507598876953,171.3699951171875,171.75,168.89999389648438,171.05999755859375,158831500,NVDA
2025-07-17,172.5767822265625,173.0,174.16000366210938,170.8300018310547,172.02000427246094,160841100,NVDA
2025-07-18,171.98822021484375,172.41000366210938,174.25,171.25999450683594,173.63999938964844,146456400,NVDA
2025-07-21,170.9607391357422,171.3800048828125,173.3800048828125,171.0,172.75,123126100,NVDA
2025-07-22,166.62139892578125,167.02999877929688,171.38999938964844,164.5800018310547,171.33999633789062,193114300,NVDA
2025-07-23,170.36219787597656,170.77999877929688,171.25999450683594,167.97000122070312,169.52999877929688,154082200,NVDA
2025-07-24,173.3149871826172,173.74000549316406,173.8300018310547,171.3000030517578,172.44000244140625,128984600,NVDA
2025-07-25,173.07557678222656,173.5,174.72000122070312,172.9600067138672,173.61000061035156,122316800,NVDA
2025-07-28,176.317626953125,176.75,177.0,173.97000122070312,174.02000427246094,140023500,NVDA
2025-07-29,175.0806121826172,175.50999450683594,179.3800048828125,175.02000427246094,177.9600067138672,154077500,NVDA
2025-07-30,178.83145141601562,179.27000427246094,179.88999938964844,176.0399932861328,176.50999450683594,174312200,NVDA
2025-07-31,177.43487548828125,177.8699951171875,183.3000030517578,175.92999267578125,182.8999938964844,221685400,NVDA
2025-08-01,173.29502868652344,173.72000122070312,176.5399932861328,170.88999938964844,174.08999633789062,204529000,NVDA
2025-08-04,179.55967712402344,180.0,180.1999969482422,174.52000427246094,175.16000366210938,148174600,NVDA
2025-08-05,177.82391357421875,178.25999450683594,180.259994506836,175.89999389648438,179.6199951171875,156407600,NVDA
2025-08-06,178.9810791015625,179.4199981689453,179.89999389648438,176.25,176.3300018310547,137192300,NVDA
2025-08-07,180.3277740478516,180.7700042724609,183.8800048828125,178.8000030517578,181.57000732421875,151878400,NVDA
2025-08-08,182.2530517578125,182.6999969482422,183.3000030517578,180.3999938964844,181.5500030517578,123396700,NVDA
2025-08-11,181.61460876464844,182.0599975585937,183.83999633789065,180.25,182.0500030517578,138323200,NVDA
2025-08-12,182.71192932128903,183.1600036621093,184.47999572753903,179.4600067138672,182.9600067138672,145485700,NVDA
2025-08-13,181.145751953125,181.58999633789065,183.97000122070312,179.35000610351562,182.6199951171875,179871700,NVDA
2025-08-14,181.57470703125,182.0200042724609,183.0200042724609,179.4600067138672,179.75,129554000,NVDA
2025-08-15,180.008544921875,180.4499969482422,181.8999938964844,178.0399932861328,181.8800048828125,156602200,NVDA
2025-08-18,181.56472778320312,182.009994506836,182.94000244140625,180.58999633789065,180.6000061035156,132008000,NVDA
2025-08-19,175.2103271484375,175.63999938964844,182.5,175.49000549316406,182.42999267578125,185229200,NVDA
2025-08-20,174.97091674804688,175.39999389648438,176.0,168.8000030517578,175.1699981689453,215142700,NVDA
2025-08-21,174.5519256591797,174.97999572753906,176.89999389648438,173.80999755859375,174.85000610351562,140040900,NVDA
2025-08-22,177.55458068847656,177.99000549316406,178.58999633789062,171.1999969482422,172.61000061035156,172789400,NVDA
2025-08-25,179.37013244628906,179.80999755859375,181.9100036621093,176.57000732421875,178.35000610351562,163012800,NVDA
2025-08-26,181.3253173828125,181.7700042724609,182.38999938964844,178.80999755859375,180.05999755859375,168688200,NVDA
2025-08-27,181.15576171875,181.6000061035156,182.4900054931641,179.10000610351562,181.97999572753903,235518900,NVDA
2025-08-28,179.72923278808594,180.1699981689453,184.47000122070312,176.41000366210938,180.82000732421875,281787800,NVDA
2025-08-29,173.75389099121094,174.17999267578125,178.14999389648438,173.14999389648438,178.11000061035156,243257900,NVDA
2025-09-02,170.36219787597656,170.77999877929688,172.3800048828125,167.22000122070312,170.0,231164900,NVDA
2025-09-03,170.20260620117188,170.6199951171875,172.41000366210938,168.8800048828125,171.05999755859375,164424900,NVDA
2025-09-04,171.2400665283203,171.66000366210938,171.86000061035156,169.41000366210938,170.57000732421875,141670100,NVDA
2025-09-05,166.61141967773438,167.02000427246094,169.02999877929688,164.07000732421875,168.02999877929688,224441400,NVDA
2025-09-08,167.89825439453125,168.30999755859375,170.9600067138672,167.35000610351562,167.5500030517578,163769100,NVDA
2025-09-09,170.34225463867188,170.75999450683594,170.97999572753906,166.74000549316406,169.08999633789062,157548400,NVDA
2025-09-10,176.8961944580078,177.3300018310547,179.2899932861328,175.47000122070312,176.63999938964844,226852000,NVDA
2025-09-11,176.74655151367188,177.1699981689453,180.27999877929688,176.47999572753906,179.67999267578125,151159300,NVDA
2025-09-12,177.39500427246094,177.82000732421875,178.60000610351562,176.4499969482422,177.77000427246094,124911000,NVDA
2025-09-15,177.32518005371094,177.75,178.85000610351562,174.50999450683594,175.6699981689453,147061600,NVDA
2025-09-16,174.4620361328125,174.8800048828125,177.5,174.3800048828125,177.0,140737800,NVDA
2025-09-17,169.8829803466797,170.2899932861328,173.1999969482422,168.41000366210938,172.63999938964844,211843800,NVDA
2025-09-18,175.81878662109375,176.24000549316406,177.10000610351562,172.9600067138672,173.97999572753906,191763300,NVDA
2025-09-19,176.24774169921875,176.6699981689453,178.0800018310547,175.17999267578125,175.77000427246094,237182100,NVDA
2025-09-22,183.17117309570312,183.6100006103516,184.5500030517578,174.7100067138672,175.3000030517578,269637000,NVDA
2025-09-23,178.0035400390625,178.42999267578125,182.4199981689453,176.2100067138672,181.97000122070312,192559600,NVDA
2025-09-24,176.54702758789062,176.97000122070312,179.77999877929688,175.39999389648438,179.77000427246094,143564100,NVDA
2025-09-25,177.2653045654297,177.69000244140625,180.259994506836,173.1300048828125,174.47999572753906,191586700,NVDA
2025-09-26,177.76409912109375,178.19000244140625,179.77000427246094,174.92999267578125,178.1699981689453,148573700,NVDA
2025-09-29,181.4153747558593,181.8500061035156,184.0,180.32000732421875,180.42999267578125,193063500,NVDA
2025-09-30,186.13406372070312,186.5800018310547,187.3500061035156,181.47999572753903,182.0800018310547,236981000,NVDA
2025-10-01,186.79248046875,187.2400054931641,188.13999938964844,183.8999938964844,185.2400054931641,173844900,NVDA
2025-10-02,188.43853759765625,188.88999938964844,191.0500030517578,188.0599975585937,189.6000061035156,136805800,NVDA
2025-10-03,187.1715850830078,187.6199951171875,190.3600006103516,185.3800048828125,189.19000244140625,137596900,NVDA
2025-10-06,185.09654235839844,185.5399932861328,187.22999572753903,183.3300018310547,185.5,157678100,NVDA
2025-10-07,184.5977325439453,185.0399932861328,189.0599975585937,184.0,186.22999572753903,140088000,NVDA
2025-10-08,188.65802001953125,189.1100006103516,189.6000061035156,186.5399932861328,186.57000732421875,130168900,NVDA
2025-10-09,192.1097412109375,192.57000732421875,195.3000030517578,191.0599975585937,192.22999572753903,182997200,NVDA
2025-10-10,182.72222900390625,183.1600036621093,195.6199951171875,182.0500030517578,193.509994506836,268774400,NVDA
2025-10-13,187.86990356445312,188.32000732421875,190.1100006103516,185.9600067138672,187.97000122070312,153482800,NVDA
2025-10-14,179.59971618652344,180.02999877929688,184.8000030517578,179.6999969482422,184.7700042724609,205641400,NVDA
2025-10-15,179.40017700195312,179.8300018310547,184.8699951171875,177.2899932861328,184.8000030517578,214450500,NVDA
2025-10-16,181.37545776367188,181.8099975585937,183.27999877929688,179.77000427246094,182.22999572753903,179723300,NVDA
2025-10-17,182.7820739746093,183.22000122070312,184.1000061035156,179.75,180.17999267578125,173135200,NVDA
2025-10-20,182.20347595214844,182.63999938964844,185.1999969482422,181.72999572753903,183.1300048828125,128544700,NVDA
2025-10-21,180.72702026367188,181.1600036621093,182.7899932861328,179.8000030517578,182.7899932861328,124240200,NVDA
2025-10-22,179.84913635253906,180.27999877929688,183.44000244140625,176.75999450683594,181.13999938964844,162249600,NVDA
2025-10-23,181.72462463378903,182.1600036621093,183.02999877929688,179.7899932861328,180.4199981689453,111363700,NVDA
2025-10-24,185.81480407714844,186.259994506836,187.47000122070312,183.5,183.83999633789065,131296700,NVDA
2025-10-27,191.0323181152344,191.4900054931641,192.0,188.42999267578125,189.9900054931641,153452700,NVDA
2025-10-28,200.5495147705078,201.02999877929688,203.1499938964844,191.9100036621093,193.0500030517578,297986200,NVDA
2025-10-29,206.545150756836,207.0399932861328,212.19000244140625,204.77999877929688,207.97999572753903,308829600,NVDA
2025-10-30,202.40505981445312,202.88999938964844,206.1600036621093,201.4100036621093,205.1499938964844,178864400,NVDA
2025-10-31,202.00604248046875,202.4900054931641,207.97000122070312,202.07000732421875,206.4499969482422,179802200,NVDA
2025-11-03,206.3855438232422,206.8800048828125,211.33999633789065,205.5599975585937,208.0800018310547,180267300,NVDA
2025-11-04,198.21511840820312,198.69000244140625,203.97000122070312,197.92999267578125,203.0,188919300,NVDA
2025-11-05,194.74343872070312,195.2100067138672,202.9199981689453,194.6499938964844,198.7700042724609,171350300,NVDA
2025-11-06,187.63047790527344,188.0800018310547,197.6199951171875,186.3800048828125,196.4199981689453,223029800,NVDA
2025-11-07,187.70030212402344,188.1499938964844,188.32000732421875,178.91000366210938,184.8999938964844,264942300,NVDA
2025-11-10,198.57424926757807,199.0500030517578,199.94000244140625,193.7899932861328,195.1100006103516,198897100,NVDA
2025-11-11,192.6983337402344,193.1600036621093,195.4199981689453,191.3000030517578,195.1600036621093,176483300,NVDA
2025-11-12,193.33680725097656,193.8000030517578,195.88999938964844,191.1300048828125,195.72000122070312,154935300,NVDA
2025-11-13,186.41339111328125,186.8600006103516,191.44000244140625,183.8500061035156,191.0500030517578,207423100,NVDA
2025-11-14,189.7154693603516,190.1699981689453,191.009994506836,180.5800018310547,182.8600006103516,186591900,NVDA
2025-11-17,186.15402221679688,186.6000061035156,189.0,184.32000732421875,185.97000122070312,173628900,NVDA
2025-11-18,180.92654418945312,181.3600006103516,184.8000030517578,179.64999389648438,183.3800048828125,213598900,NVDA
2025-11-19,186.0742034912109,186.5200042724609,187.8600006103516,182.8300018310547,184.7899932861328,247246400,NVDA
2025-11-20,180.208236694336,180.63999938964844,196.0,179.85000610351562,195.9499969482422,343504800,NVDA
2025-11-21,178.4524688720703,178.8800048828125,184.5599975585937,172.92999267578125,181.2400054931641,346926200,NVDA
2025-11-24,182.1137084960937,182.5500030517578,183.5,176.47999572753906,179.49000549316406,256618300,NVDA
2025-11-25,177.39500427246094,177.82000732421875,178.16000366210938,169.5500030517578,174.91000366210938,320600300,NVDA
2025-11-26,179.82916259765625,180.259994506836,182.9100036621093,178.24000549316406,181.6300048828125,183852000,NVDA
2025-11-28,176.57696533203125,177.0,179.2899932861328,176.5,179.00999450683594,121332800,NVDA
2025-12-01,179.48997497558594,179.9199981689453,180.3000030517578,173.67999267578125,174.75999450683594,188131000,NVDA
2025-12-02,181.0263061523437,181.4600067138672,185.6600036621093,180.0,181.759994506836,182632200,NVDA
2025-12-03,179.16075134277344,179.58999633789062,182.4499969482422,179.11000061035156,181.0800018310547,165138000,NVDA
2025-12-04,182.951904296875,183.3800048828125,184.5200042724609,179.9600067138672,181.6199951171875,167364900,NVDA
2025-12-05,181.98416137695312,182.4100036621093,184.6600036621093,180.9100036621093,183.88999938964844,143971100,NVDA
2025-12-08,185.1168365478516,185.5500030517578,188.0,182.3999938964844,182.63999938964844,204378100,NVDA
2025-12-09,184.5381774902344,184.97000122070312,185.72000122070312,183.32000732421875,185.5599975585937,144719700,NVDA
2025-12-10,183.35096740722656,183.77999877929688,185.47999572753903,182.0399932861328,184.97000122070312,162785400,NVDA
2025-12-11,180.50759887695312,180.92999267578125,181.32000732421875,176.6199951171875,180.27999877929688,182136600,NVDA
2025-12-12,174.6114044189453,175.02000427246094,182.82000732421875,174.6199951171875,181.1100006103516,204274900,NVDA
2025-12-15,175.87843322753906,176.2899932861328,178.4199981689453,175.02999877929688,177.94000244140625,164775600,NVDA
2025-12-16,177.30511474609375,177.72000122070312,178.49000549316406,174.89999389648438,176.25999450683594,148588100,NVDA
2025-12-17,170.5409393310547,170.94000244140625,176.1300048828125,170.30999755859375,176.10000610351562,222775500,NVDA
2025-12-18,173.73345947265625,174.13999938964844,176.14999389648438,171.82000732421875,174.52999877929688,176096000,NVDA
2025-12-19,180.5674743652344,180.9900054931641,181.4499969482422,176.33999633789062,176.6699981689453,324925900,NVDA
2025-12-22,183.2611694335937,183.69000244140625,184.1600036621093,182.3500061035156,183.9199981689453,129064400,NVDA
2025-12-23,188.76828002929688,189.2100067138672,189.3300018310547,182.8999938964844,182.97000122070312,174873600,NVDA
2025-12-24,188.169677734375,188.6100006103516,188.9100036621093,186.58999633789065,187.94000244140625,65528500,NVDA
2025-12-26,190.085205078125,190.52999877929688,192.69000244140625,188.0,189.9199981689453,139740300,NVDA
2025-12-29,187.7805938720703,188.22000122070312,188.759994506836,185.9100036621093,187.7100067138672,120006100,NVDA
2025-12-30,187.1021728515625,187.5399932861328,188.9900054931641,186.92999267578125,188.2400054931641,97687300,NVDA
2025-12-31,186.0646209716797,186.5,190.5599975585937,186.4900054931641,189.57000732421875,120100500,NVDA
2026-01-02,188.4091339111328,188.8500061035156,192.92999267578125,188.259994506836,189.83999633789065,148240500,NVDA
2026-01-05,187.6808319091797,188.1199951171875,193.6300048828125,186.1499938964844,191.759994506836,183529700,NVDA
2026-01-06,186.80288696289065,187.2400054931641,192.1699981689453,186.82000732421875,190.5200042724609,176862600,NVDA
2026-01-07,188.66851806640625,189.1100006103516,191.3699951171875,186.5599975585937,188.57000732421875,153543200,NVDA
2026-01-08,184.60801696777344,185.0399932861328,189.5500030517578,183.7100067138672,189.1100006103516,172457000,NVDA
2026-01-09,184.42843627929688,184.8600006103516,186.33999633789065,183.6699981689453,185.0800018310547,131327500,NVDA
2026-01-12,184.5082550048828,184.94000244140625,187.1199951171875,183.0200042724609,183.22000122070312,137968500,NVDA
2026-01-13,185.376220703125,185.8099975585937,188.1100006103516,183.3999938964844,185.0,160128900,NVDA
2026-01-14,182.71243286132807,183.13999938964844,184.4600067138672,180.8000030517578,184.32000732421875,159586100,NVDA
2026-01-15,186.6133270263672,187.0500030517578,189.6999969482422,186.3300018310547,186.5,206188600,NVDA
2026-01-16,185.79522705078125,186.22999572753903,190.44000244140625,186.0800018310547,189.0800018310547,187967200,NVDA
2026-01-20,177.65428161621094,178.07000732421875,182.3800048828125,177.61000061035156,181.8999938964844,223345300,NVDA
2026-01-21,182.8920440673828,183.32000732421875,185.3800048828125,178.39999389648438,179.0500030517578,200381000,NVDA
2026-01-22,184.40847778320312,184.83999633789065,186.1699981689453,183.92999267578125,184.75,139636600,NVDA
2026-01-23,187.2318725585937,187.6699981689453,189.6000061035156,186.82000732421875,187.5,142748100,NVDA
2026-01-26,186.03468322753903,186.47000122070312,189.1199951171875,185.9900054931641,187.1600036621093,124799600,NVDA
2026-01-27,188.07989501953125,188.5200042724609,190.0,185.6999969482422,187.2400054931641,143711600,NVDA
2026-01-28,191.0728912353516,191.5200042724609,192.3500061035156,189.83999633789065,191.2700042724609,148552700,NVDA
2026-01-29,192.06057739257807,192.509994506836,193.47999572753903,186.0599975585937,191.33999633789065,171764400,NVDA
2026-01-30,190.68380737304688,191.1300048828125,194.4900054931641,189.47000122070312,191.2100067138672,179489500,NVDA
2026-02-02,185.1766967773437,185.6100006103516,190.3000030517578,184.8800048828125,187.1999969482422,165794100,NVDA
2026-02-03,179.91897583007812,180.33999633789065,186.2700042724609,176.22999572753906,186.2400054931641,204019600,NVDA
2026-02-04,173.78334045410156,174.19000244140625,179.5800018310547,171.91000366210938,179.4600067138672,207014100,NVDA
2026-02-05,171.47872924804688,171.8800048828125,176.82000732421875,171.02999877929688,174.92999267578125,206312900,NVDA
2026-02-06,184.9771423339844,185.4100036621093,187.0,174.60000610351562,176.69000244140625,231346200,NVDA
2026-02-09,189.59634399414065,190.0399932861328,193.6600036621093,183.9499969482422,184.259994506836,196387400,NVDA
2026-02-10,188.099838256836,188.5399932861328,192.47999572753903,188.1199951171875,191.3800048828125,136764800,NVDA
2026-02-11,189.6063232421875,190.0500030517578,193.259994506836,188.7700042724609,192.4499969482422,144192700,NVDA
2026-02-12,186.5035858154297,186.94000244140625,193.6100006103516,186.509994506836,193.02999877929688,189932500,NVDA
2026-02-13,182.3832244873047,182.8099975585937,187.5,181.58999633789065,187.47999572753903,161888000,NVDA
2026-02-17,184.5381774902344,184.97000122070312,187.1499938964844,179.17999267578125,181.75,162276900,NVDA
2026-02-18,187.5411376953125,187.97999572753903,190.3699951171875,186.759994506836,188.75,164749100,NVDA
2026-02-19,187.4613342285156,187.8999938964844,188.42999267578125,185.6600036621093,187.0599975585937,126554500,NVDA
2026-02-20,189.3768768310547,189.82000732421875,190.3300018310547,185.94000244140625,186.57000732421875,178422300,NVDA
2026-02-23,191.1028289794922,191.5500030517578,193.9499969482422,189.5800018310547,191.3999938964844,171584800,NVDA
2026-02-24,192.39979553222656,192.8500061035156,193.7700042724609,187.3999938964844,191.4900054931641,175123600,NVDA
2026-02-25,195.1034545898437,195.5599975585937,197.6300048828125,193.7899932861328,194.4499969482422,250637100,NVDA
2026-02-26,184.45835876464844,184.88999938964844,194.2899932861328,184.32000732421875,194.2700042724609,360807900,NVDA
2026-02-27,176.77635192871094,177.19000244140625,182.58999633789065,176.3800048828125,181.25,311636500,NVDA
2026-03-02,182.0540008544922,182.47999572753903,183.4600067138672,174.63999938964844,175.00999450683594,209095300,NVDA
2026-03-03,179.62965393066406,180.0500030517578,180.8999938964844,176.9199981689453,178.49000549316406,178099400,NVDA
2026-03-04,182.61268615722656,183.0399932861328,184.6999969482422,180.05999755859375,180.44000244140625,177731200,NVDA
2026-03-05,182.9119873046875,183.33999633789065,184.0599975585937,177.8800048828125,181.1699981689453,198779700,NVDA
2026-03-06,177.40487670898438,177.82000732421875,182.759994506836,176.82000732421875,179.83999633789062,189021900,NVDA
2026-03-09,182.2235870361328,182.6499938964844,182.9100036621093,175.55999755859375,176.8300018310547,177213600,NVDA
2026-03-10,184.33865356445312,184.7700042724609,186.44000244140625,182.009994506836,182.3999938964844,179118500,NVDA
2026-03-11,185.60574340820312,186.02999877929688,187.6199951171875,184.4499969482422,185.9100036621093,145280400,NVDA
2026-03-12,182.72235107421875,183.13999938964844,184.94000244140625,181.75,184.0500030517578,155762700,NVDA
2026-03-13,179.83892822265625,180.25,186.08999633789065,179.94000244140625,184.9199981689453,160988400,NVDA
2026-03-16,182.8021697998047,183.22000122070312,188.8800048828125,181.4100036621093,182.97000122070312,217307400,NVDA
2026-03-17,181.5150909423828,181.92999267578125,185.3999938964844,181.67999267578125,185.0599975585937,182497800,NVDA
2026-03-18,179.98858642578125,180.3999938964844,183.3800048828125,180.3300018310547,182.47999572753903,156683100,NVDA
2026-03-19,178.1527862548828,178.55999755859375,179.97999572753906,175.7899932861328,178.00999450683594,170968500,NVDA
2026-03-20,172.30613708496094,172.6999969482422,178.25999450683594,171.72000122070312,178.0,241323500,NVDA
2026-03-23,175.23944091796875,175.63999938964844,178.3699951171875,174.75999450683594,177.25999450683594,182836300,NVDA
2026-03-24,174.80044555664062,175.1999969482422,176.22000122070312,173.97999572753906,174.8300018310547,147667800,NVDA
2026-03-25,178.2725067138672,178.67999267578125,181.22000122070312,176.85000610351562,177.10000610351562,162602100,NVDA
2026-03-26,170.8494873046875,171.24000549316406,176.50999450683594,171.13999938964844,176.07000732421875,186152200,NVDA
2026-03-27,167.13795471191406,167.52000427246094,170.97000122070312,167.00999450683594,170.0,196212700,NVDA
2026-03-30,164.79331970214844,165.1699981689453,169.4499969482422,164.27000427246094,168.77999877929688,185627000,NVDA
2026-03-31,174.0022735595703,174.39999389648438,174.6199951171875,166.9600067138672,166.97000122070312,226181300,NVDA
2026-04-01,175.3491973876953,175.75,177.3699951171875,174.75,176.0,168132000,NVDA
2026-04-02,176.98544311523438,177.38999938964844,177.49000549316406,171.3699951171875,172.17999267578125,143143200,NVDA
2026-04-06,177.23487854003906,177.63999938964844,177.7899932861328,175.75999450683594,177.16000366210938,107564300,NVDA
2026-04-07,177.69383239746094,178.10000610351562,178.22999572753906,173.66000366210938,175.72999572753906,132534900,NVDA
2026-04-08,181.66476440429688,182.0800018310547,185.259994506836,180.3000030517578,184.5,147732700,NVDA
2026-04-09,183.49058532714844,183.9100036621093,184.0800018310547,180.6199951171875,181.83999633789065,116428500,NVDA
2026-04-10,188.1998291015625,188.6300048828125,190.0,184.3000030517578,184.3099975585937,160459500,NVDA
2026-04-13,188.8782653808593,189.3099975585937,189.6600036621093,185.7400054931641,186.02999877929688,133648200,NVDA
2026-04-14,196.0618438720703,196.509994506836,196.509994506836,190.7700042724609,190.83999633789065,161307000,NVDA
2026-04-15,198.41647338867188,198.8699951171875,200.3999938964844,195.7400054931641,196.5399932861328,185338400,NVDA
2026-04-16,197.8976593017578,198.3500061035156,199.8500061035156,195.8099975585937,197.42999267578125,134012900,NVDA
2026-04-17,201.2200469970703,201.67999267578125,201.6999969482422,199.2700042724609,199.8999938964844,160324400,NVDA
2026-04-20,201.59918212890625,202.0599975585937,202.1699981689453,197.83999633789065,199.97999572753903,119381400,NVDA
2026-04-21,199.42417907714844,199.8800048828125,202.75,199.0,202.1300048828125,107945300,NVDA
2026-04-22,202.03819274902344,202.5,202.5,199.0,200.9900054931641,107501000,NVDA
2026-04-23,199.1847076416016,199.63999938964844,203.8300018310547,197.22000122070312,202.4600067138672,113561800,NVDA
2026-04-24,207.79502868652344,208.2700042724609,210.9499969482422,199.8099975585937,199.9600067138672,214134400,NVDA
2026-04-27,216.1160125732422,216.6100006103516,216.8300018310547,207.3800048828125,209.6499938964844,187172400,NVDA
2026-04-28,212.6838531494141,213.1699981689453,214.72999572753903,208.1999969482422,209.4900054931641,180275400,NVDA
2026-04-29,208.7727966308593,209.25,212.72000122070312,207.5800018310547,212.6999969482422,123711800,NVDA
2026-04-30,199.1148834228516,199.57000732421875,210.3000030517578,198.6999969482422,209.92999267578125,225239200,NVDA
2026-05-01,197.99742126464844,198.4499969482422,203.0,197.1199951171875,201.27999877929688,128647000,NVDA
2026-05-04,198.02734375,198.47999572753903,201.72999572753903,194.7400054931641,199.5,125368100,NVDA
2026-05-05,196.05186462402344,196.5,200.2400054931641,196.02999877929688,199.3000030517578,113406600,NVDA
2026-05-06,207.3560333251953,207.8300018310547,208.2700042724609,198.6100006103516,199.88999938964844,188362800,NVDA
2026-05-07,211.0176696777344,211.5,214.1999969482422,206.5,208.33999633789065,168307900,NVDA
2026-05-08,214.709228515625,215.1999969482422,217.8000030517578,212.88999938964844,213.02999877929688,136421400,NVDA
2026-05-11,218.93955993652344,219.44000244140625,222.3000030517578,213.88999938964844,214.0399932861328,160685800,NVDA
2026-05-12,220.2765045166016,220.77999877929688,223.75,214.9199981689453,218.5500030517578,159176600,NVDA
2026-05-13,225.3149871826172,225.8300018310547,227.83999633789065,221.57000732421875,224.92999267578125,150405400,NVDA
2026-05-14,235.202392578125,235.7400054931641,236.5399932861328,229.3000030517578,229.8500061035156,180782900,NVDA
2026-05-15,224.80616760253903,225.32000732421875,231.5,224.2400054931641,229.759994506836,180977600,NVDA
2026-05-18,221.81300354003903,222.32000732421875,230.0,218.3699951171875,229.8699951171875,146280900,NVDA
2026-05-19,220.1068878173828,220.6100006103516,224.47999572753903,217.9100036621093,219.6199951171875,140948200,NVDA
2026-05-20,222.9603729248047,223.47000122070312,226.1300048828125,220.5,223.17999267578125,184201600,NVDA
2026-05-21,219.0093994140625,219.509994506836,227.3999938964844,217.92999267578125,222.2899932861328,203381800,NVDA
2026-05-22,214.83892822265625,215.3300018310547,221.009994506836,214.8000030517578,220.8999938964844,169275700,NVDA
2026-05-26,214.37001037597656,214.8600006103516,218.17999267578125,212.0,216.5399932861328,187202600,NVDA
2026-05-27,212.1151580810547,212.6000061035156,214.1499938964844,208.77999877929688,214.1199951171875,167601200,NVDA
2026-05-28,213.76138305664065,214.25,215.5200042724609,211.22000122070312,211.27999877929688,143996000,NVDA
2026-05-29,210.6584930419922,211.13999938964844,217.8600006103516,211.1300048828125,214.5800018310547,289410600,NVDA
2026-06-01,223.8483428955078,224.3600006103516,224.8699951171875,215.6999969482422,215.72999572753903,212850700,NVDA
2026-06-02,222.3118438720703,222.82000732421875,232.27999877929688,221.3500061035156,227.17999267578125,193362900,NVDA
2026-06-03,214.26025390625,214.75,222.82000732421875,214.509994506836,221.72000122070312,160907000,NVDA
2026-06-04,218.4156036376953,218.6600036621093,221.6000061035156,210.97000122070312,213.9100036621093,169022200,NVDA
2026-06-05,204.87075805664065,205.1000061035156,214.8699951171875,204.3300018310547,214.52999877929688,219655500,NVDA
2026-06-08,208.40679931640625,208.63999938964844,210.47000122070312,206.0,210.17999267578125,138372800,NVDA
2026-06-09,207.95730590820312,208.19000244140625,211.3999938964844,199.33999633789065,210.6199951171875,180962500,NVDA
2026-06-10,200.19598388671875,200.4199981689453,207.22000122070312,199.9199981689453,204.42999267578125,161746600,NVDA
2026-06-11,204.64100646972656,204.8699951171875,205.6600036621093,199.5399932861328,201.4900054931641,158643200,NVDA
2026-06-12,204.96066284179688,205.19000244140625,207.07000732421875,203.44000244140625,204.8600006103516,112001800,NVDA
2026-06-15,212.2125396728516,212.4499969482422,212.7100067138672,208.33999633789065,208.9199981689453,149936700,NVDA
2026-06-16,207.1781768798828,207.4100036621093,211.4900054931641,207.2899932861328,211.17999267578125,125694100,NVDA
2026-06-17,204.42124938964844,204.6499938964844,209.2100067138672,203.0800018310547,208.52999877929688,128363500,NVDA
2026-06-18,210.4545135498047,210.69000244140625,211.38999938964844,206.5,207.3300018310547,241272000,NVDA
2026-06-22,208.41677856445312,208.6499938964844,213.9900054931641,207.72000122070312,211.44000244140625,122041400,NVDA
2026-06-23,199.81640625,200.0399932861328,203.7700042724609,200.0,202.1699981689453,153496200,NVDA
2026-06-24,198.777572631836,199.0,201.6699981689453,196.5800018310547,200.1199951171875,151810700,NVDA
2026-06-25,195.521224975586,195.7400054931641,200.8000030517578,192.1300048828125,200.0800018310547,149550000,NVDA
2026-06-26,192.31480407714844,192.52999877929688,195.5500030517578,191.22000122070312,193.1199951171875,179304100,NVDA
2026-06-29,194.7520751953125,194.97000122070312,196.17999267578125,189.8000030517578,193.8500061035156,148835700,NVDA
2026-06-30,199.8663482666016,200.08999633789065,200.6300048828125,195.1100006103516,197.2400054931641,166476700,NVDA
2026-07-01,197.35916137695312,197.5800018310547,199.8500061035156,193.4499969482422,196.1999969482422,146147600,NVDA
2026-07-02,194.6122436523437,194.8300018310547,200.0599975585937,192.3500061035156,197.13999938964844,142068700,NVDA
2026-07-06,195.33143615722656,195.5500030517578,197.5500030517578,193.9900054931641,194.4199981689453,108999000,NVDA
2026-07-07,196.7098846435547,196.92999267578125,198.4100036621093,191.13999938964844,192.3699951171875,124154600,NVDA
2026-07-08,203.891845703125,204.1199951171875,205.1600036621093,195.0599975585937,195.17999267578125,147419100,NVDA
2026-07-09,202.5533447265625,202.77999877929688,204.58999633789065,198.9600067138672,204.4600067138672,132037400,NVDA
2026-07-10,210.7242126464844,210.9600067138672,211.0,201.9199981689453,202.0,148421000,NVDA
2026-07-13,203.3025054931641,203.52999877929688,210.57000732421875,203.0,208.5399932861328,121411000,NVDA
2026-07-14,211.5632781982422,211.8000030517578,212.5500030517578,203.8000030517578,208.1999969482422,124379600,NVDA
2026-07-15,212.26248168945312,212.5,213.8099975585937,206.0399932861328,211.9600067138672,124797200,NVDA
2026-07-16,207.16818237304688,207.3999938964844,211.0800018310547,205.8500061035156,210.1699981689453,122986100,NVDA
2026-07-17,202.58331298828125,202.8099975585937,206.6499938964844,197.97000122070312,202.63999938964844,144281900,NVDA
2026-07-20,203.05279541015625,203.27999877929688,207.7400054931641,202.27999877929688,205.8699951171875,88701500,NVDA
2026-07-21,207.0583038330078,207.2899932861328,208.6499938964844,204.009994506836,207.5399932861328,108685600,NVDA
2026-07-22,211.822982788086,212.0599975585937,214.38999938964844,204.9499969482422,205.8099975585937,137645600,NVDA
2026-07-23,208.5266571044922,208.759994506836,210.8699951171875,205.9600067138672,209.4600067138672,110505300,NVDA
2026-07-24,206.6088104248047,206.83999633789065,211.9100036621093,204.8099975585937,207.4499969482422,114836800,NVDA
2026-07-27,196.2903594970703,196.509994506836,208.75,195.44000244140625,208.1999969482422,154353700,NVDA
2026-07-28,196.789794921875,197.009994506836,198.6999969482422,192.7400054931641,195.0,134111500,NVDA
2026-07-29,189.7976226806641,190.009994506836,197.07000732421875,190.009994506836,195.8500061035156,147680800,NVDA
2026-07-30,194.82199096679688,195.0399932861328,197.25,191.5200042724609,193.4499969482422,129010200,NVDA
2026-07-31,200.525619506836,200.75,202.0,194.9499969482422,198.44000244140625,139961200,NVDA
2026-08-03,206.40904235839844,206.63999938964844,208.7400054931641,196.8500061035156,197.69000244140625,128406900,NVDA
2026-08-04,211.7031097412109,211.94000244140625,213.0599975585937,209.0500030517578,211.3000030517578,134922000,NVDA
2026-08-05,218.9749755859375,219.22000122070312,222.22000122070312,216.3999938964844,216.8600006103516,158187400,NVDA
2026-08-06,218.7452392578125,218.9900054931641,223.6300048828125,217.0,221.52999877929688,113940600,NVDA
2026-08-07,223.70968627929688,223.9600067138672,224.759994506836,220.6600036621093,221.5399932861328,105669400,NVDA
2026-08-10,217.3068389892578,217.5500030517578,224.13999938964844,216.7700042724609,223.3999938964844,115846600,NVDA
2026-08-11,217.25689697265625,217.5,222.1999969482422,216.1999969482422,222.1699981689453,101273100,NVDA
2026-08-12,223.8395233154297,224.08999633789065,225.1000061035156,220.1999969482422,221.0399932861328,108783600,NVDA
2026-08-13,225.0481872558593,225.3000030517578,227.22999572753903,223.7100067138672,225.0599975585937,98867200,NVDA
2026-08-14,224.9083404541016,225.1600036621093,227.4900054931641,224.5,226.7700042724609,75680900,NVDA
2026-08-17,224.7584991455078,225.009994506836,227.9199981689453,224.8600006103516,225.97999572753903,93678700,NVDA
2026-08-18,219.4944000244141,219.7400054931641,221.63999938964844,218.69000244140625,220.4499969482422,103128200,NVDA
2026-08-19,217.3168334960937,217.5599975585937,222.8699951171875,216.759994506836,221.6699981689453,96797300,NVDA
2026-08-20,216.60763549804688,216.8500061035156,219.8600006103516,215.6600036621093,218.3600006103516,92457000,NVDA
2026-08-21,214.48001098632807,214.72000122070312,218.7400054931641,214.5,218.4199981689453,98869300,NVDA
2026-08-24,208.2469787597656,208.47999572753903,215.58999633789065,207.25,215.52999877929688,135187300,NVDA
2026-08-25,212.81187438964844,213.0500030517578,214.72999572753903,210.1100006103516,211.02999877929688,122309000,NVDA
2026-08-26,209.4256591796875,209.6600036621093,213.6000061035156,209.22999572753903,212.63999938964844,179900000,NVDA
2026-08-27,227.7251739501953,227.97999572753903,230.47000122070312,220.8999938964844,222.8600006103516,298909800,NVDA
2026-08-28,217.3068389892578,217.5500030517578,229.259994506836,216.8099975585937,227.3600006103516,195116400,NVDA
2026-08-31,220.53323364257807,220.77999877929688,221.3000030517578,216.2100067138672,218.8699951171875,124702700,NVDA
2026-09-01,217.1969757080078,217.44000244140625,220.4100036621093,215.1000061035156,216.75,109756200,NVDA
2026-09-02,224.1591796875,224.4100036621093,227.9499969482422,218.47999572753903,218.7899932861328,157104700,NVDA
2026-09-03,228.1946563720703,228.4499969482422,230.3999938964844,224.75,226.0200042724609,134681600,NVDA
2026-09-04,230.1025238037109,230.3600006103516,234.759994506836,229.6300048828125,231.08999633789065,135352400,NVDA
2026-09-08,225.47769165039065,225.72999572753903,233.7100067138672,224.8500061035156,233.1100006103516,122965600,NVDA
2026-09-09,223.4199981689453,223.6699981689453,226.17999267578125,223.4600067138672,225.27999877929688,82955500,NVDA
2026-09-10,218.3600006103516,218.3600006103516,220.9900054931641,217.1999969482422,220.52999877929688,105768000,NVDA
2026-09-11,218.2899932861328,218.2899932861328,222.0,218.1499938964844,221.2400054931641,89060100,NVDA
2026-09-14,210.9600067138672,210.9600067138672,212.7700042724609,208.92999267578125,211.2400054931641,132267200,NVDA
2026-09-15,212.1699981689453,212.1699981689453,213.94000244140625,211.1600036621093,213.3800048828125,88059700,NVDA
2026-09-16,213.8999938964844,213.8999938964844,216.759994506836,212.5,214.13999938964844,96563600,NVDA
2026-09-17,219.33999633789065,219.33999633789065,219.9100036621093,217.1499938964844,218.3800048828125,94191300,NVDA
2026-09-18,222.27000427246094,222.27000427246094,222.72999572753906,218.0399932861328,219.36000061035156,190287428,NVDA
