Date,Close,High,Low,Open,Volume,Company
2015-01-01,189.12538146972656,189.99869740526844,188.22011599157378,188.78458634854346,2963643,RELIANCE.NS
2015-01-02,188.6248016357422,190.86134044216575,188.35855547947352,189.16795801328362,7331366,RELIANCE.NS
2015-01-05,186.55870056152344,189.76440426058238,186.185941672097,188.50767957176805,10103941,RELIANCE.NS
2015-01-06,178.09181213378906,185.9516264773224,177.21849626922892,185.31262145828632,18627980,RELIANCE.NS
2015-01-07,181.96849060058594,182.92700534664982,178.28354370530525,178.30484340105085,20720312,RELIANCE.NS
2015-01-08,179.3591766357422,183.80029042115146,178.9544682658332,183.20387060299453,19872227,RELIANCE.NS
2015-01-09,183.24647521972656,183.60858421564294,179.98753691273964,180.71174068581888,13392787,RELIANCE.NS
2015-01-12,181.116455078125,183.3955933743806,179.26333908900085,183.28909490697473,10100113,RELIANCE.NS
2015-01-13,179.59349060058594,182.10692561278077,179.0290344848976,181.69156735665987,9948711,RELIANCE.NS
2015-01-14,177.84686279296875,180.4135468931564,177.04809586798652,179.56153073567586,11380041,RELIANCE.NS
2015-01-15,184.08782958984375,185.54690110657066,178.9225122393432,178.9225122393432,16927085,RELIANCE.NS
2015-01-16,185.24874877929688,186.37766112485875,181.48923861847916,183.18260713682196,19136963,RELIANCE.NS
2015-01-19,187.36810302734375,188.72066202305834,182.9163390480819,185.35522508539012,13339962,RELIANCE.NS
2015-01-20,192.3523712158203,192.88487777380465,187.1976889657768,187.76215928286896,13361320,RELIANCE.NS
2015-01-21,193.14047241210938,194.13093659194718,190.00933217222018,192.76772777789918,17084297,RELIANCE.NS
2015-01-22,188.2414093017578,193.236329437438,187.3361439226893,192.79967151746072,23721627,RELIANCE.NS
2015-01-23,188.91236877441406,191.2340922189943,186.8036422628214,189.57267348542948,18080494,RELIANCE.NS
2015-01-27,189.3703155517578,190.9997846520368,187.54913500401756,190.19036791554043,17939876,RELIANCE.NS
2015-01-28,193.1617889404297,193.7901583875143,188.74197420937347,188.74197420937347,19298126,RELIANCE.NS
2015-01-29,197.9650115966797,199.05132448698697,193.17243799972977,193.21503739003552,36117653,RELIANCE.NS
2015-01-30,194.95103454589844,198.35908556606984,193.61976083928687,198.09282513724503,21746801,RELIANCE.NS
2015-02-02,193.4173583984375,195.9414428417306,192.91680144792156,195.12137631176222,19302710,RELIANCE.NS
2015-02-03,199.7116241455078,200.40387838973308,194.5143426249075,194.5143426249075,17092333,RELIANCE.NS
2015-02-04,197.83721923828125,201.0322589176157,197.21951384194412,200.03114477850693,14072894,RELIANCE.NS
2015-02-05,196.75091552734375,200.20155171757074,195.45159136774754,199.37084932455588,12365643,RELIANCE.NS
2015-02-06,193.81141662597656,198.0927682034264,192.34169531254173,196.83605801558116,9045844,RELIANCE.NS
2015-02-09,190.9998016357422,195.53676442070753,189.99868758151854,191.9583163020205,8839692,RELIANCE.NS
2015-02-10,187.86865234375,192.66121122767632,183.45948793303515,191.27670274801648,13651008,RELIANCE.NS
2015-02-11,191.85182189941406,192.71448796110394,188.08166223629144,188.72066728777244,9781008,RELIANCE.NS
2015-02-12,193.6516876220703,194.6741013860684,188.98692660117334,193.40674113759897,8709626,RELIANCE.NS
2015-02-13,195.43028259277344,196.13318677248154,193.63040142379697,194.6847648027369,7393680,RELIANCE.NS
2015-02-16,192.2991180419922,196.85738034119814,191.70269819676588,195.6858545626321,12266698,RELIANCE.NS
2015-02-18,192.05416870117188,193.40674195129375,190.5098982015268,191.7027095249581,9835036,RELIANCE.NS
2015-02-19,192.1393585205078,193.32153416038068,189.05081766521658,193.18307193453714,9550637,RELIANCE.NS
2015-02-20,185.97291564941406,190.8506873364849,185.58950697218185,190.69092542669884,18717199,RELIANCE.NS
2015-02-23,181.36141967773438,186.75039865082314,180.4348545538407,185.3019768066479,14104463,RELIANCE.NS
2015-02-24,179.2313995361328,182.50100245834744,178.28354882945453,181.9578459824675,19946218,RELIANCE.NS
2015-02-25,179.59349060058594,182.437085092006,179.14618280312914,180.7969659805008,15274116,RELIANCE.NS
2015-02-26,179.3485565185547,181.05257483056064,178.1983302946641,180.22185826087667,21459750,RELIANCE.NS
2015-02-27,182.23471069335938,183.39558660147352,179.90233746829074,180.53069262153386,18659378,RELIANCE.NS
2015-03-02,184.08782958984375,186.48411596539907,182.23469956358062,185.09959336855016,14579511,RELIANCE.NS
2015-03-03,191.87310791015625,193.0765689968071,184.75881141726984,185.099606503753,20636925,RELIANCE.NS
2015-03-04,189.11473083496094,193.75820652930216,187.45331196984404,192.98073922482942,14476047,RELIANCE.NS
2015-03-05,188.49700927734375,191.43645224546293,187.04858748644065,190.10517876692057,10716702,RELIANCE.NS
2015-03-09,185.23805236816406,189.94542663337924,184.0665408344018,188.52895441528287,14065391,RELIANCE.NS
2015-03-10,183.00155639648438,186.54805531040108,182.20278935928226,185.08898347869894,15234060,RELIANCE.NS
2015-03-11,182.31996154785156,185.22744129826427,181.5637938626436,183.38497484127305,11635873,RELIANCE.NS
2015-03-12,183.9919891357422,184.75880649741728,182.24535748901178,182.75657854263068,11782380,RELIANCE.NS
2015-03-13,181.07386779785156,185.22742205442123,180.41356303703287,185.0996238849895,12936157,RELIANCE.NS
2015-03-16,179.3698272705078,181.8939118970542,178.98641859107912,181.37205521793715,13839990,RELIANCE.NS
2015-03-17,182.51161193847656,183.16126675245445,179.13551128120127,181.16968870847458,19070082,RELIANCE.NS
2015-03-18,185.02503967285156,185.7918569807374,182.05364748761033,182.5435545957729,9269885,RELIANCE.NS
2015-03-19,182.3625030517578,186.7397031700671,181.92584518069435,186.49475673096546,13934612,RELIANCE.NS
2015-03-20,181.92588806152344,183.42755924187512,180.7543621595169,182.7352907046087,10405717,RELIANCE.NS
2015-03-23,179.337890625,184.03460107470758,178.51782397653736,182.43708138411853,13251683,RELIANCE.NS
2015-03-24,180.61590576171875,181.96847901169176,179.36984520244596,179.36984520244596,9238431,RELIANCE.NS
2015-03-25,179.9662322998047,180.9460465781414,179.13551586681172,180.83954811718158,10264941,RELIANCE.NS
2015-03-26,176.6433868408203,180.8928035475393,175.53577437136974,179.15682169938287,20621346,RELIANCE.NS
2015-03-27,172.89454650878906,177.85751729508084,170.7112568254394,177.6232064472012,23326922,RELIANCE.NS
2015-03-30,172.69219970703125,174.17257118984418,169.64625796002142,173.93827454103814,17330588,RELIANCE.NS
2015-03-31,175.9404754638672,177.4101968708332,174.23644322571658,174.23644322571658,20235395,RELIANCE.NS
2015-04-01,178.08116149902344,178.70951666860736,173.19273971095927,175.7061746080489,14588531,RELIANCE.NS
2015-04-06,175.65292358398438,178.4965179161862,174.96066934171316,178.07050983680634,12334096,RELIANCE.NS
2015-04-07,177.39956665039062,178.0918209370022,175.95114477522606,175.95114477522606,21275454,RELIANCE.NS
2015-04-08,184.4393310546875,185.20613433963354,177.41023221869557,177.5380303963939,24821205,RELIANCE.NS
2015-04-09,190.65896606445312,191.4896824525266,182.92696493556613,184.35408689151828,27276420,RELIANCE.NS
2015-04-10,192.62925720214844,193.57712195413177,189.38096878945564,190.62702923588105,25323219,RELIANCE.NS
2015-04-13,196.49526977539062,196.97452708581855,191.4364505090701,193.1511184488768,20177342,RELIANCE.NS
2015-04-15,196.740234375,200.1376207827185,193.23633528159354,196.17576406274188,22231264,RELIANCE.NS
2015-04-16,197.7413330078125,199.79681013463872,195.74975495617224,196.92126643875375,20177302,RELIANCE.NS
2015-04-17,197.42184448242188,201.13874061701674,196.5165790498366,199.16846204683267,23958678,RELIANCE.NS
2015-04-20,188.6461181640625,199.67967267710503,187.12314735802735,199.64772313550145,37628162,RELIANCE.NS
2015-04-21,186.6864776611328,190.7441971583434,185.8344757198747,189.60462092323263,17707007,RELIANCE.NS
2015-04-22,187.38938903808594,188.8804101535762,184.67359296053945,187.84734664074568,14761313,RELIANCE.NS
2015-04-23,186.8142852783203,189.44486839829514,185.11025300171463,188.2627070259338,13337818,RELIANCE.NS
2015-04-24,187.20835876464844,188.39053453999443,185.0250830661014,186.80366454370238,12709854,RELIANCE.NS
2015-04-27,186.4415283203125,189.04016192770885,185.62146171252098,187.45329216271597,11042925,RELIANCE.NS
2015-04-28,184.2902069091797,187.86865490589847,182.87373465201406,186.31373464262947,14687371,RELIANCE.NS
2015-04-29,181.05252075195312,185.42973487900244,180.49871461049875,183.6085545658776,16387960,RELIANCE.NS
2015-04-30,183.68313598632812,184.43930352903834,180.61589486678614,181.0525527941781,34802149,RELIANCE.NS
2015-05-04,189.77503967285156,190.4033948600845,183.28909805271562,184.50320903948798,15078502,RELIANCE.NS
2015-05-05,190.03062438964844,192.08610159530198,188.52895340893107,190.36078384285693,17846755,RELIANCE.NS
2015-05-06,187.49591064453125,191.01045983497983,185.7386289399295,189.57268777269337,22438208,RELIANCE.NS
2015-05-07,185.47238159179688,187.11250074539757,183.1825933101832,186.37764705705703,16735535,RELIANCE.NS
2015-05-08,191.89642333984375,192.76995821202658,185.72778790218808,187.86308256939228,17104443,RELIANCE.NS
2015-05-11,193.24447631835938,193.99937253637208,190.53759940455888,192.57583791046122,14214007,RELIANCE.NS
2015-05-12,187.36705017089844,193.0180394031106,186.60136976016116,193.0180394031106,16650201,RELIANCE.NS
2015-05-13,190.90428161621094,191.66997630196153,184.8866219879941,188.36996337123963,16701434,RELIANCE.NS
2015-05-14,189.41603088378906,191.14153262634503,187.71211159101858,191.0983821246725,12329713,RELIANCE.NS
2015-05-15,188.4993438720703,191.30327676661457,187.66895954705237,190.2140614430384,8331715,RELIANCE.NS
2015-05-18,192.29547119140625,192.82390291273086,188.12193755585287,188.7042894122208,9847540,RELIANCE.NS
2015-05-19,193.15821838378906,195.14253690631463,191.22781999525608,192.23076328331737,14513036,RELIANCE.NS
2015-05-20,196.02684020996094,196.490567757141,193.6219302602409,194.20429649932248,8708891,RELIANCE.NS
2015-05-21,193.41705322265625,197.43961078012197,192.84548535066503,196.54450767583904,10759523,RELIANCE.NS
2015-05-22,194.94839477539062,195.3258500817103,193.47094002587502,193.47094002587502,8349048,RELIANCE.NS
2015-05-25,192.93170166015625,195.84347471322548,192.46797420068685,194.1179731716007,6617337,RELIANCE.NS
2015-05-26,190.7964324951172,193.25526243964038,190.38662510471354,193.03956751937065,9510249,RELIANCE.NS
2015-05-27,190.94740295410156,192.15525703571222,189.8474035282388,191.09837931509105,8078236,RELIANCE.NS
2015-05-28,188.89840698242188,192.8778282389221,188.0787921119041,191.066054061104,26538868,RELIANCE.NS
2015-05-29,189.15721130371094,191.19544976676133,188.3160284974717,189.78269919655378,29277517,RELIANCE.NS
2015-06-01,194.6033172607422,195.1748995076741,189.37292000251912,189.80429549561285,19594976,RELIANCE.NS
2015-06-02,193.8268280029297,198.17290566214237,192.27388506594002,195.3582028879292,20178960,RELIANCE.NS
2015-06-03,193.3307342529297,196.37191574825292,191.63759910198078,193.90230198671628,15546279,RELIANCE.NS
2015-06-04,196.85723876953125,197.61213503722428,192.51114642376737,195.02389663700615,15931395,RELIANCE.NS
2015-06-05,195.78956604003906,197.77388429021727,195.07779157322864,196.25329352662837,13066337,RELIANCE.NS
2015-06-08,190.9797821044922,196.27489789241844,190.47291842284835,195.58469134854153,10846953,RELIANCE.NS
2015-06-09,190.60231018066406,192.1013185295186,189.23269574065046,190.5699437060814,9153355,RELIANCE.NS
2015-06-10,195.3689727783203,196.25329164173195,190.8826887078706,191.09836921216734,13509379,RELIANCE.NS
2015-06-11,189.18959045410156,196.1670576995187,188.43467974603374,195.41214699145087,14676438,RELIANCE.NS
2015-06-12,191.9287872314453,192.54349112834416,189.426821140758,189.5885959331306,21543824,RELIANCE.NS
2015-06-15,194.49545288085938,195.1964433694674,191.96113477120412,193.0179981192392,12858570,RELIANCE.NS
2015-06-16,194.96998596191406,195.19646493173866,192.65136251489682,193.90233846989864,13929305,RELIANCE.NS
2015-06-17,200.84744262695312,203.25235255860255,192.8238964356236,195.2072383139802,26232634,RELIANCE.NS
2015-06-18,211.14646911621094,211.80430911799473,201.12782073185448,201.1386047581477,49366799,RELIANCE.NS
2015-06-19,214.96414184570312,217.06708468419822,211.9121758435785,211.9121758435785,45710935,RELIANCE.NS
2015-06-22,213.896484375,217.56315413711965,212.7749024354501,215.02883594305328,19394187,RELIANCE.NS
2015-06-23,214.60824584960938,216.26902911960536,213.7454949362534,214.10138220764512,16007498,RELIANCE.NS
2015-06-24,213.7239227294922,217.07785568160645,212.80725170160477,214.60824167859994,18603004,RELIANCE.NS
2015-06-25,216.66802978515625,217.62783683612793,212.45136069440238,212.88273610586248,27175118,RELIANCE.NS
2015-06-26,215.8376922607422,218.72788366810698,214.69454213310982,215.66513341998404,20966796,RELIANCE.NS
2015-06-29,213.71315002441406,214.36022043008222,209.647456725874,213.07687804347665,20168946,RELIANCE.NS
2015-06-30,215.708251953125,216.3013878250147,213.0984454780706,213.50825289436335,23184864,RELIANCE.NS
2015-07-01,216.90530395507812,217.94059923695067,215.90236075089544,215.90236075089544,14824266,RELIANCE.NS
2015-07-02,218.02688598632812,219.94650031555713,217.21805519433633,217.62786260364018,15931202,RELIANCE.NS
2015-07-03,217.2396240234375,218.66315873551954,216.34452101532162,217.78962378071247,13831096,RELIANCE.NS
2015-07-06,219.04058837890625,219.7631324779175,214.65136046419684,214.84548731911013,12237733,RELIANCE.NS
2015-07-07,216.38768005371094,219.26708727349657,215.68668949772905,218.05924744476775,11294999,RELIANCE.NS
2015-07-08,214.95333862304688,217.56314489101746,213.88569125878155,214.79156383598652,15190654,RELIANCE.NS
2015-07-09,212.96902465820312,215.90236616300606,212.05235363821487,214.82392035261478,16245867,RELIANCE.NS
2015-07-10,216.0749053955078,216.5494169333633,213.58372342124125,213.7670518616792,16110573,RELIANCE.NS
2015-07-13,217.19647216796875,218.38275820763624,214.64058604670007,216.0749046814345,9860248,RELIANCE.NS
2015-07-14,215.212158203125,218.16706773981207,214.6513744484258,217.60628398511287,9942927,RELIANCE.NS
2015-07-15,218.0915985107422,218.7925746655609,215.58963225039403,215.6327683585121,13532911,RELIANCE.NS
2015-07-16,220.7984161376953,221.68273496909788,218.0915539172621,218.27488233927852,14854295,RELIANCE.NS
2015-07-17,220.36708068847656,222.405319341326,219.5690483089231,221.13277538559225,10195142,RELIANCE.NS
2015-07-20,221.02493286132812,222.14650043070412,219.54747801397534,221.6827728860372,6348354,RELIANCE.NS
2015-07-21,217.36903381347656,221.8229664329722,216.27981831821407,221.72591019242597,7923338,RELIANCE.NS
2015-07-22,226.55728149414062,227.32296173340805,216.67882577991844,216.76509798739664,17309440,RELIANCE.NS
2015-07-23,225.4573211669922,230.3210472884564,224.57300209112563,227.2259449208244,18642915,RELIANCE.NS
2015-07-24,221.089599609375,226.3954838116805,220.23763285089098,226.03961099182263,13099664,RELIANCE.NS
2015-07-27,216.84059143066406,222.13570667000926,216.06412714662065,221.05727525456635,20118553,RELIANCE.NS
2015-07-28,217.89749145507812,219.28865977235944,215.70826192402177,217.47689999254413,13382878,RELIANCE.NS
2015-07-29,214.8238983154297,218.42587786888075,213.98272996279803,217.73567146920158,14790821,RELIANCE.NS
2015-07-30,215.71902465820312,217.41217436851056,214.02588934579455,215.7082406319693,11701228,RELIANCE.NS
2015-07-31,216.085693359375,217.3906037117329,213.52980718308112,215.68666999560452,16634259,RELIANCE.NS
2015-08-03,216.215087890625,218.6739176752461,215.55724794227518,215.90235115352485,9887787,RELIANCE.NS
2015-08-04,213.0984344482422,216.90531089473407,211.37294705588226,216.42001531596114,12006872,RELIANCE.NS
2015-08-05,213.04452514648438,215.85924252602445,212.25726239502848,213.15236541438256,14345010,RELIANCE.NS
2015-08-06,211.14646911621094,213.96118636612832,210.83373235370829,213.7454914423655,8708037,RELIANCE.NS
2015-08-07,212.31118774414062,214.39256241615172,210.7582303619759,211.15725373384046,8608888,RELIANCE.NS
2015-08-10,208.97882080078125,213.27097841911095,208.02979769771665,212.34353776638306,9288894,RELIANCE.NS
2015-08-11,208.35333251953125,210.00333172185398,206.6278307359085,209.43176393534605,8762464,RELIANCE.NS
2015-08-12,203.3709716796875,208.35333584262025,202.8641080422965,207.83568817885708,9650325,RELIANCE.NS
2015-08-13,201.31117248535156,205.75432109586058,200.45920557468926,204.25529818107353,9340350,RELIANCE.NS
2015-08-14,208.55821228027344,209.64742763487752,201.51604216612088,202.79938437464793,12739366,RELIANCE.NS
2015-08-17,205.05328369140625,208.3532959141751,204.05034063519858,208.3532959141751,10857430,RELIANCE.NS
2015-08-18,203.62979125976562,206.19646156298475,203.2199982516922,206.19646156298475,6630334,RELIANCE.NS
2015-08-19,205.89453125,207.27491559179094,202.62687007067274,203.60824538745115,8877298,RELIANCE.NS
2015-08-20,197.63369750976562,207.04842612299447,197.08369776511915,207.04842612299447,19008087,RELIANCE.NS
2015-08-21,195.8327178955078,196.68468475999595,193.4709441712895,196.27487736703083,20050521,RELIANCE.NS
2015-08-24,178.92288208007812,189.80428166737124,176.43169994733043,189.80428166737124,35635706,RELIANCE.NS
2015-08-25,182.93466186523438,185.63075500004678,177.5532884183989,181.36015073104545,49504268,RELIANCE.NS
2015-08-26,184.06703186035156,188.68272509251156,181.17682617742796,182.85917761777594,18955515,RELIANCE.NS
2015-08-27,187.4640655517578,190.0738718328802,184.85425927063545,186.9572019319312,26997546,RELIANCE.NS
2015-08-28,188.1650390625,190.4513099595181,186.80620871558153,188.72582276172892,10770215,RELIANCE.NS
2015-08-31,184.60623168945312,188.262117387575,184.15328818730984,188.262117387575,20708942,RELIANCE.NS
2015-09-01,181.14443969726562,184.17483715861798,180.1199285099158,184.17483715861798,21645696,RELIANCE.NS
2015-09-02,183.23663330078125,184.8650646079722,181.7376103204902,183.3336895459562,19652369,RELIANCE.NS
2015-09-03,184.16404724121094,185.65228586133605,182.12580895689797,184.20718334052788,11659978,RELIANCE.NS
2015-09-04,180.29246520996094,183.26894241827617,177.96304388235433,183.26894241827617,16199949,RELIANCE.NS
2015-09-07,179.71014404296875,182.0395657667677,178.5238723269235,180.79935952008472,10234633,RELIANCE.NS
2015-09-08,183.03167724609375,183.96991618053028,177.96304171353734,180.31403106191974,12900468,RELIANCE.NS
2015-09-09,188.5209197998047,189.52386296507026,183.44149982060765,185.7062171605128,17340694,RELIANCE.NS
2015-09-10,187.00035095214844,187.7552616199805,184.51995281168513,185.7062389471499,11074406,RELIANCE.NS
2015-09-11,185.69541931152344,188.96306517554672,184.670908171568,188.07874635637134,10634833,RELIANCE.NS
2015-09-14,186.32093811035156,186.71996148756227,183.74348379503246,185.86799460080144,7964072,RELIANCE.NS
2015-09-15,187.00035095214844,187.6474213525472,184.5415208651718,185.92191948201648,11509788,RELIANCE.NS
2015-09-16,188.19740295410156,189.23269821735857,186.6121079821079,188.10034672277712,13424811,RELIANCE.NS
2015-09-18,193.1258544921875,194.01015903348315,189.18956976826752,189.46995444788118,34261453,RELIANCE.NS
2015-09-21,189.3944549560547,191.57288569764955,188.9522955128591,189.80426232276508,12732187,RELIANCE.NS
2015-09-22,182.88072204589844,190.86113152566716,182.147393891634,189.80426819863706,15745524,RELIANCE.NS
2015-09-23,183.40916442871094,184.80034703564294,181.17681336006353,181.82386934551363,15221260,RELIANCE.NS
2015-09-24,180.60523986816406,182.9022950231763,180.04445611206017,182.9022950231763,29076982,RELIANCE.NS
2015-09-28,179.9365997314453,181.3709183852897,178.7395440478549,181.13366981293427,11624639,RELIANCE.NS
2015-09-29,181.33859252929688,183.38761536025498,178.17878606225526,179.01996900894986,15853471,RELIANCE.NS
2015-09-30,185.9866180419922,186.52583376082114,180.85327748774904,183.54937047979286,17292020,RELIANCE.NS
2015-10-01,186.50424194335938,188.49934416817757,185.18856209213806,188.49934416817757,8663393,RELIANCE.NS
2015-10-05,191.52975463867188,191.96113006773058,185.8895507793684,186.09446166706783,16015412,RELIANCE.NS
2015-10-06,193.69741821289062,194.2258498805165,191.04446145095,193.17977057117756,12330294,RELIANCE.NS
2015-10-07,197.09449768066406,198.01116879494035,192.1768516616212,192.9748840779592,11515191,RELIANCE.NS
2015-10-08,191.7670135498047,197.33172911101852,191.15230969549748,197.33172911101852,10753149,RELIANCE.NS
2015-10-09,191.3895721435547,195.29350485945756,190.12781226674238,192.83467486593472,9327873,RELIANCE.NS
2015-10-12,192.3385772705078,194.46308785112484,191.529746575337,191.529746575337,6212395,RELIANCE.NS
2015-10-13,192.7376251220703,193.31997696159476,190.4297714194666,190.89349896532667,6162561,RELIANCE.NS
2015-10-14,194.75428771972656,195.19644719406165,192.81310540231365,193.21212877163055,8002587,RELIANCE.NS
2015-10-15,194.9160614013672,196.49057253556444,194.1395970602082,195.7788123563437,9048478,RELIANCE.NS
2015-10-16,197.31019592285156,197.31019592285156,194.91606983801051,195.0886142773142,15246935,RELIANCE.NS
2015-10-19,207.8140869140625,208.24544790001084,202.96113184317645,202.96113184317645,33505855,RELIANCE.NS
2015-10-20,206.34742736816406,208.50429000447116,205.54938070582372,208.13761874897176,18091895,RELIANCE.NS
2015-10-21,205.9807891845703,210.25137904196845,205.5494137084685,206.0886294541208,14404450,RELIANCE.NS
2015-10-23,206.12095642089844,209.87391252718837,202.99350259758887,207.91116226891455,12153422,RELIANCE.NS
2015-10-26,203.3601837158203,207.70626144284748,203.02586450685718,207.46901286725338,10938775,RELIANCE.NS
2015-10-27,202.6484375,204.52491590613513,202.1847099123011,202.48667708495412,11601798,RELIANCE.NS
2015-10-28,202.08761596679688,203.80233363803075,200.5670251553073,202.07683194113875,11958727,RELIANCE.NS
2015-10-29,202.96115112304688,203.8239019726922,201.65624082290574,201.88271975993925,13280382,RELIANCE.NS
2015-10-30,204.40625,206.17487337157814,202.76703493412072,203.19839595311697,13366359,RELIANCE.NS
2015-11-02,207.01608276367188,207.3827540748474,203.86706053284587,204.68666097218568,7222044,RELIANCE.NS
2015-11-03,208.61215209960938,209.31314260833523,207.32882416783582,207.76019961984426,11373522,RELIANCE.NS
2015-11-04,205.1827392578125,210.2945263332686,204.08273972941166,208.78471938894012,10033187,RELIANCE.NS
2015-11-05,202.01211547851562,205.11800106620072,201.23565128054295,204.68662566826157,10767454,RELIANCE.NS
2015-11-06,205.4199676513672,205.92683122304845,202.2925140214866,202.6268187956846,8367190,RELIANCE.NS
2015-11-09,207.32884216308594,208.13765860764192,199.175872768492,201.3435342430306,17031699,RELIANCE.NS
2015-11-10,199.0248565673828,206.95134540515372,197.63367413176923,206.41212975069766,11486238,RELIANCE.NS
2015-11-13,201.24647521972656,202.43274700091527,197.2454859676246,197.36411026616346,13682323,RELIANCE.NS
2015-11-16,201.51605224609375,203.17683542441026,199.45624571253478,199.72586075728728,15346549,RELIANCE.NS
2015-11-17,200.10333251953125,202.50824264980758,199.76902766588114,202.3249141816769,8588142,RELIANCE.NS
2015-11-18,196.70623779296875,200.86898676609366,196.2640783552066,200.07094009346977,11249222,RELIANCE.NS
2015-11-19,201.6131134033203,202.4650802639852,197.83860346988237,198.19449073032067,12183206,RELIANCE.NS
2015-11-20,204.22293090820312,205.5062732825881,199.62880594078462,201.45136404949199,11304265,RELIANCE.NS
2015-11-23,205.71116638183594,206.60626938126526,204.0827351791231,204.90234999270405,10499517,RELIANCE.NS
2015-11-24,208.72000122070312,209.56118410771228,205.12881950754812,205.5494109510527,14806176,RELIANCE.NS
2015-11-26,213.23863220214844,213.9504067479622,208.83863420067823,209.43177005692354,23805828,RELIANCE.NS
2015-11-27,211.1680450439453,214.06903461239565,210.10039760530512,213.31412394792108,10891864,RELIANCE.NS
2015-11-30,208.59060668945312,212.3219953957347,207.55531125141098,211.0494369542784,29919205,RELIANCE.NS
2015-12-01,208.331787109375,211.11413816090928,207.32884376795792,207.92197967133032,12981379,RELIANCE.NS
2015-12-02,210.9307861328125,211.30824144657555,208.02979670634872,208.40725202011174,7573628,RELIANCE.NS
2015-12-03,210.7689971923828,213.30331516110917,210.10037321698408,210.27291762408112,11361395,RELIANCE.NS
2015-12-04,208.2346954345703,210.5533330749296,207.36117490774097,209.71215022905062,13443688,RELIANCE.NS
2015-12-07,205.34451293945312,209.86314972104415,204.84843331190496,208.2347040929907,14483909,RELIANCE.NS
2015-12-08,202.93955993652344,205.67877413471365,201.90426479413225,204.66504704120993,7532164,RELIANCE.NS
2015-12-09,197.5474090576172,203.48957989403766,196.88956910298535,201.9258529999109,9174419,RELIANCE.NS
2015-12-10,204.97784423828125,205.72195649011263,198.4317527563602,198.97096849768863,18592203,RELIANCE.NS
2015-12-11,205.53860473632812,206.84351503321815,203.37095798984026,205.2797881208182,18155513,RELIANCE.NS
2015-12-14,206.00233459472656,207.81410851562416,204.03958431305358,204.38468753558126,10563900,RELIANCE.NS
2015-12-15,210.48863220214844,210.93079168455452,205.689596452289,206.41215502033035,15718833,RELIANCE.NS
2015-12-16,211.081787109375,213.0014015826037,209.97100348881247,210.48865120310668,12097338,RELIANCE.NS
2015-12-17,217.77883911132812,218.9219891270214,210.94157905991057,211.38373854933639,19369032,RELIANCE.NS
2015-12-18,213.9396209716797,217.62785879507004,213.5298135695476,216.50629125084478,16016139,RELIANCE.NS
2015-12-21,213.9827423095703,215.4709810475095,212.31117513502124,213.07685535640763,12331769,RELIANCE.NS
2015-12-22,212.9474639892578,216.24746249815573,212.2356894417627,214.13373570455065,11579277,RELIANCE.NS
2015-12-23,216.5063018798828,217.1749259490923,213.5298240524601,213.9180634207978,12919467,RELIANCE.NS
2015-12-24,215.8052978515625,217.23961654089567,214.88864121961024,216.52785640832002,11901877,RELIANCE.NS
2015-12-28,217.92979431152344,218.65233837520336,215.68664515065265,215.81605344900183,12885935,RELIANCE.NS
2015-12-29,219.0082550048828,219.72001513928487,217.2288330720293,217.92982357801964,14913870,RELIANCE.NS
2015-12-30,216.65725708007812,219.13765502715017,216.11804138705364,218.92197450909973,8151610,RELIANCE.NS
2015-12-31,218.835693359375,219.93570722254987,215.49255885886123,216.4200139053956,18483713,RELIANCE.NS
2016-01-01,218.99746704101562,219.76314729320407,217.4553081126233,217.80039694835952,5416562,RELIANCE.NS
2016-01-04,214.67295837402344,218.66316350641532,212.8180481573938,216.7651171822268,30170947,RELIANCE.NS
2016-01-05,216.79742431640625,217.84350350363457,215.03958510411937,215.75134512917793,14946239,RELIANCE.NS
2016-01-06,222.63177490234375,223.96903727610155,215.7729330211221,217.32587590779337,26759864,RELIANCE.NS
2016-01-07,218.5445098876953,221.7258837807024,217.42294244585054,220.22686105046247,19739943,RELIANCE.NS
2016-01-08,221.24061584472656,222.78277486917128,219.2886494044218,220.00042396825756,21313199,RELIANCE.NS
2016-01-11,226.81610107421875,228.80041946368618,218.0592271367203,219.1268745139818,29016443,RELIANCE.NS
2016-01-12,225.48963928222656,229.79258091169197,224.55140020866975,227.54944587441958,23373377,RELIANCE.NS
2016-01-13,232.26220703125,235.04457231874218,225.8670919990354,227.1396503485914,71802356,RELIANCE.NS
2016-01-14,228.98373413085938,233.15728155203664,227.12883856378946,229.4582456475279,27823189,RELIANCE.NS
2016-01-15,231.4965057373047,234.99063108822978,229.83572247228875,230.73082546236907,28767318,RELIANCE.NS
2016-01-18,219.3209686279297,233.7935479489327,217.43372102898698,231.86314985140112,27254669,RELIANCE.NS
2016-01-19,225.0906219482422,226.42787002634057,218.72785915815766,221.94159983155998,21489315,RELIANCE.NS
2016-01-20,216.66802978515625,223.2141203386354,213.52979202410376,223.2141203386354,45114225,RELIANCE.NS
2016-01-21,212.27883911132812,221.24062490157408,210.66119183314333,219.47200124217076,31768619,RELIANCE.NS
2016-01-22,216.581787109375,218.05924197594297,214.4033561023053,214.4033561023053,23682648,RELIANCE.NS
2016-01-25,216.53866577148438,219.73082431215008,215.68669879964364,217.8435619002069,13099564,RELIANCE.NS
2016-01-27,215.5464630126953,217.8435180085244,215.0288153969411,217.43372504438798,17251028,RELIANCE.NS
2016-01-28,219.33177185058594,220.38864960372396,215.0611823251616,215.90236515806583,23074633,RELIANCE.NS
2016-01-29,223.3219757080078,224.31413490215292,219.56903385070606,219.77393034601704,19177163,RELIANCE.NS
2016-02-01,222.22198486328125,224.7023829447483,221.19747355123394,224.30335956683638,9918809,RELIANCE.NS
2016-02-02,215.93470764160156,222.76118304286348,213.63763819130708,222.2219673630865,14771279,RELIANCE.NS
2016-02-03,211.6748809814453,214.39254174024484,210.29449694937637,213.09841551254542,15691478,RELIANCE.NS
2016-02-04,209.87393188476562,215.90237554895083,208.28863677561003,213.09844223625564,18203784,RELIANCE.NS
2016-02-05,209.4102020263672,211.80431350463616,207.36117939662753,211.17882556877757,20998404,RELIANCE.NS
2016-02-08,207.2856903076172,212.40824685964114,206.6170518707073,209.45333721959173,12078110,RELIANCE.NS
2016-02-09,206.52000427246094,208.95726634603858,204.90235704065623,205.52784499995676,19603494,RELIANCE.NS
2016-02-10,207.6307830810547,209.86314859196088,204.61116922508546,205.26902364796624,16883350,RELIANCE.NS
2016-02-11,199.41311645507812,208.3425493476131,197.46115011324795,207.67391092466315,17114833,RELIANCE.NS
2016-02-12,195.53073120117188,201.42976570946547,191.5513107535125,201.42976570946547,29319458,RELIANCE.NS
2016-02-15,204.2013397216797,205.19349886409947,198.0003522805049,198.0003522805049,19283523,RELIANCE.NS
2016-02-16,200.70724487304688,206.62783371931286,199.94155020598154,205.13959488850472,13024856,RELIANCE.NS
2016-02-17,205.46315002441406,206.50922947829056,197.65528381834986,201.68862525021606,15442221,RELIANCE.NS
2016-02-18,202.76705932617188,208.93569541465416,201.8827403350539,207.69548914215466,14433087,RELIANCE.NS
2016-02-19,203.6837158203125,205.49548990804146,202.17390887983822,202.74549109405953,10235503,RELIANCE.NS
2016-02-22,207.5552978515625,208.8494242645162,203.62979690329257,203.62979690329257,12770834,RELIANCE.NS
2016-02-23,204.8268585205078,208.6121525640382,203.33861968682004,207.72783360534714,18989787,RELIANCE.NS
2016-02-24,205.47386169433594,206.74640527554678,203.1767926769398,203.8022948418353,15186204,RELIANCE.NS
2016-02-25,203.62979125976562,206.31510025269472,202.92881513753028,205.80823660796784,24826958,RELIANCE.NS
2016-02-26,204.97784423828125,206.78961834380064,203.6729337934846,205.54941206021542,8349402,RELIANCE.NS
2016-02-29,208.49351501464844,214.52195815065502,201.66702518171687,205.1827183422465,31032353,RELIANCE.NS
2016-03-01,211.65335083007812,212.46218166695883,208.06216898238017,208.07295300959458,16453192,RELIANCE.NS
2016-03-02,216.0102081298828,216.92687915710735,212.93667426064673,214.15529802292954,20105967,RELIANCE.NS
2016-03-03,218.458251953125,219.5690354420797,215.14745514065646,217.84353366693955,15880459,RELIANCE.NS
2016-03-04,217.0670623779297,218.92197240694566,216.44157448369114,218.70627749306797,8987660,RELIANCE.NS
2016-03-08,221.51023864746094,222.35140716423186,217.30433847200592,217.30433847200592,13222993,RELIANCE.NS
2016-03-09,224.68080139160156,225.1553129264098,219.69843747506417,220.0004045964506,11854901,RELIANCE.NS
2016-03-10,218.22100830078125,225.58671477991388,217.62787241227394,224.75631589726362,20706353,RELIANCE.NS
2016-03-11,218.8141326904297,222.0602254628322,217.97296422278157,218.90041930061085,15319044,RELIANCE.NS
2016-03-14,219.9464874267578,221.38079167842244,218.47981669924275,219.8062806910677,11880095,RELIANCE.NS
2016-03-15,220.10826110839844,221.69355621746982,218.94355743599894,220.86315737076126,10487788,RELIANCE.NS
2016-03-16,220.37783813476562,221.2513729943125,216.86215944141694,220.21607775258948,11064129,RELIANCE.NS
2016-03-17,221.60494995117188,226.16355676483715,220.73248527640175,224.00422052678675,16832997,RELIANCE.NS
2016-03-18,224.04786682128906,224.69130267333813,221.53954152685228,222.09573381387875,14030979,RELIANCE.NS
2016-03-21,226.2508087158203,227.16689520232163,223.07723690758957,224.21143229087383,12708074,RELIANCE.NS
2016-03-22,228.55194091796875,229.5116346680823,225.89092489444909,226.18538647869343,15333442,RELIANCE.NS
2016-03-23,224.4840850830078,228.3447145124184,223.0009008909158,228.3447145124184,16806372,RELIANCE.NS
2016-03-28,222.56468200683594,225.02938551290273,221.52863555464046,224.65858580243065,18070240,RELIANCE.NS
2016-03-29,226.02178955078125,227.27594480053187,222.52103991207736,223.30624648374575,15871250,RELIANCE.NS
2016-03-30,228.37744140625,229.40258239818098,227.4286385324405,227.4286385324405,14453294,RELIANCE.NS
2016-03-31,227.97393798828125,230.32958713507492,225.24750367579495,227.05786596009133,30833349,RELIANCE.NS
2016-04-01,225.6291961669922,228.21385953557103,223.56800873939125,226.64343171263732,12381116,RELIANCE.NS
2016-04-04,225.7600555419922,227.31957787824732,223.63343549800857,226.83972373170675,8632568,RELIANCE.NS
2016-04-05,223.9933319091797,227.36320185262042,222.9572854900625,224.95304021152083,10259495,RELIANCE.NS
2016-04-06,225.4765167236328,226.11995255526406,223.04452962576372,225.1166224693275,6990781,RELIANCE.NS
2016-04-07,226.2399139404297,228.5846574914566,222.9354766382923,225.72734344881053,8789163,RELIANCE.NS
2016-04-08,226.04360961914062,229.99148264702242,224.92031965905267,225.9454460536905,13411752,RELIANCE.NS
2016-04-11,226.90513610839844,228.03934598241958,225.31289757910628,226.18536223296698,10308361,RELIANCE.NS
2016-04-12,228.4537811279297,230.64584847798238,226.41440457519892,226.9051641837173,11164859,RELIANCE.NS
2016-04-13,232.52163696289062,233.36138541765928,229.57709376826315,229.57709376826315,16038542,RELIANCE.NS
2016-04-18,232.2380828857422,232.68522070385603,230.19870637093427,232.4670972374554,19065716,RELIANCE.NS
2016-04-20,226.2508087158203,233.20868636328697,225.92363081063942,233.20868636328697,21687934,RELIANCE.NS
2016-04-21,227.09056091308594,229.45710072306386,225.74914749525942,227.1450881382,11380697,RELIANCE.NS
2016-04-22,226.6107177734375,228.47559264289401,224.5059085418241,226.62162321898975,11705087,RELIANCE.NS
2016-04-25,221.80125427246094,227.81032904719183,220.79792423588157,227.81032904719183,61157544,RELIANCE.NS
2016-04-26,221.8121795654297,223.32808020069,219.7509920841051,221.47411074807457,26429236,RELIANCE.NS
2016-04-27,222.3465576171875,223.7752146651629,221.60497275931127,222.01939425048067,14502641,RELIANCE.NS
2016-04-28,217.39532470703125,222.3029055797842,216.14115495865727,221.16871027621508,61949033,RELIANCE.NS
2016-04-29,214.3417205810547,217.79884839429886,213.50197223777278,216.6864493795597,23479680,RELIANCE.NS
2016-05-02,215.2687225341797,216.45744515563885,213.3165896449897,213.53469854433757,10620873,RELIANCE.NS
2016-05-03,212.83673095703125,217.01363277031473,212.17148426823326,215.4977322722295,17571826,RELIANCE.NS
2016-05-04,213.33839416503906,214.55983308493052,212.2260096915654,212.4550240290427,13546285,RELIANCE.NS
2016-05-05,212.71678161621094,214.50531832136906,211.76797875725225,213.75282803737144,21665684,RELIANCE.NS
2016-05-06,211.34263610839844,213.05483456924873,210.91730921430036,212.22600622998633,14748329,RELIANCE.NS
2016-05-09,214.42898559570312,215.06151599757658,212.18240557249408,212.66225973667574,15347096,RELIANCE.NS
2016-05-10,214.30905151367188,214.778000288801,213.31662672909735,214.42901142916767,7248302,RELIANCE.NS
2016-05-11,212.74948120117188,213.91639287375813,211.57164952416315,211.96426008316607,12339923,RELIANCE.NS
2016-05-12,216.544677734375,216.85004473798344,212.6731430472298,212.88034649110296,12786216,RELIANCE.NS
2016-05-13,213.34930419921875,216.05392732859195,212.6622466120007,215.7049385325415,14648291,RELIANCE.NS
2016-05-16,212.8694610595703,214.29811809218634,211.81160373190966,213.09847541380296,9327335,RELIANCE.NS
2016-05-17,211.38629150390625,214.42899835326477,210.77557195679654,213.80737335995684,12157600,RELIANCE.NS
2016-05-18,211.69161987304688,212.11693219705688,210.28477389053546,210.6773844419349,8228838,RELIANCE.NS
2016-05-19,207.4711151123047,211.98610077559522,206.24967604591072,211.942478991796,9134784,RELIANCE.NS
2016-05-20,203.76315307617188,208.19089498730926,203.14152812293528,207.64560815253944,18544619,RELIANCE.NS
2016-05-23,202.84707641601562,205.18091466572596,201.8982734916944,204.45022066193465,18365734,RELIANCE.NS
2016-05-24,205.12637329101562,205.9006744655126,202.42173550289587,202.42173550289587,12283217,RELIANCE.NS
2016-05-25,207.4711151123047,207.82010394270637,205.27906223636222,207.17666807165998,9240115,RELIANCE.NS
2016-05-26,206.52230834960938,207.73285650752342,205.92249427352957,207.209380551671,14190024,RELIANCE.NS
2016-05-27,212.59678649902344,213.07664060451046,206.93670079112437,207.00213345641728,13401594,RELIANCE.NS
2016-05-30,211.2881317138672,214.07999859829175,210.48109961633403,212.96761402277878,9633652,RELIANCE.NS
2016-05-31,208.92156982421875,212.22602165702816,208.62712280228962,211.35355691648334,23332727,RELIANCE.NS
2016-06-01,207.99456787109375,210.72101641439144,207.60197186070434,208.94337068288078,9042808,RELIANCE.NS
2016-06-02,208.5725555419922,208.768868092642,206.14058330676352,208.19086500462777,10253825,RELIANCE.NS
2016-06-03,209.31417846679688,210.0230469618925,208.48533551498704,209.39051658288335,8643295,RELIANCE.NS
2016-06-06,208.25633239746094,210.04486917938752,207.76557277900412,209.60863678964728,8672842,RELIANCE.NS
2016-06-07,208.31085205078125,209.59772372170954,207.55834720184268,208.79070620604446,18954268,RELIANCE.NS
2016-06-08,208.10365295410156,208.95429226899543,207.023970162108,208.95429226899543,12135516,RELIANCE.NS
2016-06-09,211.82249450683594,212.97850076339014,208.5616646261698,209.39050754219335,15643495,RELIANCE.NS
2016-06-10,213.0330352783203,214.71253205722044,211.2008768286203,212.4441266852022,16316760,RELIANCE.NS
2016-06-13,213.99273681640625,214.50530727796016,210.05575479468172,211.5498444004883,10214469,RELIANCE.NS
2016-06-14,212.93487548828125,214.93063007277325,211.41897502202798,213.96001639179048,10923848,RELIANCE.NS
2016-06-15,214.75616455078125,215.17057148364384,212.38961005518647,213.75283443541477,11129082,RELIANCE.NS
2016-06-16,212.94580078125,214.54894495297302,210.92823511969215,213.97094178031156,9372207,RELIANCE.NS
2016-06-17,212.64044189453125,213.4583794600206,211.5934899643093,213.09848518400435,10534878,RELIANCE.NS
2016-06-20,215.97760009765625,216.50107603810687,211.13545128848992,212.04061781884715,10758608,RELIANCE.NS
2016-06-21,215.3014373779297,216.83914878770207,213.68738785391426,216.8282433428102,13933068,RELIANCE.NS
2016-06-22,213.8618927001953,215.03970996616442,213.12029326606086,214.8434119418388,12788710,RELIANCE.NS
2016-06-23,213.85098266601562,214.1890514784339,211.57167174354558,213.74192821039682,9837526,RELIANCE.NS
2016-06-24,207.525634765625,210.4592869790671,203.58866700142238,210.4592869790671,24985097,RELIANCE.NS
2016-06-27,208.4417266845703,209.04154076537947,205.13728923719967,205.13728923719967,9163399,RELIANCE.NS
2016-06-28,208.91065979003906,209.7285972863339,208.29994030907554,208.60530732956065,7604977,RELIANCE.NS
2016-06-29,210.8955078125,211.34264561564038,209.39051272876168,209.82674508694757,7523987,RELIANCE.NS
2016-06-30,211.38629150390625,213.20755925904538,210.9282482035719,212.00791649721418,12758283,RELIANCE.NS
2016-07-01,212.32415771484375,213.05483706248168,211.57165291801664,212.17148149056246,6610193,RELIANCE.NS
2016-07-04,215.21417236328125,216.71916739015768,212.77129454574796,212.77129454574796,7803505,RELIANCE.NS
2016-07-05,216.610107421875,218.74763273771967,213.8182408901608,215.0833015448423,11359882,RELIANCE.NS
2016-07-07,215.47593688964844,218.22418196050052,215.09423173647227,216.47926699742112,12029091,RELIANCE.NS
2016-07-08,213.4038543701172,215.7158671725365,212.9567165221003,215.2796493305767,7140617,RELIANCE.NS
2016-07-11,216.47926330566406,217.01364468699458,214.9524572790044,216.152085385663,8266601,RELIANCE.NS
2016-07-12,218.85671997070312,219.2056942162327,216.1520822078074,217.07907416750916,9767494,RELIANCE.NS
2016-07-13,220.0236358642578,221.75764535938146,219.0203057694674,219.2493201224054,14915296,RELIANCE.NS
2016-07-14,219.1838836669922,221.1905438219378,217.73341577673185,219.8818612791514,10758372,RELIANCE.NS
2016-07-15,220.77610778808594,222.6955242549587,218.8785167701606,220.07814478195309,13992989,RELIANCE.NS
2016-07-18,219.47836303710938,226.56710682514114,218.4968437704583,224.2223631192507,32106850,RELIANCE.NS
2016-07-19,221.99757385253906,223.1208638168102,217.08997796202542,219.42381601129358,16649300,RELIANCE.NS
2016-07-20,223.13177490234375,224.2877812311067,221.72492877016592,222.46652817503784,12265316,RELIANCE.NS
2016-07-21,219.50015258789062,223.56800005794813,219.20569101252173,223.34987659767313,6711097,RELIANCE.NS
2016-07-22,221.35414123535156,221.99757706497212,219.2275066120175,219.42381918648286,6899519,RELIANCE.NS
2016-07-25,223.07725524902344,223.29536416373932,219.7182760423451,221.16874400522877,8241568,RELIANCE.NS
2016-07-26,223.36077880859375,225.70552225256145,221.43047138914852,223.13176446662797,10516399,RELIANCE.NS
2016-07-27,220.97244262695312,223.78612038410625,220.06726152461027,223.14268453545603,11030767,RELIANCE.NS
2016-07-28,223.8624267578125,224.76760773179427,220.96150584746889,221.37592728037663,15610838,RELIANCE.NS
2016-07-29,221.36508178710938,223.54622942258527,220.73253674241354,223.34991681698648,9629597,RELIANCE.NS
2016-08-01,220.18722534179688,222.54287442689485,219.21661154877083,222.0412093617356,7978251,RELIANCE.NS
2016-08-02,220.90699768066406,222.47742543554978,219.4892461552792,219.8600458440736,7710138,RELIANCE.NS
2016-08-03,216.79551696777344,221.2559602020233,216.26113563281416,221.2559602020233,11872282,RELIANCE.NS
2016-08-04,216.5883026123047,218.11510853219008,214.49439901474827,217.8969996407805,10187608,RELIANCE.NS
2016-08-05,221.65948486328125,222.25929888799257,217.47167757510834,217.67888102655186,12109001,RELIANCE.NS
2016-08-08,224.4949951171875,225.5310415278423,222.18296794224895,222.4556186313719,13556347,RELIANCE.NS
2016-08-09,224.81124877929688,225.640091716163,222.69553421730384,224.00423129235458,13290768,RELIANCE.NS
2016-08-10,218.91122436523438,225.65097805919206,218.55133015206022,224.93120419284915,13471958,RELIANCE.NS
2016-08-11,221.1905517578125,223.09906297452372,218.02788517926714,218.54045568158332,14169454,RELIANCE.NS
2016-08-12,225.9236297607422,227.47226116073028,221.82306604022682,221.82306604022682,16365425,RELIANCE.NS
2016-08-16,223.5461883544922,227.88667193409114,221.49590645940378,226.02179716356284,13367575,RELIANCE.NS
2016-08-17,221.01605224609375,224.39682754685194,219.68554427972663,223.3716865996531,15486572,RELIANCE.NS
2016-08-18,222.05209350585938,223.27353243428752,221.60495571241523,221.60495571241523,7749690,RELIANCE.NS
2016-08-19,221.36508178710938,222.91369893789874,219.66377381862998,222.04123405970466,8177802,RELIANCE.NS
2016-08-22,220.69976806640625,222.41198107584157,219.6855326180168,220.73248439957973,6684236,RELIANCE.NS
2016-08-23,220.39443969726562,221.3868643652759,219.20570244876532,220.73250851031898,7320433,RELIANCE.NS
2016-08-24,222.58648681640625,222.90275929022746,220.51439396863023,220.66707020288533,8719596,RELIANCE.NS
2016-08-25,220.88519287109375,224.44046994738392,220.07816080150351,222.73916224608712,14960746,RELIANCE.NS
2016-08-26,224.20053100585938,224.8330613782724,221.29959526478325,222.0193837575349,9639663,RELIANCE.NS
2016-08-29,230.64585876464844,231.14752384106325,223.8079402769915,224.05878009520293,16193208,RELIANCE.NS
2016-08-30,232.5979766845703,233.05600538709734,229.6752299845935,231.63826837830905,18170724,RELIANCE.NS
2016-08-31,231.20201110839844,234.25562282311324,228.3665082761609,232.27077375254808,23295502,RELIANCE.NS
2016-09-01,224.4840850830078,233.98298970735368,223.7206748170751,229.6752224753265,42621045,RELIANCE.NS
2016-09-02,221.0269317626953,225.2147386199852,218.6167559070135,224.89846619294835,28124615,RELIANCE.NS
2016-09-06,222.45562744140625,223.5680120122679,221.38686465293074,222.45562744140625,11510431,RELIANCE.NS
2016-09-07,221.96484375,224.0151255397567,220.96151374394861,222.91364653398404,12927438,RELIANCE.NS
2016-09-08,225.40017700195312,225.95638386330634,222.5210664820493,223.1426914588461,12206479,RELIANCE.NS
2016-09-09,227.83213806152344,228.99904975967794,224.65856630672587,225.74913989229165,15269894,RELIANCE.NS
2016-09-12,228.2574920654297,230.32958503603754,224.47320040058517,224.7458365493452,33684893,RELIANCE.NS
2016-09-14,227.87574768066406,230.98388660167768,227.03601392699005,228.58463066546008,18604842,RELIANCE.NS
2016-09-15,232.29261779785156,233.42681326863752,228.3665408728151,228.3665408728151,31371009,RELIANCE.NS
2016-09-16,234.5937042236328,238.58521346795038,231.00571099363268,232.72882949801365,39324529,RELIANCE.NS
2016-09-19,236.0878143310547,237.30926792478982,233.60131448096698,233.93938329636953,16678060,RELIANCE.NS
2016-09-20,234.2992706298828,236.60037783568936,233.17598064031816,236.43679615565773,11531268,RELIANCE.NS
2016-09-21,233.8739471435547,236.63309765406137,233.16507862631195,234.25565229591953,10943394,RELIANCE.NS
2016-09-22,237.51646423339844,239.01055392355443,235.34622237280945,236.21868711917966,18761415,RELIANCE.NS
2016-09-23,240.53736877441406,241.98783673646628,237.52737839301415,237.52737839301415,31085948,RELIANCE.NS
2016-09-26,241.49708557128906,246.3719655830976,239.9811848818014,240.66824254681805,38213411,RELIANCE.NS
2016-09-27,242.21681213378906,245.58669624219195,241.36617294371084,243.63456353059317,19374535,RELIANCE.NS
2016-09-28,237.8872528076172,241.67154407997884,236.93844998832031,241.64973319034013,24820234,RELIANCE.NS
2016-09-29,233.91754150390625,242.27134473460742,232.8160625179267,238.83604244605863,21260295,RELIANCE.NS
2016-09-30,236.37135314941406,238.73790748377385,232.57614185855147,232.9469415437521,11199883,RELIANCE.NS
2016-10-03,237.8981475830078,241.66062779698834,234.74638681152769,237.09111558255694,18125170,RELIANCE.NS
2016-10-04,239.13050842285156,241.7369825977741,238.18170558059822,238.41073448735253,13113580,RELIANCE.NS
2016-10-05,237.61459350585938,241.34437197880476,236.82938694734858,240.79908519761491,10789932,RELIANCE.NS
2016-10-06,242.2823028564453,245.65217300986154,238.18172414547877,238.18172414547877,21111045,RELIANCE.NS
2016-10-07,241.88967895507812,244.95418189401312,241.34439212836293,242.98025260850852,15280380,RELIANCE.NS
2016-10-10,239.13050842285156,244.72517647062278,238.61793794393364,242.98024701728107,11553662,RELIANCE.NS
2016-10-13,230.58041381835938,237.53827728184586,229.45710925920062,237.52737183641736,21938040,RELIANCE.NS
2016-10-14,235.05178833007812,236.00059130492636,231.56194349569697,231.85640511410148,15265659,RELIANCE.NS
2016-10-17,231.3437957763672,235.73882106229607,230.92937431476497,235.56431938582827,9826781,RELIANCE.NS
2016-10-18,235.8042755126953,236.16416978364748,231.6491841880929,232.5107289652101,11073137,RELIANCE.NS
2016-10-19,237.16746520996094,238.77062384438344,235.86968815162695,236.5349348480837,17073242,RELIANCE.NS
2016-10-20,237.21112060546875,239.4904170043058,236.4477102839393,238.6070467796813,10125508,RELIANCE.NS
2016-10-21,232.1181182861328,239.27229411104634,230.85304297465063,239.27229411104634,43608816,RELIANCE.NS
2016-10-24,231.92181396484375,234.2556520990478,231.34381079403795,233.38318734009206,10513017,RELIANCE.NS
2016-10-25,231.38743591308594,232.34714424977685,229.93696796240553,232.29261702155662,7658966,RELIANCE.NS
2016-10-26,229.90426635742188,231.08209824247504,229.47893939004229,230.34049877114433,10945927,RELIANCE.NS
2016-10-27,228.7373046875,229.87149998028323,227.58129850677884,229.26078055801574,12842476,RELIANCE.NS
2016-10-28,230.1005401611328,230.76578683590748,227.66855323662065,229.02087203518477,8127969,RELIANCE.NS
2016-11-01,229.239013671875,230.31868195205274,228.4537924353777,229.30444634824843,10223897,RELIANCE.NS
2016-11-02,223.2953643798828,227.46137569505782,222.69555030382585,227.05785964243518,7039997,RELIANCE.NS
2016-11-03,223.33897399902344,225.6946229519764,222.6082946138057,223.31716310871863,7311872,RELIANCE.NS
2016-11-04,219.32565307617188,223.9824088738622,218.11510506805647,222.5319410890067,11535892,RELIANCE.NS
2016-11-07,218.365966796875,221.7249313688768,217.90792352614616,221.1687390887076,9506040,RELIANCE.NS
2016-11-08,218.87855529785156,219.35840949903522,217.74434519323026,219.35840949903522,13432073,RELIANCE.NS
2016-11-09,219.11846923828125,220.07817761489426,202.84707774026717,207.20938721941647,21640144,RELIANCE.NS
2016-11-10,220.38351440429688,224.42955083103493,219.6419150514683,222.17205099875463,9764091,RELIANCE.NS
2016-11-11,218.49681091308594,221.93212782976445,217.04634312337697,217.64615712724017,14775330,RELIANCE.NS
2016-11-15,214.93063354492188,218.11511075194684,213.65465283717185,217.3517150642381,14487470,RELIANCE.NS
2016-11-16,215.18145751953125,217.41714646624354,213.9054913792178,217.02453589999087,16550762,RELIANCE.NS
2016-11-17,213.26206970214844,217.7116078808309,212.5313757443697,215.06151186323157,12628378,RELIANCE.NS
2016-11-18,215.38868713378906,216.5228825551867,214.18904448115077,214.84340031350146,18163751,RELIANCE.NS
2016-11-21,216.2611541748047,216.70827743299952,214.4507920113533,215.3995948743663,13232434,RELIANCE.NS
2016-11-22,218.43138122558594,219.81640180757614,216.65373551861336,217.61344376188592,17646355,RELIANCE.NS
2016-11-23,220.07818603515625,220.405363990613,218.01699840379857,219.205721193944,13107911,RELIANCE.NS
2016-11-24,215.35595703125,219.32565531238035,214.2326671268658,219.32565531238035,18913793,RELIANCE.NS
2016-11-25,216.74098205566406,217.2208361838988,214.70162021067438,215.93396458545544,10454964,RELIANCE.NS
2016-11-28,215.20330810546875,218.2460150751781,214.6471157673507,216.58834350745352,8312777,RELIANCE.NS
2016-11-29,217.6134796142578,219.05304221633824,215.50867022303743,215.7158737042423,9885281,RELIANCE.NS
2016-11-30,215.94488525390625,218.1042217031886,215.2032858398047,218.1042217031886,27596098,RELIANCE.NS
2016-12-01,217.6243438720703,221.38683864085695,217.0245298747291,218.11510342625962,12627845,RELIANCE.NS
2016-12-02,216.97000122070312,219.20567553058007,216.32656545034916,217.22082643829654,12481430,RELIANCE.NS
2016-12-05,216.7737579345703,218.04972435306865,215.17059898618672,217.02458321546803,3987213,RELIANCE.NS
2016-12-06,219.2493133544922,219.54377493061577,216.93730076569585,217.2426532268541,6726369,RELIANCE.NS
2016-12-07,217.9297332763672,219.772797235121,217.319013771928,218.98759060370128,4930865,RELIANCE.NS
2016-12-08,222.4883270263672,222.87003215351368,219.06391544683692,219.21659167369296,8750556,RELIANCE.NS
2016-12-09,224.4295654296875,225.06209581765228,222.54286515109575,222.91366485162973,8239158,RELIANCE.NS
2016-12-12,224.04786682128906,227.21053341340274,222.5864934271383,222.5864934271383,9023848,RELIANCE.NS
2016-12-13,226.7960968017578,227.05784203938563,224.1241900010077,224.22233900511569,10365823,RELIANCE.NS
2016-12-14,231.09295654296875,232.172624630662,226.4471063086501,226.7960805204262,24139260,RELIANCE.NS
2016-12-15,229.66432189941406,232.85970469511807,228.72642449453002,229.54436200251206,19331986,RELIANCE.NS
2016-12-16,230.58041381835938,231.63827114493978,229.45710925920062,229.45710925920062,14942206,RELIANCE.NS
2016-12-19,231.7582550048828,232.71796342182563,229.9697035296688,230.11148889490516,15009634,RELIANCE.NS
2016-12-20,230.74400329589844,231.42015549531862,229.7079568251703,230.0460402048843,11688169,RELIANCE.NS
2016-12-21,231.91090393066406,232.79427411762782,230.59131593286094,231.22384631858503,20367894,RELIANCE.NS
2016-12-22,229.75155639648438,231.78002735864462,229.22808048883033,230.7657918775645,28892834,RELIANCE.NS
2016-12-23,230.61309814453125,233.15413937670368,229.45707740954774,229.45707740954774,10265033,RELIANCE.NS
2016-12-26,228.4646759033203,232.51071248324985,227.85395642257762,229.9696709951541,15321770,RELIANCE.NS
2016-12-27,232.22715759277344,232.75063348338534,228.36651379950698,228.55192091410248,17442849,RELIANCE.NS
2016-12-28,228.95545959472656,233.2850527608501,228.38836183432898,232.92515847751787,9637310,RELIANCE.NS
2016-12-29,232.39076232910156,233.1214562956236,228.91182330403737,229.0208923187473,8772325,RELIANCE.NS
2016-12-30,236.0878143310547,236.65492662529346,231.87819582694956,232.24899553933412,15711974,RELIANCE.NS
2017-01-02,236.6767120361328,237.74547471558395,233.89573633265823,236.4367776974772,7097888,RELIANCE.NS
2017-01-03,237.61459350585938,239.27227929828217,235.80424605151097,237.71275706567837,6434204,RELIANCE.NS
2017-01-04,232.76156616210938,238.39984173028458,232.13994119927543,238.37803083895733,10392483,RELIANCE.NS
2017-01-05,234.99720764160156,235.54249440793495,233.11052212769053,233.60128167339113,8734164,RELIANCE.NS
2017-01-06,234.46286010742188,236.6549274927825,234.05934405658374,234.29927842195005,7845839,RELIANCE.NS
2017-01-09,235.0626678466797,236.87303002381526,233.6013090424948,234.9099916110201,5228980,RELIANCE.NS
2017-01-10,237.7127685546875,238.7051786052128,235.5643230993557,235.5643230993557,11349916,RELIANCE.NS
2017-01-11,236.88392639160156,238.9887355139938,236.43678858715455,238.83605928418487,11475958,RELIANCE.NS
2017-01-12,236.2841033935547,237.82181475831464,235.52069315345796,237.09112085193584,4371992,RELIANCE.NS
2017-01-13,237.83274841308594,239.38136540610557,236.55676756672054,236.55676756672054,7234429,RELIANCE.NS
2017-01-16,234.74639892578125,238.6070283379646,234.24473390069468,237.73457818651454,12013154,RELIANCE.NS
2017-01-17,227.1123809814453,232.9469544645189,226.51256692094339,232.2926131766993,39234251,RELIANCE.NS
2017-01-18,225.2147674560547,228.58465190800652,224.38592450942386,227.4068201585827,15867619,RELIANCE.NS
2017-01-19,225.46560668945312,227.9957427433623,224.87668353620998,225.78186459618755,15284274,RELIANCE.NS
2017-01-20,223.7425079345703,226.28354965845992,223.3280864256083,225.52015387669454,8784907,RELIANCE.NS
2017-01-23,221.5831756591797,224.87670778239044,220.9070234325622,222.87006199500922,13708502,RELIANCE.NS
2017-01-24,224.06967163085938,224.3968349908142,221.82307709246723,221.82307709246723,9419288,RELIANCE.NS
2017-01-25,221.8885040283203,225.2474682433215,221.63766424862547,225.0947920226412,23856654,RELIANCE.NS
2017-01-27,223.58981323242188,224.41865618192324,222.25930524717114,222.53195593529892,21861796,RELIANCE.NS
2017-01-30,227.88668823242188,228.24658250230115,223.52439345088652,223.55710978814759,15678126,RELIANCE.NS
2017-01-31,227.97393798828125,229.84973294887635,226.9051751553863,228.3338322679322,15125194,RELIANCE.NS
2017-02-01,228.9445343017578,229.21718499216377,225.79277327430373,228.17023313141775,11312284,RELIANCE.NS
2017-02-02,227.60313415527344,229.19537282797552,226.45803329394766,229.0208857054899,9099129,RELIANCE.NS
2017-02-03,225.45472717285156,229.1190590544114,224.68041136454138,228.1484452124494,13219481,RELIANCE.NS
2017-02-06,227.19961547851562,227.9084839653648,225.10571179304637,226.18537997086602,9991907,RELIANCE.NS
2017-02-07,224.85488891601562,227.35230881545232,224.04787136318936,227.27597069451002,9905562,RELIANCE.NS
2017-02-08,223.60069274902344,226.45800640044064,222.91363522582236,224.85484791296284,16230826,RELIANCE.NS
2017-02-09,225.25839233398438,225.53104302491718,223.96061523076355,224.22234591645233,9861688,RELIANCE.NS
2017-02-10,224.69129943847656,225.86911666933952,223.6879693351467,225.74915676916052,12518554,RELIANCE.NS
2017-02-13,224.62586975097656,225.5310508570991,222.91367110928076,225.31292738477654,8565757,RELIANCE.NS
2017-02-14,228.9772491455078,229.6534158645057,224.63676549778057,225.74915002257464,18244623,RELIANCE.NS
2017-02-15,229.304443359375,230.65676233348995,227.9848407230203,229.6534321888258,15236663,RELIANCE.NS
2017-02-16,232.837890625,233.26321754094187,229.57707520279018,229.57707520279018,19655195,RELIANCE.NS
2017-02-17,234.5828094482422,235.1717326094403,230.86395071256717,232.61978563094056,14847356,RELIANCE.NS
2017-02-20,234.56100463867188,235.31350949748494,232.61979166145977,233.5031473061435,11650581,RELIANCE.NS
2017-02-21,237.35289001464844,237.95270408663046,234.0484380558998,234.51738677981467,14186476,RELIANCE.NS
2017-02-22,263.3740234375,264.2791899796737,238.18171617443,238.39983964580279,127323130,RELIANCE.NS
2017-02-23,257.9756774902344,266.5367001056425,257.2340780434942,264.7045269407625,62249698,RELIANCE.NS
2017-02-27,270.2228088378906,274.12704515863584,259.6333169301458,259.6660187022134,83422197,RELIANCE.NS
2017-02-28,270.0374450683594,272.2077015775386,267.9544321253768,268.71784244961253,36111716,RELIANCE.NS
2017-03-01,269.2631530761719,271.4224896534904,268.28163380284377,270.48459216475396,24385665,RELIANCE.NS
2017-03-02,269.75384521484375,273.66900132234696,267.6381309515123,270.0046558534794,18063590,RELIANCE.NS
2017-03-03,274.5087890625,280.8886639986305,270.8008502100597,270.8008502100597,84305639,RELIANCE.NS
2017-03-06,284.71661376953125,286.16708189554294,275.97021234563056,276.7881354278112,66724743,RELIANCE.NS
2017-03-07,284.62933349609375,289.4387660264565,282.70991683816817,287.6611347207693,42071555,RELIANCE.NS
2017-03-08,281.6302490234375,285.2291332362857,280.5178645125562,285.2291332362857,43336972,RELIANCE.NS
2017-03-09,280.6596374511719,283.11343552424563,279.51455109708087,281.3685350989605,31094457,RELIANCE.NS
2017-03-10,279.5472717285156,282.6772367635016,275.0868131135091,281.4230667482268,24785585,RELIANCE.NS
2017-03-14,281.25946044921875,287.6938774317287,280.3324829788653,287.63933564170037,27765035,RELIANCE.NS
2017-03-15,284.62933349609375,287.1049424373943,281.4557760391947,281.59753227141823,24107889,RELIANCE.NS
2017-03-16,283.03704833984375,285.8180091575145,282.15366376010695,285.73076561186275,15924023,RELIANCE.NS
2017-03-17,283.7023620605469,287.9010606084958,283.1243588738419,285.29458626542635,22727289,RELIANCE.NS
2017-03-20,279.36181640625,284.91284724476634,278.8274351208135,284.858305467881,12869337,RELIANCE.NS
2017-03-21,275.65386962890625,280.0379746714137,274.6723505322243,279.6671895691158,22596181,RELIANCE.NS
2017-03-22,274.7596740722656,276.111978664921,271.89146861654547,273.08017693879157,20291685,RELIANCE.NS
2017-03-23,277.7259826660156,278.65296004986203,274.3888291401525,275.51210453375325,11807911,RELIANCE.NS
2017-03-24,280.6596374511719,281.80475292527797,276.6681278603063,277.9004868996759,16282523,RELIANCE.NS
2017-03-27,272.8837585449219,278.91465755549194,272.0331049059621,277.24605204522095,32452615,RELIANCE.NS
2017-03-28,271.71697998046875,275.6975701652681,270.9208386474933,274.3888873691726,21707345,RELIANCE.NS
2017-03-29,274.0943603515625,274.8250397064237,269.0122775216132,273.01467764631025,18924345,RELIANCE.NS
2017-03-30,277.14801025390625,278.04228596196407,273.2982858267928,273.73450367461777,27862325,RELIANCE.NS
2017-03-31,288.1083068847656,291.76173350156176,276.1337767967496,276.1337767967496,45390562,RELIANCE.NS
2017-04-03,299.8318786621094,301.1078591200992,291.6307529068356,292.71043539898244,44886623,RELIANCE.NS
2017-04-05,308.6329040527344,309.28725990732505,301.0206992003987,304.31423112447476,40323877,RELIANCE.NS
2017-04-06,313.75860595703125,316.02699685439137,305.84104870720677,307.3242184108608,50620850,RELIANCE.NS
2017-04-07,306.80072021484375,312.77707890149367,305.9173645940852,310.00703758207186,31875272,RELIANCE.NS
2017-04-10,301.2933044433594,310.792193627303,300.409919804937,307.54228397584944,30768410,RELIANCE.NS
2017-04-11,299.33026123046875,305.4592953360075,298.8395017018756,302.7110361518838,32249647,RELIANCE.NS
2017-04-12,295.3278503417969,302.4057021648282,294.70622545034604,301.6095610427846,27448279,RELIANCE.NS
2017-04-13,297.6835021972656,299.5592676835759,293.87737120466784,295.327838935369,12713918,RELIANCE.NS
2017-04-17,303.5835266113281,304.39055863726304,297.7271426609843,297.7271426609843,11837502,RELIANCE.NS
2017-04-18,298.861328125,307.5422947584775,298.1633505689374,305.3502567714873,16016414,RELIANCE.NS
2017-04-19,298.55596923828125,301.55506857224754,296.10217128140476,298.5995910188473,11572557,RELIANCE.NS
2017-04-20,298.71954345703125,302.48202367357453,297.53080634420576,300.78074523688343,8393496,RELIANCE.NS
2017-04-21,305.90643310546875,309.9415637718871,300.68256539061576,301.10789225675256,30230907,RELIANCE.NS
2017-04-24,309.1563415527344,312.9951742174356,305.4047524376846,307.33505965373666,25512511,RELIANCE.NS
2017-04-25,312.51531982421875,320.1384437226784,311.0539611809138,318.4480561910905,36764315,RELIANCE.NS
2017-04-26,308.9491882324219,314.0967043393965,305.928306893378,312.995239734481,16763153,RELIANCE.NS
2017-04-27,307.43328857421875,310.6286861796481,305.8410643345287,309.06916371802555,12571594,RELIANCE.NS
2017-04-28,304.3142395019531,309.78891893202416,303.39815292831315,307.4878261720635,11848658,RELIANCE.NS
2017-05-02,298.9376525878906,305.79736636197384,298.01067525842427,305.79736636197384,18591411,RELIANCE.NS
2017-05-03,298.8395690917969,301.162472813623,297.727184458805,300.32273889578045,9500038,RELIANCE.NS
2017-05-04,296.1894226074219,300.9116110532944,295.3387688277013,299.90828105260044,14365934,RELIANCE.NS
2017-05-05,289.7113952636719,298.23971513700036,289.0025267950224,296.98554531092043,15598448,RELIANCE.NS
2017-05-08,288.21728515625,292.1651723544474,287.55203851390365,290.0930797595935,16066733,RELIANCE.NS
2017-05-09,290.16949462890625,290.88925408540086,287.96650711412985,288.78445926744445,21106150,RELIANCE.NS
2017-05-10,296.44024658203125,297.4217657380991,290.23488830512395,291.14005478726995,22906024,RELIANCE.NS
2017-05-11,296.53839111328125,298.76315995890866,294.8152726983295,297.53080109049307,13783848,RELIANCE.NS
2017-05-12,294.5535888671875,297.5090375004031,293.1576626746752,296.6474927159638,7523427,RELIANCE.NS
2017-05-15,293.1685485839844,295.8513755846946,290.85653585687714,295.8513755846946,6738085,RELIANCE.NS
2017-05-16,295.8295593261719,300.32271935054337,292.4923765243663,293.5938701994747,12655992,RELIANCE.NS
2017-05-17,295.1315612792969,297.9343333779051,293.9646350119328,295.10975038981377,9844573,RELIANCE.NS
2017-05-18,289.5151062011719,294.4554038648374,288.8062377106258,292.32879839319924,9790379,RELIANCE.NS
2017-05-19,287.6611328125,291.3363698606198,285.7308252818308,290.74747580449014,12813204,RELIANCE.NS
2017-05-22,288.8171691894531,290.8783714002991,286.86505056480485,289.32973974050793,8801430,RELIANCE.NS
2017-05-23,284.7602233886719,290.06044510595825,283.98592212742875,289.1552493667427,9223001,RELIANCE.NS
2017-05-24,283.0480041503906,286.53786325702066,282.4809209735732,285.1855297491947,14326531,RELIANCE.NS
2017-05-25,284.0840759277344,286.2543033858169,282.77536415319435,283.54969450780237,25922008,RELIANCE.NS
2017-05-26,291.68536376953125,293.23396609799767,283.54966874247975,284.4112134677526,21430443,RELIANCE.NS
2017-05-29,295.9604187011719,297.8252935233701,291.3145534135725,291.61993500131155,24022633,RELIANCE.NS
2017-05-30,296.4947509765625,297.66167710784663,294.1281969435894,295.7422608171406,9658309,RELIANCE.NS
2017-05-31,292.4269104003906,298.3705667958535,291.35814774403406,298.16334879512783,16423338,RELIANCE.NS
2017-06-01,289.7113952636719,292.2742475795672,288.56630900508816,290.6820235262946,9534069,RELIANCE.NS
2017-06-02,288.947998046875,291.99071918898,287.2576103546006,291.1836871211805,11495005,RELIANCE.NS
2017-06-05,289.9513244628906,292.4923659717972,287.00679604519996,289.27518686653826,10835031,RELIANCE.NS
2017-06-06,286.3415222167969,290.95465656746495,285.94892619036233,290.95465656746495,9591064,RELIANCE.NS
2017-06-07,292.0561828613281,292.71053876522075,285.5127403024704,285.9925799439791,11199223,RELIANCE.NS
2017-06-08,290.46392822265625,293.32124252691807,289.6678160789554,292.2742905571139,7903123,RELIANCE.NS
2017-06-09,291.3363342285156,295.0988143803336,290.3111933583966,293.3866159687537,13836547,RELIANCE.NS
2017-06-12,287.7919921875,290.0386012706135,287.2576108098692,289.34062365411125,8432435,RELIANCE.NS
2017-06-13,286.6795959472656,289.43874628483593,285.94891658482817,288.0428202288354,6025338,RELIANCE.NS
2017-06-14,296.09130859375,296.6365809027536,287.01771529178126,287.01771529178126,52939271,RELIANCE.NS
2017-06-15,301.8604431152344,304.27061946783266,296.440276323375,296.63657435028017,28290813,RELIANCE.NS
2017-06-16,302.91827392578125,304.44506526999805,298.6650049868653,302.9837065925329,32710880,RELIANCE.NS
2017-06-19,307.3787536621094,308.80741080339817,303.22367671348997,303.22367671348997,15236956,RELIANCE.NS
2017-06-20,308.05487060546875,310.1815050838986,306.9861079240045,307.3241912636536,10142474,RELIANCE.NS
2017-06-21,310.1597595214844,311.468442257688,306.28819486685387,307.06252526979085,19992472,RELIANCE.NS
2017-06-22,312.4826354980469,315.26359672528025,311.40295278158476,311.78465791003055,22118609,RELIANCE.NS
2017-06-23,313.1805725097656,314.52198585265955,312.0354862863288,313.2133034030124,31143289,RELIANCE.NS
2017-06-27,313.46417236328125,314.7401532770031,310.8140760778694,312.3408968197624,32591540,RELIANCE.NS
2017-06-28,305.0340270996094,314.074889223181,304.39059123489363,314.074889223181,15567803,RELIANCE.NS
2017-06-29,303.7689208984375,307.5423214382329,303.2018377449507,305.3611741463324,12898245,RELIANCE.NS
2017-06-30,300.9988708496094,303.70347943566975,299.91918812016473,303.61623587612024,7814271,RELIANCE.NS
2017-07-03,301.2278747558594,304.2051631862772,299.0358366121598,302.78739708416896,9195278,RELIANCE.NS
2017-07-04,310.1488037109375,311.2721082818491,302.9619258182576,303.18003472910993,18816782,RELIANCE.NS
2017-07-05,314.6637878417969,315.7107396809208,310.59592582019263,311.7846630042028,27209010,RELIANCE.NS
2017-07-06,314.6419982910156,316.2669533848606,313.6495590495309,315.9833826758562,13590313,RELIANCE.NS
2017-07-07,325.2423400878906,326.6818878555257,314.0857648086871,314.74009146669783,35845310,RELIANCE.NS
2017-07-10,325.6131591796875,327.3690086953103,324.79523621179834,326.1039187844239,3504540,RELIANCE.NS
2017-07-11,325.9402770996094,328.1323148112964,324.33713330687993,327.3907446911277,20995547,RELIANCE.NS
2017-07-12,329.59381103515625,332.625612532755,326.62744221678514,327.04184918522674,17104482,RELIANCE.NS
2017-07-13,334.6322021484375,335.2697754999661,331.12560741803645,331.6972279419762,23010262,RELIANCE.NS
2017-07-14,337.1934814453125,337.68814238340354,333.1922253839319,334.1705697967041,20530867,RELIANCE.NS
2017-07-17,341.15069580078125,342.8765053065951,337.90791271272013,337.90791271272013,18749450,RELIANCE.NS
2017-07-18,334.1485290527344,341.1616887626977,332.19186990933974,340.0624456806391,19640167,RELIANCE.NS
2017-07-19,337.017578125,338.1278281118845,332.5436457900754,332.5436457900754,11790198,RELIANCE.NS
2017-07-20,336.1271057128906,340.7659041405407,334.98386495716613,338.51244306170247,13626050,RELIANCE.NS
2017-07-21,348.460693359375,349.93366907014655,339.6557421270225,340.7659626407307,97142371,RELIANCE.NS
2017-07-24,355.11114501953125,357.2326715970578,348.4607110072266,351.75844033158796,43429394,RELIANCE.NS
2017-07-25,352.2311096191406,357.24367100289487,351.23078109410665,357.1886956404528,20063064,RELIANCE.NS
2017-07-26,356.75994873046875,358.33186822579177,352.0002216999382,352.6817634921406,21954323,RELIANCE.NS
2017-07-27,350.6152648925781,358.68370016015956,349.1972349728015,357.91425045104086,18409364,RELIANCE.NS
2017-07-28,350.53826904296875,353.0665487377584,346.92175305334956,349.83474288721385,14331863,RELIANCE.NS
2017-07-31,355.10015869140625,355.8916219933319,350.8790602164746,352.1871686895664,16567422,RELIANCE.NS
2017-08-01,352.5498962402344,356.7599875705959,349.8897109501536,356.7599875705959,12311920,RELIANCE.NS
2017-08-02,358.1780700683594,359.60707748415325,353.53924067137194,353.9569713032082,20786240,RELIANCE.NS
2017-08-03,362.7728271484375,366.0266170180593,355.50683400404534,357.6613515005247,19707381,RELIANCE.NS
2017-08-04,356.6281433105469,365.60897054862386,355.07820765196726,365.60897054862386,18579866,RELIANCE.NS
2017-08-07,355.35296630859375,358.7056415909039,354.51753451555027,358.7056415909039,9537088,RELIANCE.NS
2017-08-08,352.3190612792969,356.3862696685581,348.8564351443782,355.7157345874601,10961296,RELIANCE.NS
2017-08-09,351.4945983886719,356.1554114571411,348.4607097285341,352.08820316656966,10436651,RELIANCE.NS
2017-08-10,348.31781005859375,353.2204503327047,346.9107870521037,350.2305007613479,10188164,RELIANCE.NS
2017-08-11,339.9415588378906,347.36144256565643,337.02853961889866,340.9748491325664,16996281,RELIANCE.NS
2017-08-14,345.83349609375,348.3507690384517,343.1843174949378,343.1843174949378,13440617,RELIANCE.NS
2017-08-16,344.3055114746094,346.48201307356067,340.8098948720834,345.6026128550101,13576650,RELIANCE.NS
2017-08-17,344.525390625,351.24177711711064,343.2172822946796,344.9430918310222,15828719,RELIANCE.NS
2017-08-18,346.3501281738281,346.8777801218553,341.45849493678236,343.8438621373288,7935890,RELIANCE.NS
2017-08-21,343.93182373046875,348.27385040535904,343.01946158325046,346.7019306140107,7573558,RELIANCE.NS
2017-08-22,342.9754943847656,347.3394760018056,342.0960939729541,345.6026888061943,9533641,RELIANCE.NS
2017-08-23,347.8121337890625,348.8014555298424,341.45850211335465,344.03075037998343,8320052,RELIANCE.NS
2017-08-24,344.7342529296875,350.2414754216198,343.95379646717896,349.5599628754376,12654347,RELIANCE.NS
2017-08-28,344.4044494628906,347.79011558597875,343.228246820904,347.1525716639717,12316426,RELIANCE.NS
2017-08-29,336.8417053222656,344.61336720844696,336.3690287013287,343.37121155779795,15164812,RELIANCE.NS
2017-08-30,343.8658752441406,344.89916560047584,338.8423359367572,340.22737472026887,10334911,RELIANCE.NS
2017-08-31,350.54925537109375,351.1978061253657,346.0423324747119,346.2621752131938,25104625,RELIANCE.NS
2017-09-01,353.9788818359375,355.4078889540233,351.53856879307574,351.72542044064863,15431918,RELIANCE.NS
2017-09-04,354.69342041015625,359.70598198220995,350.8460547912308,355.16609700920856,21560532,RELIANCE.NS
2017-09-05,358.925537109375,359.4201979998934,356.3862798281477,358.35391657636336,25216776,RELIANCE.NS
2017-09-06,361.73956298828125,363.30050521525425,356.77099943555487,357.56243333503215,48745984,RELIANCE.NS
2017-09-07,359.7169189453125,366.0485950376591,358.353864666123,361.8714657564821,16205339,RELIANCE.NS
2017-09-08,359.1893005371094,361.98139129828564,357.0787515991414,360.55235483202625,13248413,RELIANCE.NS
2017-09-11,359.6289978027344,363.5643002551419,359.0354224046733,361.1239871378895,12690592,RELIANCE.NS
2017-09-12,362.2012634277344,362.7508703043641,359.23329823942754,361.7615485749285,6500191,RELIANCE.NS
2017-09-13,373.3036193847656,378.09630842352635,361.4317594525875,362.3111597458785,29377106,RELIANCE.NS
2017-09-14,371.0391540527344,378.7998374866457,370.2257359252255,376.2935715799691,11867640,RELIANCE.NS
2017-09-15,370.1377868652344,374.9964286055112,367.0379163169201,370.22572395725757,28595395,RELIANCE.NS
2017-09-18,371.7866516113281,374.20500979350754,370.7093928393166,373.74331069035946,5061995,RELIANCE.NS
2017-09-19,368.7308044433594,373.19375946529686,368.02730757409233,373.1717751881323,7718697,RELIANCE.NS
2017-09-20,372.49017333984375,383.6365229362676,371.58878876955305,376.42547572544214,24942703,RELIANCE.NS
2017-09-21,369.93994140625,374.490833196917,367.6974865999516,372.4242525947984,12950541,RELIANCE.NS
2017-09-22,359.4092102050781,369.30242853896993,357.56247220255096,369.30242853896993,12294087,RELIANCE.NS
2017-09-25,361.2339782714844,364.0480539417464,354.04491382384657,358.35394976647837,14229631,RELIANCE.NS
2017-09-26,360.59637451171875,363.65227698559784,357.1227707862714,361.2999007079691,10564143,RELIANCE.NS
2017-09-27,351.38470458984375,363.0587077764853,349.7798230336181,363.01473922293127,18448855,RELIANCE.NS
2017-09-28,345.8005065917969,353.03353817197933,343.05238429729576,351.6045310156791,29547622,RELIANCE.NS
2017-09-29,343.3602294921875,348.8564453060825,342.5687661965656,348.1309348391371,16666208,RELIANCE.NS
2017-10-03,351.03289794921875,353.45122669666364,345.31681082607685,349.55992229792037,18345748,RELIANCE.NS
2017-10-04,360.0467529296875,362.72889324399273,349.8237713060179,351.4066684936975,18907611,RELIANCE.NS
2017-10-05,362.3771667480469,364.26787325859016,359.9588375935405,362.7508994541874,10631751,RELIANCE.NS
2017-10-06,368.04925537109375,369.06056137193184,361.6955944397509,362.31118349084875,12997688,RELIANCE.NS
2017-10-09,365.2352294921875,369.25846976442966,364.0700334089352,368.90669196560407,8850408,RELIANCE.NS
2017-10-10,370.75335693359375,372.5561260737543,365.3890474118601,365.3890474118601,14732024,RELIANCE.NS
2017-10-11,369.41229248046875,377.4367872866109,367.58753903907467,371.6767314009936,15420644,RELIANCE.NS
2017-10-12,383.7464599609375,385.52724490054436,370.26971810699587,370.26971810699587,18642942,RELIANCE.NS
2017-10-13,385.3733215332031,391.6390158155488,384.0102671755721,386.62648387087313,21509701,RELIANCE.NS
2017-10-16,385.5272521972656,392.2106478886648,378.71192150471217,386.4945896462184,32009221,RELIANCE.NS
2017-10-17,384.4499816894531,388.69306403032414,381.3061130622782,386.05486306295046,13898844,RELIANCE.NS
2017-10-18,402.1038818359375,403.5988419456188,384.73580493449094,385.791079527061,36671941,RELIANCE.NS
2017-10-19,400.08123779296875,405.357610334306,397.0473199127622,402.67544083968835,8014767,RELIANCE.NS
2017-10-23,413.2062683105469,415.3827998520189,399.7295245439685,401.40038834807666,27455320,RELIANCE.NS
2017-10-24,410.7878723144531,416.7018181492623,408.1277164485432,416.7018181492623,13857773,RELIANCE.NS
2017-10-25,413.2721862792969,415.91035788990115,408.699310481948,413.36012337621696,10011782,RELIANCE.NS
2017-10-26,416.5699768066406,421.1428239258228,409.3589283368881,413.3162156869909,16840049,RELIANCE.NS
2017-10-27,408.85321044921875,420.65911821888375,407.02845694028144,417.71313734516,11498547,RELIANCE.NS
2017-10-30,414.4154357910156,415.75650599319505,409.18303128823794,410.67799142410144,7823263,RELIANCE.NS
2017-10-31,413.68988037109375,415.8443979115637,409.8864835887435,415.49264952993616,9504986,RELIANCE.NS
2017-11-01,418.8343200683594,421.1427273762007,415.84437096377974,416.72377121236184,17571371,RELIANCE.NS
2017-11-02,416.2181701660156,420.5712035603068,415.1848798451769,418.9443084374955,10277678,RELIANCE.NS
2017-11-03,415.64654541015625,420.32931321375895,413.3821064679399,420.32931321375895,4798537,RELIANCE.NS
2017-11-06,410.01837158203125,414.4153729206034,408.4794431271554,414.4153729206034,9757496,RELIANCE.NS
2017-11-07,398.67425537109375,411.1177089086464,397.06937372926603,410.39222773630917,20447574,RELIANCE.NS
2017-11-08,390.3638916015625,398.3664021134632,388.7370259814017,396.82747358890566,17752793,RELIANCE.NS
2017-11-09,395.9480895996094,400.0812506693049,392.23262975124413,393.41980994231596,15007224,RELIANCE.NS
2017-11-10,388.62713623046875,396.1459639767803,386.5825398883443,396.1459639767803,13923102,RELIANCE.NS
2017-11-13,384.845703125,392.1666720043009,384.076224164917,389.1327540645319,9088619,RELIANCE.NS
2017-11-14,389.8802795410156,393.5297574558687,383.85641173480246,384.73581213699094,12481463,RELIANCE.NS
2017-11-15,388.5611267089844,391.5950150144635,386.0328473190869,388.9128750686924,15272059,RELIANCE.NS
2017-11-16,397.4211120605469,398.3664653398233,389.3526474463649,389.3526474463649,15160866,RELIANCE.NS
2017-11-17,400.960693359375,406.6767521703506,399.4657038116165,404.06056448903047,12219276,RELIANCE.NS
2017-11-20,404.89593505859375,406.4348930391286,397.92674364990773,398.45436625934656,9231195,RELIANCE.NS
2017-11-21,410.0404052734375,413.1622604567484,406.9405343656815,407.51215488161296,13082246,RELIANCE.NS
2017-11-22,409.2489929199219,412.72259669516274,406.03917111373835,412.1949447025352,11058315,RELIANCE.NS
2017-11-23,416.3940124511719,417.66912961974884,407.446149295427,409.3588397240419,16031638,RELIANCE.NS
2017-11-24,418.19683837890625,421.89031436132217,416.56997251160783,417.7131842796163,13987125,RELIANCE.NS
2017-11-27,418.3067321777344,421.0108861544857,415.07495558200895,416.5039922114032,10237135,RELIANCE.NS
2017-11-28,414.7891845703125,418.306756959709,412.48077677253656,417.6472286469186,10153618,RELIANCE.NS
2017-11-29,415.954345703125,417.7131464259867,413.7558594752991,414.1295921545187,8038351,RELIANCE.NS
2017-11-30,405.2037658691406,413.9537427541948,404.30238117845596,413.9537427541948,20637767,RELIANCE.NS
2017-12-01,400.169189453125,409.4688018990885,399.1139149064519,406.4788524582643,11114967,RELIANCE.NS
2017-12-04,396.4317321777344,401.7960418329414,394.563010170205,401.664136187916,10103208,RELIANCE.NS
2017-12-05,401.7521057128906,404.85197667570475,393.72763953228923,396.1899371411829,18306627,RELIANCE.NS
2017-12-06,407.4461975097656,409.05107895887664,399.59757641218073,400.1252283711161,24078081,RELIANCE.NS
2017-12-07,409.60076904296875,411.55742850577786,405.84134006475034,408.94121134546367,12095301,RELIANCE.NS
2017-12-08,404.9619140625,411.9751038268248,404.1045272667384,410.61204931282754,12224184,RELIANCE.NS
2017-12-11,402.829345703125,407.16039461887163,401.6861340560478,405.59945239690927,10792248,RELIANCE.NS
2017-12-12,402.5875244140625,408.47948628420266,399.2458265248869,402.74141434065905,15782031,RELIANCE.NS
2017-12-13,402.1697998046875,406.6986776443967,400.4329834596337,403.15912148393954,9147866,RELIANCE.NS
2017-12-14,405.1817321777344,406.67669215336315,399.57556622825024,404.0824891320219,10983157,RELIANCE.NS
2017-12-15,404.41229248046875,410.21631745807645,403.510907812253,409.3589013418954,24408414,RELIANCE.NS
2017-12-18,404.9619140625,410.0843973177775,379.30555858398816,400.98267190458023,18581421,RELIANCE.NS
2017-12-19,407.1383972167969,407.6000669751246,404.52218053177035,406.1051069776101,8891691,RELIANCE.NS
2017-12-20,403.70880126953125,407.7760100911,403.20316287732834,407.116481753444,10443493,RELIANCE.NS
2017-12-21,401.42236328125,406.25905100831034,400.1252615788241,403.8406924690277,9071450,RELIANCE.NS
2017-12-22,404.69805908203125,405.5774594112423,399.81740339823574,402.16980881811315,10658428,RELIANCE.NS
2017-12-26,408.8312072753906,412.8324625046236,403.7087247332023,406.654705470742,11596338,RELIANCE.NS
2017-12-27,406.1711120605469,412.21693500261443,404.0825470392404,410.23832071798626,9520350,RELIANCE.NS
2017-12-28,406.3689270019531,410.8538364423893,404.12647228173506,406.8305967702033,15511891,RELIANCE.NS
2017-12-29,404.98388671875,409.9304956175748,403.8626592818835,407.3802608772716,11089700,RELIANCE.NS
2018-01-01,400.01531982421875,405.7093940695705,399.0259980520491,405.7093940695705,9453202,RELIANCE.NS
2018-01-02,400.630859375,404.3243349654804,398.5422945557765,401.44430689808223,9499419,RELIANCE.NS
2018-01-03,402.23577880859375,407.1604032514544,401.4662998187556,406.7206883923315,13507800,RELIANCE.NS
2018-01-04,404.654052734375,405.31361025754927,402.6314409715723,403.70869967014124,9008932,RELIANCE.NS
2018-01-05,405.9512023925781,407.5561131706841,404.63211654099234,405.3136584175376,7441284,RELIANCE.NS
2018-01-08,408.2816162109375,409.3588750180191,406.06114577296336,407.20435740385597,8827020,RELIANCE.NS
2018-01-09,413.7339172363281,415.0310189592634,406.28104170943914,408.10576609193913,14294571,RELIANCE.NS
2018-01-10,414.3494567871094,416.5699272501448,411.3375230779073,414.6352523601828,11727682,RELIANCE.NS
2018-01-11,412.3268737792969,414.48139156921326,411.1176798744526,414.1076295189599,7849171,RELIANCE.NS
2018-01-12,417.2734680175781,418.9443317853938,412.54673102033144,414.63529605434854,15071161,RELIANCE.NS
2018-01-15,417.33941650390625,421.450593697631,415.6026292741727,417.71317856338413,11120925,RELIANCE.NS
2018-01-16,405.81927490234375,416.7018133088848,404.52217339556626,416.7018133088848,10825151,RELIANCE.NS
2018-01-17,406.5008544921875,408.47949802257943,398.8061231292183,407.16041211948584,13204016,RELIANCE.NS
2018-01-18,404.3902893066406,408.7432931606718,402.3676773045552,408.4794818607916,9381821,RELIANCE.NS
2018-01-19,409.49078369140625,410.8538380784073,405.4455597284336,405.8412766742237,9973533,RELIANCE.NS
2018-01-22,427.1666564941406,428.3978052812969,413.31618127350276,416.8337534298782,45700733,RELIANCE.NS
2018-01-23,432.3330993652344,435.7187657999639,428.7056059033461,428.7056059033461,22526810,RELIANCE.NS
2018-01-24,424.9022216796875,431.67355475299144,423.27532656318414,431.67355475299144,14289485,RELIANCE.NS
2018-01-25,424.7043762207031,427.3865166606427,420.4172955393989,425.58374728199215,13669901,RELIANCE.NS
2018-01-29,424.0887756347656,429.7168970320304,421.80235223436125,424.83627036811043,9897064,RELIANCE.NS
2018-01-30,417.8890686035156,424.66043161786433,417.27347947439097,424.66043161786433,9182956,RELIANCE.NS
2018-01-31,422.6817626953125,424.0887857402805,413.9977093299284,417.71316945774777,12551686,RELIANCE.NS
2018-02-01,415.00897216796875,427.6502820339128,411.82116435876986,423.5391347095605,16524809,RELIANCE.NS
2018-02-02,397.6408996582031,415.0529439106164,396.16792392595465,411.1176413978391,28965593,RELIANCE.NS
2018-02-05,396.673583984375,401.2244757796737,387.72574902559705,393.0900590160554,19191099,RELIANCE.NS
2018-02-06,392.254638671875,394.8488713165877,382.97700995694254,385.61521115403156,24062503,RELIANCE.NS
2018-02-07,393.26593017578125,398.10261751571784,391.33125523980664,396.84948446786,15532284,RELIANCE.NS
2018-02-08,397.72882080078125,400.41099021711074,392.36451131962224,394.8048537279179,13825894,RELIANCE.NS
2018-02-09,394.78289794921875,396.60762212940665,389.5724486546818,390.89156386035035,11580639,RELIANCE.NS
2018-02-12,402.5435485839844,403.73072877633416,396.6296025455643,397.0473331188459,11877059,RELIANCE.NS
2018-02-14,410.5241394042969,414.41547406427867,404.9619408927109,405.84134137505487,22247829,RELIANCE.NS
2018-02-15,411.4034729003906,415.84441379405536,408.1057142906776,412.2828732395473,13363743,RELIANCE.NS
2018-02-16,405.0937805175781,414.4593450190421,403.6867283365745,413.14022993041374,9628162,RELIANCE.NS
2018-02-19,407.60003662109375,409.7985225809822,401.68609119106446,404.9618358583283,8941900,RELIANCE.NS
2018-02-20,405.0058288574219,408.72128855189936,403.9945522581919,408.47946153904,8458450,RELIANCE.NS
2018-02-21,408.6333923339844,410.0184310795045,405.4675685217216,408.9191879232259,11917390,RELIANCE.NS
2018-02-22,406.43487548828125,409.3588720438302,404.52218490865516,405.4015852379144,11196908,RELIANCE.NS
2018-02-23,410.7878723144531,412.4367515729764,405.73134252001597,406.89653839741874,10610664,RELIANCE.NS
2018-02-26,412.7445373535156,415.4706754324035,411.8211684776262,412.8764429998568,8435611,RELIANCE.NS
2018-02-27,417.9329833984375,420.26337524552326,412.5906578294948,412.87645340376895,14021366,RELIANCE.NS
2018-02-28,419.71380615234375,420.8350336269253,414.7232285332822,415.93239311555607,56650480,RELIANCE.NS
2018-03-01,417.0096435546875,422.0661739016729,415.93238465586256,417.60324837104173,8956590,RELIANCE.NS
2018-03-05,406.3249816894531,417.7791123185467,405.2257385411593,414.6352728052159,12325694,RELIANCE.NS
2018-03-06,400.49896240234375,411.6453128884909,397.9707120301943,408.47948917870684,16019726,RELIANCE.NS
2018-03-07,391.2213439941406,399.79544642431404,390.47384926054247,399.79544642431404,15853546,RELIANCE.NS
2018-03-08,400.7627258300781,402.1038251712853,392.7822293586027,394.69489044000653,13283967,RELIANCE.NS
2018-03-09,401.4882507324219,404.23637298120116,400.5868661651983,402.2797139318743,10638527,RELIANCE.NS
2018-03-12,409.0511169433594,410.28229517803504,403.44497946128604,404.52223840299837,8315150,RELIANCE.NS
2018-03-13,409.73260498046875,411.5573584635263,405.11578993817983,409.7545892549272,11148731,RELIANCE.NS
2018-03-14,408.50146484375,409.8205506904809,404.1704452784072,408.39154346914756,14724464,RELIANCE.NS
2018-03-15,400.9166564941406,408.67734037844394,400.12522259441727,406.72068120112385,12711836,RELIANCE.NS
2018-03-16,395.7502136230469,399.99329587911296,389.5944408403758,399.6854866939291,30814962,RELIANCE.NS
2018-03-19,393.7496337890625,398.76216623768994,392.21067573086674,396.1679629073655,12630833,RELIANCE.NS
2018-03-20,391.2432556152344,397.4869649328683,390.03409131135777,392.7822133485303,15192983,RELIANCE.NS
2018-03-21,394.36517333984375,396.76151805895245,392.78227616119017,393.4637886978802,14715126,RELIANCE.NS
2018-03-22,399.311767578125,400.9826311492038,393.85952072479114,393.96944209769083,22129723,RELIANCE.NS
2018-03-23,393.04608154296875,395.728221801563,390.93553243556585,391.5950606869405,23469999,RELIANCE.NS
2018-03-26,396.2119140625,397.6189370483925,392.43050126406655,393.06807460615215,13227705,RELIANCE.NS
2018-03-27,395.64031982421875,400.4550232441875,394.40917096085593,398.8941102258626,15179544,RELIANCE.NS
2018-03-28,388.1214294433594,393.90346947628746,386.93424932420874,393.8814852028125,19160609,RELIANCE.NS
2018-04-02,392.6283264160156,396.14592760941275,389.79229640942697,392.6503106896868,12494499,RELIANCE.NS
2018-04-03,395.5303649902344,396.475718172684,389.24268619166367,391.7709658870762,13922126,RELIANCE.NS
2018-04-04,393.4857482910156,400.9166383628737,392.232615321624,397.7947834006433,14214534,RELIANCE.NS
2018-04-05,399.3337707519531,400.1252340257902,397.2671901406303,397.9707163119858,8527915,RELIANCE.NS
2018-04-06,400.56494140625,403.86267098385076,397.9267694847711,399.24585544551053,9664888,RELIANCE.NS
2018-04-09,402.76336669921875,404.0824818113761,401.24642247718776,401.24642247718776,7813897,RELIANCE.NS
2018-04-10,403.22509765625,406.2370314163251,401.9499803418064,403.8186730872744,8455132,RELIANCE.NS
2018-04-11,409.29296875,410.1283712799641,402.78541726658824,405.3136971880992,13140816,RELIANCE.NS
2018-04-12,408.34759521484375,411.84318315544266,406.36895167065467,408.8532335631459,10822592,RELIANCE.NS
2018-04-13,412.810546875,414.0636800388565,408.3476211548157,410.1063926990947,12616816,RELIANCE.NS
2018-04-16,412.01904296875,413.3161739112137,408.2596438473364,410.8758313045042,8934275,RELIANCE.NS
2018-04-17,415.1848449707031,416.4819758454091,411.55735169024786,413.3161523209842,9599816,RELIANCE.NS
2018-04-18,412.436767578125,416.92167706918997,411.1396366544429,415.62457549700974,7360987,RELIANCE.NS
2018-04-19,414.3275146484375,415.5146949626701,411.11769278763575,412.9204622118246,9802587,RELIANCE.NS
2018-04-20,407.9958190917969,414.12960823320816,405.0498673911544,412.43678962186937,7326696,RELIANCE.NS
2018-04-23,411.5574035644531,415.22886585586633,408.25967397979014,408.91920228582006,7674482,RELIANCE.NS
2018-04-24,426.52911376953125,429.013425149331,411.1176951693046,411.4694729562481,19921115,RELIANCE.NS
2018-04-25,426.7269592285156,431.69552279157006,423.67105694467574,428.1119979069819,14079382,RELIANCE.NS
2018-04-26,428.8594970703125,434.4216654685655,423.09944084321853,427.82620678159736,34096999,RELIANCE.NS
2018-04-27,438.0711975097656,444.5347509131841,433.3224470257517,435.21315350875267,25518647,RELIANCE.NS
2018-04-30,423.5611267089844,436.4442638257751,422.11010588427666,431.78348021065676,19406069,RELIANCE.NS
2018-05-02,427.6943359375,430.55235065688134,424.33062414298183,425.18804029939815,13381914,RELIANCE.NS
2018-05-03,422.81365966796875,429.9807391073415,421.78036934405463,429.9807391073415,8634812,RELIANCE.NS
2018-05-04,419.449951171875,424.17668762438456,417.7131347727149,423.36324011139175,8302649,RELIANCE.NS
2018-05-07,426.9468688964844,427.9361907794511,420.50529919371536,421.6045424690666,7683268,RELIANCE.NS
2018-05-08,425.23199462890625,431.7835144308885,424.3965627774853,429.80487085965603,10792648,RELIANCE.NS
2018-05-09,429.45306396484375,432.7947617924149,423.0994324320435,424.70434319711154,9831044,RELIANCE.NS
2018-05-10,431.4097595214844,432.92673331523554,428.37584128548633,430.9041211579035,8781584,RELIANCE.NS
2018-05-11,434.9712829589844,435.8726382057994,429.91475310958987,431.4536816629702,8774740,RELIANCE.NS
2018-05-14,433.80609130859375,436.15849689669636,429.4530872516334,436.15849689669636,5642499,RELIANCE.NS
2018-05-15,430.4424133300781,439.69805778847046,429.4311072717727,432.2451826843407,10501479,RELIANCE.NS
2018-05-16,420.4172668457031,428.26588784406755,418.7904011418488,428.26588784406755,18840763,RELIANCE.NS
2018-05-17,415.6685791015625,422.11014830735087,413.97573108643536,421.82435270920104,10353948,RELIANCE.NS
2018-05-18,410.61199951171875,419.2520540639039,409.79855201674053,415.7784506940116,11440117,RELIANCE.NS
2018-05-21,409.51275634765625,411.425446901046,405.4455482253105,409.24894505794754,14491208,RELIANCE.NS
2018-05-22,407.49017333984375,410.677981371206,406.7206943387555,410.30424868426456,11310073,RELIANCE.NS
2018-05-23,401.11456298828125,407.1604150015514,399.7514791723163,407.1604150015514,9991028,RELIANCE.NS
2018-05-24,402.6974182128906,404.9618571093157,400.1911523055173,401.8839707336553,11632489,RELIANCE.NS
2018-05-25,404.87396240234375,406.01717410710506,402.08190064426464,402.76341320101454,17782410,RELIANCE.NS
2018-05-28,404.69805908203125,407.60007136297725,403.68675310616374,406.67670248488076,11369679,RELIANCE.NS
2018-05-29,403.4009704589844,408.0397699209851,402.05990032352247,405.1817554488862,17878384,RELIANCE.NS
2018-05-30,402.8073425292969,405.92919747524854,398.6302130854391,402.2577356822106,13105124,RELIANCE.NS
2018-05-31,405.1158142089844,405.53351544872055,402.12586464899505,404.9618949270522,37080158,RELIANCE.NS
2018-06-01,409.1610412597656,411.44746465964994,403.8406703753189,404.5222122806992,19174278,RELIANCE.NS
2018-06-04,413.68988037109375,415.0749189752529,409.16100255163656,410.4141355126854,12250151,RELIANCE.NS
2018-06-05,416.6798095703125,419.91158572512836,413.75581323457465,414.5472764065599,17436812,RELIANCE.NS
2018-06-06,419.6478271484375,420.3513239660994,414.48137563621924,416.394066312243,9164022,RELIANCE.NS
2018-06-07,427.1007080078125,429.14530436580736,419.66981730657943,419.86767578932023,14999572,RELIANCE.NS
2018-06-08,432.8167419433594,433.78404996074806,422.37388934369153,424.9021688072741,14289325,RELIANCE.NS
2018-06-11,432.0693054199219,439.67607040391886,430.4863788391981,434.0259646939955,15018718,RELIANCE.NS
2018-06-12,438.4449157714844,439.698048842878,431.0360093705574,432.3990638208888,16285583,RELIANCE.NS
2018-06-13,440.7972717285156,442.29226111637854,435.08121352889714,439.6980286381466,12962502,RELIANCE.NS
2018-06-14,443.1936340332031,444.8864524978692,434.1578331747486,438.5767896943391,11997529,RELIANCE.NS
2018-06-15,445.9417724609375,450.03096528434185,439.3682976970795,442.3362630706637,24705890,RELIANCE.NS
2018-06-18,446.5353698730469,448.68988763121666,442.77594125853454,443.56740454866923,12363932,RELIANCE.NS
2018-06-19,437.96124267578125,446.2055805499414,436.905938780823,445.8098342514566,13881382,RELIANCE.NS
2018-06-20,448.1622009277344,449.76711165971903,437.43358152034756,437.93921983084886,15735681,RELIANCE.NS
2018-06-21,453.74639892578125,455.52718391629855,449.06360156036607,450.00895474351086,22988909,RELIANCE.NS
2018-06-22,445.1942138671875,452.53716612072526,443.41342914551734,452.18538841985963,35370008,RELIANCE.NS
2018-06-25,441.65472412109375,446.9530815357164,440.70937087641374,444.71062662098865,11369371,RELIANCE.NS
2018-06-26,430.4424133300781,442.33625899115987,428.81554753719774,442.33625899115987,17649122,RELIANCE.NS
2018-06-27,427.5212097167969,436.17475776935953,426.12688301200467,433.1205591247422,19595831,RELIANCE.NS
2018-06-28,418.2701110839844,428.69421733753336,416.21184731295983,425.8170683951717,18770484,RELIANCE.NS
2018-06-29,430.442626953125,431.79269130556816,420.06278286054453,420.10704532798803,17425606,RELIANCE.NS
2018-07-02,425.1973876953125,430.3983754914588,423.6039092788918,430.3983754914588,14570004,RELIANCE.NS
2018-07-03,429.93359375,433.0984487061848,425.0867059935559,427.1449697541093,11084063,RELIANCE.NS
2018-07-04,438.2552185058594,439.0962349919258,429.80085027017634,430.1549500336946,10938521,RELIANCE.NS
2018-07-05,426.9237060546875,446.35549221211556,424.3121611726955,441.30942278425584,40946479,RELIANCE.NS
2018-07-06,432.7001037597656,435.1124673438082,426.9236744411174,427.03433061032035,20039239,RELIANCE.NS
2018-07-09,441.3536376953125,442.63727876250505,435.33376500734437,436.9272728855685,11309207,RELIANCE.NS
2018-07-10,454.0130920410156,455.2524707360429,442.6373123426152,443.85455980286895,22846197,RELIANCE.NS
2018-07-11,459.8116149902344,460.7411563219205,450.53836245403227,453.70321740927255,18953870,RELIANCE.NS
2018-07-12,479.0884094238281,486.4583161950252,461.49357843379414,462.2682010679981,52736376,RELIANCE.NS
2018-07-13,486.8125,490.88476515910867,478.04826559542386,478.26960747836455,39301408,RELIANCE.NS
2018-07-16,476.3663024902344,490.8405441035162,474.97197556521667,486.81254107161766,14427529,RELIANCE.NS
2018-07-17,483.51483154296875,485.10830981860164,473.44482535470144,477.2957779713499,14150770,RELIANCE.NS
2018-07-18,483.6033630371094,488.937137840134,476.85313025017547,486.1927763505536,10241565,RELIANCE.NS
2018-07-19,489.04779052734375,493.54054891068466,480.8589981297776,483.93532808698376,11885426,RELIANCE.NS
2018-07-20,499.5826721191406,503.94261434457053,492.1684715238985,492.832438165361,17538801,RELIANCE.NS
2018-07-23,495.8865051269531,500.0915573734525,492.6995486419767,500.0915573734525,12779803,RELIANCE.NS
2018-07-24,491.7479248046875,498.74157205480844,490.1765480908057,496.6390752711268,9775749,RELIANCE.NS
2018-07-25,493.60699462890625,497.081716684575,488.76013601515234,491.32741834828016,13014255,RELIANCE.NS
2018-07-26,491.6150817871094,496.41773661036893,490.3535719647022,491.3716382253252,14053674,RELIANCE.NS
2018-07-27,500.1137390136719,503.45564380885503,492.2790462225454,495.53242608654807,14610585,RELIANCE.NS
2018-07-30,509.65252685546875,512.2640712186999,499.2948152314674,500.1800644747965,30344461,RELIANCE.NS
2018-07-31,524.9678344726562,526.9154422077543,507.77142201803036,509.47555662545886,30350826,RELIANCE.NS
2018-08-01,527.778564453125,532.4484024548143,524.702234357026,526.915416799906,21227054,RELIANCE.NS
2018-08-02,517.1552734375,527.4023594922769,516.0929742378468,527.4023594922769,13668930,RELIANCE.NS
2018-08-03,520.9619140625,523.8611939947633,517.6863736518786,520.0987664974149,14536058,RELIANCE.NS
2018-08-06,527.8892211914062,529.3941449850735,520.2537392278248,520.8512529511331,8785462,RELIANCE.NS
2018-08-07,524.1710205078125,531.7844002716075,520.9840050872534,528.9072220817177,8879612,RELIANCE.NS
2018-08-08,538.9993896484375,541.1240470186613,524.5251502333981,524.5251502333981,17307566,RELIANCE.NS
2018-08-09,539.1101684570312,545.1964060546684,536.4764627476042,540.6815157501778,14976885,RELIANCE.NS
2018-08-10,533.0238647460938,537.8043889132804,532.1828777948207,536.0338309730729,7833494,RELIANCE.NS
2018-08-13,525.7203369140625,531.1426369232181,523.507154442885,530.080278607436,10211072,RELIANCE.NS
2018-08-14,535.8567504882812,538.7781325107724,524.2153666760712,526.7383864812343,11592139,RELIANCE.NS
2018-08-16,531.5187377929688,538.2468679640742,529.1727683630726,532.6032566850403,13086024,RELIANCE.NS
2018-08-17,532.8246459960938,537.9813709699346,531.1868756757327,535.1484549846034,8379864,RELIANCE.NS
2018-08-20,546.6127319335938,547.4537186923733,534.5508271940995,534.6615128942748,16639535,RELIANCE.NS
2018-08-21,552.0572509765625,553.9605963018237,543.1159955616758,547.6530465225219,15923396,RELIANCE.NS
2018-08-23,561.9058837890625,563.9198554134165,548.1620048381349,551.6587985281662,17429373,RELIANCE.NS
2018-08-24,565.4691162109375,566.5535761373131,557.7451093330017,560.0468165790594,14550512,RELIANCE.NS
2018-08-27,571.666015625,573.5914622985424,566.0224038969507,566.3100803565542,12188510,RELIANCE.NS
2018-08-28,583.8385620117188,585.6091196578678,573.2152752302367,573.6578998679208,19018790,RELIANCE.NS
2018-08-29,572.8611450195312,588.2649559431339,571.0906463804185,582.6434454777053,24230135,RELIANCE.NS
2018-08-30,564.119140625,574.1670165820664,562.3485827665904,572.5956102867835,21545859,RELIANCE.NS
2018-08-31,549.6005249023438,562.1492573480824,547.3651820272736,562.1492573480824,33479841,RELIANCE.NS
2018-09-03,544.0675659179688,556.7934079028934,542.6953704962716,551.0833730008234,26686176,RELIANCE.NS
2018-09-04,549.7333984375,555.4212731824157,544.0012612256086,546.723432492321,19333815,RELIANCE.NS
2018-09-05,543.115966796875,554.4696148937215,534.9271738135313,549.9768266412864,22584608,RELIANCE.NS
2018-09-06,558.3427124023438,560.2460577730595,542.3856482042748,544.5103059325828,24487897,RELIANCE.NS
2018-09-07,565.9560546875,567.1733021176628,555.2885043132686,559.8919192232029,23389269,RELIANCE.NS
2018-09-10,555.8860473632812,565.2478248682096,553.3408669206563,564.3625164512283,15440786,RELIANCE.NS
2018-09-11,547.8521728515625,561.4411643250952,546.3250881432887,557.2803741025751,23787332,RELIANCE.NS
2018-09-12,554.4032592773438,557.1475914382887,543.9348603816215,554.0933629003331,17642490,RELIANCE.NS
2018-09-14,554.69091796875,564.628107824439,552.2564231675549,557.4574108229871,17233514,RELIANCE.NS
2018-09-17,542.6289672851562,553.6285133593846,540.7256224548275,553.6285133593846,14773803,RELIANCE.NS
2018-09-18,538.7560424804688,548.6047680603691,537.516693197136,542.6734192038545,16660044,RELIANCE.NS
2018-09-19,535.9229736328125,541.787896916637,531.6072954374937,541.787896916637,24642640,RELIANCE.NS
2018-09-21,538.910888671875,547.7193557926669,523.8612365552019,539.5748256622617,41713856,RELIANCE.NS
2018-09-24,545.3512573242188,548.82594937841,533.1565644174077,537.5608273075529,22098277,RELIANCE.NS
2018-09-25,544.7095336914062,551.083507076302,528.951620573083,546.8784539592787,21250513,RELIANCE.NS
2018-09-26,553.9163208007812,555.0450433187049,543.182406037007,548.4276564018437,13992341,RELIANCE.NS
2018-09-27,554.9564208984375,559.05084633914,547.7635640471631,555.5097312167069,23642923,RELIANCE.NS
2018-09-28,556.815673828125,562.9019710013282,552.1015724813706,557.6788216421263,24220992,RELIANCE.NS
2018-10-01,545.1963500976562,556.704946131616,532.9352921219858,556.704946131616,16039441,RELIANCE.NS
2018-10-03,533.4221801757812,548.6932041353247,531.1868960326858,544.2225767537168,16135428,RELIANCE.NS
2018-10-04,496.7496643066406,526.9153909353719,489.55680694650005,526.5170287523828,50774608,RELIANCE.NS
2018-10-05,464.2601013183594,493.67333663354873,459.5238698269349,486.6796898804231,47998260,RELIANCE.NS
2018-10-08,491.06182861328125,494.4258648450093,453.9466852504677,464.7691837675426,53983473,RELIANCE.NS
2018-10-09,482.4967956542969,497.2144797488349,478.57944909427255,496.48411948822644,24042005,RELIANCE.NS
2018-10-10,487.8305969238281,493.9168638111641,479.9516409131189,484.20095620725556,20784941,RELIANCE.NS
2018-10-11,481.5008544921875,493.42991434329895,461.67070791989903,470.9660918957569,28926389,RELIANCE.NS
2018-10-12,498.65301513671875,499.73747508395496,487.7420219664262,489.0920567053838,19814528,RELIANCE.NS
2018-10-15,504.4958801269531,507.66073530336155,494.93492089423233,500.1358791922086,19406012,RELIANCE.NS
2018-10-16,515.1412963867188,516.7347451698961,504.60647485877587,507.262341021569,16358598,RELIANCE.NS
2018-10-17,509.6083679199219,522.0243161046607,504.606531392762,521.8694270033175,27967162,RELIANCE.NS
2018-10-19,487.4764404296875,491.7700475018947,473.73256019501423,486.9010283540417,55606079,RELIANCE.NS
2018-10-22,470.3685302734375,493.4520573561572,468.0225603769544,491.3273997993972,28798142,RELIANCE.NS
2018-10-23,466.8495788574219,471.27594387522913,461.95842837507354,465.9864311784535,23128845,RELIANCE.NS
2018-10-24,462.8879699707031,476.255619514561,456.53612848480526,475.79083404980474,29869514,RELIANCE.NS
2018-10-25,456.2704772949219,460.63047771253343,449.896505229115,458.572214052885,30833933,RELIANCE.NS
2018-10-26,462.5116882324219,467.86762393617505,452.37531752942397,457.20004454263693,20085933,RELIANCE.NS
2018-10-29,481.5008544921875,484.1787928343291,462.9986114742478,462.9986114742478,16781215,RELIANCE.NS
2018-10-30,467.86761474609375,480.4827719550035,465.6986652988151,480.4827719550035,19263668,RELIANCE.NS
2018-10-31,469.7488708496094,471.785003664125,463.4412912813689,468.7529356784287,35999348,RELIANCE.NS
2018-11-01,467.53564453125,472.6923697947122,464.7691811842669,472.6923697947122,20552752,RELIANCE.NS
2018-11-02,475.79083251953125,478.4909317196763,470.58984477361537,472.2940088927251,36739798,RELIANCE.NS
2018-11-05,482.6074523925781,483.66978116030407,471.4087230901009,475.1490197847463,16585905,RELIANCE.NS
2018-11-06,488.7158508300781,492.2126744103127,483.18286509903413,484.24519386814285,18886485,RELIANCE.NS
2018-11-07,491.63720703125,493.54055213197415,489.8666788739522,493.54055213197415,2808599,RELIANCE.NS
2018-11-09,484.001708984375,493.00938629301976,480.2614421518218,489.66748163448926,23712291,RELIANCE.NS
2018-11-12,478.04827880859375,486.3698592250039,475.6359151924671,485.8829720740352,12690610,RELIANCE.NS
2018-11-13,486.6575622558594,488.2289093220157,473.6440133349889,475.3924398100861,14899604,RELIANCE.NS
2018-11-14,485.9936218261719,492.50038186216375,480.4827968608081,489.13634567495455,17034346,RELIANCE.NS
2018-11-15,485.5067443847656,488.2289452972339,480.92543114923296,485.55100685333554,14943663,RELIANCE.NS
2018-11-16,499.029296875,500.1580193355547,485.6173852021472,485.993616173096,24131016,RELIANCE.NS
2018-11-19,509.03289794921875,509.78535987340223,500.6227930031541,501.46377985959435,15987574,RELIANCE.NS
2018-11-20,503.4556579589844,511.64445070498687,500.18011722241687,506.8197236292204,12511640,RELIANCE.NS
2018-11-21,492.6110534667969,507.0410615999847,490.02163993065284,503.49994588336864,16422494,RELIANCE.NS
2018-11-22,488.16253662109375,498.12188722093686,486.94528922504816,493.31926178986436,12670591,RELIANCE.NS
2018-11-26,491.21673583984375,494.6471656942796,485.7501733968261,490.88476733552335,13969873,RELIANCE.NS
2018-11-27,499.3833923339844,500.1801167362265,489.31338566189805,490.3978456459913,14896607,RELIANCE.NS
2018-11-28,510.2059326171875,512.4633777053549,498.5424466298489,501.26461810998876,17507771,RELIANCE.NS
2018-11-29,517.2216796875,522.2677189108547,513.4592519548756,513.9018766068516,27640198,RELIANCE.NS
2018-11-30,516.8012084960938,524.9678409771739,514.4773401972819,518.9037053513254,23443212,RELIANCE.NS
2018-12-03,511.887939453125,520.0545716674077,508.36892549379166,520.0545716674077,12182825,RELIANCE.NS
2018-12-04,510.0510559082031,512.5740761726559,505.58042757574145,512.5740761726559,11358720,RELIANCE.NS
2018-12-05,511.3124084472656,512.9280769901476,504.29660122667514,506.26636947361516,12729759,RELIANCE.NS
2018-12-06,497.3694152832031,508.59021642539426,494.9791534586504,508.59021642539426,12831451,RELIANCE.NS
2018-12-07,501.8621520996094,503.25644935826995,490.5970292196639,499.9367052367765,15779984,RELIANCE.NS
2018-12-10,482.5853271484375,493.23074619157273,479.4204720397295,491.3274009700011,20521072,RELIANCE.NS
2018-12-11,485.8166198730469,487.8306214467929,466.98240615651605,471.851396272978,29518062,RELIANCE.NS
2018-12-12,491.5486755371094,492.8766085719846,481.47869890016324,486.45834436397206,27572962,RELIANCE.NS
2018-12-13,490.0216369628906,499.29489010674473,484.70999296784566,499.29489010674473,20337275,RELIANCE.NS
2018-12-14,492.3011779785156,493.4962940984288,483.2713690591499,488.2731754146962,15795834,RELIANCE.NS
2018-12-17,500.1358337402344,501.5080292498539,491.9913333510003,493.961072137774,11077711,RELIANCE.NS
2018-12-18,503.01300048828125,504.16382455092463,495.97503233892763,497.2144404248791,12841994,RELIANCE.NS
2018-12-19,503.1900329589844,507.8377097037546,501.5965252165056,505.2704277880674,16118419,RELIANCE.NS
2018-12-20,499.4940490722656,501.2867084210237,494.0495886865368,496.1963477490829,12609700,RELIANCE.NS
2018-12-21,486.98956298828125,500.7334434966957,485.1304802268269,497.9669505886336,18115814,RELIANCE.NS
2018-12-24,482.0984191894531,488.31747334945453,480.9475654515845,487.29940701814274,9065704,RELIANCE.NS
2018-12-26,486.1706848144531,486.90104509867547,471.6964438229025,480.61559723152027,15771193,RELIANCE.NS
2018-12-27,495.84228515625,498.852251139613,488.6715881289746,490.08801663787307,27294221,RELIANCE.NS
2018-12-28,498.21044921875,502.50402704858533,496.2849431086471,498.18828843578683,16768547,RELIANCE.NS
2018-12-31,496.30706787109375,501.8843160362173,494.0717541773984,500.6006453893138,15799099,RELIANCE.NS
2019-01-01,496.1963806152344,498.9850342368502,491.37165350447594,498.0776241124587,9746670,RELIANCE.NS
2019-01-02,489.73388671875,498.85222039888913,487.3436249759111,493.31923501144814,15628818,RELIANCE.NS
2019-01-03,483.6918640136719,493.3634781245717,482.5188791945198,490.22075460323975,16288287,RELIANCE.NS
2019-01-04,486.30340576171875,488.87071724900716,478.5351367010187,485.75012497633685,18516544,RELIANCE.NS
2019-01-07,489.0035095214844,495.0676442760691,487.34360805334927,489.9994444928243,12060290,RELIANCE.NS
2019-01-08,488.9592590332031,491.30522873951855,485.1304376755269,489.15844012280803,12304389,RELIANCE.NS
2019-01-09,491.6593322753906,494.4258249623011,486.32555754042943,492.21264263185543,12614237,RELIANCE.NS
2019-01-10,490.22076416015625,491.7700094933411,488.2288941876079,490.33142031999716,8925160,RELIANCE.NS
2019-01-11,486.0378723144531,493.0094176370213,481.85495103045383,490.26505606504674,14139060,RELIANCE.NS
2019-01-14,485.4845886230469,487.1223294251018,480.88114438580243,484.6878346813324,8994060,RELIANCE.NS
2019-01-15,500.02520751953125,501.0654049949557,489.11418486997286,489.11418486997286,22011407,RELIANCE.NS
2019-01-16,502.791748046875,506.8197509366535,500.3350923620848,502.39332672848343,13961606,RELIANCE.NS
2019-01-17,502.1499328613281,508.10338294893256,500.1801642588443,506.57629815183714,16379077,RELIANCE.NS
2019-01-18,524.2374267578125,526.6940822128304,502.50396544977406,508.5016772065438,56181172,RELIANCE.NS
2019-01-21,547.8521728515625,548.8481079387703,526.1408115885986,528.5089422923119,48206814,RELIANCE.NS
2019-01-22,546.7234497070312,551.9465982608722,539.8404290416297,545.7054129345357,36207430,RELIANCE.NS
2019-01-23,542.8060302734375,550.7292469993979,540.9026853969897,545.9044615705386,19313542,RELIANCE.NS
2019-01-24,552.1678466796875,554.713026959405,540.0617379573561,542.2306577517834,28775487,RELIANCE.NS
2019-01-25,551.5260009765625,559.8033178284057,546.8340617705471,553.4957691968117,18703992,RELIANCE.NS
2019-01-28,544.2447509765625,555.9303984566689,541.0798955042951,553.5180050276912,18744303,RELIANCE.NS
2019-01-29,535.8787841796875,545.1741968816506,531.7622569321205,544.8864613246026,20405845,RELIANCE.NS
2019-01-30,529.2613525390625,542.2306681873968,527.225220095184,537.804303586863,17164298,RELIANCE.NS
2019-01-31,543.1823120117188,544.3110343342596,531.6073532371764,532.0499778547592,22279301,RELIANCE.NS
2019-02-01,553.2744750976562,555.5098184046919,543.1381334083609,546.2144636186489,20187323,RELIANCE.NS
2019-02-04,571.4005126953125,574.0784806662556,549.7776764638679,551.9686981888808,25528059,RELIANCE.NS
2019-02-05,571.688232421875,577.3761668533017,565.9560946142955,571.8874430916759,20479210,RELIANCE.NS
2019-02-06,579.9655151367188,583.2410560216659,572.8833428361716,573.7685922129579,20586783,RELIANCE.NS
2019-02-07,571.1791381835938,584.8123314865187,569.2757931615276,579.9654440045323,20150710,RELIANCE.NS
2019-02-08,565.5576171875,575.6497541284344,563.145224334816,568.7003111247333,14230054,RELIANCE.NS
2019-02-11,554.735107421875,564.8051424496962,553.7391724892514,564.7608799881442,16457901,RELIANCE.NS
2019-02-12,556.1294555664062,563.189525666057,553.9605356558238,553.9605356558238,13998153,RELIANCE.NS
2019-02-14,541.8765258789062,549.3128564552972,539.1321939259117,549.3128564552972,14496604,RELIANCE.NS
2019-02-15,550.83984375,553.2522363336944,537.3615412829165,544.333085192843,20994460,RELIANCE.NS
2019-02-18,540.061767578125,554.4032201240432,537.8043227333932,553.2965993868063,21106139,RELIANCE.NS
2019-02-19,538.2911987304688,548.7374358904422,536.1222788619095,539.1321855608721,13658461,RELIANCE.NS
2019-02-20,546.3693237304688,548.8702417164039,539.57482832799,541.7216465839695,13776558,RELIANCE.NS
2019-02-21,551.92431640625,556.7491016863789,544.1560480775452,547.0995902215266,23142949,RELIANCE.NS
2019-02-22,545.4841918945312,551.2163302463424,542.673436039491,550.906492915897,19152470,RELIANCE.NS
2019-02-25,545.4618530273438,550.1981136755784,540.3051285442053,547.0996231918582,17176522,RELIANCE.NS
2019-02-26,540.1282348632812,546.5686316823941,533.820684561968,535.3698711563272,22160532,RELIANCE.NS
2019-02-27,541.5667114257812,551.039174906928,535.1484763797688,543.5807423314526,24308835,RELIANCE.NS
2019-02-28,544.9085693359375,548.8037843138575,542.9166993834878,546.103714945572,24688859,RELIANCE.NS
2019-03-01,542.6954345703125,549.910453132345,541.0134608104729,547.5423224852349,17329606,RELIANCE.NS
2019-03-05,547.830078125,548.7817507558763,539.397811854067,541.5224694607421,15577500,RELIANCE.NS
2019-03-06,559.8477783203125,563.5216821904896,546.7014677627076,548.7818633271484,26332276,RELIANCE.NS
2019-03-07,562.2600708007812,566.4872253380775,556.9041346329068,559.493577776652,17738092,RELIANCE.NS
2019-03-08,560.8657836914062,564.1191639460266,558.6083385798502,560.4009981991971,13211934,RELIANCE.NS
2019-03-11,577.2433471679688,580.7401413223661,561.2641230591577,562.1715332234376,21258869,RELIANCE.NS
2019-03-12,589.3050537109375,590.4780384085485,581.7359369280207,582.9089216256317,24561597,RELIANCE.NS
2019-03-13,596.3651733398438,601.9866242361073,587.8665442066667,591.8060215375222,24577591,RELIANCE.NS
2019-03-14,593.820068359375,602.8720089653071,591.4076752180963,597.4497089144025,22753310,RELIANCE.NS
2019-03-15,585.0115966796875,601.4555465859182,580.3860210833575,595.3471487793354,34764353,RELIANCE.NS
2019-03-18,597.5824584960938,601.0793114262324,588.2649436727448,589.1501929738362,22104063,RELIANCE.NS
2019-03-19,609.3124389648438,610.8395237390288,594.5061994229327,601.9867341954044,21448030,RELIANCE.NS
2019-03-20,608.825439453125,614.3805267326183,603.7572393047114,609.8656369626848,21639437,RELIANCE.NS
2019-03-22,593.90869140625,611.237952745645,591.6734068625536,607.5197866406803,25078643,RELIANCE.NS
2019-03-25,586.2509765625,591.7397001118269,582.8205465049533,588.9732071022316,17394088,RELIANCE.NS
2019-03-26,605.19580078125,607.1212474376593,588.7075312750372,588.8403186618444,20734876,RELIANCE.NS
2019-03-27,597.2283935546875,609.9320763376186,595.0152110776627,609.9320763376186,22079870,RELIANCE.NS
2019-03-28,601.9866943359375,606.3245934275687,594.3733726565703,597.6710151211328,22930248,RELIANCE.NS
2019-04-01,616.0847778320312,622.7021649241899,603.1155193758486,606.4131620781352,22088854,RELIANCE.NS
2019-04-02,615.133056640625,621.0644045184021,610.8837416081006,618.806959600837,17526740,RELIANCE.NS
2019-04-03,608.7149047851562,621.0202268928282,607.2984465489978,616.483175656604,17169813,RELIANCE.NS
2019-04-04,598.9105224609375,612.4773550859705,596.3431807357412,610.3969596782316,18320845,RELIANCE.NS
2019-04-05,599.28662109375,603.7129859979176,594.4618939853823,602.4072136697757,14717266,RELIANCE.NS
2019-04-08,588.3755493164062,600.8800793688172,585.9189530457305,600.2161424166632,19081843,RELIANCE.NS
2019-04-09,590.6773071289062,593.4437406042086,584.7237990427792,588.2206517980837,20774977,RELIANCE.NS
2019-04-10,589.3272705078125,596.6750764335661,587.1583505228762,592.2265507481526,16651949,RELIANCE.NS
2019-04-11,596.1439208984375,598.888252928807,588.264965445455,590.0133624275286,12558520,RELIANCE.NS
2019-04-12,594.5061645507812,600.6145623846402,591.651146738665,597.560333920002,12948769,RELIANCE.NS
2019-04-15,593.2003784179688,597.0955936790656,590.9207727394057,595.347137600993,9285737,RELIANCE.NS
2019-04-16,594.7938232421875,601.9866210579718,593.1338922735513,595.3470744696564,17360317,RELIANCE.NS
2019-04-18,613.47314453125,615.1551181712927,604.1998923495519,608.6262569615424,39286534,RELIANCE.NS
2019-04-22,595.5020751953125,605.0851649965012,593.7093566824035,601.9866741912256,23607922,RELIANCE.NS
2019-04-23,603.6908569335938,607.7409611357401,595.7898000746608,596.67504937718,19807450,RELIANCE.NS
2019-04-24,615.0445556640625,617.3905256072113,604.7532066374247,606.5459252679693,16101112,RELIANCE.NS
2019-04-25,607.4754028320312,625.180921221674,603.137562941129,614.8674710903454,30469914,RELIANCE.NS
2019-04-26,616.505126953125,617.8994831602779,606.7228863920471,608.6262313685243,15069884,RELIANCE.NS
2019-04-30,616.505126953125,618.0986346931494,604.9965912649715,618.0986346931494,22348580,RELIANCE.NS
2019-05-02,621.9275512695312,625.8448682453895,611.768990059855,616.1510924873053,18992003,RELIANCE.NS
2019-05-03,623.6094970703125,627.4383480359272,620.865165141616,623.211134884836,14240262,RELIANCE.NS
2019-05-06,613.0083618164062,620.9315793269321,609.9983960458962,618.8069219399775,15832114,RELIANCE.NS
2019-05-07,594.6831665039062,617.4789856008622,593.2224460908922,617.3904606725227,19417647,RELIANCE.NS
2019-05-08,575.1849975585938,593.1339293378248,571.9758802189367,593.1339293378248,31958919,RELIANCE.NS
2019-05-09,556.1516723632812,570.4709655524047,554.0712771743898,570.4709655524047,42670173,RELIANCE.NS
2019-05-10,553.8056030273438,565.5576117490074,551.083372962911,559.9361017716008,24557430,RELIANCE.NS
2019-05-13,545.3512573242188,558.0770407016413,543.3372265765931,552.3670646760603,17603659,RELIANCE.NS
2019-05-14,557.9221801757812,561.8616578495395,545.107812119542,547.3209945199728,28438234,RELIANCE.NS
2019-05-15,556.3507690429688,565.6904447842285,553.5621746080103,563.4772624034616,24419559,RELIANCE.NS
2019-05-16,560.0911254882812,562.9904057923432,556.8820079074782,557.700893115146,14451308,RELIANCE.NS
2019-05-17,560.9985961914062,565.2257509949617,554.1819389855777,560.8215462998704,17276949,RELIANCE.NS
2019-05-20,586.892822265625,592.1159710878152,576.9777333643875,581.4484201856392,26979100,RELIANCE.NS
2019-05-21,593.04541015625,605.0851552655346,588.7297311552686,589.6814037049653,30343560,RELIANCE.NS
2019-05-22,593.3110961914062,601.8539899601304,590.9651260000627,595.6349646937085,24689918,RELIANCE.NS
2019-05-23,590.4339599609375,616.1511655016716,586.4944817370215,607.298434663643,38766006,RELIANCE.NS
2019-05-24,591.73974609375,599.2424421525802,582.7320668471959,596.6751596055866,22269265,RELIANCE.NS
2019-05-27,580.1426391601562,592.0274976827403,578.5270292933205,591.8504477847542,16076686,RELIANCE.NS
2019-05-28,585.9411010742188,590.8322514138105,581.3376863176912,584.1927040808862,42594251,RELIANCE.NS
2019-05-29,581.2048950195312,590.1683104518131,577.265417294087,584.7238497637976,15558515,RELIANCE.NS
2019-05-30,588.5970458984375,594.0193465659813,582.6214347720608,582.6214347720608,23494381,RELIANCE.NS
2019-05-31,588.7741088867188,593.9750973055054,584.3698449976683,592.2045392551104,25724066,RELIANCE.NS
2019-06-03,602.0752563476562,605.1958488284881,584.8123628335076,590.920760397822,18556942,RELIANCE.NS
2019-06-04,598.2906494140625,608.2942618509585,596.7193023793029,600.8579314460692,15442761,RELIANCE.NS
2019-06-06,587.5346069335938,602.8277324367702,584.7681141139942,602.8277324367702,16764835,RELIANCE.NS
2019-06-07,582.0238037109375,587.4903663054001,577.9072759524873,586.9149542153037,14722419,RELIANCE.NS
2019-06-10,583.905029296875,587.3797219595616,579.8991869751485,584.6796520973529,11768468,RELIANCE.NS
2019-06-11,588.3313598632812,590.6994905962937,583.3960059300211,585.1001405330676,11492074,RELIANCE.NS
2019-06-12,589.6593017578125,592.4257947525115,586.4944465364875,590.7880242809626,10297599,RELIANCE.NS
2019-06-13,587.4903564453125,590.787998934032,579.2573010665908,588.7076038554885,15686169,RELIANCE.NS
2019-06-14,583.19677734375,586.4944198237544,579.5892975904819,585.1222242324548,14942768,RELIANCE.NS
2019-06-17,567.5938110351562,584.2812339912606,565.911778180256,584.2812339912606,14908257,RELIANCE.NS
2019-06-18,567.0184326171875,570.0947629240811,561.7510214030443,566.0888616521408,16797371,RELIANCE.NS
2019-06-19,565.4027099609375,576.3137327970071,558.8738485219341,569.6299231801156,14492763,RELIANCE.NS
2019-06-20,573.9898071289062,575.4284257651233,565.6903887963003,566.5756380228256,10748848,RELIANCE.NS
2019-06-21,566.3543090820312,573.6578513679913,564.6059123632908,573.6356905902745,23236832,RELIANCE.NS
2019-06-24,558.7852783203125,565.0043019951196,556.4393087293655,563.100957025972,11267228,RELIANCE.NS
2019-06-25,573.5914916992188,574.543164242957,555.1777744289116,557.2360676913559,14966899,RELIANCE.NS
2019-06-26,572.839111328125,577.4646873103839,569.386520381215,571.4448139366182,11593027,RELIANCE.NS
2019-06-27,563.9863891601562,574.0563674458016,562.5920326523112,572.3964952020063,24905533,RELIANCE.NS
2019-06-28,554.6687622070312,567.837229088313,552.6989939576308,565.2920488190996,18942165,RELIANCE.NS
2019-07-01,561.6403198242188,563.3222934590809,551.725232394284,556.8597964178464,13478857,RELIANCE.NS
2019-07-02,565.9118041992188,567.0184250293855,559.1837315656976,563.8978322942693,10146746,RELIANCE.NS
2019-07-03,567.7045288085938,569.4529851929734,564.3847841285344,567.8594770169232,8806492,RELIANCE.NS
2019-07-04,568.3463134765625,571.4448046030109,566.5757555607951,567.1954892433374,9351405,RELIANCE.NS
2019-07-05,559.205810546875,571.2234546184956,557.7229883348122,568.8331631776572,10926753,RELIANCE.NS
2019-07-08,554.2040405273438,561.3083734997786,552.4999059557646,556.8377460255429,14009219,RELIANCE.NS
2019-07-09,566.6200561523438,568.1250393463115,551.3048266580228,552.8319115410211,17535754,RELIANCE.NS
2019-07-10,566.0667114257812,570.7143885662242,561.5739233692843,566.5978610200226,12018196,RELIANCE.NS
2019-07-11,567.2618408203125,570.9136422948378,566.2659057082456,569.6742340526625,8608376,RELIANCE.NS
2019-07-12,566.797119140625,575.4285371516787,565.7125999850862,567.9036808879804,15692436,RELIANCE.NS
2019-07-15,564.8494873046875,570.7807762086532,562.3043067510758,568.7889060528559,10659498,RELIANCE.NS
2019-07-16,572.3300170898438,573.1710630706701,565.2699466652127,566.5536173225701,10070773,RELIANCE.NS
2019-07-17,567.3946533203125,574.1006245841717,566.5757680501406,572.9054787586715,9482233,RELIANCE.NS
2019-07-18,558.5418701171875,569.4086308695252,556.8377355775831,567.4610232119414,11942908,RELIANCE.NS
2019-07-19,552.8538818359375,563.4550065126894,550.065228776284,561.3525101987951,16336536,RELIANCE.NS
2019-07-22,566.797119140625,568.5676179363936,543.2487760118573,553.7392768538886,29092589,RELIANCE.NS
2019-07-23,563.720703125,572.7283212128182,557.8999823849913,568.7888438003976,20316348,RELIANCE.NS
2019-07-24,557.3246459960938,566.044588804399,554.8679903139908,563.6986188429327,15189179,RELIANCE.NS
2019-07-25,545.1077880859375,561.7288456848177,543.1159181038291,559.4935026021844,21805071,RELIANCE.NS
2019-07-26,537.2731323242188,549.9768149769168,535.5910994760233,545.1078253964605,20387504,RELIANCE.NS
2019-07-29,536.0115966796875,540.9027468061763,533.4221538311792,538.6453019932452,17626045,RELIANCE.NS
2019-07-30,522.7103881835938,540.0175454119949,520.5193664215706,537.3395773958161,20853117,RELIANCE.NS
2019-07-31,516.2257690429688,524.5251884932695,514.5215754092878,520.4308216260823,21229950,RELIANCE.NS
2019-08-01,522.4226684570312,525.9416230925917,509.1877776603354,514.9641771223088,22628222,RELIANCE.NS
2019-08-02,527.3842163085938,533.5738082205122,517.4764342690546,523.532441715617,23766807,RELIANCE.NS
2019-08-05,509.127197265625,519.6583734800695,502.29191737731014,519.6583734800695,30399133,RELIANCE.NS
2019-08-06,502.4254455566406,511.91023878797483,499.62011264743677,505.29760041612724,29067994,RELIANCE.NS
2019-08-07,494.0093994140625,506.9897419231289,491.2040367114469,501.62395107472366,25349369,RELIANCE.NS
2019-08-08,513.134765625,515.6506357007383,487.73071417873945,493.54178609190376,31198568,RELIANCE.NS
2019-08-09,517.4763793945312,523.4433298981054,513.1125017553761,517.3650887436063,21970009,RELIANCE.NS
2019-08-13,567.6388549804688,580.1293294107402,545.9307552314694,549.1146074833171,104827144,RELIANCE.NS
2019-08-14,573.650390625,580.8641307811267,570.1325471404525,580.663783789375,31688983,RELIANCE.NS
2019-08-16,569.0859985351562,575.231061711341,566.8595315394489,574.9638928058723,21977767,RELIANCE.NS
2019-08-19,575.5873413085938,577.4575832737376,569.9766154131626,570.4441907669835,16317602,RELIANCE.NS
2019-08-20,568.1731567382812,575.5873021365318,566.6814339182407,574.3405138780473,14969299,RELIANCE.NS
2019-08-21,565.94677734375,569.3755644859428,563.9652445438119,568.0396602662252,10677848,RELIANCE.NS
2019-08-22,555.170654296875,565.9690001563606,551.675104712561,565.9467658023939,14031953,RELIANCE.NS
2019-08-23,568.128662109375,571.7577958939527,546.1533935304763,551.7195912204171,21307915,RELIANCE.NS
2019-08-26,564.0988159179688,576.2107721314826,560.6255006974678,576.2107721314826,19202504,RELIANCE.NS
2019-08-27,567.683349609375,572.2030462418404,561.6050487465466,572.2030462418404,28401906,RELIANCE.NS
2019-08-28,562.5403442382812,570.4220670232486,559.3119631909286,567.193685975896,11605488,RELIANCE.NS
2019-08-29,552.944091796875,561.1820374243057,550.0719369198647,559.4899082583771,18890222,RELIANCE.NS
2019-08-30,555.9720458984375,558.5770317812273,543.7042139151635,554.613907633516,24735240,RELIANCE.NS
2019-09-03,537.2030029296875,553.5007833479864,534.3530820941628,553.1667924586299,18730619,RELIANCE.NS
2019-09-04,534.865234375,536.6909483563797,528.1413039705059,534.5980654192097,32949395,RELIANCE.NS
2019-09-05,533.729736328125,540.2310259329639,531.3696844363129,537.3811642891079,22995486,RELIANCE.NS
2019-09-06,544.3721923828125,547.266641257182,532.2379435925851,535.6889646599803,23186819,RELIANCE.NS
2019-09-09,544.2385864257812,549.0477457084417,540.2086995227424,543.5483703495372,11747929,RELIANCE.NS
2019-09-11,549.6712036132812,552.1648395776373,544.3721751701554,544.3721751701554,12127900,RELIANCE.NS
2019-09-12,538.9618530273438,552.3651834163759,536.8912642441294,549.9383694188567,11880005,RELIANCE.NS
2019-09-13,545.7526245117188,547.043940961514,537.4256220176591,539.6966172932991,12947715,RELIANCE.NS
2019-09-16,539.1399536132812,542.8581433798865,528.1634374665119,529.4548132897087,20547730,RELIANCE.NS
2019-09-17,533.217529296875,539.2513017834867,531.4586376216965,539.2513017834867,15640772,RELIANCE.NS
2019-09-18,536.891357421875,541.6114612308611,533.1063449627244,536.5573665004321,14933909,RELIANCE.NS
2019-09-19,525.024169921875,538.6724360290432,522.174308515453,537.8486354259852,13766222,RELIANCE.NS
2019-09-20,558.5548095703125,565.4791456790705,522.9090409219021,528.9872826439796,48165560,RELIANCE.NS
2019-09-23,551.8086547851562,570.4219587525063,549.9384128123469,567.3716909391333,21610844,RELIANCE.NS
2019-09-24,569.3977661132812,578.3481633555577,553.3894480019216,553.7679670566171,34958974,RELIANCE.NS
2019-09-25,569.7762451171875,576.6560528769686,565.0116138141937,571.7577776639475,18192270,RELIANCE.NS
2019-09-26,577.45751953125,578.3480825353281,571.5350972037298,575.320108871329,18350457,RELIANCE.NS
2019-09-27,582.9124145507812,585.5619288812624,571.7577850305494,575.5427970097883,19058663,RELIANCE.NS
2019-09-30,593.2432250976562,594.8017698849055,581.3538516822917,583.3354436432543,25263770,RELIANCE.NS
2019-10-01,581.0643920898438,597.5848106628989,575.8989485514377,595.3583438041417,17920384,RELIANCE.NS
2019-10-03,583.802978515625,585.4282856939158,570.555467642248,572.648350114341,13524851,RELIANCE.NS
2019-10-04,582.4893188476562,591.6178868813973,580.5968427407329,587.7438189170942,14992253,RELIANCE.NS
2019-10-07,583.3800048828125,588.1446363696328,579.6395209613231,582.4893823323844,10061584,RELIANCE.NS
2019-10-09,589.903564453125,592.2191475563906,575.5428471529523,582.7566465089587,17588647,RELIANCE.NS
2019-10-10,606.8247680664062,609.6078075068975,588.2336983910574,590.0148840590675,35006390,RELIANCE.NS
2019-10-11,602.3050537109375,608.0938926735619,595.1580761873038,607.2477982108662,16597126,RELIANCE.NS
2019-10-14,604.7095336914062,607.8043293742732,601.5256817061605,607.8043293742732,13394275,RELIANCE.NS
2019-10-15,607.4481811523438,610.0531675022813,603.0620090789482,606.7134368395299,9672791,RELIANCE.NS
2019-10-16,611.0995483398438,614.3501629165811,607.2477145302422,610.0085788805053,19403660,RELIANCE.NS
2019-10-17,621.8533935546875,622.9666568670059,610.9436984546371,612.2796025393912,16038940,RELIANCE.NS
2019-10-18,630.6925048828125,635.835655393317,622.8330774763288,625.1931291335094,28121951,RELIANCE.NS
2019-10-22,629.712890625,639.8210196591194,624.9036715114763,634.54428464092,27786502,RELIANCE.NS
2019-10-23,620.0277099609375,634.9673523948646,615.908766295107,630.6702961024129,18446160,RELIANCE.NS
2019-10-24,639.6428833007812,641.8471160772802,617.4227401722367,623.8572069872114,22642488,RELIANCE.NS
2019-10-25,637.30517578125,641.8694010565094,628.4215409194215,641.7135822318234,13539957,RELIANCE.NS
2019-10-27,638.663330078125,643.450255707178,636.7707941805185,641.6690699300784,3014841,RELIANCE.NS
2019-10-29,653.2689819335938,659.0355270409135,642.1588794964196,643.6728963240666,25768505,RELIANCE.NS
2019-10-30,658.634765625,661.0616393905873,650.2632341915835,659.0355190435935,16341366,RELIANCE.NS
2019-10-31,652.066650390625,663.3326309021771,650.8866244956587,660.8167008364321,19463741,RELIANCE.NS
2019-11-01,648.7490844726562,650.9310231992381,641.6689305109226,647.9030496511755,13904301,RELIANCE.NS
2019-11-04,649.0831909179688,655.0278484266997,643.494758660676,652.7568529986388,14063434,RELIANCE.NS
2019-11-05,644.474365234375,654.1149784345749,641.6690319851688,651.5100516103723,12685356,RELIANCE.NS
2019-11-06,638.95263671875,644.0957868351248,636.1027755766117,642.4259514311492,14625505,RELIANCE.NS
2019-11-07,649.5061645507812,651.4654032117422,637.7503758842035,638.9972235731321,14084039,RELIANCE.NS
2019-11-08,643.6729125976562,649.9737957622194,641.8026704574303,645.2314576228689,12019353,RELIANCE.NS
2019-11-11,635.791015625,643.1161038873624,633.4531987305794,640.8228151399748,11357841,RELIANCE.NS
2019-11-13,655.606689453125,657.2097624735924,636.7707449505183,636.7707449505183,25225749,RELIANCE.NS
2019-11-14,651.3541259765625,659.7478907611141,648.2593302163147,657.254254782022,14258133,RELIANCE.NS
2019-11-15,654.9611206054688,662.0635700076792,651.5323334784945,652.6455968983422,15691605,RELIANCE.NS
2019-11-18,649.7733764648438,661.7072190766786,648.0812471500655,655.7625618479275,14076051,RELIANCE.NS
2019-11-19,672.282958984375,674.5762480267925,652.3560458473484,653.2466089025762,30176255,RELIANCE.NS
2019-11-20,689.1596069335938,700.1806517569983,687.1780744035942,692.4548091499332,43538120,RELIANCE.NS
2019-11-21,684.6844482421875,692.8778670093003,680.654560819843,687.9796507920607,14897371,RELIANCE.NS
2019-11-22,688.6475219726562,698.889294670371,684.6843973559228,686.6882237413482,22352865,RELIANCE.NS
2019-11-25,695.3491821289062,696.796376789713,690.651313481399,690.7181354342704,15146156,RELIANCE.NS
2019-11-26,694.7703857421875,701.9395972615475,692.8778499230012,698.2659351892099,35330983,RELIANCE.NS
2019-11-27,699.045166015625,701.561095873568,692.9223368095898,694.6367599013516,9642739,RELIANCE.NS
2019-11-28,703.6985473632812,705.4129111039688,696.417985740945,700.2919947848181,13747479,RELIANCE.NS
2019-11-29,690.71826171875,704.4332917027102,689.2487729882732,704.4332917027102,18559594,RELIANCE.NS
2019-12-02,706.4593505859375,718.9052971997955,702.2290568533912,712.4708300137888,31225364,RELIANCE.NS
2019-12-03,703.0750732421875,709.7990029904348,700.2697400300401,709.2424307785986,12990426,RELIANCE.NS
2019-12-04,691.4085083007812,702.4517897191777,682.9701540824897,700.4479629805435,20987607,RELIANCE.NS
2019-12-05,690.5845336914062,703.4535259601828,687.5342661895404,700.8930681166133,19942460,RELIANCE.NS
2019-12-06,692.3880615234375,698.2214285325554,686.2429974104203,691.5420265271395,13085234,RELIANCE.NS
2019-12-09,700.269775390625,702.407186386415,688.6475696603118,692.9446854555637,12642677,RELIANCE.NS
2019-12-10,695.5272827148438,700.7149609432445,692.0539680288318,700.0247448761385,10173333,RELIANCE.NS
2019-12-11,695.7277221679688,701.115747607188,690.473221738255,692.6996888491133,12364641,RELIANCE.NS
2019-12-12,698.3103637695312,700.8262934185599,693.1672138215926,699.2232205691729,10326606,RELIANCE.NS
2019-12-13,704.8562622070312,708.0178801238153,700.1806870147386,703.5648862571924,12668303,RELIANCE.NS
2019-12-16,697.5980224609375,709.754506556987,696.5961092046571,708.9084715750772,11892718,RELIANCE.NS
2019-12-17,695.861328125,703.1195956735934,692.6774758966036,697.664748110966,20324601,RELIANCE.NS
2019-12-18,701.7169189453125,703.5648670591819,695.5496209983077,695.9949025377775,14742077,RELIANCE.NS
2019-12-19,716.9014892578125,719.1057222184004,699.9135513793175,700.7595863676426,20507816,RELIANCE.NS
2019-12-20,712.070068359375,720.2857211455093,710.7341642408371,719.1502234523015,21271510,RELIANCE.NS
2019-12-23,699.7354125976562,702.4739238931126,693.6794050834533,694.703552662622,25107772,RELIANCE.NS
2019-12-24,688.6253051757812,700.0248101711578,686.8663538680914,698.6221435556297,18048449,RELIANCE.NS
2019-12-26,674.7989501953125,691.5197189547852,672.461132787399,686.4879183345943,29761019,RELIANCE.NS
2019-12-27,686.7996215820312,688.5139853597664,677.4261769632532,679.9643413744825,17677571,RELIANCE.NS
2019-12-30,687.6233520507812,689.1596030429098,680.4318473193537,688.4026244475469,17123749,RELIANCE.NS
2019-12-31,674.1978149414062,687.4008003439995,671.526065985025,686.6437622004211,22203005,RELIANCE.NS
2020-01-01,672.2161254882812,680.0087898882745,670.3904712564104,675.9566091562889,14004468,RELIANCE.NS
2020-01-02,683.6602783203125,686.1762083080744,673.2849207275859,673.2849207275859,17710316,RELIANCE.NS
2020-01-03,684.4840698242188,686.4878962665452,678.1831277621862,682.6360622006584,20984698,RELIANCE.NS
2020-01-06,668.6093139648438,680.3650438391912,667.0507691289934,676.8472602327319,24519177,RELIANCE.NS
2020-01-07,678.8956909179688,683.3040975466399,673.952886932682,676.4019951208164,16683622,RELIANCE.NS
2020-01-08,673.7969360351562,683.2816698165456,672.3942695805264,674.6207365379029,16047902,RELIANCE.NS
2020-01-09,689.3154296875,690.2059926741842,681.8567565985553,685.1296647498189,14982742,RELIANCE.NS
2020-01-10,689.1596069335938,693.7461255846073,685.5972357997355,691.0520831577536,12478359,RELIANCE.NS
2020-01-13,687.4006958007812,694.0800969009713,685.0406443123888,688.0018555733295,18282382,RELIANCE.NS
2020-01-14,681.0330200195312,690.2060574437152,677.6710552541097,685.7531231921615,15816535,RELIANCE.NS
2020-01-15,678.5617065429688,685.7086841864183,676.068070171922,683.9052640096224,15817859,RELIANCE.NS
2020-01-16,684.8179321289062,687.2448055274269,680.4095262908653,680.8548672498658,12847975,RELIANCE.NS
2020-01-17,704.01025390625,705.7691458267952,691.6310696018056,691.764654072348,29463471,RELIANCE.NS
2020-01-20,682.3466796875,716.4784927540825,679.6971651864098,716.4784927540825,32545850,RELIANCE.NS
2020-01-21,683.0369262695312,688.3581898620575,677.7378970312928,680.6768744071713,18922720,RELIANCE.NS
2020-01-22,682.7918701171875,688.7588206739724,681.7899569992577,687.5342668020733,10322817,RELIANCE.NS
2020-01-23,679.8975219726562,686.6214514994721,677.1589513580537,684.1945779592724,11247739,RELIANCE.NS
2020-01-24,677.5375366210938,684.1278823316969,676.2016324357799,679.9643509483909,14628445,RELIANCE.NS
2020-01-27,670.8580322265625,678.8288097703885,670.1678160991427,674.5762817936037,13387750,RELIANCE.NS
2020-01-28,655.36181640625,672.3943409712025,651.7326826089246,671.7708873528463,24532236,RELIANCE.NS
2020-01-29,658.9686889648438,665.4476838598071,651.9330029814765,656.385937187332,24746565,RELIANCE.NS
2020-01-30,642.8936767578125,658.9019968109739,641.2238409642008,658.5902996781803,22402689,RELIANCE.NS
2020-01-31,628.5996704101562,647.123919300985,626.6181376421537,647.0125691802425,34750310,RELIANCE.NS
2020-02-03,616.9552001953125,623.3897268292178,606.9583616221806,610.0086294911721,30712290,RELIANCE.NS
2020-02-04,635.167724609375,637.8840014691701,622.4323157911366,623.411935184783,25383901,RELIANCE.NS
2020-02-05,645.0087280273438,646.9234982397322,636.9044250553178,638.9527202893477,18472100,RELIANCE.NS
2020-02-06,649.1499633789062,653.2466727335321,641.268301219584,647.5024215657478,15538577,RELIANCE.NS
2020-02-07,638.3961791992188,646.723182814012,636.0138334942661,646.1220229365763,12209212,RELIANCE.NS
2020-02-10,639.264404296875,643.6728102657878,628.065247040691,635.8801458287573,15142476,RELIANCE.NS
2020-02-11,646.9012451171875,652.8904307204514,643.4724582072458,644.5188995976021,13999816,RELIANCE.NS
2020-02-12,654.7161254882812,656.742245701073,647.9031394730254,648.4152429768247,13533565,RELIANCE.NS
2020-02-13,656.4305419921875,658.0336151395259,651.2873910883294,658.0336151395259,13565659,RELIANCE.NS
2020-02-14,662.419677734375,668.5869752575289,647.0569900773629,657.8108654922579,21227841,RELIANCE.NS
2020-02-17,658.2561645507812,670.6798756802237,656.4972728187931,663.0430895240688,13149130,RELIANCE.NS
2020-02-18,653.4246826171875,657.2096942768698,648.9717487058438,657.2096942768698,11127161,RELIANCE.NS
2020-02-19,669.6334838867188,670.813509728984,656.8535465958774,658.7460229239962,14084409,RELIANCE.NS
2020-02-20,661.68505859375,671.5037852458589,660.7276734436488,666.6055688221669,16892268,RELIANCE.NS
2020-02-24,643.427978515625,657.6996400047707,641.0233984620075,654.4712592785945,21370214,RELIANCE.NS
2020-02-25,630.7147216796875,646.299990125259,627.8648012169732,646.299990125259,27745062,RELIANCE.NS
2020-02-26,619.8495483398438,628.9112950285784,617.7789594939649,627.8648537048206,29362748,RELIANCE.NS
2020-02-27,617.2891845703125,620.6511494965837,609.6078101962304,618.0683975689975,25054993,RELIANCE.NS
2020-02-28,591.64013671875,604.264254045817,590.014829470249,603.329103417816,39315769,RELIANCE.NS
2020-03-02,586.0740356445312,609.6077893226085,579.3723403742132,603.4181975497225,29500495,RELIANCE.NS
2020-03-03,597.96337890625,602.8838887991839,588.6789907987993,592.1077777316948,27398798,RELIANCE.NS
2020-03-04,596.5606079101562,602.8392551960833,582.4002405429284,602.0377485234621,22105261,RELIANCE.NS
2020-03-05,583.84765625,604.687430011387,581.554366792972,602.1269715894884,30510390,RELIANCE.NS
2020-03-06,565.9689331054688,573.6057788366949,552.654658716733,565.5236515774449,33734039,RELIANCE.NS
2020-03-09,496.12457275390625,552.6101407818697,487.59719353402716,552.1870935973562,88187018,RELIANCE.NS
2020-03-11,513.669189453125,524.7569973633897,493.3860202311153,493.3860202311153,59578576,RELIANCE.NS
2020-03-12,473.3478088378906,490.26898426867365,466.9801039726238,483.14430072681785,55970485,RELIANCE.NS
2020-03-13,492.1837463378906,507.6354328669012,419.64532802906,444.40366683588684,73297403,RELIANCE.NS
2020-03-16,452.28533935546875,480.7841591374453,447.5206784786443,472.2567802513006,38482258,RELIANCE.NS
2020-03-17,448.8565673828125,472.0118595343903,446.7191567142074,466.3343420099244,45445979,RELIANCE.NS
2020-03-18,431.26751708984375,461.2803576562569,427.9278160593616,456.560224275454,44730415,RELIANCE.NS
2020-03-19,408.6465148925781,430.59951868687136,397.2915088300032,409.7152202964063,61404010,RELIANCE.NS
2020-03-20,453.2872619628906,460.8349919401429,414.1236220114131,418.3539154289049,63360475,RELIANCE.NS
2020-03-23,393.66241455078125,423.0295668803202,389.92193040058896,407.9786036891489,40670949,RELIANCE.NS
2020-03-24,420.0906066894531,431.9354232678665,398.8946097412174,414.1236553813101,45734887,RELIANCE.NS
2020-03-25,481.9196472167969,512.7785178891949,428.9296612692312,429.17456609975056,73130298,RELIANCE.NS
2020-03-26,474.7726745605469,497.3491012446338,464.1524132137663,487.95339378494543,45744488,RELIANCE.NS
2020-03-27,474.5054931640625,493.07426683799997,465.86679422968973,487.59715574121174,41657940,RELIANCE.NS
2020-03-30,458.8534240722656,478.6022243792753,454.2001132600208,463.37318015277566,30229866,RELIANCE.NS
2020-03-31,495.94647216796875,503.0934193486525,466.668378147016,478.2237612689132,44292810,RELIANCE.NS
2020-04-01,481.11822509765625,500.77794227385374,465.421603232838,499.7315008161992,41597459,RELIANCE.NS
2020-04-03,479.78228759765625,505.1640794985781,470.3643151321363,505.1640794985781,41367807,RELIANCE.NS
2020-04-07,537.0693969726562,540.587180545846,489.82365880229355,490.7587797499459,54373624,RELIANCE.NS
2020-04-08,530.8575439453125,547.2666748233642,516.5413553079427,525.4472243442474,49880330,RELIANCE.NS
2020-04-09,543.2366943359375,548.9587106749909,531.2360300150857,540.5871800325931,33032857,RELIANCE.NS
2020-04-13,529.5216674804688,541.0325221376103,525.4471928092958,536.1120125498173,23673784,RELIANCE.NS
2020-04-15,512.0215454101562,550.3836477833194,508.97127785494433,533.0394274350746,35321842,RELIANCE.NS
2020-04-16,520.1259765625,528.7646769192855,509.8619687316648,512.0216140957893,37455706,RELIANCE.NS
2020-04-17,545.0401611328125,547.7119694676354,531.0801974114287,541.4778491032873,33269335,RELIANCE.NS
2020-04-20,553.85693359375,559.7347681895708,535.2436321732976,545.9306852340615,36030932,RELIANCE.NS
2020-04-21,550.98486328125,557.508386765965,518.3225393512134,538.8060261793212,61371628,RELIANCE.NS
2020-04-22,607.2031860351562,616.6879797457742,578.8825082607582,587.7883765401166,142683366,RELIANCE.NS
2020-04-23,610.4539184570312,617.1110859522549,602.6167250854138,608.8731391707544,65464502,RELIANCE.NS
2020-04-24,630.9819946289062,665.692673747736,599.9004494609227,601.2140598103026,134986308,RELIANCE.NS
2020-04-27,636.659423828125,656.8089776563307,633.6536843523593,638.5519000387314,58482901,RELIANCE.NS
2020-04-28,635.947021484375,648.1035053145215,619.9164097345322,645.6766910891598,78453401,RELIANCE.NS
2020-04-29,635.41259765625,647.3019715047586,632.3178017703171,643.4056688448253,37494672,RELIANCE.NS
2020-04-30,652.8013305664062,665.6926172797448,640.3553848329962,647.4355395070829,71345899,RELIANCE.NS
2020-05-04,639.08642578125,652.3561746244574,631.1824095802084,641.2238369858657,53456868,RELIANCE.NS
2020-05-05,650.4188842773438,658.590066606652,644.4297000056915,647.3241484004577,44903763,RELIANCE.NS
2020-05-06,650.463623046875,661.2397341507669,643.6728711176166,651.9108178555344,40489094,RELIANCE.NS
2020-05-07,671.0361328125,674.0196380436263,643.4501981639638,647.9031324834183,50026966,RELIANCE.NS
2020-05-08,695.4605712890625,703.5203455803562,684.4617604589652,687.9796035544326,84262770,RELIANCE.NS
2020-05-11,702.1400146484375,719.1502462326481,700.1361881322265,703.5649156731971,67085063,RELIANCE.NS
2020-05-12,658.7014770507812,698.3772514173569,652.3560664564766,696.79641276918,100683202,RELIANCE.NS
2020-05-13,672.6770629882812,686.409748828676,653.5951127082542,686.409748828676,66430125,RELIANCE.NS
2020-05-14,645.4812622070312,672.789324791763,642.8291322565639,660.3377319199246,49266771,RELIANCE.NS
2020-05-15,656.0224609375,659.3039301915819,636.1089238922658,649.0999085460102,62152260,RELIANCE.NS
2020-05-18,647.6389770507812,666.181474909855,641.9076865534937,660.7873261418357,62796089,RELIANCE.NS
2020-05-19,633.3219604492188,657.0564195102567,630.7822503273412,654.9436803175768,42315854,RELIANCE.NS
2020-05-20,644.469970703125,650.3810982575258,626.1746653038855,633.8164459231173,55320985,RELIANCE.NS
2020-05-21,647.8637084960938,656.9438839898754,640.5590706705585,645.0542141170009,39167981,RELIANCE.NS
2020-05-22,643.5034790039062,655.3931503743523,641.233434844536,652.6061872445827,37828973,RELIANCE.NS
2020-05-26,640.1320190429688,651.6620746780493,636.6482413729298,650.9653191440415,33216635,RELIANCE.NS
2020-05-27,649.7966918945312,653.5950802585778,634.7154397533718,643.2562252592883,35667956,RELIANCE.NS
2020-05-28,661.7986450195312,665.1700026233619,651.3474305026429,654.0445046956808,40126278,RELIANCE.NS
2020-05-29,658.27001953125,661.6863216286777,652.9882315987021,659.8882522484166,40022527,RELIANCE.NS
2020-06-01,683.42041015625,691.5116927649323,663.4619289082036,665.282470467664,39943702,RELIANCE.NS
2020-06-02,690.3204345703125,692.2533963499591,683.622663148201,685.9601831154127,22153960,RELIANCE.NS
2020-06-03,692.9951171875,701.243705152625,689.2640858781962,694.5009892228203,25381289,RELIANCE.NS
2020-06-04,710.1441650390625,714.5044764477512,692.7029788544525,694.0514864853873,34202350,RELIANCE.NS
2020-06-05,710.9981689453125,727.3155677405333,707.4020299835134,716.976712812966,33076685,RELIANCE.NS
2020-06-08,705.5140991210938,727.4954324920736,703.4913080333477,727.4954324920736,31414953,RELIANCE.NS
2020-06-09,690.9722290039062,711.5825211649343,689.1067431761999,701.3784997663072,25857161,RELIANCE.NS
2020-06-10,706.705322265625,710.0317358884901,692.2758817982025,693.6468614517847,22132647,RELIANCE.NS
2020-06-11,691.219482421875,704.8172743086072,688.2077385143969,703.9407414982666,20385805,RELIANCE.NS
2020-06-12,714.1897583007812,716.0777164159133,672.9242267053721,674.2727936948124,38548899,RELIANCE.NS
2020-06-15,725.7647705078125,731.3387563203479,701.7381741898191,703.4912994111404,53107403,RELIANCE.NS
2020-06-16,727.1807250976562,741.0482428927804,712.6163922222294,738.5534772559045,51187003,RELIANCE.NS
2020-06-17,726.1243286132812,735.159560417052,720.1682571993283,722.9327480146142,41782053,RELIANCE.NS
2020-06-18,744.3522338867188,748.4428198793569,721.7416204317783,722.3709596460744,40471557,RELIANCE.NS
2020-06-19,790.8770141601562,804.0927203501327,747.0942467519249,750.6903261392612,105804173,RELIANCE.NS
2020-06-22,784.9210205078125,811.0153531945601,779.9088977902954,797.1703064721975,60198705,RELIANCE.NS
2020-06-23,773.5706787109375,792.83240486235,771.4129953643138,786.6515522559022,37962078,RELIANCE.NS
2020-06-24,776.69482421875,796.8556158794696,769.4351890087056,780.3134354719743,51586221,RELIANCE.NS
2020-06-25,772.22216796875,786.2021069841788,770.0420123108671,776.3127539840192,39679374,RELIANCE.NS
2020-06-26,782.8980712890625,787.5505795010465,771.8175170961591,777.1218366018753,30921913,RELIANCE.NS
2020-06-29,774.5821533203125,782.0440974489501,771.165850862043,776.7847811125145,25621946,RELIANCE.NS
2020-06-30,766.0188598632812,782.6059245493964,762.1754677566296,780.807914512527,30276420,RELIANCE.NS
2020-07-01,781.0775756835938,786.2020588284339,767.7943931621406,773.1661294381369,28464103,RELIANCE.NS
2020-07-02,794.5242309570312,797.7964904471671,783.1051979902952,786.6934075977497,28789533,RELIANCE.NS
2020-07-03,806.9586791992188,809.2605842388523,797.9769338084662,803.3027790862244,29434266,RELIANCE.NS
2020-07-06,835.7996215820312,838.5979258395846,808.8543255351691,814.6766894354603,47016185,RELIANCE.NS
2020-07-07,823.0040283203125,841.4640390934211,815.2635191046126,839.5007072874031,35189589,RELIANCE.NS
2020-07-08,811.517333984375,828.1944614496679,807.9065609306946,823.2748204715693,26204095,RELIANCE.NS
2020-07-09,823.364990234375,828.2169399112072,806.2139095305935,816.4820182311743,36418942,RELIANCE.NS
2020-07-10,847.6473999023438,850.6037089763864,823.3650271392274,825.2832912510764,43759967,RELIANCE.NS
2020-07-13,873.3514404296875,879.083489970848,857.5543543318056,859.0663542368072,69608392,RELIANCE.NS
2020-07-14,865.227294921875,876.3755044340146,851.8223671864567,872.9001726962613,67331128,RELIANCE.NS
2020-07-15,832.2791137695312,893.1203699369507,811.5173183412455,874.6829238098223,139669773,RELIANCE.NS
2020-07-16,832.0083618164062,843.5627758296462,818.0392246836387,833.6331798351821,60961724,RELIANCE.NS
2020-07-17,862.8351440429688,866.581298459645,829.5710262803591,832.7304674212536,49726765,RELIANCE.NS
2020-07-20,866.5361328125,871.9974193757844,857.3964422325445,865.5883422314392,36592938,RELIANCE.NS
2020-07-21,889.84814453125,892.3079949125722,874.0285529843062,875.1569121232839,42173371,RELIANCE.NS
2020-07-22,904.4942626953125,907.202312550526,884.9510213382299,895.0159986639695,59771457,RELIANCE.NS
2020-07-23,928.7765502929688,938.6609588483409,898.7846915588252,904.4716140026857,58333751,RELIANCE.NS
2020-07-24,968.6527709960938,976.2578974882695,928.7765056243875,928.866760017871,120597372,RELIANCE.NS
2020-07-27,973.1887817382812,992.4160717579479,960.4157553838029,983.389199696608,80304827,RELIANCE.NS
2020-07-28,982.8927612304688,990.2496888244225,970.6838835389933,973.1888610354255,55114422,RELIANCE.NS
2020-07-29,946.311279296875,985.1945694094204,934.4860429521891,982.9830381867582,72663399,RELIANCE.NS
2020-07-30,951.8176879882812,965.7416374844678,935.1856290159112,947.3719425825504,72857444,RELIANCE.NS
2020-07-31,932.9740600585938,960.9122737981927,926.5198556854664,954.3678150249528,74958061,RELIANCE.NS
2020-08-03,906.7509765625,928.4154946857375,904.0879942280135,925.8428264432459,46715383,RELIANCE.NS
2020-08-04,970.6613159179688,978.0633706821992,902.8017056351508,911.9865832893145,92041055,RELIANCE.NS
2020-08-05,959.7612915039062,991.1522713264957,956.0828280071764,978.9660179222315,74549993,RELIANCE.NS
2020-08-06,963.2141723632812,978.379359794549,951.3438079467057,973.549973124917,49322975,RELIANCE.NS
2020-08-07,968.7882690429688,973.911042177792,956.9405280202135,961.2733960409245,32984416,RELIANCE.NS
2020-08-10,956.782470703125,977.1606844285126,951.4791890501768,974.497761802115,26958997,RELIANCE.NS
2020-08-11,963.0787353515625,974.9039718853056,947.9812395926484,963.5300670431569,46828306,RELIANCE.NS
2020-08-12,960.2803344726562,968.1337801877427,950.8923849420117,957.3014618538515,30264617,RELIANCE.NS
2020-08-13,957.7754516601562,965.3805786775785,952.3367286962583,960.4609378961798,24830322,RELIANCE.NS
2020-08-14,954.0518798828125,973.549934599968,942.9713613334557,958.0011068702576,33224635,RELIANCE.NS
2020-08-17,943.919189453125,950.0800072856482,934.3281075225127,950.0800072856482,30979066,RELIANCE.NS
2020-08-18,956.1957397460938,963.3044077157676,939.8570673079405,941.0531171539242,30547672,RELIANCE.NS
2020-08-19,962.063232421875,972.1959605908819,957.4595415393626,966.3284692913196,34087543,RELIANCE.NS
2020-08-20,946.4917602539062,958.6103827292058,942.4070922309022,956.8501235506358,22537845,RELIANCE.NS
2020-08-21,939.63134765625,957.7528424475055,937.4423204149851,955.9474560788303,25280895,RELIANCE.NS
2020-08-24,945.9050903320312,949.854317250222,934.5086218851164,943.9417586729289,32717218,RELIANCE.NS
2020-08-25,939.7442626953125,952.9235547016002,937.8937489378307,950.5313951315512,19388008,RELIANCE.NS
2020-08-26,964.658447265625,969.4652701628314,923.9020783795879,941.0531605726751,59870421,RELIANCE.NS
2020-08-27,952.6075439453125,970.3905257659359,949.2901575537568,969.4878026998181,28085062,RELIANCE.NS
2020-08-28,955.112548828125,962.6725488024437,950.6442396447251,956.8501848269598,27166900,RELIANCE.NS
2020-08-31,939.1123046875,981.2227244337602,929.9274278526689,981.2227244337602,62076132,RELIANCE.NS
2020-09-01,942.0686645507812,957.9333821236513,930.8527051045198,947.8232778251647,38616258,RELIANCE.NS
2020-09-02,960.5512084960938,964.9743904615849,941.0531538410881,944.2125354209737,26949439,RELIANCE.NS
2020-09-03,953.2846069335938,965.3129161947521,949.177375013291,960.4609660708118,18586429,RELIANCE.NS
2020-09-04,937.55517578125,946.4466666938623,935.2758940537118,940.3986668867657,28475945,RELIANCE.NS
2020-09-07,939.9924926757812,950.4185474757394,922.6608419794579,940.6018292728933,21926473,RELIANCE.NS
2020-09-08,951.0278930664062,957.3015291324416,939.0220876589311,944.2125515075138,27397082,RELIANCE.NS
2020-09-09,975.5133056640625,978.4244877673116,939.4508806683891,941.0531948204808,55310877,RELIANCE.NS
2020-09-10,1044.4110107421875,1058.3801472724467,981.8320607367515,985.3300156152798,140304404,RELIANCE.NS
2020-09-11,1047.0062255859375,1055.175562246342,1032.269926063605,1043.5083899488072,59470807,RELIANCE.NS
2020-09-14,1039.2430419921875,1065.1727948098135,1029.967851123539,1049.3757689779331,44063445,RELIANCE.NS
2020-09-15,1046.60009765625,1049.7143521325797,1032.7437783357252,1043.4858431799203,27178393,RELIANCE.NS
2020-09-16,1049.1727294921875,1069.392939817957,1042.8539659959436,1047.1190836022542,33952295,RELIANCE.NS
2020-09-17,1037.528076171875,1053.3025400234242,1034.4137023752521,1047.1190390154095,25828669,RELIANCE.NS
2020-09-18,1040.664794921875,1046.8707395543606,1027.5080681415218,1044.52376716858,33074915,RELIANCE.NS
2020-09-21,1018.1653442382812,1054.340524274349,1014.3288160609994,1038.092106363457,33627381,RELIANCE.NS
2020-09-22,997.990234375,1027.7112111815643,993.6573068799258,1027.7112111815643,34792254,RELIANCE.NS
2020-09-23,1006.859130859375,1027.5984225615102,995.3499037941469,1020.0384225209982,42988708,RELIANCE.NS
2020-09-24,984.4725341796875,1004.6926843399245,982.1480654339798,996.5234072507043,29826318,RELIANCE.NS
2020-09-25,993.7250366210938,998.7349916951074,978.1988318727759,987.9929866283342,28374935,RELIANCE.NS
2020-09-28,1000.2920532226562,1010.1088306263572,996.1396943292455,1005.1440030800964,19666849,RELIANCE.NS
2020-09-29,1013.2908325195312,1021.8437503790619,1000.2921093414723,1004.2413960622814,25842539,RELIANCE.NS
2020-09-30,1008.4614868164062,1023.1977860425367,1004.2413772750692,1020.0384044786468,24465159,RELIANCE.NS
2020-10-01,1004.3541259765625,1021.7534063617467,999.276480594019,1021.7534063617467,20783227,RELIANCE.NS
2020-10-05,998.4640502929688,1015.1411757807246,995.6657462772324,1012.8167670183199,18922799,RELIANCE.NS
2020-10-06,997.629150390625,1008.2582772733267,993.7024274130506,1004.3541775876134,18412175,RELIANCE.NS
2020-10-07,1018.9100952148438,1042.154304099075,1001.9846493971844,1008.7548038474227,53170865,RELIANCE.NS
2020-10-08,1010.673095703125,1023.6493164926853,1002.9325859432257,1019.5871516008747,21077808,RELIANCE.NS
2020-10-09,1008.0552368164062,1016.8790372265936,1000.6757456073183,1008.7548278164428,18545499,RELIANCE.NS
2020-10-12,1009.6799926757812,1018.1200919736274,1004.8055389601913,1008.7547657275612,14226473,RELIANCE.NS
2020-10-13,1029.3814697265625,1031.660751903399,1004.625136856039,1006.7690374076642,23112012,RELIANCE.NS
2020-10-14,1032.450439453125,1039.8976215416956,1023.8748385588287,1028.5689032035948,26742011,RELIANCE.NS
2020-10-15,995.8914794921875,1033.5787209899615,990.7010157207518,1033.5787209899615,20036197,RELIANCE.NS
2020-10-16,982.0350952148438,1007.6262738234162,980.6133498050216,999.727820862308,21583600,RELIANCE.NS
2020-10-19,982.2158203125,1005.9114231826403,972.715051377231,988.4669529577013,31200385,RELIANCE.NS
2020-10-20,973.0534057617188,989.7982821843228,971.4059645919401,983.4794597665089,18482288,RELIANCE.NS
2020-10-21,958.9264526367188,989.3470825746206,946.8078286470422,978.5148226542062,34082321,RELIANCE.NS
2020-10-22,950.9601440429688,962.4919944695694,943.7612212611413,960.1901490428081,30802210,RELIANCE.NS
2020-10-23,953.71337890625,963.6203515996452,946.198506037611,950.5313739814042,23422125,RELIANCE.NS
2020-10-26,915.8230590820312,948.7034801284107,911.0387994567244,948.7034801284107,37324416,RELIANCE.NS
2020-10-27,918.26025390625,929.7017897460652,904.9455811340416,918.4407627043238,36478896,RELIANCE.NS
2020-10-28,907.8567504882812,928.7314227324945,906.028800472741,921.5550042670169,29924017,RELIANCE.NS
2020-10-29,914.8299560546875,921.6452970796064,898.6267252669395,901.3347749825296,30655304,RELIANCE.NS
2020-10-30,927.287109375,932.0713684328344,912.5281277212341,917.8088456567091,34021563,RELIANCE.NS
2020-11-02,847.3766479492188,914.8751840367496,839.1170566069392,914.8751840367496,99366895,RELIANCE.NS
2020-11-03,835.167724609375,861.6165021715815,828.2621884933044,853.0409611809424,88691623,RELIANCE.NS
2020-11-04,863.5120849609375,870.6433759833506,829.1196689111366,829.1196689111366,80180117,RELIANCE.NS
2020-11-05,882.3783569335938,885.063843200435,871.9974294692396,882.3557933334056,37205373,RELIANCE.NS
2020-11-06,915.8455200195312,920.7425971059893,892.8269476303738,898.1754160907856,66674086,RELIANCE.NS
2020-11-09,925.572021484375,933.831612463532,918.9372485037195,930.7173580690493,35838510,RELIANCE.NS
2020-11-10,940.8499755859375,943.3098257434691,921.2842310899437,937.4423348777667,36934242,RELIANCE.NS
2020-11-11,901.425048828125,945.5665526357731,892.8043809348467,942.858502861752,56724780,RELIANCE.NS
2020-11-12,893.661865234375,906.5026417774758,886.8917113461868,894.1132565805676,40046527,RELIANCE.NS
2020-11-13,901.0640258789062,919.2306494130244,894.4518760870695,894.5646940909385,45388670,RELIANCE.NS
2020-11-14,903.7269287109375,909.5944198559474,900.5901107359409,909.4139110537326,5226220,RELIANCE.NS
2020-11-17,899.6422729492188,941.0531655438715,895.9186819311539,941.0531655438715,46542562,RELIANCE.NS
2020-11-18,896.9116821289062,905.6226647867821,884.6802404612616,899.6422957138947,30402290,RELIANCE.NS
2020-11-19,890.5703125,907.405445431904,888.3361577898231,896.9116993129645,27796343,RELIANCE.NS
2020-11-20,857.3287963867188,895.377116449163,855.297714134409,891.4052660410506,57471248,RELIANCE.NS
2020-11-23,880.4376220703125,889.1485449890283,869.4022304000791,880.5730036765486,45327567,RELIANCE.NS
2020-11-24,886.4630737304688,890.953946718642,871.9974772270936,886.4405101290448,30936268,RELIANCE.NS
2020-11-25,879.1286010742188,899.5068137121415,876.6011198738435,893.6618865906463,32637879,RELIANCE.NS
2020-11-26,881.2951049804688,886.8917730806558,871.1173098416299,881.4982370696008,25838637,RELIANCE.NS
2020-11-27,871.0044555664062,882.8748194602481,867.2131737985623,875.8338420233673,47336811,RELIANCE.NS
2020-12-01,882.3331909179688,887.4559636242224,871.1172913559293,875.7661090949532,19750687,RELIANCE.NS
2020-12-02,883.8001098632812,885.5378055525415,873.3514915114731,883.9580550659119,22188887,RELIANCE.NS
2020-12-03,886.4630737304688,894.1585153494483,884.0257869322113,890.0512832775495,27785372,RELIANCE.NS
2020-12-04,878.65478515625,888.6971991448669,875.6082215278506,888.6971991448669,18464552,RELIANCE.NS
2020-12-07,883.8226318359375,886.8917588790096,875.8789913444388,875.8789913444388,18242188,RELIANCE.NS
2020-12-08,899.867919921875,909.120487964561,880.1216067950427,885.1541251431139,43403061,RELIANCE.NS
2020-12-09,914.8526000976562,917.9443506509773,902.3503953551077,907.1797819467947,29175254,RELIANCE.NS
2020-12-10,905.8482055664062,915.5521050393417,903.1401558672769,912.4378508699459,16065507,RELIANCE.NS
2020-12-11,905.3067016601562,919.8399885896688,891.0667415415232,908.5563377171925,26944202,RELIANCE.NS
2020-12-14,898.76220703125,909.4590851843236,896.5280523361688,906.2770801525107,17312747,RELIANCE.NS
2020-12-15,891.1118774414062,898.0399769590505,885.1315087967429,898.0399769590505,18551265,RELIANCE.NS
2020-12-16,892.1048583984375,900.4096365369544,887.2077809533278,897.2727587493416,18561011,RELIANCE.NS
2020-12-17,896.1895141601562,904.9456238899453,892.3756687000254,895.6930552499342,20252358,RELIANCE.NS
2020-12-18,898.8748779296875,904.9003732935029,886.8916973794171,893.7070380485435,18466344,RELIANCE.NS
2020-12-21,875.4727172851562,912.6183705411303,837.3567098855556,907.2022710782971,44135540,RELIANCE.NS
2020-12-22,874.1187744140625,884.13862467934,852.3413781920493,879.6703154945026,28140001,RELIANCE.NS
2020-12-23,877.3458862304688,880.7760906412614,866.8746448149003,871.0947542977892,19501410,RELIANCE.NS
2020-12-24,900.0484619140625,902.1471750538747,878.2710673327456,878.767526196303,20776988,RELIANCE.NS
2020-12-28,904.1782836914062,910.8130563627905,900.5675108718648,905.7128472166959,17221499,RELIANCE.NS
2020-12-29,898.197998046875,908.2404117114976,894.8128611333499,906.7509753463718,18611939,RELIANCE.NS
2020-12-30,900.65771484375,905.9384324891365,891.6534065904553,900.544896853225,22043630,RELIANCE.NS
2020-12-31,896.0540161132812,908.0597603382951,893.0300164591347,899.7550430883384,18781189,RELIANCE.NS
2021-01-01,897.047119140625,901.3348599535196,894.5647051802756,897.27275515116,10015175,RELIANCE.NS
2021-01-04,898.5590209960938,902.1922975973049,888.2457850636894,900.4772253363753,24513534,RELIANCE.NS
2021-01-05,887.3883056640625,895.286819208082,882.8296824610696,888.6971735420237,24123091,RELIANCE.NS
2021-01-06,863.9861450195312,887.3431733969305,859.8789129484342,887.2980461940915,46401468,RELIANCE.NS
2021-01-07,862.5869750976562,877.8649808483686,859.8789250447446,866.8070252352164,32325918,RELIANCE.NS
2021-01-08,872.7647094726562,874.8860460383853,863.0156822176616,865.678604878862,27540187,RELIANCE.NS
2021-01-11,856.3131713867188,875.0665066757083,854.1692713388484,875.0665066757083,33307825,RELIANCE.NS
2021-01-12,883.3036499023438,884.6350813991116,857.5092762592445,858.9084582491231,41161546,RELIANCE.NS
2021-01-13,875.0665893554688,891.3826993524976,865.8817711258671,886.2373626282811,26619458,RELIANCE.NS
2021-01-14,884.9058837890625,887.7493749036234,875.1794202704835,877.8649064942006,21553242,RELIANCE.NS
2021-01-15,874.457275390625,890.8636390967538,866.6038890308039,884.9058936036437,20593268,RELIANCE.NS
2021-01-18,895.44482421875,901.3348792931557,868.0933816341949,879.7154868801754,35100458,RELIANCE.NS
2021-01-19,910.0908813476562,916.6804669801634,900.2741041573885,900.2741041573885,32006615,RELIANCE.NS
2021-01-20,927.3773803710938,928.8668167227358,903.3207030552749,912.3476352561834,30924537,RELIANCE.NS
2021-01-21,947.552490234375,956.8501859101181,936.539722158253,939.6991037539394,39087742,RELIANCE.NS
2021-01-22,925.0755615234375,954.7514714069698,918.5536065523528,952.7880800202875,30532660,RELIANCE.NS
2021-01-25,876.0594482421875,918.4632537345398,871.9973439937894,918.4632537345398,54207104,RELIANCE.NS
2021-01-27,855.2977294921875,868.8380990078514,852.1383477435087,868.8380990078514,42370131,RELIANCE.NS
2021-01-28,846.970458984375,868.0708291399083,844.0141496085763,848.5952770841457,34067814,RELIANCE.NS
2021-01-29,831.3538818359375,863.4670185270817,825.9602859922227,854.9817319108826,43712383,RELIANCE.NS
2021-02-01,855.4331665039062,859.8111617886597,834.0845374375884,839.2298742462161,34180952,RELIANCE.NS
2021-02-02,869.1991577148438,875.6082351731134,837.2214015345261,863.9861301874793,41470034,RELIANCE.NS
2021-02-03,871.3881225585938,881.024271808645,857.5543678212887,870.3274543100903,30301696,RELIANCE.NS
2021-02-04,868.5220336914062,875.6081377765653,859.8110520523379,868.3865924082124,25626981,RELIANCE.NS
2021-02-05,868.2738647460938,877.7070019033696,866.5813559125976,871.1173559922115,20248046,RELIANCE.NS
2021-02-08,880.7760620117188,888.6971388465231,870.6659579070334,872.4712846072483,21183400,RELIANCE.NS
2021-02-09,882.8974609375,897.9949582317895,881.1598247943388,885.5153163375164,19604141,RELIANCE.NS
2021-02-10,891.0892944335938,895.8058629486737,869.8761074541144,881.8142219915239,21234156,RELIANCE.NS
2021-02-11,927.8287353515625,931.6652040177879,890.1640575276463,893.6619528050209,42539278,RELIANCE.NS
2021-02-12,921.46484375,937.8937722721672,909.6396062888572,927.7385398005773,30497029,RELIANCE.NS
2021-02-15,917.4027709960938,930.3563680750268,913.9725661817749,924.3760583294887,15791099,RELIANCE.NS
2021-02-16,929.5438842773438,938.5256299749142,918.4859291608079,920.6298293819443,21421660,RELIANCE.NS
2021-02-17,940.2632446289062,945.9952940995148,925.5268269442237,929.7694401272191,23742994,RELIANCE.NS
2021-02-18,933.2448120117188,951.6145059493895,929.3632164892342,941.0530705612548,18646877,RELIANCE.NS
2021-02-19,938.9318237304688,950.0574695218014,926.745509641073,928.4155145358285,23403483,RELIANCE.NS
2021-02-22,906.3446655273438,943.2646823971752,900.4095436576987,938.7963735267837,23804335,RELIANCE.NS
2021-02-23,913.27294921875,926.5650596508531,908.8272033401173,924.3534685124855,25644108,RELIANCE.NS
2021-02-24,930.2208862304688,932.1390906998175,914.4914901976813,916.2291858661802,10807663,RELIANCE.NS
2021-02-25,967.8403930664062,971.2931609562635,935.6369439506498,936.9909986645049,34855693,RELIANCE.NS
2021-02-26,941.4141845703125,963.123829134179,934.5988434646592,955.4961387654923,37481215,RELIANCE.NS
2021-03-01,948.5905151367188,953.2393924295695,930.8977886745398,952.4269238065036,17680764,RELIANCE.NS
2021-03-02,950.5313720703125,961.3636314461147,942.9036812135959,957.7529181155573,17150760,RELIANCE.NS
2021-03-03,993.905517578125,1001.9394719927689,951.0729423807295,957.3240740262065,31924461,RELIANCE.NS
2021-03-04,982.0578002929688,988.421750465709,973.8659000002634,983.9308776144062,21435754,RELIANCE.NS
2021-03-05,983.3440551757812,998.3512962856287,971.7670781260525,973.0985692708165,25511666,RELIANCE.NS
2021-03-08,988.94091796875,1007.355742669139,978.5148621514529,978.740498178278,19506841,RELIANCE.NS
2021-03-09,988.9181518554688,999.1862609710787,968.8559482883367,992.9576927650287,15154484,RELIANCE.NS
2021-03-10,984.8109741210938,999.7730887336929,979.5302558776189,996.1171885060364,11519358,RELIANCE.NS
2021-03-12,964.7938842773438,995.8463528292266,958.6104430105866,990.7010162557301,16864952,RELIANCE.NS
2021-03-15,951.84033203125,969.8940783739292,939.0221172112458,965.8997240046931,16698099,RELIANCE.NS
2021-03-16,948.0940551757812,959.558213666829,945.7922099765842,954.142054646313,13873801,RELIANCE.NS
2021-03-17,927.6708374023438,949.1774117375747,918.5310865076837,946.9432570402209,19210236,RELIANCE.NS
2021-03-18,906.796142578125,940.9629260845496,903.1402423037733,935.5918936777657,20647480,RELIANCE.NS
2021-03-19,939.6990966796875,945.9502287147974,894.9257507304794,898.6267780925764,41787429,RELIANCE.NS
2021-03-22,930.8527221679688,936.088313055874,917.6734905482226,934.7343179799378,18572478,RELIANCE.NS
2021-03-23,942.1814575195312,952.2013071535108,927.9641218620927,930.6496079854647,17421165,RELIANCE.NS
2021-03-24,924.0374755859375,938.6835805295864,920.9232211318065,938.6835805295864,16822814,RELIANCE.NS
2021-03-25,898.829833984375,927.0614339788925,895.9186520687285,927.0614339788925,22001648,RELIANCE.NS
2021-03-26,900.274169921875,908.8722746334809,890.818529006779,908.1049928320286,20180202,RELIANCE.NS
2021-03-30,915.9132690429688,924.7596332154852,898.8750045089173,906.2996230548414,20441701,RELIANCE.NS
2021-03-31,904.0879516601562,925.2108826971944,902.2374380883726,910.8130382876154,16250796,RELIANCE.NS
2021-04-01,912.55078125,916.2292452262719,904.1106213459858,910.813145160988,11723312,RELIANCE.NS
2021-04-05,899.3489379882812,913.9724790288182,885.582933146535,913.9499154284324,14875099,RELIANCE.NS
2021-04-06,895.602783203125,904.9230424620014,888.6971873373794,904.4942743627021,14009194,RELIANCE.NS
2021-04-07,903.9751586914062,923.8569132620463,899.6648545655975,902.6888544411458,24266353,RELIANCE.NS
2021-04-08,905.1035766601562,912.6184496390974,899.5294718287386,907.6536814191865,15369188,RELIANCE.NS
2021-04-09,894.5872192382812,905.5548598128081,893.661932570132,901.9892738152234,14037885,RELIANCE.NS
2021-04-12,862.5869750976562,885.2670360594527,857.6673339221142,884.1838040998745,20901482,RELIANCE.NS
2021-04-13,871.9071655273438,875.8790157297038,865.6109063786529,868.3866470158723,19411189,RELIANCE.NS
2021-04-15,877.5489501953125,885.0863863250735,863.421868505896,869.4247410901053,19723716,RELIANCE.NS
2021-04-16,872.0425415039062,880.0764962565872,869.492436882543,874.0736236379038,15656948,RELIANCE.NS
2021-04-19,858.3217163085938,864.9564895083129,853.0409979470431,859.3598210383852,18478808,RELIANCE.NS
2021-04-20,858.073486328125,866.129945192319,853.244099852856,862.2935362093694,17203668,RELIANCE.NS
2021-04-22,860.4429321289062,864.076268326873,847.0380060050811,854.0564191309984,14490954,RELIANCE.NS
2021-04-23,859.517822265625,866.0848449417196,855.4557174605446,860.262540485022,11828857,RELIANCE.NS
2021-04-26,874.6378173828125,885.5378273951245,862.7448895453444,866.5813583165724,20846778,RELIANCE.NS
2021-04-27,897.566162109375,901.4251348981196,874.8184105130574,875.6082559520604,19992524,RELIANCE.NS
2021-04-28,901.4701538085938,906.2995399608012,893.729645559396,901.7184130880825,17122437,RELIANCE.NS
2021-04-29,913.5436401367188,922.7736442808828,905.9836407520165,913.0245579839406,17412606,RELIANCE.NS
2021-04-30,900.2064819335938,918.9372550182458,897.0696639164535,906.5253048610995,19828769,RELIANCE.NS
2021-05-03,884.2064208984375,893.2107311428475,877.0074973619427,887.3432392651409,23640186,RELIANCE.NS
2021-05-04,865.0466918945312,888.1555786981006,862.5192105636345,880.1216239409943,21849830,RELIANCE.NS
2021-05-05,866.6264038085938,874.9311213941457,861.1876811156937,868.0932764991574,12393609,RELIANCE.NS
2021-05-06,871.5460205078125,873.3514068231331,860.533193830387,867.4162254267926,14624666,RELIANCE.NS
2021-05-07,871.8845825195312,882.6717141211767,869.289350739611,874.5926322966467,12288548,RELIANCE.NS
2021-05-10,869.379638671875,878.677334300937,867.010102487007,875.1568754240988,13941237,RELIANCE.NS
2021-05-11,872.5165405273438,874.9537675806936,862.0678622246373,864.324640162575,13478264,RELIANCE.NS
2021-05-12,863.4895629882812,872.4036175039552,860.7138223730607,871.1398768410697,13177961,RELIANCE.NS
2021-05-14,874.3895263671875,876.5108030934095,860.2624453618109,870.2145443263449,13291616,RELIANCE.NS
2021-05-17,884.7931518554688,886.1922742569557,871.2753456385512,874.3896599460207,11873078,RELIANCE.NS
2021-05-18,897.2501831054688,903.8623926091062,890.2768962963072,894.1133650520243,12064918,RELIANCE.NS
2021-05-19,901.357421875,910.1135316770341,890.0512670062741,893.661980396703,16317002,RELIANCE.NS
2021-05-20,896.0993041992188,907.6085916449601,894.1134087677735,901.7411000663334,11422532,RELIANCE.NS
2021-05-21,903.8397827148438,907.0217278069957,896.3700373777015,899.0780871843959,10785605,RELIANCE.NS
2021-05-24,896.2119750976562,907.1119838096187,894.5645936578591,906.2995151967815,8551760,RELIANCE.NS
2021-05-25,886.0568237304688,901.3348284850034,884.6350781454706,901.0640055897504,14780102,RELIANCE.NS
2021-05-26,889.1710205078125,893.4362569865272,887.0271801611135,891.4051749417887,7480204,RELIANCE.NS
2021-05-27,891.9016723632812,899.5293624195406,885.6505408776364,889.2838771196103,26819294,RELIANCE.NS
2021-05-28,945.4763793945312,950.0800703747383,898.1754900723914,898.1754900723914,56469931,RELIANCE.NS
2021-05-31,975.0393676757812,989.2115769657272,941.0757172389948,948.7259715836556,59124142,RELIANCE.NS
2021-06-01,978.9209594726562,993.860450495012,968.8107952002592,977.6120318921522,28013832,RELIANCE.NS
2021-06-02,993.52197265625,997.2455637461187,973.5499623771119,973.5499623771119,24630162,RELIANCE.NS
2021-06-03,997.313232421875,1015.5249829566307,991.197541606595,1002.4359457378657,23974257,RELIANCE.NS
2021-06-04,988.669921875,1000.3822800699458,985.8489944972179,999.637561927722,14468646,RELIANCE.NS
2021-06-07,1005.324462890625,1011.9141080373831,986.1874872775942,993.8603642166437,16336573,RELIANCE.NS
2021-06-08,999.54736328125,1005.2117222594065,992.1227450436447,1004.9635226595291,9674735,RELIANCE.NS
2021-06-09,981.6741333007812,1002.4359284900111,973.9786921208427,1001.5332651004173,11409161,RELIANCE.NS
2021-06-10,985.284912109375,1006.4980988117626,982.8250618353879,989.9788572705107,14155653,RELIANCE.NS
2021-06-11,1002.375244140625,1009.1011338517071,987.4063134106076,988.6745196444147,13762778,RELIANCE.NS
2021-06-14,1016.7554931640625,1022.8019357932958,994.1775030221097,1003.213263471595,20332436,RELIANCE.NS
2021-06-15,1019.0651245117188,1030.3427658574828,1014.671807713522,1024.0472598107647,15174215,RELIANCE.NS
2021-06-16,1001.6732177734375,1017.7291568032897,999.0689384128791,1016.7554197633551,10797349,RELIANCE.NS
2021-06-17,1003.5075073242188,1012.2714997953356,987.315715260484,996.4193416411849,15745975,RELIANCE.NS
2021-06-18,1008.0366821289062,1012.2715036865906,989.3311797612216,1007.9687553467284,29369026,RELIANCE.NS
2021-06-21,1013.2905883789062,1017.9329709190221,996.4873942658087,998.0046654296643,12186448,RELIANCE.NS
2021-06-22,1008.0820922851562,1024.047523693767,1005.1834033496904,1020.877007795391,12871913,RELIANCE.NS
2021-06-23,998.842529296875,1019.3370107371757,997.1893446925246,1019.0653035968686,16653951,RELIANCE.NS
2021-06-24,975.3587036132812,1003.0319792586279,969.2443347205035,999.5218896905816,91461975,RELIANCE.NS
2021-06-25,953.1431274414062,975.3587813357442,942.5675134722279,975.3587813357442,55355022,RELIANCE.NS
2021-06-28,944.786865234375,963.1300342569507,942.5222794241889,961.091930987851,20277042,RELIANCE.NS
2021-06-29,945.60205078125,955.2039275943256,943.9262837366043,946.3720075153033,27144063,RELIANCE.NS
2021-06-30,955.951171875,961.3861531398231,947.0739679222726,949.4291224770184,19762858,RELIANCE.NS
2021-07-01,950.1991577148438,961.6126545352091,948.863024683412,959.280142195751,12534407,RELIANCE.NS
2021-07-02,964.284912109375,966.0286658416347,947.9345627995748,949.7688855828178,14086620,RELIANCE.NS
2021-07-05,973.8641357421875,975.3814069298204,965.3945518663345,967.6364952540457,11702287,RELIANCE.NS
2021-07-06,962.3599243164062,973.2752309763289,960.2765368506975,971.486252797126,10070124,RELIANCE.NS
2021-07-07,955.6795043945312,963.6961834604583,950.2218803000953,963.6961834604583,10454892,RELIANCE.NS
2021-07-08,947.7760620117188,958.8046409163389,942.522218479792,958.8046409163389,11185460,RELIANCE.NS
2021-07-09,938.0835571289062,947.3683817256788,935.7736870853545,945.6925548959384,9037675,RELIANCE.NS
2021-07-12,943.92626953125,951.8070347554016,939.5782363454429,941.9560333000883,8585292,RELIANCE.NS
2021-07-13,950.9917602539062,952.5090313833667,945.7152147930674,951.1276138236502,6717133,RELIANCE.NS
2021-07-14,944.786865234375,954.230186864848,942.6354907446473,951.286213331572,8532544,RELIANCE.NS
2021-07-15,943.1336669921875,948.8630578642602,941.3899132919198,948.8630578642602,9448356,RELIANCE.NS
2021-07-16,956.7438354492188,957.808201493028,945.5114761829108,945.5794029707818,8828185,RELIANCE.NS
2021-07-19,950.6521606445312,961.9977318474611,947.6176180848694,951.1277080859279,8354449,RELIANCE.NS
2021-07-20,948.3194580078125,954.7509382666392,943.8809159970199,950.9010950356152,6741464,RELIANCE.NS
2021-07-22,960.5029296875,961.9522739144625,950.2896532195613,959.7329730544459,7972397,RELIANCE.NS
2021-07-23,953.709228515625,966.7306251488294,952.0560439551456,966.7306251488294,9937030,RELIANCE.NS
2021-07-26,940.642578125,960.6388700312618,938.0382987131833,954.750983452507,12389668,RELIANCE.NS
2021-07-27,930.746337890625,943.7450933231961,924.8584510240973,940.6199818363403,10824523,RELIANCE.NS
2021-07-28,922.7523193359375,932.1050710097164,913.1957274047861,932.1050710097164,12897848,RELIANCE.NS
2021-07-29,929.95361328125,939.5328466147575,925.4923692829198,930.2933070796137,13765738,RELIANCE.NS
2021-07-30,921.8238525390625,936.6115854453042,919.9215431668897,932.1050565925411,11350608,RELIANCE.NS
2021-08-02,938.6724243164062,941.7975357253354,924.4734496016514,930.4293230086479,10925104,RELIANCE.NS
2021-08-03,945.579345703125,947.0513322851771,934.9131634487219,946.5984271599676,11817299,RELIANCE.NS
2021-08-04,952.8261108398438,957.468493410625,945.239695070289,948.5912889902256,13169800,RELIANCE.NS
2021-08-05,966.64013671875,975.9475444073931,953.0525626247831,957.6043762856963,21252078,RELIANCE.NS
2021-08-06,946.1681518554688,972.392083052254,941.5030673967123,964.6924564242829,16620987,RELIANCE.NS
2021-08-09,940.7784423828125,946.5078930939915,935.9548618556917,942.522196064497,7494143,RELIANCE.NS
2021-08-10,945.7152709960938,957.0156171230963,939.2385654839516,942.9751378756041,11919198,RELIANCE.NS
2021-08-11,958.9630737304688,960.1859355324891,943.6091647712293,949.7461759426325,9184963,RELIANCE.NS
2021-08-12,955.88330078125,962.9941092821113,953.3922326146494,962.4052906590396,8137612,RELIANCE.NS
2021-08-13,971.8033447265625,973.7282964676544,955.1812882059611,958.9631450993386,12780901,RELIANCE.NS
2021-08-16,984.4171142578125,997.7782056289792,963.8772875225334,973.4791642916643,21935444,RELIANCE.NS
2021-08-17,980.2276611328125,989.7162669243918,972.7998007947025,982.3111087496648,12658169,RELIANCE.NS
2021-08-18,984.0321655273438,990.4409443539315,974.9511803260805,984.6436264377176,10075860,RELIANCE.NS
2021-08-20,972.98095703125,983.7377088016336,967.8856094241049,970.6031001945055,9426282,RELIANCE.NS
2021-08-23,979.3670654296875,984.6435509846982,965.7568499022403,984.6435509846982,9854395,RELIANCE.NS
2021-08-24,989.0368041992188,992.7960183818575,976.309757502392,980.5898634682652,11864472,RELIANCE.NS
2021-08-25,997.5969848632812,1005.4778098902966,987.4063495975512,989.8068486851395,13380559,RELIANCE.NS
2021-08-26,1010.2107543945312,1016.7554463089577,998.6839861429403,1000.0427614622415,18589616,RELIANCE.NS
2021-08-27,1008.8292846679688,1015.7816567389563,1003.6887127626729,1013.1773175448565,10480636,RELIANCE.NS
2021-08-30,1028.23681640625,1030.7732288164937,1013.0867479284576,1019.0652631807153,14027062,RELIANCE.NS
2021-08-31,1022.7565307617188,1034.351165067264,1015.5550939662595,1031.2486961976206,26485463,RELIANCE.NS
2021-09-01,1026.810302734375,1038.4956282529236,1024.9533974079704,1029.4825691995866,11145486,RELIANCE.NS
2021-09-02,1039.1748046875,1045.2438888621152,1021.32982832915,1021.32982832915,9956770,RELIANCE.NS
2021-09-03,1081.79443359375,1084.7384068201698,1042.8435137983438,1046.2403322593964,30664428,RELIANCE.NS
2021-09-06,1098.5977783203125,1123.2365131929273,1092.4380047519112,1092.8909697996994,33641710,RELIANCE.NS
2021-09-07,1105.52734375,1113.272195169168,1092.4379602260194,1100.5904921516135,17349882,RELIANCE.NS
2021-09-08,1101.2020263671875,1111.4606486919852,1090.0149514607642,1110.554838373318,14301651,RELIANCE.NS
2021-09-09,1098.5977783203125,1104.145971203985,1094.2950296674799,1099.6394421897962,8963249,RELIANCE.NS
2021-09-13,1074.1175537109375,1101.949327153265,1072.5323557228828,1101.949327153265,16311160,RELIANCE.NS
2021-09-14,1072.71337890625,1084.2853708994928,1071.6036685532943,1075.6799942004575,8908356,RELIANCE.NS
2021-09-15,1077.1746826171875,1085.0780298856923,1072.7360805602518,1072.7360805602518,9071075,RELIANCE.NS
2021-09-16,1099.7752685546875,1103.6476943262978,1072.0567074838173,1078.6466838742622,13448882,RELIANCE.NS
2021-09-17,1082.7227783203125,1112.2983612101125,1075.9516645338,1107.8371172912175,34882133,RELIANCE.NS
2021-09-20,1084.4439697265625,1095.3139316833478,1073.415392150155,1074.3664868663025,11779819,RELIANCE.NS
2021-09-21,1089.1318359375,1094.5215333838828,1079.7563812162018,1089.2676895218028,9915736,RELIANCE.NS
2021-09-22,1100.8170166015625,1106.025455452025,1086.210362198153,1090.6263219107966,10995912,RELIANCE.NS
2021-09-23,1127.72021484375,1130.9358947742098,1107.6106545484265,1108.4711801776828,15748397,RELIANCE.NS
2021-09-24,1124.459228515625,1134.7631343059459,1119.613065939266,1133.9026086017536,15192163,RELIANCE.NS
2021-09-27,1143.3685302734375,1145.8370159244848,1121.1077134942575,1126.4068411721403,15373834,RELIANCE.NS
2021-09-28,1154.0574951171875,1161.689135216267,1138.092065214608,1147.6939414575027,18035258,RELIANCE.NS
2021-09-29,1144.90869140625,1163.9991145771864,1141.3758992926414,1163.9991145771864,9719875,RELIANCE.NS
2021-09-30,1141.0133056640625,1147.965677369511,1132.4532137255203,1143.6176447212324,13590654,RELIANCE.NS
2021-10-01,1143.02880859375,1150.3208140813133,1130.0301151683525,1133.1778684079156,8958928,RELIANCE.NS
2021-10-04,1157.72607421875,1166.1955973057436,1149.075293250508,1156.2993722307872,10918552,RELIANCE.NS
2021-10-05,1181.75341796875,1183.0216242133338,1153.7403880823629,1157.2505376163047,13533634,RELIANCE.NS
2021-10-06,1159.40185546875,1186.6221652780882,1155.438860897584,1186.6221652780882,10258881,RELIANCE.NS
2021-10-07,1165.0860595703125,1177.0204479976474,1162.9573276219362,1175.3219190109808,6336665,RELIANCE.NS
2021-10-08,1209.8570556640625,1215.8129290316733,1169.207605953432,1170.906015220909,15772493,RELIANCE.NS
2021-10-11,1201.4324951171875,1231.9365290333708,1198.1262461853553,1223.5122910944801,14768666,RELIANCE.NS
2021-10-12,1208.29443359375,1215.1788796176056,1196.2694750157295,1197.9680041586355,6682011,RELIANCE.NS
2021-10-13,1220.5911865234375,1231.7103344750674,1208.9737889938256,1213.3671067441883,9959762,RELIANCE.NS
2021-10-14,1223.0595703125,1230.7818997818822,1217.0810544912147,1223.0369280495506,8623469,RELIANCE.NS
2021-10-18,1226.3204345703125,1243.2594798164876,1205.8031936198447,1208.6565974394791,13594479,RELIANCE.NS
2021-10-19,1237.3037109375,1246.1356302424738,1226.5016753447112,1233.6577079515857,8833409,RELIANCE.NS
2021-10-20,1223.0595703125,1242.2406818392346,1219.0286485058555,1242.2406818392346,12710570,RELIANCE.NS
2021-10-21,1187.7772216796875,1235.5600608138357,1179.0358711096487,1235.2883536749923,20831669,RELIANCE.NS
2021-10-22,1189.99658203125,1206.9810344630644,1182.7951444896785,1186.6449281501523,11027475,RELIANCE.NS
2021-10-25,1178.4017333984375,1213.819979870448,1163.9989792562783,1213.819979870448,17198417,RELIANCE.NS
2021-10-26,1205.2373046875,1208.792739180254,1179.013369646043,1185.3316395816128,9750178,RELIANCE.NS
2021-10-27,1189.99658203125,1212.3707315877277,1186.6222858874532,1201.138372284091,9896298,RELIANCE.NS
2021-10-28,1176.9525146484375,1194.7748510901267,1173.283988789091,1186.6449607541927,9886181,RELIANCE.NS
2021-10-29,1148.713134765625,1175.8428779756357,1133.0648156155328,1175.8428779756357,14233025,RELIANCE.NS
2021-11-01,1149.4151611328125,1157.6582624374937,1129.6225892164332,1148.7131311991511,15481114,RELIANCE.NS
2021-11-02,1132.656982421875,1154.0347494893902,1130.1433322293192,1152.6759743257276,10569130,RELIANCE.NS
2021-11-03,1124.8670654296875,1141.353269066621,1114.6310849978502,1135.034999269857,11989430,RELIANCE.NS
2021-11-04,1131.77392578125,1134.514118637374,1127.7656464746356,1129.1016597099565,1705656,RELIANCE.NS
2021-11-08,1133.1778564453125,1141.3530297583548,1112.5474040608012,1141.0812028496898,20337183,RELIANCE.NS
2021-11-09,1142.1231689453125,1145.38413396809,1126.4295651226153,1134.5594552172417,15682497,RELIANCE.NS
2021-11-10,1154.8953857421875,1158.56403111527,1133.9479393972968,1139.8585280650227,10253470,RELIANCE.NS
2021-11-11,1157.00146484375,1164.2254244154967,1148.3959679290283,1150.4341308509872,10722478,RELIANCE.NS
2021-11-12,1174.4615478515625,1177.0206028987552,1158.111197547698,1160.783463915503,8712341,RELIANCE.NS
2021-11-15,1167.53173828125,1178.5829582987624,1163.9989466772256,1177.5864592461573,4803269,RELIANCE.NS
2021-11-16,1140.4019775390625,1166.2635115241296,1130.030145313062,1164.9273785910239,11337581,RELIANCE.NS
2021-11-17,1115.9898681640625,1131.819326460902,1114.631092727357,1131.819326460902,10202029,RELIANCE.NS
2021-11-18,1120.2017822265625,1127.3126501781812,1109.6714536653499,1114.177982402732,8505625,RELIANCE.NS
2021-11-22,1070.5848388671875,1109.1961291306902,1064.8101030658254,1103.353466536403,24124307,RELIANCE.NS
2021-11-23,1080.59423828125,1087.5692534410966,1045.7875684738456,1056.6801744196864,25326999,RELIANCE.NS
2021-11-24,1064.9912109375,1091.4868494573443,1061.4357769402945,1077.9446209027212,16820296,RELIANCE.NS
2021-11-25,1129.1016845703125,1133.2006528139436,1067.5954770563671,1074.7742721480843,42401936,RELIANCE.NS
2021-11-26,1092.7098388671875,1122.149452357917,1087.6824179851199,1117.7108501017365,15763138,RELIANCE.NS
2021-11-29,1105.799072265625,1132.2948314861248,1086.5953193762673,1104.7121238946838,24325354,RELIANCE.NS
2021-11-30,1089.44873046875,1121.3794713466475,1081.9529437331894,1117.8013949441001,32172299,RELIANCE.NS
2021-12-01,1117.3486328125,1120.519028933976,1098.3713010103995,1101.9493776790864,10104610,RELIANCE.NS
2021-12-02,1124.52734375,1130.5737867535804,1114.9028239659328,1118.5714698041102,12720411,RELIANCE.NS
2021-12-03,1090.7393798828125,1131.6152444047298,1087.002808328186,1131.5699598889346,19222481,RELIANCE.NS
2021-12-06,1070.0638427734375,1098.3259382907745,1067.595476803198,1094.2497321105475,10332254,RELIANCE.NS
2021-12-07,1078.782470703125,1088.814549469748,1068.8862454989733,1076.2008936152106,11235122,RELIANCE.NS
2021-12-08,1095.2008056640625,1101.405743762558,1089.8563933091182,1097.9183562650253,8744178,RELIANCE.NS
2021-12-09,1112.570068359375,1120.9263799101873,1098.3258109417873,1102.8549816392585,13213547,RELIANCE.NS
2021-12-10,1113.7025146484375,1116.8955527047663,1100.7489847314073,1105.2328712872275,8364414,RELIANCE.NS
2021-12-13,1091.3736572265625,1120.5642045309762,1088.8146024741634,1120.2924973928066,12901733,RELIANCE.NS
2021-12-14,1078.0126953125,1089.7206627192115,1074.9555104415622,1077.9447685198427,12991523,RELIANCE.NS
2021-12-15,1074.864990234375,1089.267747138745,1069.3846036415657,1079.7564383300423,9366969,RELIANCE.NS
2021-12-16,1088.7694091796875,1094.0232528934675,1072.8040976676455,1089.5846504628314,9761279,RELIANCE.NS
2021-12-17,1060.0318603515625,1090.6264710688479,1050.7696168986836,1086.1199416955528,21049821,RELIANCE.NS
2021-12-20,1031.45263671875,1049.7957435304404,1017.7517924627566,1049.7957435304404,14325846,RELIANCE.NS
2021-12-21,1046.8065185546875,1062.5454064146618,1038.1784989493156,1046.8518030785813,12836561,RELIANCE.NS
2021-12-22,1071.6490478515625,1074.276029474332,1051.6754577350616,1052.988828746117,17658543,RELIANCE.NS
2021-12-23,1071.2640380859375,1077.944583084397,1068.0030733980013,1075.2270326442374,9072401,RELIANCE.NS
2021-12-24,1074.6837158203125,1083.3796623765666,1058.718285237532,1073.4155095265614,7886494,RELIANCE.NS
2021-12-27,1073.528564453125,1077.038713611814,1063.4964862774043,1069.5882123719496,4017223,RELIANCE.NS
2021-12-28,1086.2781982421875,1089.1995288788441,1074.7967758285763,1075.9516508475376,6374613,RELIANCE.NS
2021-12-29,1088.13525390625,1095.60839765478,1078.8956544896844,1082.9266955421135,15425312,RELIANCE.NS
2021-12-30,1068.4786376953125,1089.2449463146104,1062.3642685656102,1087.0030029803643,29333171,RELIANCE.NS
2021-12-31,1072.5775146484375,1079.710904759357,1068.8862272626782,1074.7741732718725,9477290,RELIANCE.NS
2022-01-03,1088.7467041015625,1090.603728995159,1070.4941656370397,1071.1509110384136,5421611,RELIANCE.NS
2022-01-04,1113.3173828125,1114.6308734629547,1088.8145046450295,1094.2043208037267,10847728,RELIANCE.NS
2022-01-05,1118.5260009765625,1121.8776545605729,1101.9265882823174,1115.0838981501056,11643813,RELIANCE.NS
2022-01-06,1094.4761962890625,1111.4606489189575,1091.0792578429503,1110.1924425923644,14447422,RELIANCE.NS
2022-01-07,1103.30810546875,1113.2949007403674,1092.2342419850618,1101.020877531252,13112115,RELIANCE.NS
2022-01-10,1104.2137451171875,1112.8192412314568,1094.2722359075522,1110.5546559066986,9246731,RELIANCE.NS
2022-01-11,1112.16259765625,1120.9491128479206,1102.8550708538112,1103.3080358803265,16205164,RELIANCE.NS
2022-01-12,1141.8511962890625,1143.595009691511,1116.4425076278837,1119.2959115588758,14800442,RELIANCE.NS
2022-01-13,1148.2828369140625,1150.8645340891296,1136.0993826537385,1141.9194026287705,11856712,RELIANCE.NS
2022-01-14,1149.9586181640625,1162.7761757448827,1144.0027445379585,1148.1469975068374,19930176,RELIANCE.NS
2022-01-17,1155.9595947265625,1161.734329339856,1149.0526273304495,1149.5055923237667,8036453,RELIANCE.NS
2022-01-18,1142.168212890625,1160.533959238436,1139.4280204859526,1157.091856839492,6215029,RELIANCE.NS
2022-01-19,1142.077880859375,1151.3173615953267,1136.3710722869748,1145.882379974198,9755485,RELIANCE.NS
2022-01-20,1122.08154296875,1136.8014098425185,1111.913489734347,1132.3175229917704,16494486,RELIANCE.NS
2022-01-21,1122.262451171875,1133.3136701947521,1110.554606660208,1110.554606660208,13338594,RELIANCE.NS
2022-01-24,1076.99365234375,1134.4463001586594,1066.6671028591084,1120.9718770080574,21868937,RELIANCE.NS
2022-01-25,1074.887451171875,1081.8623458947789,1043.9757327083191,1064.1532222498897,24510205,RELIANCE.NS
2022-01-27,1058.9674072265625,1067.119939925388,1046.7160258148951,1058.0163123551283,20020431,RELIANCE.NS
2022-01-28,1057.9482421875,1076.087568078922,1054.5740661673967,1071.1508364816766,14667727,RELIANCE.NS
2022-01-31,1080.933837890625,1089.9016105598887,1067.1650674426833,1068.9768076649402,12143683,RELIANCE.NS
2022-02-01,1077.3558349609375,1096.333045361315,1063.0436492942567,1090.6263567842825,13200509,RELIANCE.NS
2022-02-02,1079.552490234375,1090.1733881906252,1075.725349000261,1090.1733881906252,10017691,RELIANCE.NS
2022-02-03,1065.6026611328125,1087.659819731054,1063.0890104902376,1083.3797131393435,9572839,RELIANCE.NS
2022-02-04,1055.8875732421875,1063.6551874088461,1051.2678326966015,1060.2808911532845,11061241,RELIANCE.NS
2022-02-07,1049.4561767578125,1067.4370085401163,1043.9757907846413,1060.7338205814565,10714467,RELIANCE.NS
2022-02-08,1067.09716796875,1068.8862659765236,1046.240291320876,1055.5931024543218,12060849,RELIANCE.NS
2022-02-09,1079.52978515625,1081.2055520274612,1067.9804353407576,1073.936188431649,11486225,RELIANCE.NS
2022-02-10,1078.420166015625,1085.055306543387,1071.19608713209,1085.055306543387,12464491,RELIANCE.NS
2022-02-11,1076.314208984375,1079.982854527415,1061.6849113374171,1074.887506839841,15943370,RELIANCE.NS
2022-02-14,1059.1712646484375,1066.599124811997,1047.5991516117767,1059.9412213800138,10719633,RELIANCE.NS
2022-02-15,1095.1328125,1097.8277206759533,1057.8803043046898,1064.9004831978962,11212671,RELIANCE.NS
2022-02-16,1092.8681640625,1101.949147519633,1085.1685980041375,1100.5903723798485,10392840,RELIANCE.NS
2022-02-17,1106.704833984375,1111.8681080705421,1091.5321231787168,1096.1065786813085,12853252,RELIANCE.NS
2022-02-18,1098.05419921875,1112.5475227496659,1096.1292475949579,1107.112541400613,6775458,RELIANCE.NS
2022-02-21,1086.9576416015625,1103.987376793005,1080.028031731223,1092.4379072087868,11107193,RELIANCE.NS
2022-02-22,1082.0208740234375,1085.146105195485,1063.066305633856,1065.6705251768456,13494914,RELIANCE.NS
2022-02-23,1075.2496337890625,1089.9694984432015,1072.5095609936732,1087.501132761311,7310110,RELIANCE.NS
2022-02-24,1021.6695556640625,1059.7827129241718,1016.0760782454672,1043.975778151862,24846650,RELIANCE.NS
2022-02-25,1034.44189453125,1045.3118571320392,1030.9543872983322,1032.698081014629,14570089,RELIANCE.NS
2022-02-28,1068.682373046875,1072.2151647642706,1015.8948766365417,1015.8948766365417,21297446,RELIANCE.NS
2022-03-02,1086.346435546875,1087.4561461649769,1054.936581459969,1057.3143787554548,21471786,RELIANCE.NS
2022-03-03,1077.1746826171875,1093.7288113845136,1073.4381104672327,1087.002981514595,10186748,RELIANCE.NS
2022-03-04,1053.2833251953125,1070.833834303542,1050.928170459011,1065.7158442994964,10805667,RELIANCE.NS
2022-03-07,1014.3323974609375,1047.1915918601796,1006.3836454479082,1032.0640445664155,17983310,RELIANCE.NS
2022-03-08,1012.498046875,1017.253760796074,987.3611211647836,1001.6280233273343,21289374,RELIANCE.NS
2022-03-09,1066.214111328125,1072.0567736389658,1011.8865764630572,1012.724579802494,20414228,RELIANCE.NS
2022-03-10,1083.4927978515625,1089.267532756051,1068.8862634347242,1087.0029472759036,17980493,RELIANCE.NS
2022-03-11,1086.617919921875,1091.9850941858494,1076.1555181267943,1076.1555181267943,12257423,RELIANCE.NS
2022-03-14,1095.5404052734375,1098.0541754406872,1075.2270625884603,1081.0697243173254,8340678,RELIANCE.NS
2022-03-15,1070.4488525390625,1099.6620420875429,1060.2128731362302,1099.6620420875429,15925769,RELIANCE.NS
2022-03-16,1088.520263671875,1090.5810688907009,1076.6311594559988,1078.8504605069668,11149828,RELIANCE.NS
2022-03-17,1124.0064697265625,1131.1172183134404,1093.8420644373464,1101.8361008572806,21422098,RELIANCE.NS
2022-03-21,1117.52978515625,1125.0482148088292,1104.6669425964524,1106.9315283978274,11999466,RELIANCE.NS
2022-03-22,1146.4031982421875,1148.124249688356,1111.2794206216663,1114.2232739689239,22557065,RELIANCE.NS
2022-03-23,1150.0491943359375,1161.666592238369,1142.7120228084564,1142.7120228084564,15462187,RELIANCE.NS
2022-03-24,1167.9166259765625,1170.407753742212,1136.823891628139,1136.823891628139,13168266,RELIANCE.NS
2022-03-25,1175.7069091796875,1184.8331776508987,1167.169339474114,1169.6604672992412,14222488,RELIANCE.NS
2022-03-28,1187.5281982421875,1191.0608703717303,1171.472198621402,1182.1157391354113,9891424,RELIANCE.NS
2022-03-29,1187.7998046875,1194.7973413665754,1180.9381215710694,1194.7973413665754,8684065,RELIANCE.NS
2022-03-30,1210.6270751953125,1217.4434746814534,1185.331593767139,1195.6581430818142,15811550,RELIANCE.NS
2022-03-31,1193.3255615234375,1209.1551399202813,1190.5402036058347,1207.003765404827,13223718,RELIANCE.NS
2022-04-01,1202.8819580078125,1207.094137293246,1187.5507515318518,1193.891542920345,7922880,RELIANCE.NS
2022-04-04,1206.4376220703125,1211.5556125589212,1196.4508258082542,1202.7010493463663,7929162,RELIANCE.NS
2022-04-05,1189.3851318359375,1209.2456310104756,1186.9620503043643,1200.7307025551163,13149870,RELIANCE.NS
2022-04-06,1186.214599609375,1193.2121362457021,1171.7439190700502,1171.7439190700502,12257215,RELIANCE.NS
2022-04-07,1165.2899169921875,1180.3041331292436,1162.6402930619627,1175.3672812713683,15496499,RELIANCE.NS
2022-04-08,1184.6748046875,1188.9096265891387,1159.4698932414146,1159.4698932414146,15152495,RELIANCE.NS
2022-04-11,1182.2064208984375,1195.0466201854251,1169.8869936426172,1177.5865608022991,9254209,RELIANCE.NS
2022-04-12,1159.9456787109375,1178.7643968010725,1157.3866234467262,1171.6988117922874,13217742,RELIANCE.NS
2022-04-13,1155.68798828125,1174.2349955581562,1152.9025109003892,1166.0371790472568,10354235,RELIANCE.NS
2022-04-18,1152.1551513671875,1159.3792305452218,1142.1683569783831,1147.2410619855225,9974224,RELIANCE.NS
2022-04-19,1196.065673828125,1208.385101413979,1155.4163428280708,1158.564096562945,26141820,RELIANCE.NS
2022-04-20,1231.234619140625,1238.2775602010167,1199.8247720277507,1203.4481327307994,25072240,RELIANCE.NS
2022-04-21,1260.0628662109375,1263.1879773228495,1237.3716076586059,1245.9318196263494,21708633,RELIANCE.NS
2022-04-22,1249.5101318359375,1269.0761631730086,1242.897512398799,1249.555416364938,15054154,RELIANCE.NS
2022-04-25,1220.6138916015625,1249.3288344946673,1206.41491600151,1242.0822318802027,17063215,RELIANCE.NS
2022-04-26,1257.1416015625,1265.9055943331985,1226.3658564890222,1227.4075203143414,12227666,RELIANCE.NS
2022-04-27,1258.3646240234375,1280.851985416539,1247.811532355269,1248.1739283672139,19338945,RELIANCE.NS
2022-04-28,1277.16064453125,1291.269050141953,1261.874601680994,1272.6767577965609,25614076,RELIANCE.NS
2022-04-29,1263.7542724609375,1293.6015662528664,1257.8889681093667,1293.6015662528664,18214862,RELIANCE.NS
2022-05-02,1259.3157958984375,1270.6613674733937,1249.1703841481763,1250.9594824534263,9467006,RELIANCE.NS
2022-05-04,1220.0023193359375,1263.6410258882418,1212.1442565160846,1261.3764403153348,19247660,RELIANCE.NS
2022-05-05,1196.1109619140625,1236.4659436174286,1192.0800401164388,1233.5219702392728,17210669,RELIANCE.NS
2022-05-06,1186.9393310546875,1204.3087009820067,1174.6651887519583,1183.112189870724,19649948,RELIANCE.NS
2022-05-09,1140.5831298828125,1176.2730823033007,1135.465140485421,1166.2408838499182,18083752,RELIANCE.NS
2022-05-10,1120.813232421875,1144.3423749690376,1113.2721615832613,1130.0301899582084,19511677,RELIANCE.NS
2022-05-11,1109.3319091796875,1125.478478168712,1096.9445548183617,1119.9075231154202,16643899,RELIANCE.NS
2022-05-12,1086.7313232421875,1102.787203178042,1073.4155164726255,1099.458311385817,20490321,RELIANCE.NS
2022-05-13,1099.050537109375,1122.3304948076038,1093.9551898739935,1098.7788299822744,19308778,RELIANCE.NS
2022-05-16,1099.3223876953125,1123.6892942266647,1094.54403200538,1102.6059947530612,13437911,RELIANCE.NS
2022-05-17,1145.497314453125,1150.366239393939,1101.496331090796,1102.9003909379085,16551828,RELIANCE.NS
2022-05-18,1149.6640625,1163.998888744779,1136.0312660890313,1150.252881038085,17276788,RELIANCE.NS
2022-05-19,1123.16845703125,1137.956250241304,1116.918234266966,1125.0481241931686,14699118,RELIANCE.NS
2022-05-20,1188.6602783203125,1197.6959774442455,1133.2005197063886,1137.95611299257,21793091,RELIANCE.NS
2022-05-23,1180.711669921875,1201.8402528023153,1174.416043471332,1191.8533389891315,15252755,RELIANCE.NS
2022-05-24,1184.765380859375,1194.7974606402702,1176.5449216952304,1180.7571013596234,13527818,RELIANCE.NS
2022-05-25,1183.0216064453125,1203.2670225299603,1178.2658929997126,1193.4387237828619,12714544,RELIANCE.NS
2022-05-26,1171.7440185546875,1193.3934954511844,1154.0348942869591,1188.637781781663,17882023,RELIANCE.NS
2022-05-27,1166.3089599609375,1179.9191164627784,1150.4568600156867,1174.4388502012214,16521973,RELIANCE.NS
2022-05-30,1206.9356689453125,1211.1024440039564,1174.959644745959,1184.3802630005096,13853398,RELIANCE.NS
2022-05-31,1192.3743896484375,1213.2765527152142,1184.697464521731,1196.3373846577454,70620653,RELIANCE.NS
2022-06-01,1192.75927734375,1202.587575606305,1184.9237375655662,1193.1215535044294,9776989,RELIANCE.NS
2022-06-02,1233.88427734375,1237.5755649319342,1192.98576447725,1192.98576447725,22126569,RELIANCE.NS
2022-06-03,1258.8853759765625,1276.0283243723425,1241.9009234208313,1242.8068535360608,23939791,RELIANCE.NS
2022-06-06,1253.4730224609375,1274.5110388345443,1246.3395117355965,1259.1119042533815,11093152,RELIANCE.NS
2022-06-07,1255.828125,1264.139152836091,1246.4527910651425,1254.5372764842177,12358255,RELIANCE.NS
2022-06-08,1233.77099609375,1259.564603425916,1230.2608467946977,1255.8280315270272,12479250,RELIANCE.NS
2022-06-09,1267.60400390625,1269.5288357275542,1227.4075206691546,1227.4075206691546,17278305,RELIANCE.NS
2022-06-10,1229.33251953125,1263.5957731905057,1223.5577842447772,1255.4432409626409,18093057,RELIANCE.NS
2022-06-13,1206.0750732421875,1210.558959942895,1184.9691305419672,1200.2325310142617,17620803,RELIANCE.NS
2022-06-14,1190.3134765625,1210.1286894158018,1183.6782159302647,1200.2551062805883,14714312,RELIANCE.NS
2022-06-15,1175.9107666015625,1194.4804162045639,1170.5210697144335,1185.5352852287417,11195535,RELIANCE.NS
2022-06-16,1159.4697265625,1204.3312302745605,1156.7521762440374,1188.0035257051024,17111475,RELIANCE.NS
2022-06-17,1173.057373046875,1188.8415454022556,1157.7035234680366,1159.4698594973618,24457187,RELIANCE.NS
2022-06-20,1151.7930908203125,1185.3316762636523,1141.8514592915058,1179.8512897369692,12066797,RELIANCE.NS
2022-06-21,1170.3851318359375,1174.597191210546,1145.1122963870148,1159.4697654774316,11720049,RELIANCE.NS
2022-06-22,1134.8311767578125,1158.6999555030718,1132.7477291666964,1158.6093864513275,10617206,RELIANCE.NS
2022-06-23,1116.419921875,1143.6177098347453,1107.3842221697334,1139.1111811125647,19446323,RELIANCE.NS
2022-06-24,1132.3175048828125,1137.2768791745684,1117.8014186070498,1123.2365200121847,14240234,RELIANCE.NS
2022-06-27,1128.9658203125,1152.6534598644344,1123.9383995696694,1152.6534598644344,15474529,RELIANCE.NS
2022-06-28,1144.840576171875,1147.67133814574,1124.187598454475,1124.187598454475,13572847,RELIANCE.NS
2022-06-29,1168.5960693359375,1176.2278290145132,1132.7476201425022,1135.5557396776305,19205146,RELIANCE.NS
2022-06-30,1175.616455078125,1184.7880089664673,1162.1874370508547,1168.5282289340553,23112959,RELIANCE.NS
2022-07-01,1090.943359375,1173.9631898181497,1071.150907551117,1166.2183382001654,81997149,RELIANCE.NS
2022-07-04,1093.2080078125,1106.025565464495,1071.6490989100685,1077.4691189892487,41857728,RELIANCE.NS
2022-07-05,1102.0625,1116.3973279805082,1094.7478514073186,1097.42011751126,17647327,RELIANCE.NS
2022-07-06,1092.3699951171875,1106.0027924376789,1081.5679595799388,1096.106567126978,23943726,RELIANCE.NS
2022-07-07,1081.61328125,1102.0624779330788,1075.6800503518655,1098.7335863010783,23301033,RELIANCE.NS
2022-07-08,1083.10791015625,1095.155510044553,1079.0995110804106,1095.155510044553,19010108,RELIANCE.NS
2022-07-11,1097.82763671875,1100.046817658232,1073.4153285810387,1076.359301395055,13847467,RELIANCE.NS
2022-07-12,1096.26513671875,1104.983845261713,1088.8146344584836,1088.8146344584836,10778989,RELIANCE.NS
2022-07-13,1076.8349609375,1102.4022679488555,1074.7742754785731,1099.3677256155834,14224132,RELIANCE.NS
2022-07-14,1085.712158203125,1102.3796184650857,1076.5632467388843,1081.5680252499114,16970315,RELIANCE.NS
2022-07-15,1087.8182373046875,1093.796752824721,1079.3487135847495,1093.796752824721,9603210,RELIANCE.NS
2022-07-18,1097.08056640625,1098.3260107043704,1083.5155743058108,1096.5143900160117,15160908,RELIANCE.NS
2022-07-19,1103.806396484375,1108.2902834767385,1087.1389350761635,1087.1389350761635,16439888,RELIANCE.NS
2022-07-20,1133.653564453125,1151.5438277746334,1126.0672081991272,1150.4115948025603,23924246,RELIANCE.NS
2022-07-21,1126.0897216796875,1132.2947793542016,1117.484344754926,1129.5772288514759,16523230,RELIANCE.NS
2022-07-22,1133.698974609375,1139.6774905895736,1130.0303289124045,1132.29491466853,10969995,RELIANCE.NS
2022-07-25,1096.242431640625,1117.5522733397709,1088.361726850526,1117.5522733397709,23110452,RELIANCE.NS
2022-07-26,1096.7408447265625,1106.8862563190191,1092.1437462800975,1096.5597066124965,11303288,RELIANCE.NS
2022-07-27,1095.698974609375,1099.2316463703332,1087.90871936657,1096.038608509345,8655086,RELIANCE.NS
2022-07-28,1112.8646240234375,1117.7787135139506,1096.5142758027298,1103.3080323769393,12496073,RELIANCE.NS
2022-07-29,1136.57470703125,1140.039571763476,1115.9896583759382,1120.8358207488034,15130683,RELIANCE.NS
2022-08-01,1166.195556640625,1172.038217949441,1135.7368060332587,1140.9680065399384,15700044,RELIANCE.NS
2022-08-02,1170.63427734375,1181.1193216829413,1160.1718752661886,1165.1313691654111,13917913,RELIANCE.NS
2022-08-03,1180.462646484375,1182.1157712823,1162.8442104812696,1177.5865998850716,14250977,RELIANCE.NS
2022-08-04,1164.859619140625,1185.6259288355277,1148.1469933470867,1182.1157790494954,14467127,RELIANCE.NS
2022-08-05,1147.694091796875,1167.9847952886944,1144.5010533182249,1166.7167086831898,13942438,RELIANCE.NS
2022-08-08,1162.7080078125,1170.1358666072051,1146.3350193022331,1146.3350193022331,10165178,RELIANCE.NS
2022-08-10,1169.6605224609375,1173.0120563323646,1158.1336946618562,1167.1241099957583,10724688,RELIANCE.NS
2022-08-11,1173.5556640625,1182.0704726435374,1168.618812190309,1178.990645714219,8198226,RELIANCE.NS
2022-08-12,1192.5328369140625,1196.3146936661199,1169.5247047340195,1173.193230375856,12650587,RELIANCE.NS
2022-08-16,1200.8211669921875,1203.5387175050762,1189.9512045412775,1198.511296976361,6607378,RELIANCE.NS
2022-08-17,1207.0941162109375,1212.4158859762824,1202.7460834374597,1207.0261894301318,6595965,RELIANCE.NS
2022-08-18,1209.2833251953125,1212.7820913718717,1199.6955520359063,1208.6925853891362,7410035,RELIANCE.NS
2022-08-19,1187.72216796875,1209.464997552082,1183.6779742626552,1204.148579928399,9460724,RELIANCE.NS
2022-08-22,1184.427734375,1195.651309470641,1175.0672431781986,1189.1535324408326,9471680,RELIANCE.NS
2022-08-23,1202.694580078125,1205.6027266806439,1177.4982950302235,1178.7024907985585,9678484,RELIANCE.NS
2022-08-24,1199.490966796875,1213.2365143204822,1197.4917062121833,1199.6500999587201,10369622,RELIANCE.NS
2022-08-25,1195.9920654296875,1210.010084840808,1191.6979945608696,1203.6713213411974,7871946,RELIANCE.NS
2022-08-26,1189.6077880859375,1204.1485194816453,1184.6095168359632,1196.4237108559755,10742038,RELIANCE.NS
2022-08-29,1180.3609619140625,1206.4205794013706,1171.4547933496005,1174.6128173581192,19838975,RELIANCE.NS
2022-08-30,1198.673095703125,1201.9902529871206,1170.795945790086,1187.790382333822,23139054,RELIANCE.NS
2022-09-01,1163.4346923828125,1183.6780172121637,1159.0270403092493,1173.5450568236956,19909939,RELIANCE.NS
2022-09-02,1149.84814453125,1170.2277638288456,1147.6670348863252,1163.4345573963137,12999345,RELIANCE.NS
2022-09-05,1167.7060546875,1173.0224725362493,1150.0754462865928,1150.0754462865928,11327815,RELIANCE.NS
2022-09-06,1179.9974365234375,1184.1552111927028,1168.7057123414318,1169.1601553219334,10899618,RELIANCE.NS
2022-09-07,1173.135986328125,1179.1112920563703,1167.7968526449285,1170.0688269822717,7488501,RELIANCE.NS
2022-09-08,1174.79443359375,1180.5198614611618,1168.2512248209334,1176.0894937430355,7057077,RELIANCE.NS
2022-09-09,1167.4788818359375,1185.9727033347192,1165.0704903678632,1185.9727033347192,8314850,RELIANCE.NS
2022-09-12,1180.5426025390625,1186.8814864106484,1168.04668408102,1168.04668408102,7435419,RELIANCE.NS
2022-09-13,1190.403076171875,1194.9243089400052,1181.8832020191865,1189.607891122723,8888657,RELIANCE.NS
2022-09-14,1176.1348876953125,1185.9725368614704,1169.0463716919833,1170.068717981627,8678219,RELIANCE.NS
2022-09-15,1164.479736328125,1183.0417041001508,1161.7760353689525,1173.7039298739198,10365600,RELIANCE.NS
2022-09-16,1135.6256103515625,1160.0721402601105,1131.8995628990685,1155.8689337357673,20217708,RELIANCE.NS
2022-09-19,1137.1024169921875,1146.3038949822844,1127.5146444730447,1135.6256276709717,7580254,RELIANCE.NS
2022-09-20,1137.2841796875,1153.119972213298,1133.5808482063046,1146.1903481529216,8411448,RELIANCE.NS
2022-09-21,1140.419677734375,1150.9843653188254,1133.7173348356014,1134.5125199123227,9207309,RELIANCE.NS
2022-09-22,1129.6729736328125,1137.352229588345,1123.3114939606403,1129.6275413603653,10308170,RELIANCE.NS
2022-09-23,1108.4981689453125,1134.1487732337614,1106.9532313002373,1129.1732182552973,9528051,RELIANCE.NS
2022-09-26,1080.257568359375,1098.6379294477279,1079.257938059937,1087.845960638479,12479523,RELIANCE.NS
2022-09-27,1088.8455810546875,1102.3638454814661,1072.4191704410875,1087.8231145473603,16154822,RELIANCE.NS
2022-09-28,1059.8553466796875,1080.55311676986,1057.424358985553,1072.532996783001,16997059,RELIANCE.NS
2022-09-29,1056.6063232421875,1075.7817488504493,1051.0171916607421,1072.3738473223364,14671827,RELIANCE.NS
2022-09-30,1080.439453125,1091.4584634929545,1050.1084789606275,1050.1084789606275,18613024,RELIANCE.NS
2022-10-03,1076.690673828125,1098.2516553264609,1073.7370949613044,1086.687337582096,11852723,RELIANCE.NS
2022-10-04,1096.547607421875,1098.7287171700252,1086.0737854797874,1089.5499554327275,8948850,RELIANCE.NS
2022-10-06,1100.5916748046875,1113.269322563035,1098.7968595905177,1103.7271026820092,13352162,RELIANCE.NS
2022-10-07,1105.249267578125,1110.49753632006,1097.2064333500286,1097.2064333500286,7714340,RELIANCE.NS
2022-10-10,1093.1851806640625,1098.547030597458,1085.0969133921378,1092.8216022630288,6329527,RELIANCE.NS
2022-10-11,1071.41943359375,1096.9110251312234,1068.32955827905,1096.9110251312234,9215177,RELIANCE.NS
2022-10-12,1079.3033447265625,1082.2342073300697,1064.6944639855953,1068.7386577474495,7417103,RELIANCE.NS
2022-10-13,1082.734130859375,1087.8232672093102,1072.4193209412924,1077.5540097610362,7328492,RELIANCE.NS
2022-10-14,1077.23583984375,1097.9790399185752,1076.5088032110611,1097.3655839798673,9106089,RELIANCE.NS
2022-10-17,1094.5255126953125,1096.911067683068,1064.9216983657,1070.1018190034106,16729355,RELIANCE.NS
2022-10-18,1113.83740234375,1119.1765361724479,1099.7056807153497,1100.5462980220425,12415820,RELIANCE.NS
2022-10-19,1133.21728515625,1148.6440655761994,1109.4977929604431,1115.314085328947,19247142,RELIANCE.NS
2022-10-20,1136.261962890625,1144.6228248019718,1129.1734452455337,1129.1734452455337,8717053,RELIANCE.NS
2022-10-21,1123.0843505859375,1143.6231056125362,1120.9942254138175,1139.4880471639096,8243452,RELIANCE.NS
2022-10-24,1126.8331298828125,1137.1252236758137,1115.6778227953112,1117.8133802746593,3370033,RELIANCE.NS
2022-10-25,1109.4298095703125,1135.5348605120162,1107.8167232856267,1135.5348605120162,12233241,RELIANCE.NS
2022-10-27,1113.7919921875,1121.6530982836084,1105.453847178534,1116.904583955269,12513059,RELIANCE.NS
2022-10-28,1147.8717041015625,1151.893061521459,1117.5634478847232,1120.0852998000876,17609592,RELIANCE.NS
2022-10-31,1158.5272216796875,1163.6846262416873,1150.62068370947,1154.6194450652783,12419943,RELIANCE.NS
2022-11-01,1149.552978515625,1181.428769564145,1139.6244632866772,1181.428769564145,13963166,RELIANCE.NS
2022-11-02,1156.7322998046875,1158.7998289194838,1142.8051438822936,1150.666129478395,8981896,RELIANCE.NS
2022-11-03,1161.0491943359375,1163.0485752218901,1147.3719146666933,1149.5530246719463,6693449,RELIANCE.NS
2022-11-04,1178.1343994140625,1181.428720196316,1159.2088516372303,1160.4810755593053,12575815,RELIANCE.NS
2022-11-07,1184.427734375,1186.1090891689403,1169.6145286927685,1177.3392175630618,11789748,RELIANCE.NS
2022-11-09,1183.246337890625,1191.4027533204435,1176.9074538352093,1186.1090519678319,11254205,RELIANCE.NS
2022-11-10,1168.9329833984375,1179.8611290593667,1164.616195791804,1176.8848340514855,5966242,RELIANCE.NS
2022-11-11,1195.878662109375,1197.787058206641,1175.9760787775724,1181.428793587036,12310132,RELIANCE.NS
2022-11-14,1190.0850830078125,1200.5134736804264,1183.7689145270133,1195.4015009715274,9043112,RELIANCE.NS
2022-11-15,1184.745849609375,1193.4247362453084,1176.8847439241665,1191.5617725862496,7086433,RELIANCE.NS
2022-11-16,1177.9527587890625,1188.6764594316192,1172.954366703904,1185.9727580356148,9716161,RELIANCE.NS
2022-11-17,1180.9971923828125,1187.3359568517499,1172.3409009131724,1174.5901593039591,6661451,RELIANCE.NS
2022-11-18,1180.3609619140625,1185.518366679259,1168.2967693410817,1184.495900066872,5303197,RELIANCE.NS
2022-11-21,1159.1180419921875,1175.9760614312995,1155.5737233322704,1175.9760614312995,6390268,RELIANCE.NS
2022-11-22,1165.547607421875,1167.1152613187112,1152.5746494360667,1156.4369938334312,6611488,RELIANCE.NS
2022-11-23,1161.9124755859375,1171.3866679891707,1159.7313656787815,1170.0688915510787,6413408,RELIANCE.NS
2022-11-24,1171.9320068359375,1178.7024981272687,1157.8911489931052,1165.9794167577484,9389439,RELIANCE.NS
2022-11-25,1189.426025390625,1192.7430620390162,1173.294924490057,1176.4303522401324,7349922,RELIANCE.NS
2022-11-28,1230.299072265625,1236.4333911015242,1136.8980043426527,1185.472920181286,31527484,RELIANCE.NS
2022-11-29,1232.4119873046875,1241.2500078770877,1224.1419904117938,1228.6632233258865,11058913,RELIANCE.NS
2022-11-30,1241.1136474609375,1247.5206802015884,1226.0504438987869,1232.54834119291,26164986,RELIANCE.NS
2022-12-01,1237.455810546875,1251.8601266305577,1234.1387734132652,1245.862104269674,9485801,RELIANCE.NS
2022-12-02,1236.93310546875,1248.6792715763747,1227.1408877532265,1240.5001400003844,11589592,RELIANCE.NS
2022-12-05,1218.8935546875,1234.4793482971581,1216.8715781623773,1232.3209547622266,14828536,RELIANCE.NS
2022-12-06,1222.415283203125,1225.5051588426245,1209.146894711336,1211.0099786652759,8594245,RELIANCE.NS
2022-12-07,1204.3758544921875,1224.5964643493226,1200.5816581384124,1220.052515180835,8462111,RELIANCE.NS
2022-12-08,1203.8077392578125,1210.9645247591304,1199.6500849785011,1208.6925503476532,7757008,RELIANCE.NS
2022-12-09,1185.563720703125,1208.6924740397408,1182.2692798901842,1202.330873974504,12655763,RELIANCE.NS
2022-12-12,1187.38134765625,1191.8798642806923,1174.6128344148897,1174.8401159938364,9479842,RELIANCE.NS
2022-12-13,1192.7886962890625,1196.4237590933476,1184.473147579326,1187.381293975718,8333348,RELIANCE.NS
2022-12-14,1188.471923828125,1199.127475241392,1186.4271108317469,1198.5367354613884,7268947,RELIANCE.NS
2022-12-15,1171.591064453125,1188.244637773301,1168.2513114103942,1182.564761948623,8688551,RELIANCE.NS
2022-12-16,1165.7974853515625,1189.9714223850988,1162.412300039899,1168.2513090093973,15837349,RELIANCE.NS
2022-12-19,1181.110595703125,1183.246273075343,1166.2972711057284,1172.7951677670053,7729933,RELIANCE.NS
2022-12-20,1191.334716796875,1193.2431129001116,1165.9794185762812,1174.1131186326063,7467588,RELIANCE.NS
2022-12-21,1174.3856201171875,1196.4237592798247,1170.5687080191292,1190.9710448813423,8527550,RELIANCE.NS
2022-12-22,1171.3411865234375,1183.541675654874,1166.3200787009303,1180.5199485444361,7451122,RELIANCE.NS
2022-12-23,1136.9888916015625,1177.112082738486,1132.4676588679463,1164.7524600759673,10257115,RELIANCE.NS
2022-12-26,1146.9173583984375,1155.0737739248264,1132.5357596211306,1142.6915558359974,5990242,RELIANCE.NS
2022-12-27,1156.30078125,1158.1637450751377,1142.9188116159999,1149.6211545027727,5763271,RELIANCE.NS
2022-12-28,1156.187255859375,1158.618243480646,1145.7588646322624,1153.2563929529824,7459393,RELIANCE.NS
2022-12-29,1155.6644287109375,1158.2089965163484,1147.5761621923448,1148.2577664634932,6930648,RELIANCE.NS
2022-12-30,1157.436767578125,1170.977750881057,1154.6650378382933,1156.4825694772394,7289476,RELIANCE.NS
2023-01-02,1170.4779052734375,1171.8865462707408,1157.8911210447166,1158.7090222381169,5316175,RELIANCE.NS
2023-01-03,1161.9124755859375,1169.160125804233,1157.7093889350726,1165.5476587645308,7658932,RELIANCE.NS
2023-01-04,1144.4183349609375,1163.7301788455284,1142.350805656606,1161.8898109401732,9264891,RELIANCE.NS
2023-01-05,1142.37353515625,1152.5293324862785,1137.806869836127,1146.6676067944138,13637099,RELIANCE.NS
2023-01-06,1152.75634765625,1157.7774553339088,1144.3046224842542,1148.0988183662998,6349597,RELIANCE.NS
2023-01-09,1179.9747314453125,1182.3376907366148,1155.6873320113693,1156.57338165,10722753,RELIANCE.NS
2023-01-10,1162.52587890625,1184.155127696438,1156.891435377878,1184.155127696438,8047142,RELIANCE.NS
2023-01-11,1147.8717041015625,1162.3441677767541,1145.5768933771294,1159.8450319996036,11509553,RELIANCE.NS
2023-01-12,1123.0843505859375,1150.7570549852321,1120.0853394706564,1147.2810049505638,17688773,RELIANCE.NS
2023-01-13,1121.2667236328125,1123.6749947373953,1106.2716693328798,1117.0862332620186,20618583,RELIANCE.NS
2023-01-16,1110.588623046875,1126.7423229514006,1102.8183808956273,1123.5842986583098,13623855,RELIANCE.NS
2023-01-17,1126.3560791015625,1128.2644751675343,1113.5421334042796,1116.9046027544262,10751000,RELIANCE.NS
2023-01-18,1124.4930419921875,1131.9451378363888,1117.9725482719243,1123.947854631307,13448286,RELIANCE.NS
2023-01-19,1123.2889404296875,1127.4238787769261,1116.2911675478767,1123.6751148013898,11940054,RELIANCE.NS
2023-01-20,1109.9296875,1124.6293134044963,1107.475983857866,1124.6293134044963,14930286,RELIANCE.NS
2023-01-23,1104.31787109375,1120.630703944606,1101.9095996617807,1112.8151498129876,10954118,RELIANCE.NS
2023-01-24,1097.7972412109375,1110.3839043654414,1084.8014472016187,1108.7253859560433,16488755,RELIANCE.NS
2023-01-25,1082.620361328125,1097.2292417944516,1081.4617181061994,1096.2068953996695,12385018,RELIANCE.NS
2023-01-27,1062.081787109375,1084.8015319770323,1050.403768536496,1083.4611595770739,25830975,RELIANCE.NS
2023-01-30,1072.26025390625,1077.781116815708,1045.564464693845,1059.5144571522903,21772103,RELIANCE.NS
2023-01-31,1069.5792236328125,1084.9378563899695,1063.7402148448057,1082.370452122445,22691594,RELIANCE.NS
2023-02-01,1063.2406005859375,1081.4391134749721,1047.382090519888,1081.4391134749721,19347800,RELIANCE.NS
2023-02-02,1057.35595703125,1066.920892525141,1050.1083077780725,1053.2890475640809,13662663,RELIANCE.NS
2023-02-03,1058.28759765625,1067.3754956611733,1041.9293331709027,1067.3754956611733,24699575,RELIANCE.NS
2023-02-06,1050.3128662109375,1054.6523697762398,1047.7455820077842,1051.9259524136774,14837879,RELIANCE.NS
2023-02-07,1047.7908935546875,1057.5603943899198,1041.9291690153093,1050.5627428744976,15135435,RELIANCE.NS
2023-02-08,1068.7159423828125,1072.3284093286718,1048.290888887822,1051.017186057536,21160332,RELIANCE.NS
2023-02-09,1070.578857421875,1077.3039157739506,1060.559478401166,1069.3974980927496,13172763,RELIANCE.NS
2023-02-10,1061.763671875,1070.0563840638993,1054.7886158361225,1070.0563840638993,10790445,RELIANCE.NS
2023-02-13,1055.7203369140625,1067.8299624778901,1051.2672523692866,1063.3768779331142,10352493,RELIANCE.NS
2023-02-14,1080.598388671875,1082.3250555378218,1055.8565481440585,1058.7192622894795,14321920,RELIANCE.NS
2023-02-15,1105.0673828125,1107.4530577750195,1078.2808527003092,1079.6439410045025,33503591,RELIANCE.NS
2023-02-16,1104.2042236328125,1119.5401413378127,1101.9322491792432,1113.019527781497,17264487,RELIANCE.NS
2023-02-17,1108.8162841796875,1112.1334412904273,1095.3661670147737,1099.6375221146495,11809520,RELIANCE.NS
2023-02-20,1097.093017578125,1113.1558521216361,1095.1390690194628,1110.9974583087273,8836937,RELIANCE.NS
2023-02-21,1106.0445556640625,1111.8152960708703,1096.161352929149,1101.4551746278107,13311592,RELIANCE.NS
2023-02-22,1080.9617919921875,1104.181409716533,1079.2124090771258,1102.34116225432,11024335,RELIANCE.NS
2023-02-23,1075.7818603515625,1088.1642003254076,1072.9874144624137,1080.5530912531344,9851910,RELIANCE.NS
2023-02-24,1083.1429443359375,1088.800224148405,1076.0089953829322,1077.8265267799054,9434053,RELIANCE.NS
2023-02-27,1075.940673828125,1085.846592046861,1068.6022799971277,1082.370422196558,11199715,RELIANCE.NS
2023-02-28,1055.3565673828125,1075.5544571553608,1051.3124942776465,1070.601498241021,21994038,RELIANCE.NS
2023-03-01,1065.057861328125,1065.7848978208335,1055.6745353261815,1065.1032935969702,11551145,RELIANCE.NS
2023-03-02,1056.9471435546875,1068.57973034707,1054.925046511839,1061.9228195758383,9333535,RELIANCE.NS
2023-03-03,1083.91552734375,1087.573426851757,1063.9903475271667,1067.44368158329,14643807,RELIANCE.NS
2023-03-06,1094.5029296875,1101.7278641326047,1090.5497203643376,1090.5497203643376,10171916,RELIANCE.NS
2023-03-08,1098.4334716796875,1099.1832244435238,1083.7337262043,1094.5028585607813,15782657,RELIANCE.NS
2023-03-09,1072.032958984375,1098.2288726400263,1070.147279158801,1097.8199821583767,16235128,RELIANCE.NS
2023-03-10,1055.4249267578125,1065.103564973256,1051.9487563495386,1063.9676377715205,13334091,RELIANCE.NS
2023-03-13,1038.06689453125,1065.1034247048499,1033.750107312473,1058.287501818403,12771592,RELIANCE.NS
2023-03-14,1034.181884765625,1047.3592882483779,1031.0465769110588,1036.0221323528851,16027522,RELIANCE.NS
2023-03-15,1016.505859375,1044.3375763114452,1012.1209234658597,1037.885231401589,21728555,RELIANCE.NS
2023-03-16,1011.4393310546875,1024.207844384365,1000.6701985245505,1019.2095726723305,18363159,RELIANCE.NS
2023-03-17,1010.1670532226562,1023.2763079373278,1005.4413153341551,1020.0047033408911,34014213,RELIANCE.NS
2023-03-20,1000.2384643554688,1008.7583980790381,990.5825434751304,1006.4864237654998,19524589,RELIANCE.NS
2023-03-21,1031.3419189453125,1033.295867476511,1007.3952622768678,1008.2813118906954,21400360,RELIANCE.NS
2023-03-22,1034.4771728515625,1041.2249475152355,1031.47816188993,1038.294084967167,10920094,RELIANCE.NS
2023-03-23,1021.390625,1031.4327203269945,1019.2322313496287,1030.569386905087,16249370,RELIANCE.NS
2023-03-24,1001.1699829101562,1022.3902814688943,998.7617116838695,1020.231887763167,12375945,RELIANCE.NS
2023-03-27,1016.73291015625,1024.2077208751948,999.7613122149304,1007.6223573447278,14054323,RELIANCE.NS
2023-03-28,1021.4815673828125,1025.3439120336418,1016.4831753805086,1020.1183586375283,12576424,RELIANCE.NS
2023-03-29,1015.4381103515625,1020.0274916428302,1004.71434981678,1017.391938716083,18804065,RELIANCE.NS
2023-03-31,1059.218994140625,1064.8535577563764,1024.5259234682055,1024.6622202928697,28171201,RELIANCE.NS
2023-04-03,1059.4007568359375,1067.3754434349298,1051.9259454677697,1065.5579119993613,10293043,RELIANCE.NS
2023-04-05,1056.856201171875,1066.9210129823457,1048.995215362799,1066.9210129823457,16262928,RELIANCE.NS
2023-04-06,1063.94482421875,1069.647537063385,1053.357419977002,1053.357419977002,18435046,RELIANCE.NS
2023-04-10,1056.40185546875,1068.0117263349803,1054.9023498118622,1067.8299972108045,12961408,RELIANCE.NS
2023-04-11,1061.6273193359375,1063.7402807994256,1056.0383079017138,1060.559540630498,10542367,RELIANCE.NS
2023-04-12,1066.3076171875,1075.9179854968688,1058.7646577412916,1061.6272515959452,18179087,RELIANCE.NS
2023-04-13,1070.3289794921875,1075.0092249147228,1064.1946609026813,1069.1929322468407,12378208,RELIANCE.NS
2023-04-17,1075.759033203125,1101.8867990924884,1067.3981721567704,1101.8867990924884,17929479,RELIANCE.NS
2023-04-18,1063.4449462890625,1080.0985197030036,1056.9243329412964,1080.0985197030036,10405576,RELIANCE.NS
2023-04-19,1068.73876953125,1071.4196347028246,1059.7417355351329,1062.8543275704733,12273475,RELIANCE.NS
2023-04-20,1066.034912109375,1071.9193532094926,1059.6961482625013,1069.692811176778,7007330,RELIANCE.NS
2023-04-21,1067.37548828125,1072.8282030082607,1061.6500596936005,1068.1252410633845,7647317,RELIANCE.NS
2023-04-24,1071.465087890625,1081.8706418346944,1066.9210188410907,1079.1897769115358,12936186,RELIANCE.NS
2023-04-25,1079.666748046875,1081.7342770992536,1068.0569991057368,1075.1000833366595,9236126,RELIANCE.NS
2023-04-26,1073.328125,1084.2336751201349,1069.6702254865136,1081.0073822687018,8617834,RELIANCE.NS
2023-04-27,1080.1212158203125,1083.2792397187284,1074.191342363561,1079.189733985385,9167125,RELIANCE.NS
2023-04-28,1099.86474609375,1101.4098041424304,1082.256973708253,1082.3705544049471,15565210,RELIANCE.NS
2023-05-02,1109.20263671875,1111.361030519598,1103.3181951274973,1106.9988106394346,12981805,RELIANCE.NS
2023-05-03,1099.6829833984375,1110.9974233118683,1096.4795270846325,1110.9974233118683,7061872,RELIANCE.NS
2023-05-04,1112.360595703125,1114.564421653396,1097.1838117593734,1100.1601065895743,8635233,RELIANCE.NS
2023-05-05,1109.5206298828125,1118.4267984938415,1106.9079133744922,1109.1798878043744,8746585,RELIANCE.NS
2023-05-08,1123.2208251953125,1128.5599594768491,1110.6113241430285,1113.2694731180964,9153782,RELIANCE.NS
2023-05-09,1126.6968994140625,1129.9913407668835,1119.2902356444074,1124.6293700397016,6464721,RELIANCE.NS
2023-05-10,1134.4443359375,1135.9211253467272,1127.446563252221,1131.4453248412979,10872255,RELIANCE.NS
2023-05-11,1127.0377197265625,1140.3059886325332,1125.3336486663607,1135.5121619830659,10557860,RELIANCE.NS
2023-05-12,1128.8778076171875,1130.2637323324755,1116.2228762779578,1122.2663301444138,6955341,RELIANCE.NS
2023-05-15,1131.1044921875,1138.0567125858797,1123.7886933664054,1131.3999221918086,6833343,RELIANCE.NS
2023-05-16,1114.9962158203125,1135.8074445597895,1113.3375770795326,1133.2628763872494,8717229,RELIANCE.NS
2023-05-17,1108.4073486328125,1120.0852459817609,1103.7271032383842,1119.1764803056624,8798967,RELIANCE.NS
2023-05-18,1106.0218505859375,1116.4502407386783,1102.8864225456616,1113.0649351771951,10525531,RELIANCE.NS
2023-05-19,1109.611572265625,1111.4292240517473,1099.1150328365684,1106.0219413561279,8050447,RELIANCE.NS
2023-05-22,1115.54150390625,1120.5398963368386,1105.2495293990407,1106.4536050806153,7434906,RELIANCE.NS
2023-05-23,1115.3367919921875,1121.4483940779485,1113.9281511842048,1118.1086413363598,6092034,RELIANCE.NS
2023-05-24,1108.8388671875,1119.630834331706,1105.748992019405,1111.4062712432678,8112254,RELIANCE.NS
2023-05-25,1108.70263671875,1112.8149786046417,1097.842640709934,1105.9536236071287,11487863,RELIANCE.NS
2023-05-26,1138.94287109375,1140.0787982471202,1113.6102893364032,1116.904610291511,12626260,RELIANCE.NS
2023-05-29,1145.3497314453125,1149.6210865747194,1139.2608448772517,1145.5314605509366,10010304,RELIANCE.NS
2023-05-30,1145.0543212890625,1153.1198717474913,1142.50963326853,1145.3496310598186,11342504,RELIANCE.NS
2023-05-31,1122.311767578125,1140.4649655887667,1118.267694287889,1135.9891655098565,27107927,RELIANCE.NS
2023-06-01,1119.2901611328125,1129.1279320638168,1116.9046059479208,1126.969538270473,14592692,RELIANCE.NS
2023-06-02,1115.6322021484375,1128.1962696801756,1113.7238061790024,1122.8117036497752,15800644,RELIANCE.NS
2023-06-05,1125.6517333984375,1128.6053121788445,1117.1090229973545,1121.085068396339,10908682,RELIANCE.NS
2023-06-06,1126.6058349609375,1130.4000307352399,1118.7221336360576,1128.4689187387335,7493309,RELIANCE.NS
2023-06-07,1135.1485595703125,1135.989176828128,1123.5386905370437,1130.0820196952836,10312545,RELIANCE.NS
2023-06-08,1135.830078125,1143.6457515710592,1131.899585359948,1138.7155083681228,12071109,RELIANCE.NS
2023-06-09,1127.787353515625,1139.874261684162,1125.9924180855612,1139.1699412328312,5877018,RELIANCE.NS
2023-06-12,1128.7869873046875,1131.0816777652867,1120.0852643496842,1124.8564945620458,6391969,RELIANCE.NS
2023-06-13,1145.46337890625,1146.6448585440896,1129.741286337972,1133.7173319025067,11248016,RELIANCE.NS
2023-06-14,1159.549560546875,1160.9809175855808,1143.7138887627082,1145.5314201372407,13277380,RELIANCE.NS
2023-06-15,1159.86767578125,1164.4116242878063,1152.1201510303479,1159.5268135380984,11813494,RELIANCE.NS
2023-06-16,1171.159423828125,1173.4313981302719,1163.3437504987226,1163.3437504987226,24171579,RELIANCE.NS
2023-06-19,1159.5269775390625,1174.1585755296505,1155.369322961202,1174.1585755296505,6798554,RELIANCE.NS
2023-06-20,1161.9351806640625,1165.070488566,1151.893084884151,1157.5957972211602,6921096,RELIANCE.NS
2023-06-21,1165.2069091796875,1167.728761153971,1157.800246036839,1161.889751966922,6961603,RELIANCE.NS
2023-06-22,1152.1202392578125,1169.296404389101,1150.52986917785,1161.4354185434336,7619166,RELIANCE.NS
2023-06-23,1142.691650390625,1151.1660925456156,1141.4420223330224,1149.1212794125972,6628570,RELIANCE.NS
2023-06-26,1133.967041015625,1142.9867893628173,1130.8544495978458,1139.1698775330913,12641159,RELIANCE.NS
2023-06-27,1134.376220703125,1140.305974461151,1129.9231362063101,1134.4216529822017,9689466,RELIANCE.NS
2023-06-28,1149.3939208984375,1153.1881169201986,1135.0122016455275,1141.896393407388,11354006,RELIANCE.NS
2023-06-30,1158.8226318359375,1161.7307784588775,1151.1888070463274,1157.0732487107562,11151555,RELIANCE.NS
2023-07-03,1188.5628662109375,1191.425580555085,1161.1400387375704,1162.3669506539804,12154387,RELIANCE.NS
2023-07-04,1176.3167724609375,1192.788615416969,1169.2735683249591,1192.788615416969,8061643,RELIANCE.NS
2023-07-05,1174.3856201171875,1185.5183304828597,1170.432411192628,1185.5183304828597,10248062,RELIANCE.NS
2023-07-06,1199.03662109375,1201.6266214253383,1170.546016490242,1170.546016490242,19117987,RELIANCE.NS
2023-07-07,1196.696533203125,1210.9418359205672,1194.1518448825288,1197.332705283274,13375267,RELIANCE.NS
2023-07-10,1242.7947998046875,1252.3144236363512,1215.508392547687,1221.8244401255106,33240016,RELIANCE.NS
2023-07-11,1256.267578125,1258.6758491021378,1243.9535094175255,1250.905728718348,20069348,RELIANCE.NS
2023-07-12,1257.653564453125,1273.2166423107678,1254.8817149747802,1256.9946762890331,18733835,RELIANCE.NS
2023-07-13,1246.407470703125,1271.853634660212,1243.7947539621482,1264.9922784824523,14682934,RELIANCE.NS
2023-07-14,1245.3621826171875,1254.5409440468316,1238.2735461254954,1249.5879849572364,15124144,RELIANCE.NS
2023-07-17,1270.8084716796875,1279.1466167196916,1239.5914489485467,1248.225023984058,22220040,RELIANCE.NS
2023-07-18,1281.6002197265625,1289.3249082218795,1269.1270172578058,1280.0325658904894,25867313,RELIANCE.NS
2023-07-19,1291.3243408203125,1297.7540895736324,1270.944719940005,1285.9397747939042,39122156,RELIANCE.NS
2023-07-20,1289.7606201171875,1295.2251136644823,1270.1422890108254,1270.1422890108254,38717624,RELIANCE.NS
2023-07-21,1249.834716796875,1287.3235564344566,1242.3763715855305,1284.4190157057792,30249238,RELIANCE.NS
2023-07-24,1224.554931640625,1238.1179088392782,1215.6443158350814,1221.4042392370138,23727866,RELIANCE.NS
2023-07-25,1223.767333984375,1233.3179681079685,1220.9119513502328,1227.8041962368873,12026020,RELIANCE.NS
2023-07-26,1243.65625,1253.8961800235134,1223.3733833366434,1223.3733833366434,12911012,RELIANCE.NS
2023-07-27,1232.0872802734375,1249.2932542715916,1226.0074074454076,1247.521034743089,17226898,RELIANCE.NS
2023-07-28,1244.468505859375,1251.85305275367,1231.0286064735196,1236.6900924258125,20827852,RELIANCE.NS
2023-07-31,1255.00390625,1257.2930680054526,1239.594792375287,1244.4686660676819,8551174,RELIANCE.NS
2023-08-01,1237.25634765625,1259.803857697837,1233.3672005487501,1257.8346449464532,9536632,RELIANCE.NS
2023-08-02,1224.0380859375,1236.665614699006,1212.8381883521488,1235.2871417271826,12748214,RELIANCE.NS
2023-08-03,1218.8934326171875,1231.201012494138,1210.1058926997707,1218.5981228148664,10168350,RELIANCE.NS
2023-08-04,1235.45947265625,1238.6348041373592,1216.776590964359,1230.1672134573323,22885610,RELIANCE.NS
2023-08-07,1242.49951171875,1244.7393951840495,1233.2195480808575,1241.0963994857652,5982870,RELIANCE.NS
2023-08-08,1235.016357421875,1247.7178038434138,1230.536470478926,1244.5424722858313,9844072,RELIANCE.NS
2023-08-09,1243.1639404296875,1245.034716513302,1221.453442754676,1233.1456430382627,11486586,RELIANCE.NS
2023-08-10,1248.702392578125,1255.3731247892663,1234.9179033647526,1243.0409059369185,15470598,RELIANCE.NS
2023-08-11,1253.9700927734375,1259.7301365729732,1236.8380369520157,1246.733259512152,22179330,RELIANCE.NS
2023-08-14,1268.788330078125,1271.274485095857,1243.065489745762,1249.9577340453427,9575812,RELIANCE.NS
2023-08-16,1267.7545166015625,1271.5207081344915,1255.8654425931288,1255.8654425931288,10203112,RELIANCE.NS
2023-08-17,1249.465576171875,1269.2069834305885,1246.9302626576266,1263.7916479940673,13673744,RELIANCE.NS
2023-08-18,1258.7208251953125,1268.960755625946,1234.9671961841154,1246.142454602955,18639978,RELIANCE.NS
2023-08-21,1244.986328125,1262.5000997685252,1242.8371963360953,1254.8424457661688,9221746,RELIANCE.NS
2023-08-22,1244.6898193359375,1253.8543258928648,1234.6114071159911,1243.4547138866417,7713044,RELIANCE.NS
2023-08-23,1246.0733642578125,1256.275409297995,1243.4796423923776,1247.0614487779783,9517952,RELIANCE.NS
2023-08-24,1225.1258544921875,1254.8177179260883,1220.7782590700385,1254.8177179260883,14140020,RELIANCE.NS
2023-08-25,1219.4691162109375,1237.5757146480018,1206.747529523438,1213.3676467766436,22222400,RELIANCE.NS
2023-08-28,1207.315673828125,1227.2008731617648,1201.0660879981488,1221.272366528133,12580826,RELIANCE.NS
2023-08-29,1195.755126953125,1212.107851949824,1189.7277154191993,1211.4162410930335,16876644,RELIANCE.NS
2023-08-30,1194.6187744140625,1206.9451032694478,1193.1119215700844,1201.5106390304122,12168946,RELIANCE.NS
2023-08-31,1189.15966796875,1198.0524282609965,1185.651919829385,1197.0643437840804,21638600,RELIANCE.NS
2023-09-01,1191.950927734375,1198.3734766692594,1186.5164632510111,1188.9373425267036,18112842,RELIANCE.NS
2023-09-04,1190.9874267578125,1197.3852486913688,1188.3196473047951,1191.9507848594153,9347626,RELIANCE.NS
2023-09-05,1197.36083984375,1202.4741047382813,1191.852196412095,1195.5822395056102,8675876,RELIANCE.NS
2023-09-06,1199.8802490234375,1203.5608392350891,1194.2234900414205,1196.1256007292052,8200370,RELIANCE.NS
2023-09-07,1201.5106201171875,1204.5983838407617,1191.1357340059783,1196.421961377583,13652572,RELIANCE.NS
2023-09-08,1209.51416015625,1213.3677136631895,1197.039593881822,1205.463038004146,23109288,RELIANCE.NS
2023-09-11,1222.556884765625,1223.668479723262,1211.391482722607,1211.391482722607,13271074,RELIANCE.NS
2023-09-12,1204.8948974609375,1226.7068128830886,1203.462102676104,1226.7068128830886,16255666,RELIANCE.NS
2023-09-13,1210.922119140625,1216.652936105206,1198.6698488550378,1205.462928884613,12803338,RELIANCE.NS
2023-09-14,1212.0338134765625,1218.2093412827492,1207.9332388900991,1215.3438722575231,9209636,RELIANCE.NS
2023-09-15,1214.28173828125,1219.2962186489121,1210.156437431325,1219.2962186489121,25468592,RELIANCE.NS
2023-09-18,1203.709228515625,1210.8975674516837,1201.535490839137,1205.487828880595,7516300,RELIANCE.NS
2023-09-20,1176.8826904296875,1199.3370070481767,1163.4694916701224,1197.089090701199,57081884,RELIANCE.NS
2023-09-21,1168.31103515625,1180.8103271156433,1165.9396084396587,1173.3255153106452,12226182,RELIANCE.NS
2023-09-22,1163.4447021484375,1177.0308632017375,1160.9992172819989,1173.8443150051187,19176786,RELIANCE.NS
2023-09-25,1156.2811279296875,1166.2854832156668,1153.638074334712,1161.1968240581607,14254884,RELIANCE.NS
2023-09-26,1157.2939453125,1161.0980464311394,1153.8851021083722,1155.342502590839,10087782,RELIANCE.NS
2023-09-27,1170.336669921875,1171.769464855697,1155.3178333556975,1157.7880446735417,11722778,RELIANCE.NS
2023-09-28,1153.14404296875,1177.3026603074284,1148.6482103293206,1177.3026603074284,14518346,RELIANCE.NS
2023-09-29,1158.529052734375,1170.435518964013,1153.1440405649926,1156.9481416896208,12342014,RELIANCE.NS
2023-10-03,1145.263916015625,1153.885049186791,1144.2017734963838,1151.0936382938999,8859056,RELIANCE.NS
2023-10-04,1143.2877197265625,1145.683872665596,1133.8763122199225,1140.7434506187415,10286386,RELIANCE.NS
2023-10-05,1143.26318359375,1150.8219332922222,1140.743519950406,1145.8074528562056,10953682,RELIANCE.NS
2023-10-06,1145.18994140625,1148.5494528467332,1142.2504141267464,1144.7206253894863,5431026,RELIANCE.NS
2023-10-09,1135.4324951171875,1142.200849187487,1133.826857954507,1140.2988590719287,7576878,RELIANCE.NS
2023-10-10,1140.447021484375,1145.1404226117538,1138.1497733893898,1139.5331157395624,10236032,RELIANCE.NS
2023-10-11,1158.5537109375,1160.8509589721596,1142.7196339530417,1143.4359710357805,9814118,RELIANCE.NS
2023-10-12,1160.7027587890625,1165.6185754357678,1155.1447837404767,1157.9609209243824,12554450,RELIANCE.NS
2023-10-13,1160.6534423828125,1164.7045645712087,1150.6984190160554,1156.058825491677,10150316,RELIANCE.NS
2023-10-16,1158.059814453125,1163.247258320988,1154.082750031272,1158.5291304894404,5929036,RELIANCE.NS
2023-10-17,1163.593017578125,1165.7914814830851,1156.7011522648252,1163.963549268257,7928180,RELIANCE.NS
2023-10-18,1148.1541748046875,1169.3979912920374,1146.6720480730119,1163.5929949263082,8918320,RELIANCE.NS
2023-10-19,1139.33544921875,1147.0672825471008,1136.7911799610206,1142.2256445327594,12032556,RELIANCE.NS
2023-10-20,1135.8525390625,1143.559525479833,1134.4691966955595,1136.2971288231192,8913312,RELIANCE.NS
2023-10-23,1118.1163330078125,1139.3848747937852,1114.1887214650121,1131.356688684127,7853962,RELIANCE.NS
2023-10-25,1115.5225830078125,1127.0090643806484,1108.1366760976812,1111.6196977984057,11620688,RELIANCE.NS
2023-10-26,1099.9849853515625,1115.5473150342816,1096.9219477593886,1112.089019549233,15222534,RELIANCE.NS
2023-10-27,1119.40087890625,1123.204979852311,1104.6536704890175,1106.654565590137,11771084,RELIANCE.NS
2023-10-30,1142.47265625,1148.6481841216216,1121.4511352518443,1123.4520304054054,16813304,RELIANCE.NS
2023-10-31,1130.3192138671875,1150.1303563093797,1127.8490026208185,1150.1303563093797,12808438,RELIANCE.NS
2023-11-01,1135.0125732421875,1144.9428703315039,1124.0448598372486,1130.9367248364767,10309190,RELIANCE.NS
2023-11-02,1146.2767333984375,1148.302354744411,1140.2247162104195,1143.1889695269997,10562104,RELIANCE.NS
2023-11-03,1146.0296630859375,1153.5638066087804,1144.078220526126,1149.7349795725816,8850156,RELIANCE.NS
2023-11-06,1155.564697265625,1156.0587394619763,1148.9445800808262,1152.2546386732256,10647304,RELIANCE.NS
2023-11-07,1148.0552978515625,1155.614167696399,1145.9556184844287,1153.1192304428853,6960204,RELIANCE.NS
2023-11-08,1154.033203125,1156.552866758098,1147.042553778562,1152.1064866637696,7884494,RELIANCE.NS
2023-11-09,1141.50927734375,1154.0331752710283,1138.3720609954937,1154.0085696526105,14513610,RELIANCE.NS
2023-11-10,1143.6583251953125,1144.3747829309668,1135.3337858785344,1139.039102652828,7734954,RELIANCE.NS
2023-11-13,1143.51025390625,1148.4506764659145,1142.0774589944763,1147.6107081381433,3854810,RELIANCE.NS
2023-11-15,1164.185791015625,1166.9030232858888,1149.6362714370953,1156.0588204395372,12220648,RELIANCE.NS
2023-11-16,1166.285400390625,1172.9302438744137,1159.4923201233041,1161.542667627995,13134910,RELIANCE.NS
2023-11-17,1163.7412109375,1172.4857343750468,1162.012063114762,1162.4319266451018,7758634,RELIANCE.NS
2023-11-20,1160.6781005859375,1165.1490860409533,1154.2801575494677,1160.2828426994563,4490186,RELIANCE.NS
2023-11-21,1175.2769775390625,1179.7728099438689,1166.0384122376151,1168.9038812090425,8214450,RELIANCE.NS
2023-11-22,1179.87158203125,1182.9593458443583,1171.9669066696931,1173.3502489811203,8534814,RELIANCE.NS
2023-11-23,1183.4781494140625,1185.7013394254852,1179.8716170501546,1179.8716170501546,8531542,RELIANCE.NS
2023-11-24,1182.6876220703125,1186.9858858764198,1181.2796741129466,1181.5514214570694,6749486,RELIANCE.NS
2023-11-28,1182.9346923828125,1185.5531403805655,1173.4738317237427,1182.6876712625676,13792174,RELIANCE.NS
2023-11-29,1186.047119140625,1191.605094048659,1184.7379555197092,1189.6536514263266,12531306,RELIANCE.NS
2023-11-30,1174.5606689453125,1186.0471507278282,1170.8306260067593,1183.0828973645985,28439984,RELIANCE.NS
2023-12-01,1182.8853759765625,1183.922792325671,1174.6348945757863,1174.8324632282502,14342842,RELIANCE.NS
2023-12-04,1195.6810302734375,1210.4035134582498,1185.0097900344595,1210.4035134582498,15590990,RELIANCE.NS
2023-12-05,1204.3514404296875,1205.8830195816831,1196.3973123183705,1204.9689932142376,12693624,RELIANCE.NS
2023-12-06,1215.887451171875,1221.7417795681863,1202.992899973077,1208.9708595498532,16422442,RELIANCE.NS
2023-12-07,1213.886474609375,1215.813191043024,1206.4511149904754,1215.3438750518303,8142096,RELIANCE.NS
2023-12-08,1213.244140625,1223.5943006598802,1207.9331869400896,1217.2459307176134,10204894,RELIANCE.NS
2023-12-11,1215.022705078125,1219.098553135076,1211.5890153738967,1213.367615499601,7066138,RELIANCE.NS
2023-12-12,1197.5830078125,1217.7892853568703,1195.6561708810905,1215.3438006129375,9197124,RELIANCE.NS
2023-12-13,1202.4739990234375,1204.6478570918039,1188.8137803209581,1196.570218805253,10031182,RELIANCE.NS
2023-12-14,1217.39404296875,1222.7297228698085,1206.7721356331074,1212.3795628682321,16972354,RELIANCE.NS
2023-12-15,1232.9317626953125,1235.1055001292314,1220.3089603608373,1224.236571728094,15932152,RELIANCE.NS
2023-12-18,1245.4803466796875,1252.3474847954778,1230.634354917611,1232.9317234441762,14165188,RELIANCE.NS
2023-12-19,1263.8094482421875,1271.615218807123,1247.5553868731267,1262.2778691174958,16820604,RELIANCE.NS
2023-12-20,1248.518798828125,1283.9417239360823,1244.9864450577063,1270.207325538083,17736722,RELIANCE.NS
2023-12-21,1266.008056640625,1271.4177954317774,1244.1219597225854,1248.444829631281,13765454,RELIANCE.NS
2023-12-22,1267.2430419921875,1275.0735389423144,1258.6466348491601,1264.550535970751,16541784,RELIANCE.NS
2023-12-26,1273.66552734375,1280.5326657287192,1266.0819312708138,1268.7003790735205,7465664,RELIANCE.NS
2023-12-27,1278.01318359375,1284.4603381656593,1271.2201029702012,1275.6170305456778,9204156,RELIANCE.NS
2023-12-28,1287.2518310546875,1290.4383794995902,1278.0132649417642,1279.470665481518,12302636,RELIANCE.NS
2023-12-29,1277.074462890625,1291.4264140714613,1274.2831724837226,1289.9937398232034,10864584,RELIANCE.NS
2024-01-01,1279.69287109375,1287.8940202608817,1271.2447008145452,1274.9006856426909,4030540,RELIANCE.NS
2024-01-02,1290.2900390625,1291.920402508132,1271.1706293129728,1277.099135940161,7448800,RELIANCE.NS
2024-01-03,1276.25927734375,1301.3071935056118,1273.2455715878027,1289.450180352941,9037536,RELIANCE.NS
2024-01-04,1282.854736328125,1289.3761903993159,1274.1843914947026,1278.581319191514,9612778,RELIANCE.NS
2024-01-05,1288.3138427734375,1294.3165279752034,1283.521657474919,1285.9424160498672,8086406,RELIANCE.NS
2024-01-08,1278.26025390625,1300.2944657165137,1269.1698042070248,1289.4502625359673,7734652,RELIANCE.NS
2024-01-09,1274.8759765625,1287.8693113555237,1273.245613077726,1284.5098000629723,5403074,RELIANCE.NS
2024-01-10,1309.261474609375,1313.6584025883456,1272.183577934786,1273.1469362430112,11102740,RELIANCE.NS
2024-01-11,1343.696044921875,1346.265040325212,1312.6701695941608,1313.6582540274271,23725852,RELIANCE.NS
2024-01-12,1354.39208984375,1356.961085397271,1329.7147038034357,1343.6961234746648,15012164,RELIANCE.NS
2024-01-15,1377.51318359375,1379.8104316098675,1349.723309451493,1358.616069177015,8610594,RELIANCE.NS
2024-01-16,1358.24560546875,1379.6623844587446,1354.1697570573224,1373.4126778584214,9069024,RELIANCE.NS
2024-01-17,1345.3509521484375,1369.7567088979374,1338.879071777444,1343.3007252899447,12197382,RELIANCE.NS
2024-01-18,1351.650146484375,1354.6638524622786,1335.1491835446054,1335.2974203430863,10279438,RELIANCE.NS
2024-01-19,1351.1561279296875,1359.6042988176375,1342.806861986315,1359.6042988176375,10422704,RELIANCE.NS
2024-01-23,1312.7442626953125,1355.4048574857818,1306.791150318716,1355.4048574857818,20055420,RELIANCE.NS
2024-01-24,1327.8619384765625,1333.4199132911328,1308.1497027138623,1319.314984194113,21919128,RELIANCE.NS
2024-01-25,1336.952392578125,1347.895500834099,1319.2903820615336,1326.9480369708251,11808872,RELIANCE.NS
2024-01-29,1430.795654296875,1435.1925816017736,1343.9677382154596,1348.241154971167,23893438,RELIANCE.NS
2024-01-30,1390.852294921875,1442.5784888178382,1387.690473107798,1442.5537625848374,14093978,RELIANCE.NS
2024-01-31,1409.6259765625,1417.1601204834947,1385.788439238697,1387.2705659116798,15130226,RELIANCE.NS
2024-02-01,1409.650634765625,1426.1515960154993,1401.1531330404457,1417.9011153905622,13349362,RELIANCE.NS
2024-02-02,1440.33056640625,1457.3256902760372,1416.0978932450594,1416.0978932450594,19652588,RELIANCE.NS
2024-02-05,1421.878173828125,1452.9781061073709,1414.4675408489986,1443.3442832345067,8814432,RELIANCE.NS
2024-02-06,1410.7869873046875,1424.6695010773788,1402.9069175392074,1424.6695010773788,9047984,RELIANCE.NS
2024-02-07,1424.966064453125,1432.2284612961826,1412.2197504708995,1418.8152626559165,9296568,RELIANCE.NS
2024-02-08,1432.845947265625,1442.0845126481563,1410.515263064875,1432.7224367107362,14694634,RELIANCE.NS
2024-02-09,1443.3443603515625,1454.4355841797649,1433.661084495157,1436.6747903139974,12556798,RELIANCE.NS
2024-02-12,1435.04443359375,1443.5913882496639,1425.163589047209,1443.3443671360003,6674430,RELIANCE.NS
2024-02-13,1447.6424560546875,1461.3768535820275,1436.6747431428453,1438.1568697691962,7715594,RELIANCE.NS
2024-02-14,1463.7236328125,1465.9715491065435,1440.1331160740654,1440.1331160740654,7117888,RELIANCE.NS
2024-02-15,1453.076904296875,1467.0335965408115,1449.0505085860837,1465.674980481667,10006782,RELIANCE.NS
2024-02-16,1443.1712646484375,1459.4005984941116,1441.1704903137313,1458.881830082394,9767498,RELIANCE.NS
2024-02-19,1456.4364013671875,1461.8708655513933,1436.2053974591388,1444.6288410678121,6729828,RELIANCE.NS
2024-02-20,1453.4969482421875,1457.9186020207894,1444.3818933388152,1457.4492860314679,7117496,RELIANCE.NS
2024-02-21,1450.2115478515625,1470.7884795851646,1440.1825868389801,1456.4365283424868,12720292,RELIANCE.NS
2024-02-22,1464.0941162109375,1467.2559381666686,1440.6271108051608,1450.6561919754163,18493728,RELIANCE.NS
2024-02-23,1475.82763671875,1479.7059164315408,1465.6750448712426,1471.7517883622584,14438584,RELIANCE.NS
2024-02-26,1469.6025390625,1476.7168189041834,1464.8350802180469,1475.7534607654734,7513106,RELIANCE.NS
2024-02-27,1467.9476318359375,1482.0771665679397,1460.4382144226488,1465.3539102526265,10826044,RELIANCE.NS
2024-02-28,1438.2802734375,1473.5055044292124,1432.8952620082478,1465.3290823583084,8647950,RELIANCE.NS
2024-02-29,1443.393798828125,1461.352161163495,1437.1935448412644,1447.5437052316252,23628976,RELIANCE.NS
2024-03-01,1474.345458984375,1482.1266237591103,1445.0734581651325,1446.061542580972,12132926,RELIANCE.NS
2024-03-04,1489.4384765625,1494.4282305064353,1469.503825173054,1472.7150995331629,10024420,RELIANCE.NS
2024-03-05,1482.32421875,1489.4384990399915,1468.3429205099196,1487.8328618357061,7107668,RELIANCE.NS
2024-03-06,1485.0909423828125,1491.0194491388315,1460.8828731290673,1475.654687549837,7805676,RELIANCE.NS
2024-03-07,1461.3028564453125,1485.1897258668157,1457.968071396935,1485.0662153094684,8315726,RELIANCE.NS
2024-03-11,1449.12451171875,1471.257625711574,1446.0614742974403,1471.257625711574,11277130,RELIANCE.NS
2024-03-12,1457.844482421875,1470.269595576354,1447.568380480176,1449.1245651727334,9432678,RELIANCE.NS
2024-03-13,1415.10986328125,1465.4279903850718,1410.7622676768488,1462.142657909758,13522134,RELIANCE.NS
2024-03-14,1414.418212890625,1431.2651015924712,1408.5144322207132,1422.5451836499767,18571102,RELIANCE.NS
2024-03-15,1401.3260498046875,1416.1473166057365,1396.0645483366263,1408.9589780840722,19223818,RELIANCE.NS
2024-03-18,1422.32275390625,1424.5459437848976,1399.6462653903534,1403.0798345242215,9169392,RELIANCE.NS
2024-03-19,1408.267333984375,1420.4701525728194,1400.3626585436627,1411.7256294896865,8275764,RELIANCE.NS
2024-03-20,1426.546875,1427.7819805194806,1407.056934025752,1410.935092987457,8488806,RELIANCE.NS
2024-03-21,1433.685791015625,1440.5283239841642,1427.460931435626,1435.2173701383908,13006936,RELIANCE.NS
2024-03-22,1437.6876220703125,1442.6033181580033,1430.1040255590262,1432.6977472783171,19527608,RELIANCE.NS
2024-03-26,1424.397705078125,1435.0937909604027,1421.8534360223084,1427.7819423573562,11415906,RELIANCE.NS
2024-03-27,1475.0618896484375,1482.126717793074,1429.7582404310522,1430.7463249095808,16326644,RELIANCE.NS
2024-03-28,1468.145263671875,1488.0057370987279,1461.0311038405712,1475.0865810929813,21854364,RELIANCE.NS
2024-04-01,1467.0831298828125,1476.1734586788064,1464.8352136106084,1474.691331987126,5013880,RELIANCE.NS
2024-04-02,1469.2320556640625,1476.198098955644,1457.4244952875333,1466.3172549197961,8910166,RELIANCE.NS
2024-04-03,1454.0650634765625,1466.7619246317818,1451.397283687729,1464.4152240453116,7008292,RELIANCE.NS
2024-04-04,1445.493408203125,1462.117879861305,1432.7223691832353,1462.117879861305,14490272,RELIANCE.NS
2024-04-05,1442.7020263671875,1453.274601948929,1438.6509043996564,1443.467815909923,7442298,RELIANCE.NS
2024-04-08,1468.2686767578125,1473.2090987059642,1443.5912932499484,1445.5427357963142,8357118,RELIANCE.NS
2024-04-09,1446.2098388671875,1472.0482715276003,1445.0735176190665,1471.2577557160955,7071414,RELIANCE.NS
2024-04-10,1461.945068359375,1469.281643980642,1448.8776750369068,1448.8776750369068,9138330,RELIANCE.NS
2024-04-12,1449.6680908203125,1468.7627741208264,1445.6415744118667,1458.2891033204971,15551012,RELIANCE.NS
2024-04-15,1447.3707275390625,1464.4646364315843,1429.0911655763507,1443.591352839028,12902062,RELIANCE.NS
2024-04-16,1448.2847900390625,1453.6451964542034,1433.6364862387566,1436.0325186728678,9366184,RELIANCE.NS
2024-04-18,1446.876708984375,1468.2934876101954,1441.9610129858208,1446.0615875622616,19005692,RELIANCE.NS
2024-04-19,1452.6077880859375,1456.4366156882386,1425.8307211065503,1439.4168835663286,15741778,RELIANCE.NS
2024-04-22,1462.2166748046875,1465.1562017707047,1450.3103301575065,1454.9048261235944,10350362,RELIANCE.NS
2024-04-23,1441.936279296875,1475.7041133303053,1438.20635702296,1461.3768889290402,14605554,RELIANCE.NS
2024-04-24,1432.895263671875,1451.0513135165108,1432.2282584925008,1446.0614393265091,10462776,RELIANCE.NS
2024-04-25,1442.57861328125,1450.4832891142164,1424.3237766526493,1425.31186113177,15943926,RELIANCE.NS
2024-04-26,1435.2421875,1447.5437912682185,1432.7225237808307,1446.5062542977878,9413848,RELIANCE.NS
2024-04-29,1447.568359375,1450.4091019997668,1432.7223672737166,1432.7223672737166,7247974,RELIANCE.NS
2024-04-30,1449.5198974609375,1465.403306850403,1445.4440490785064,1450.5079819172845,11474262,RELIANCE.NS
2024-05-02,1449.0753173828125,1459.7218309784546,1446.6791643138517,1454.460329459568,14512646,RELIANCE.NS
2024-05-03,1416.9130859375,1457.3750954799905,1399.275802819383,1453.4722101911175,17226958,RELIANCE.NS
2024-05-06,1402.610595703125,1422.841600588335,1401.1037428015688,1418.3952205864964,7394208,RELIANCE.NS
2024-05-07,1384.775634765625,1403.8209867220144,1375.4135586957902,1399.1028593353728,14517472,RELIANCE.NS
2024-05-08,1401.6473388671875,1415.8756594095175,1380.8481115524094,1380.8481115524094,9439002,RELIANCE.NS
2024-05-09,1377.51318359375,1406.7851843569276,1373.437335386219,1396.1632769069981,11009612,RELIANCE.NS
2024-05-10,1390.65478515625,1393.1990543318577,1371.535254832905,1380.106935558881,10505096,RELIANCE.NS
2024-05-13,1385.9859619140625,1390.210046915121,1367.5088315833425,1383.2193979190515,8456620,RELIANCE.NS
2024-05-14,1403.1539306640625,1410.070521585227,1383.342910466477,1384.2815424166113,7188300,RELIANCE.NS
2024-05-15,1399.3992919921875,1412.9360003572742,1396.1880176135714,1403.5739245612333,5046534,RELIANCE.NS
2024-05-16,1408.3660888671875,1410.4904944706304,1381.3667306256436,1401.6471872524828,14711774,RELIANCE.NS
2024-05-17,1418.5927734375,1420.0749000882806,1396.4103261437938,1406.0936018418706,10916476,RELIANCE.NS
2024-05-21,1419.0128173828125,1424.6448506468714,1408.6132041549795,1408.6132041549795,11176128,RELIANCE.NS
2024-05-22,1443.24560546875,1451.2737917888355,1419.1610465084934,1419.1610465084934,10281604,RELIANCE.NS
2024-05-23,1468.3428955078125,1474.4442444107415,1437.6628261266358,1441.1705740518107,14608260,RELIANCE.NS
2024-05-24,1462.6119384765625,1470.7636348065282,1458.5113640783345,1465.9467233388211,7094776,RELIANCE.NS
2024-05-27,1448.77880859375,1467.2066075031105,1444.134859977049,1462.587264504762,6629010,RELIANCE.NS
2024-05-28,1438.8485107421875,1460.8828419616084,1435.4396676765145,1450.5079553599196,7820162,RELIANCE.NS
2024-05-29,1423.6072998046875,1440.6270291639403,1421.3099312467443,1429.2640587693002,7383556,RELIANCE.NS
2024-05-30,1407.8720703125,1423.2368313836507,1403.178669288835,1418.3951935729253,13206858,RELIANCE.NS
2024-05-31,1413.35595703125,1425.0647331073133,1405.3030450073677,1414.245257118902,31069832,RELIANCE.NS
2024-06-03,1492.32861328125,1496.4539141466187,1441.6152266357983,1465.3292536675044,21527942,RELIANCE.NS
2024-06-04,1380.625732421875,1480.1999676014107,1343.1032493273078,1480.1999676014107,36709098,RELIANCE.NS
2024-06-05,1403.821044921875,1414.097147783154,1367.6077240917773,1405.0561505394378,17464890,RELIANCE.NS
2024-06-06,1414.5416259765625,1426.4974232883105,1404.4137607114592,1417.9011371144834,17855722,RELIANCE.NS
2024-06-07,1452.4345703125,1454.4601915157414,1409.5023527154926,1411.478521453965,18558696,RELIANCE.NS
2024-06-10,1453.867431640625,1475.5558362929214,1450.5819785928986,1452.4346368701142,9251760,RELIANCE.NS
2024-06-11,1439.31787109375,1456.1153056542432,1437.3417023219272,1451.4959629037996,11774902,RELIANCE.NS
2024-06-12,1445.8885498046875,1458.41256776401,1437.835758473946,1440.1330064471847,10081742,RELIANCE.NS
2024-06-13,1447.790771484375,1454.7073627830548,1442.7021123343332,1454.4603416652449,9181160,RELIANCE.NS
2024-06-14,1459.9442138671875,1462.0438933040555,1439.8613252368543,1452.4841280922399,8157998,RELIANCE.NS
2024-06-18,1463.3778076171875,1469.6768460329972,1453.8180422457062,1469.6273935638167,7196766,RELIANCE.NS
2024-06-19,1441.2694091796875,1469.7756214798555,1438.650961260282,1469.7756214798555,8725874,RELIANCE.NS
2024-06-20,1456.1400146484375,1465.181011544537,1432.8212456085912,1441.6152213906755,16113776,RELIANCE.NS
2024-06-21,1436.872314453125,1457.1280450509373,1423.4096642387256,1456.0659025463858,31170360,RELIANCE.NS
2024-06-24,1424.2989501953125,1432.2283517054532,1420.3713387903338,1428.3007403004744,8878386,RELIANCE.NS
2024-06-25,1436.822998046875,1438.576872033328,1423.8296636688654,1425.8058325289194,7045386,RELIANCE.NS
2024-06-26,1495.9844970703125,1500.875466568816,1427.905458276952,1428.8194845866847,22014882,RELIANCE.NS
2024-06-27,1512.3126220703125,1519.1797603831344,1488.0551018777237,1495.7127559544517,28383030,RELIANCE.NS
2024-06-28,1546.7474365234375,1562.1615299634889,1512.782033239127,1512.782033239127,28957336,RELIANCE.NS
2024-07-01,1541.5599365234375,1560.5805616644209,1537.138282854078,1543.9066370278445,7724306,RELIANCE.NS
2024-07-02,1546.525146484375,1554.7509013864856,1538.4475077589818,1550.7985635373939,7749246,RELIANCE.NS
2024-07-03,1533.927001953125,1556.2329594590622,1524.391963189475,1547.661278880494,9049620,RELIANCE.NS
2024-07-04,1535.5079345703125,1548.822348177101,1532.321386398175,1538.447461634288,6837176,RELIANCE.NS
2024-07-05,1569.6956787109375,1579.4530127748421,1529.5547474353805,1535.3102911811948,12269710,RELIANCE.NS
2024-07-08,1581.824462890625,1589.6303543798022,1563.6684106310508,1570.0662334946016,9500806,RELIANCE.NS
2024-07-09,1571.325927734375,1581.4290665009253,1561.6673786971023,1578.563597646217,6960002,RELIANCE.NS
2024-07-10,1565.3480224609375,1578.4648673124634,1544.5241914718106,1575.9946562525065,7134578,RELIANCE.NS
2024-07-11,1561.815673828125,1585.1344421846698,1551.786592769845,1568.5840280306456,11940946,RELIANCE.NS
2024-07-12,1577.69921875,1586.0238790122883,1555.739064587694,1565.619909710512,12924784,RELIANCE.NS
2024-07-15,1578.1932373046875,1586.7154660951303,1566.607970695329,1585.332123675554,5329688,RELIANCE.NS
2024-07-16,1557.4681396484375,1580.9351457176842,1550.4280378276635,1574.5125966882063,9386838,RELIANCE.NS
2024-07-18,1567.7689208984375,1574.9078068261192,1539.2625884242743,1557.2210712967385,12298374,RELIANCE.NS
2024-07-19,1536.61962890625,1571.029623251694,1534.2976544625544,1567.1020115011324,13140390,RELIANCE.NS
2024-07-22,1482.793701171875,1519.1798633102128,1481.4103587992008,1518.9328421942273,19674376,RELIANCE.NS
2024-07-23,1470.1708984375,1487.808182000688,1445.5675711552426,1483.1147807956386,18052044,RELIANCE.NS
2024-07-24,1477.8779296875,1491.5135439533938,1458.8079713194404,1467.3054738461674,11913362,RELIANCE.NS
2024-07-25,1474.6171875,1482.595920809754,1459.474721651074,1463.3530011800513,12519876,RELIANCE.NS
2024-07-26,1491.044189453125,1494.4037007697482,1472.59166375446,1474.6172851615388,9859940,RELIANCE.NS
2024-07-29,1501.9871826171875,1509.2990318372968,1493.7614276294273,1493.9342700426573,7538550,RELIANCE.NS
2024-07-30,1495.1199951171875,1506.8287716127938,1492.0075050067665,1498.9488223237445,8228208,RELIANCE.NS
2024-07-31,1487.4869384765625,1492.4519658681731,1483.2628537354879,1486.0788700242824,10057346,RELIANCE.NS
2024-08-01,1497.244384765625,1499.9121644798522,1486.37545603751,1493.9836579008804,10764222,RELIANCE.NS
2024-08-02,1481.4595947265625,1491.3404387261814,1475.481756476256,1487.0670219426547,10268248,RELIANCE.NS
2024-08-05,1430.0792236328125,1466.2184833782828,1416.1719837774867,1462.3649300475706,17046704,RELIANCE.NS
2024-08-06,1438.700439453125,1459.8948030686215,1434.0316438440889,1437.8111393077952,10236186,RELIANCE.NS
2024-08-07,1447.3707275390625,1454.954323788822,1444.0853950542364,1451.4960282823629,8174568,RELIANCE.NS
2024-08-08,1431.85791015625,1447.5437511456266,1428.6960880928925,1440.157843842289,12387192,RELIANCE.NS
2024-08-09,1456.7330322265625,1458.9067698886504,1438.6510375603623,1442.6033755756382,6249776,RELIANCE.NS
2024-08-12,1443.220947265625,1455.4484931603017,1440.380204279993,1452.4842396100769,8184584,RELIANCE.NS
2024-08-13,1446.1851806640625,1452.5582774619256,1440.6272053348387,1443.3444377180147,6265064,RELIANCE.NS
2024-08-14,1444.4312744140625,1454.4603560192809,1436.3783617708266,1446.1110904012166,6267466,RELIANCE.NS
2024-08-16,1460.5863037109375,1462.760161748311,1440.676499654279,1451.1501701128775,9416902,RELIANCE.NS
2024-08-19,1475.65625,1485.47150978375,1467.8238660907393,1469.8067419652286,13797742,RELIANCE.NS
2024-08-20,1483.1416015625,1491.0484162933285,1477.2674041310693,1484.4057091952604,8411808,RELIANCE.NS
2024-08-21,1485.8433837890625,1494.964564922092,1477.2426107826689,1480.464784262564,7769996,RELIANCE.NS
2024-08-22,1485.2979736328125,1493.6012664349316,1477.8869991875908,1490.1312336221058,10445782,RELIANCE.NS
2024-08-23,1487.1322021484375,1498.3849993365056,1485.5955458508122,1490.8749048344312,9249654,RELIANCE.NS
2024-08-26,1499.6490478515625,1509.9600269352031,1490.131267553257,1494.0722092753902,8816114,RELIANCE.NS
2024-08-27,1487.6031494140625,1500.516654009415,1486.6117113802566,1497.5671500638725,6251156,RELIANCE.NS
2024-08-28,1485.4715576171875,1494.567928369235,1480.2168879705305,1492.1141436005682,9610286,RELIANCE.NS
2024-08-29,1507.90283203125,1523.8401488737275,1481.2083164719252,1490.2303777286736,38335358,RELIANCE.NS
2024-08-30,1496.6995849609375,1526.5418444404818,1490.4534771750382,1520.865886117465,41620730,RELIANCE.NS
2024-09-02,1503.267822265625,1513.7275412609433,1493.7252318027681,1497.9388431759776,11240852,RELIANCE.NS
2024-09-03,1496.203857421875,1509.9600595401412,1494.5927706873033,1508.2250430567562,10923800,RELIANCE.NS
2024-09-04,1501.5823974609375,1504.50709100704,1486.6612078847159,1487.850885016148,11983304,RELIANCE.NS
2024-09-05,1480.192138671875,1512.7113538076746,1474.3179410781217,1506.0439573959175,16264168,RELIANCE.NS
2024-09-06,1452.2830810546875,1484.182646260627,1449.110527949692,1479.721175380084,19394228,RELIANCE.NS
2024-09-09,1449.9283447265625,1457.339440034618,1443.1370191466497,1453.943716732093,9010298,RELIANCE.NS
2024-09-10,1449.0113525390625,1459.4462610127246,1445.0951000796938,1447.9951044503912,10768260,RELIANCE.NS
2024-09-11,1439.0721435546875,1456.1744477064742,1435.1560121734635,1450.5232999620255,9760202,RELIANCE.NS
2024-09-12,1467.1298828125,1473.2767495080643,1433.4953029575859,1444.5250498204912,22349376,RELIANCE.NS
2024-09-13,1460.016357421875,1470.451266381587,1456.918113729867,1463.7590600068495,8711328,RELIANCE.NS
2024-09-16,1458.752197265625,1468.2204780575375,1452.2087310287416,1464.8991851443227,5481774,RELIANCE.NS
2024-09-17,1459.6942138671875,1464.8248328952707,1454.0677548146177,1461.3796100548857,5935328,RELIANCE.NS
2024-09-18,1450.919921875,1469.3111455549956,1448.0448484372855,1457.413889315684,8574714,RELIANCE.NS
2024-09-19,1457.0916748046875,1463.8581906691413,1443.0876132109174,1453.6959512825117,16955902,RELIANCE.NS
2024-09-20,1473.2025146484375,1482.1997658201985,1458.7770437683578,1461.3795684407844,30897320,RELIANCE.NS
2024-09-23,1480.5887451171875,1488.6441789861601,1476.2015834923338,1478.2340798324108,8832314,RELIANCE.NS
2024-09-24,1476.6229248046875,1487.6526722077606,1475.1357678514642,1475.7554165819738,17137444,RELIANCE.NS
2024-09-25,1481.15869140625,1483.6869066134093,1467.5264194610884,1471.1948125268714,7069002,RELIANCE.NS
2024-09-26,1485.12451171875,1491.122760061236,1475.309372285805,1477.8870868947113,18818998,RELIANCE.NS
2024-09-27,1513.10791015625,1520.345334807694,1479.2254687210307,1486.1655345930462,20597478,RELIANCE.NS
2024-09-30,1463.9324951171875,1511.9181178232873,1461.7761901136828,1506.3908994638518,27008814,RELIANCE.NS
2024-10-01,1452.2830810546875,1475.2100841908111,1450.3002051077794,1467.9726595996829,16431642,RELIANCE.NS
2024-10-03,1394.928466796875,1436.9902726871705,1390.070396353704,1424.2750076222521,37757294,RELIANCE.NS
2024-10-04,1374.653564453125,1405.2145916660443,1369.9442340651563,1391.9046094477658,37072876,RELIANCE.NS
2024-10-07,1358.9888916015625,1384.5432314460647,1349.7189700751067,1381.5689173076198,22181340,RELIANCE.NS
2024-10-08,1385.3858642578125,1389.004637160655,1353.4119887771337,1361.2195630224157,17020808,RELIANCE.NS
2024-10-09,1362.8306884765625,1388.979866453412,1360.7486928237201,1385.5594536683957,14310610,RELIANCE.NS
2024-10-10,1359.31103515625,1374.132983939481,1357.699948504806,1368.209166456891,22358646,RELIANCE.NS
2024-10-11,1360.35205078125,1371.4314188021033,1357.1050671377104,1358.2700551936466,7980122,RELIANCE.NS
2024-10-14,1360.7734375,1368.2587216327886,1356.5350159311083,1367.6390728953818,12221432,RELIANCE.NS
2024-10-15,1332.5174560546875,1359.9554295521655,1329.2208521541709,1346.8933067731043,33762794,RELIANCE.NS
2024-10-16,1342.4813232421875,1352.3213935222657,1326.1722170162907,1328.5268821992931,20034438,RELIANCE.NS
2024-10-17,1344.811279296875,1356.7332239102464,1340.4737382347967,1354.0067695283685,15543660,RELIANCE.NS
2024-10-18,1347.66162109375,1356.70849216764,1329.840427555484,1340.5976258716714,12082452,RELIANCE.NS
2024-10-21,1357.476806640625,1362.2357572594483,1346.1000802528206,1355.4196212833501,14067408,RELIANCE.NS
2024-10-22,1331.8482666015625,1364.2187428070656,1328.7500227270916,1357.4769157261562,15831960,RELIANCE.NS
2024-10-23,1327.0645751953125,1345.8522769141389,1323.56973203491,1326.0483270387208,17214742,RELIANCE.NS
2024-10-24,1328.3287353515625,1332.1952468902052,1311.7964576126847,1323.8424540123256,22155934,RELIANCE.NS
2024-10-25,1316.4808349609375,1332.8395608533488,1310.6809472586556,1331.996862815434,18597496,RELIANCE.NS
2024-10-28,1322.9251708984375,1341.4155124030337,1310.7800563182918,1325.552505604476,10824350,RELIANCE.NS
2024-10-29,1328.52685546875,1331.6994085045892,1308.995576227512,1316.728719636798,12008361,RELIANCE.NS
2024-10-30,1332.3935546875,1338.4413022928309,1314.0023313459362,1323.569732267355,11984423,RELIANCE.NS
2024-10-31,1320.64501953125,1331.5012170832633,1314.7955112005386,1328.5269031210519,9331650,RELIANCE.NS
2024-11-01,1327.1884765625,1330.4601492824747,1321.5868277686543,1321.6364480777281,2127335,RELIANCE.NS
2024-11-04,1291.0009765625,1328.52687951389,1274.0969107675833,1326.3952636738204,19796890,RELIANCE.NS
2024-11-05,1294.1240234375,1298.337634786513,1275.1379622128013,1281.9292880644173,16267479,RELIANCE.NS
2024-11-06,1314.002197265625,1316.9270116872763,1289.0675098622075,1298.783649697479,21625209,RELIANCE.NS
2024-11-07,1294.470947265625,1312.6638089321268,1291.447013193,1312.6638089321268,9611974,RELIANCE.NS
2024-11-08,1272.758544921875,1290.5053095001092,1264.083462337208,1286.5395574614042,19814406,RELIANCE.NS
2024-11-11,1261.802978515625,1274.9891511168566,1256.151830843746,1267.9994654475693,9056552,RELIANCE.NS
2024-11-12,1263.33984375,1278.2610337323058,1256.6476373969983,1264.6287615317467,10671091,RELIANCE.NS
2024-11-13,1241.3299560546875,1264.5295076822267,1238.8017408266169,1259.374078659472,14633633,RELIANCE.NS
2024-11-14,1256.746826171875,1261.7040163358736,1240.38809863068,1242.866693712679,12612633,RELIANCE.NS
2024-11-18,1249.9554443359375,1262.0014401044657,1233.24973843027,1256.7467703539512,13620611,RELIANCE.NS
2024-11-19,1231.0189208984375,1270.5276979121372,1224.5745744010292,1249.9553610165642,14183746,RELIANCE.NS
2024-11-21,1212.528564453125,1233.299140266532,1206.8277964681656,1231.0189056876295,19433843,RELIANCE.NS
2024-11-22,1254.565673828125,1257.9860865301255,1211.9833389629089,1218.8739057022901,20471957,RELIANCE.NS
2024-11-25,1275.9805908203125,1293.2811339485756,1271.4694999174592,1278.9549045518283,28923341,RELIANCE.NS
2024-11-26,1284.6060791015625,1286.7376948587628,1273.2045428922675,1283.8625006531302,9247557,RELIANCE.NS
2024-11-27,1282.1275634765625,1292.6864023015983,1274.9892583407009,1282.4250432843673,9572746,RELIANCE.NS
2024-11-28,1259.91943359375,1285.4984608667178,1258.184417128475,1278.905374093644,15027412,RELIANCE.NS
2024-11-29,1281.1361083984375,1288.3736540571424,1264.3312830599236,1269.0406134614407,13202307,RELIANCE.NS
2024-12-02,1297.9410400390625,1300.1221551586505,1266.115905470633,1276.9721028104004,11024152,RELIANCE.NS
2024-12-03,1311.969970703125,1315.4400037478053,1295.8094826849822,1305.7238628126408,16869482,RELIANCE.NS
2024-12-04,1297.74267578125,1317.0262168141671,1292.884726573221,1314.6467414933138,19608540,RELIANCE.NS
2024-12-05,1310.7305908203125,1318.5628538088617,1294.966703202915,1303.0964459866593,16858723,RELIANCE.NS
2024-12-06,1300.320556640625,1312.564791729292,1298.7837793313574,1312.564791729292,9037514,RELIANCE.NS
2024-12-09,1284.0609130859375,1303.7409326166044,1282.0284168341586,1291.8436769577456,14650002,RELIANCE.NS
2024-12-10,1273.8489990234375,1283.812998621138,1269.238788448007,1278.2113501165884,16043729,RELIANCE.NS
2024-12-11,1267.2559814453125,1278.9549980546296,1265.1244866020038,1273.9978081396894,11724373,RELIANCE.NS
2024-12-12,1252.0870361328125,1267.25596445406,1249.8066803924569,1259.1262215126183,20906813,RELIANCE.NS
2024-12-13,1261.9517822265625,1264.281637225772,1228.9864700814942,1249.211828655226,28630222,RELIANCE.NS
2024-12-16,1257.4407958984375,1270.032009408355,1255.7057794921418,1264.0833817296273,9486781,RELIANCE.NS
2024-12-17,1234.6378173828125,1253.0785403896136,1232.1592223274588,1250.2529662315405,17462791,RELIANCE.NS
2024-12-18,1242.5196533203125,1249.162239402372,1230.027558928225,1230.027558928225,12670179,RELIANCE.NS
2024-12-19,1219.914794921875,1234.2411461229626,1218.4772582835096,1228.3916379278016,14244653,RELIANCE.NS
2024-12-20,1194.9803466796875,1228.8874800507767,1191.2128336272758,1213.5201900622435,20312896,RELIANCE.NS
2024-12-23,1211.834716796875,1216.6926661807136,1202.8125341694108,1204.5971709809228,10052824,RELIANCE.NS
2024-12-24,1212.2808837890625,1222.988463211123,1210.545867189896,1211.8347850736238,6734917,RELIANCE.NS
2024-12-26,1206.1339111328125,1217.1883476811242,1203.8535553911518,1213.767935093776,10016178,RELIANCE.NS
2024-12-27,1210.595458984375,1217.3867853075249,1206.5800865394056,1207.86900439277,7000397,RELIANCE.NS
2024-12-30,1200.3338623046875,1212.7268365212021,1197.7561478726802,1205.9851311625014,8818766,RELIANCE.NS
2024-12-31,1205.043212890625,1208.6619856280877,1195.8229125326573,1197.6570485426987,6405475,RELIANCE.NS
2025-01-01,1210.7935791015625,1215.800389087432,1201.2261788160188,1204.4483521073844,5892590,RELIANCE.NS
2025-01-02,1231.167724609375,1233.7949384205442,1209.554328364606,1210.7936258321927,15486276,RELIANCE.NS
2025-01-03,1240.4376220703125,1251.2443199889096,1224.9215938636924,1233.2496968938563,15521102,RELIANCE.NS
2025-01-06,1207.571533203125,1251.1948069805778,1204.597219081935,1243.2136823453243,14816766,RELIANCE.NS
2025-01-07,1230.2257080078125,1233.8444805890147,1210.7935491517349,1211.5371275851955,10070505,RELIANCE.NS
2025-01-08,1254.664794921875,1260.167324257905,1234.6872949225542,1238.3060678446636,19346579,RELIANCE.NS
2025-01-09,1244.0068359375,1258.878406002503,1237.3642497185242,1256.1519514905858,12794704,RELIANCE.NS
2025-01-10,1231.266845703125,1245.9896754309787,1225.4173374439545,1243.114481097643,8120332,RELIANCE.NS
2025-01-13,1229.234375,1234.5881643828388,1215.899582365329,1219.4687349455062,13764861,RELIANCE.NS
2025-01-14,1228.143798828125,1242.6187691440975,1216.742262047884,1233.4479678208604,13095266,RELIANCE.NS
2025-01-15,1241.478515625,1246.2374660533972,1231.2171573529768,1234.2905907014622,9578856,RELIANCE.NS
2025-01-16,1255.6065673828125,1264.0834104275011,1240.586378973141,1248.1212833322295,14117603,RELIANCE.NS
2025-01-17,1291.19921875,1314.6467509950228,1273.997794139219,1310.9288585996749,29366277,RELIANCE.NS
2025-01-20,1294.272705078125,1304.7324245206253,1289.1172758229052,1304.7324245206253,14040244,RELIANCE.NS
2025-01-21,1262.7945556640625,1301.7581181984158,1259.324522599558,1299.2795231523412,14562976,RELIANCE.NS
2025-01-22,1266.16552734375,1271.9159165250771,1257.8374234010246,1267.355325635656,10273590,RELIANCE.NS
2025-01-23,1252.8306884765625,1266.4133410521551,1250.7981921087953,1259.1262957502838,8720682,RELIANCE.NS
2025-01-24,1235.6292724609375,1262.1006196074513,1232.8531975505623,1255.1605533566642,14235970,RELIANCE.NS
2025-01-27,1218.82421875,1229.8291557820492,1209.5542981292017,1228.4907387555406,9536019,RELIANCE.NS
2025-01-28,1223.8310546875,1234.0924134746083,1208.0671667554209,1227.4002071753887,10568025,RELIANCE.NS
2025-01-29,1224.921630859375,1232.1095562529247,1217.53546627882,1225.4173498520336,5928156,RELIANCE.NS
2025-01-30,1242.3214111328125,1246.237542749693,1221.8481926097397,1224.971246456504,9269259,RELIANCE.NS
2025-01-31,1254.2681884765625,1256.1519448799122,1238.306060895825,1245.09738698474,6584612,RELIANCE.NS
2025-02-01,1253.7724609375,1259.6715896071485,1230.374548522757,1254.2681799336815,7118453,RELIANCE.NS
2025-02-03,1235.232666015625,1245.2461659154887,1226.9541826685895,1240.2889757645512,9252345,RELIANCE.NS
2025-02-04,1274.196044921875,1277.7653184740125,1235.9265630557768,1237.3642207434832,16691069,RELIANCE.NS
2025-02-05,1267.2559814453125,1279.4507170461238,1265.7688244708304,1271.6679530846961,10112028,RELIANCE.NS
2025-02-06,1270.577392578125,1276.9721191435924,1259.4732145791813,1262.7945076095025,9956001,RELIANCE.NS
2025-02-07,1255.8544921875,1272.7089385364054,1251.1947819010975,1265.2236540965398,8764283,RELIANCE.NS
2025-02-10,1242.916259765625,1255.6562137259161,1234.8856362555493,1253.673337746878,6970972,RELIANCE.NS
2025-02-11,1224.2772216796875,1253.7230036544372,1219.567891058193,1253.7230036544372,8859714,RELIANCE.NS
2025-02-12,1206.1339111328125,1216.3952699200001,1183.1324776076385,1209.0089844264594,21131654,RELIANCE.NS
2025-02-13,1205.6876220703125,1217.4857574427408,1201.622750831109,1206.6295607029597,8511216,RELIANCE.NS
2025-02-14,1206.827880859375,1213.5200872227356,1195.1288642881832,1208.56289732395,10298145,RELIANCE.NS
2025-02-17,1214.4124755859375,1216.9901902768092,1194.1871154284454,1200.7305822668588,8166683,RELIANCE.NS
2025-02-18,1214.908203125,1219.3696743222742,1205.6877809072391,1214.362863790828,6673250,RELIANCE.NS
2025-02-19,1216.9404296875,1222.1950990873443,1207.125291073852,1209.0585466128707,6217338,RELIANCE.NS
2025-02-20,1222.4429931640625,1228.738599945727,1211.5371757067999,1213.4704313005311,7795582,RELIANCE.NS
2025-02-21,1217.634521484375,1229.3830367840985,1211.6858938870325,1218.1797397323817,6904025,RELIANCE.NS
2025-02-24,1204.151123046875,1212.7765856074127,1200.1357505642943,1206.13399913207,7172498,RELIANCE.NS
2025-02-25,1193.69140625,1210.5458530159883,1191.2128111373545,1200.631472565407,11552182,RELIANCE.NS
2025-02-27,1196.7647705078125,1204.597154814102,1190.370043898487,1202.416039651657,11509215,RELIANCE.NS
2025-02-28,1189.82470703125,1206.9270123506615,1183.0830013175257,1191.7084634163882,23007298,RELIANCE.NS
2025-03-03,1161.2216796875,1196.1202465389174,1146.1022512006402,1193.6912720117396,17944938,RELIANCE.NS
2025-03-04,1151.9517822265625,1163.948157257321,1149.6219272411693,1152.2491409974891,11377373,RELIANCE.NS
2025-03-05,1165.534423828125,1172.8710888254677,1147.093702257875,1151.0594540375048,8664095,RELIANCE.NS
2025-03-06,1199.2432861328125,1203.5560168880775,1175.0026773522586,1186.7511925218207,14468014,RELIANCE.NS
2025-03-07,1239.0992431640625,1244.0564330934674,1201.622838887705,1205.5885908312287,16474965,RELIANCE.NS
2025-03-10,1227.796875,1247.2290360950196,1224.8225609234617,1234.340341763354,11931051,RELIANCE.NS
2025-03-11,1236.62060546875,1238.801720552263,1219.2208210077197,1229.3830600118497,10089838,RELIANCE.NS
2025-03-12,1246.2872314453125,1252.186239348891,1233.3489166666827,1247.2290491693625,11977555,RELIANCE.NS
2025-03-13,1237.2154541015625,1253.326320946517,1233.2000819547634,1249.2614495168184,9505270,RELIANCE.NS
2025-03-17,1228.242919921875,1246.6341428999226,1222.5421515247892,1231.514713672869,16640917,RELIANCE.NS
2025-03-18,1228.242919921875,1228.242919921875,1228.242919921875,1228.242919921875,0,RELIANCE.NS
2025-03-19,1236.471923828125,1242.5196714129374,1228.1934407470596,1230.4241762433128,16162399,RELIANCE.NS
2025-03-20,1258.283447265625,1262.1004590128364,1239.3470073959113,1241.1315230182402,15971477,RELIANCE.NS
2025-03-21,1265.421875,1270.0320859338292,1259.225387461291,1264.0834578966683,21780769,RELIANCE.NS
2025-03-24,1290.951416015625,1294.8180484818179,1273.2542716407156,1279.946478246575,20299319,RELIANCE.NS
2025-03-25,1274.4439697265625,1296.50346593687,1271.6183955406093,1296.50346593687,13713899,RELIANCE.NS
2025-03-26,1262.150146484375,1282.7224842048433,1257.8869148358597,1279.9464094999762,12074747,RELIANCE.NS
2025-03-27,1267.2559814453125,1273.9978081396894,1260.4151561828103,1267.2064821612498,15028056,RELIANCE.NS
2025-03-28,1264.1824951171875,1284.6557128160619,1258.1347478785124,1269.0405652360093,18147129,RELIANCE.NS
2025-04-01,1241.8751220703125,1266.9585500115554,1238.603449529153,1253.7723771839194,12099648,RELIANCE.NS
2025-04-02,1240.4376220703125,1244.7999732789833,1233.2496968938563,1236.868469635997,10142590,RELIANCE.NS
2025-04-03,1238.008544921875,1241.0820994494682,1222.4926375090713,1222.4926375090713,7434366,RELIANCE.NS
2025-04-04,1194.38525390625,1234.7863505024063,1182.9342181609516,1230.473619610667,17908652,RELIANCE.NS
2025-04-07,1155.71923828125,1161.2217676393545,1105.3046397460778,1122.506064991245,22156106,RELIANCE.NS
2025-04-08,1172.0780029296875,1186.3547349162204,1153.3399207865864,1161.9653833278503,19555040,RELIANCE.NS
2025-04-09,1175.2010498046875,1179.613021672609,1157.9996241138485,1159.4867811653644,10223104,RELIANCE.NS
2025-04-11,1208.5133056640625,1212.1816988912137,1184.917153801556,1184.917153801556,11224242,RELIANCE.NS
2025-04-15,1229.4822998046875,1240.288998738938,1226.5079856590305,1240.288998738938,13378535,RELIANCE.NS
2025-04-16,1228.689208984375,1230.2754856402491,1218.477348782242,1223.5336585713449,8248464,RELIANCE.NS
2025-04-17,1263.5877685546875,1269.238916912585,1217.0893007676923,1229.5813957339365,15398401,RELIANCE.NS
2025-04-21,1284.407958984375,1289.761748514388,1256.151975324742,1259.126289394177,10429964,RELIANCE.NS
2025-04-22,1280.1446533203125,1292.7359881039044,1275.286704106908,1288.8693558313819,13051707,RELIANCE.NS
2025-04-23,1288.869384765625,1294.8180126953125,1274.3944143417477,1285.8950708007812,10480888,RELIANCE.NS
2025-04-24,1290.4556884765625,1293.3308829080645,1279.2525115884996,1281.3345072026398,10468940,RELIANCE.NS
2025-04-25,1289.2659912109375,1313.85358083958,1277.071255478384,1292.3394247863746,14431012,RELIANCE.NS
2025-04-28,1357.080322265625,1362.830589793996,1308.8963407951755,1328.5268607294433,31104496,RELIANCE.NS
2025-04-29,1387.7156982421875,1398.8198762816546,1358.2700385179512,1359.2614765022709,32538970,RELIANCE.NS
2025-04-30,1392.9703369140625,1400.3070020394923,1357.2785702742715,1389.9960230274132,25480745,RELIANCE.NS
2025-05-02,1407.6436767578125,1414.4845019236116,1397.0352178747166,1401.8932881277126,13007841,RELIANCE.NS
2025-05-05,1419.0452880859375,1427.1750314493302,1414.6829365878357,1418.747808269532,12685649,RELIANCE.NS
2025-05-06,1408.7342529296875,1419.7391903256466,1398.5223933042987,1418.7477523435755,14084117,RELIANCE.NS
2025-05-07,1393.9617919921875,1412.2042749259901,1390.6899982666434,1408.7342420156256,13440169,RELIANCE.NS
2025-05-08,1394.9532470703125,1408.6351396947061,1386.030305191398,1392.0780527042998,16106175,RELIANCE.NS
2025-05-09,1365.408447265625,1382.8578539346386,1362.731612914777,1373.6374315703338,13668904,RELIANCE.NS
2025-05-12,1424.20068359375,1426.679278587822,1388.0131966802994,1388.0131966802994,10674081,RELIANCE.NS
2025-05-13,1403.5787353515625,1435.3047515134413,1400.307062549957,1421.2263802516663,11407896,RELIANCE.NS
2025-05-14,1412.2042236328125,1417.6571322938998,1403.380401776207,1407.8418724989147,5570160,RELIANCE.NS
2025-05-15,1441.7491455078125,1448.8875719918406,1400.6044669576877,1412.7992032271827,20177211,RELIANCE.NS
2025-05-16,1443.9302978515625,1448.4908883531898,1434.9082364412498,1440.757623701411,9036695,RELIANCE.NS
2025-05-19,1428.4638671875,1442.1456384779733,1425.886031660542,1439.667043567546,6195791,RELIANCE.NS
2025-05-20,1412.402587890625,1432.6279478297215,1409.6266340324114,1425.8861208416395,11270560,RELIANCE.NS
2025-05-21,1416.963134765625,1423.9032007341596,1405.9581972205492,1411.7085860045363,6136364,RELIANCE.NS
2025-05-22,1397.332763671875,1411.6094953044076,1384.9397884743898,1409.031659643212,12134466,RELIANCE.NS
2025-05-23,1414.5838623046875,1421.5239286750705,1394.5567410207764,1394.5567410207764,6474883,RELIANCE.NS
2025-05-26,1422.5152587890625,1428.6621258406371,1412.898237790455,1419.7391840414937,4842944,RELIANCE.NS
2025-05-27,1409.9239501953125,1424.696400543767,1401.794207036506,1413.8897021801247,12640414,RELIANCE.NS
2025-05-28,1400.802734375,1410.4196342901241,1398.6214982222443,1407.9410393609537,5944611,RELIANCE.NS
2025-05-29,1405.660888671875,1407.842003929875,1396.5395861721686,1400.0096192804465,13771917,RELIANCE.NS
2025-05-30,1408.7342529296875,1418.3511529457182,1397.6300749154059,1405.8590585766528,13788484,RELIANCE.NS
2025-06-02,1401.5958251953125,1405.3633379328091,1383.650821945961,1400.0095486308933,8098668,RELIANCE.NS
2025-06-03,1393.4661865234375,1414.2863856817387,1391.384190812638,1410.1223942601396,11252626,RELIANCE.NS
2025-06-04,1411.31201171875,1413.4931269376204,1394.0609660849138,1402.5873087929724,8126827,RELIANCE.NS
2025-06-05,1430.0501708984375,1442.244785474372,1411.4110884077945,1415.7734397380668,13716817,RELIANCE.NS
2025-06-06,1431.1407470703125,1439.0722510374496,1424.6964000970136,1428.6621520805822,8182161,RELIANCE.NS
2025-06-09,1436.3953857421875,1445.0208477095387,1432.9253528317358,1444.5251287223314,7885125,RELIANCE.NS
2025-06-10,1426.1834716796875,1441.4516401070769,1423.704876838395,1437.5850079496329,7913181,RELIANCE.NS
2025-06-11,1436.4945068359375,1456.0257865422643,1430.7441181682645,1433.4210733170682,8195700,RELIANCE.NS
2025-06-12,1429.257080078125,1444.5252503749707,1422.1187744712338,1441.0552171722854,8828114,RELIANCE.NS
2025-06-13,1415.67431640625,1423.2092208521976,1402.1907840779525,1411.8076840776937,9757276,RELIANCE.NS
2025-06-16,1425.4896240234375,1430.0502146798779,1412.204330439343,1414.6829254727506,8458093,RELIANCE.NS
2025-06-17,1418.946044921875,1435.6022520574631,1413.59237643736,1435.6022520574631,10366599,RELIANCE.NS
2025-06-18,1417.85546875,1430.4468040463896,1413.4931173168031,1417.7563491543892,6681735,RELIANCE.NS
2025-06-19,1421.0281982421875,1427.5716651338516,1413.4931722804179,1417.8555238832446,10007230,RELIANCE.NS
2025-06-20,1453.6463623046875,1458.4053131642288,1415.8725983169522,1418.7477927518771,29010635,RELIANCE.NS
2025-06-23,1444.326904296875,1451.266970188698,1429.6535737155343,1440.5593915455418,5989078,RELIANCE.NS
2025-06-24,1438.3782958984375,1462.3710470398119,1430.744150698803,1452.4566670598808,16402744,RELIANCE.NS
2025-06-25,1454.737060546875,1459.7933702625824,1447.9952335758323,1451.4652666586912,7525851,RELIANCE.NS
2025-06-26,1482.497314453125,1485.9673475108061,1452.5558137403293,1456.5215658062507,14657893,RELIANCE.NS
2025-06-27,1502.4251708984375,1508.9686374999123,1484.083567880206,1486.5621628826696,11117052,RELIANCE.NS
2025-06-30,1487.7518310546875,1511.7447031481738,1483.191240482831,1500.838885203447,8409527,RELIANCE.NS
2025-07-01,1515.3138427734375,1518.2881567329412,1487.256099345396,1487.7518183386467,10368523,RELIANCE.NS
2025-07-02,1505.7960205078125,1516.900077238324,1495.7824003020085,1515.3138007089854,6361002,RELIANCE.NS
2025-07-03,1504.8046875,1518.7839394915495,1500.0457365549344,1507.7790015843786,11283291,RELIANCE.NS
2025-07-04,1514.223388671875,1516.900223008299,1504.2097675037892,1510.9515946827762,6603501,RELIANCE.NS
2025-07-07,1528.3016357421875,1531.5734294639212,1511.9429091838053,1513.5291857359532,7251074,RELIANCE.NS
2025-07-08,1524.4349365234375,1531.672481820406,1517.0982716385254,1522.8486600409224,7171261,RELIANCE.NS
2025-07-09,1505.9942626953125,1537.7202774459709,1497.1704406377573,1523.5426661942138,8870660,RELIANCE.NS
2025-07-10,1504.2095947265625,1511.6453792793734,1494.5926951149827,1506.6881895774993,10047129,RELIANCE.NS
2025-07-11,1482.3980712890625,1502.0285923917668,1477.540121836759,1499.0542783474266,7234991,RELIANCE.NS
2025-07-14,1470.9964599609375,1487.1569471972039,1466.4358695278945,1479.4236826617216,10311846,RELIANCE.NS
2025-07-15,1472.6820068359375,1483.6869442622558,1469.7076928815193,1473.4750846086956,8132454,RELIANCE.NS
2025-07-16,1472.8802490234375,1478.234038357326,1458.9009976142222,1460.388154594461,10409983,RELIANCE.NS
2025-07-17,1463.7591552734375,1476.8460890701654,1461.2805601585153,1474.6649737790947,11854613,RELIANCE.NS
2025-07-18,1463.362548828125,1472.0872520008465,1456.5216021387357,1472.0872520008465,10296318,RELIANCE.NS
2025-07-21,1416.3682861328125,1463.362470991638,1410.9153771961905,1452.4566531183941,22442744,RELIANCE.NS
2025-07-22,1400.70361328125,1419.640054314783,1398.6214967228645,1415.178583447059,20396320,RELIANCE.NS
2025-07-23,1412.402587890625,1413.7906253323065,1402.2899684336514,1413.7906253323065,8354596,RELIANCE.NS
2025-07-24,1390.888427734375,1410.81630780687,1384.0474811654185,1407.0487949065318,14740507,RELIANCE.NS
2025-07-25,1379.7841796875,1389.0046012536307,1372.2492752918665,1386.9226057137396,11854722,RELIANCE.NS
2025-07-28,1375.71923828125,1395.7463569486692,1373.1415238854815,1380.3790691362324,7748361,RELIANCE.NS
2025-07-29,1404.9666748046875,1408.04010820105,1371.1586653944225,1371.1586653944225,10750072,RELIANCE.NS
2025-07-30,1398.026611328125,1411.113664716939,1389.3020300940545,1405.9581148273558,7209849,RELIANCE.NS
2025-07-31,1378.2969970703125,1390.5908519212596,1370.365493427784,1376.215001569177,17065827,RELIANCE.NS
2025-08-01,1381.76708984375,1393.8627060383,1372.4476694796913,1375.025384070285,10321171,RELIANCE.NS
2025-08-04,1399.4146728515625,1403.975263237478,1379.7841529413568,1383.155066191865,6312820,RELIANCE.NS
2025-08-05,1379.7841796875,1398.918980991344,1376.2150271869518,1398.918980991344,9315972,RELIANCE.NS
2025-08-06,1380.874755859375,1383.9481891450812,1371.4560958071288,1379.9824375441353,5834312,RELIANCE.NS
2025-08-07,1377.5040283203125,1381.7671392504185,1354.3043541251445,1375.818511047819,9976705,RELIANCE.NS
2025-08-08,1356.0888671875,1385.2370458989403,1353.312792536344,1373.1415514013454,8793606,RELIANCE.NS
2025-08-11,1374.331298828125,1376.1159356273254,1349.5453489789295,1358.2700517359046,9997486,RELIANCE.NS
2025-08-12,1368.5810546875,1389.8969719255274,1363.4255044148417,1370.0682117041065,12244664,RELIANCE.NS
2025-08-13,1370.7620849609375,1379.8833867126677,1365.7057756228248,1376.115874093997,7457021,RELIANCE.NS
2025-08-14,1367.4774169921875,1374.3455639562076,1363.794372575189,1370.961308962897,7126128,RELIANCE.NS
2025-08-18,1375.3409423828125,1388.4802648218374,1370.6626218339861,1383.602791829514,11785109,RELIANCE.NS
2025-08-19,1413.564208984375,1414.460091190419,1382.7068811681168,1383.6027633741608,14384719,RELIANCE.NS
2025-08-20,1406.4969482421875,1418.342205158243,1403.510755146132,1406.4969482421875,8725641,RELIANCE.NS
2025-08-21,1418.24267578125,1425.3099750709036,1413.7633861810953,1418.4417067156319,11021323,RELIANCE.NS
2025-08-22,1402.71435546875,1416.84907536351,1401.4204113959267,1413.464698965694,5818868,RELIANCE.NS
2025-08-25,1406.0987548828125,1412.9670232567023,1399.230486508923,1408.1890657335161,5979407,RELIANCE.NS
2025-08-26,1378.5262451171875,1403.5107021083375,1375.241384232256,1401.519906786198,12145259,RELIANCE.NS
2025-08-28,1379.521728515625,1385.7926612650012,1360.2109883890075,1383.50331940736,13161813,RELIANCE.NS
2025-08-29,1350.9537353515625,1397.0406983353935,1343.7869203796088,1374.7437651325777,18758842,RELIANCE.NS
2025-09-01,1347.6689453125,1356.9260708455383,1334.430107544873,1349.759256141992,11232238,RELIANCE.NS
2025-09-02,1360.2109375,1378.128095842481,1348.2661652716795,1348.5648331807902,11517006,RELIANCE.NS
2025-09-03,1366.2828369140625,1370.1649121838109,1354.2385492379765,1363.3961593284287,7847563,RELIANCE.NS
2025-09-04,1353.0440673828125,1367.6763641601647,1350.8541196588233,1365.4865379446771,13223177,RELIANCE.NS
2025-09-05,1368.671875,1374.6442613636364,1353.0441792852228,1356.7271022727273,5777575,RELIANCE.NS
2025-09-08,1372.15576171875,1379.6212446443146,1366.0838599076599,1373.6488583038629,6986720,RELIANCE.NS
2025-09-09,1369.8662109375,1374.843199236951,1362.4007284883235,1370.2643943031567,9754452,RELIANCE.NS
2025-09-10,1370.66259765625,1382.1096709119122,1367.7759200987732,1377.5308659113482,7790815,RELIANCE.NS
2025-09-11,1376.9337158203125,1379.1235422027225,1368.6718661340626,1369.6672638548873,9766072,RELIANCE.NS
2025-09-12,1388.579833984375,1389.873899637371,1374.146566892781,1376.9337291414593,7403368,RELIANCE.NS
2025-09-15,1392.8599853515625,1394.3530818320328,1382.2091575524387,1386.5889315301856,5396697,RELIANCE.NS
2025-09-16,1398.8323974609375,1401.5199225726963,1391.7649767809332,1398.2350616507645,8686961,RELIANCE.NS
2025-09-17,1407.2933349609375,1409.6821922648512,1400.4250664409112,1400.5245819104894,7519417,RELIANCE.NS
2025-09-18,1408.4876708984375,1415.4554544293837,1404.2074124117412,1413.8628424954393,9332642,RELIANCE.NS
2025-09-19,1400.9227294921875,1410.4785229891424,1397.1401696768169,1408.3882121473878,13461373,RELIANCE.NS
2025-09-22,1384.199951171875,1404.2074196840813,1381.6119415772491,1397.4387885526373,7757970,RELIANCE.NS
2025-09-23,1383.40380859375,1388.5798281670254,1370.4636381520502,1384.5982372618869,14014702,RELIANCE.NS
2025-09-24,1376.635009765625,1389.5751797778832,1374.0470000648747,1378.9244730635044,5922759,RELIANCE.NS
2025-09-25,1366.0838623046875,1378.128150477363,1362.6994857374575,1374.942926360271,11411143,RELIANCE.NS
2025-09-26,1371.2598876953125,1376.3363918134596,1359.7132983361805,1365.685684712474,9879109,RELIANCE.NS
2025-09-29,1366.48193359375,1382.6073268149732,1361.7039763015719,1375.2413599514077,14231999,RELIANCE.NS
2025-09-30,1357.722412109375,1370.7620971908361,1356.5279835173724,1370.7620971908361,14604684,RELIANCE.NS
2025-10-01,1362.4007568359375,1372.255218175594,1356.4283707523282,1360.7086293823172,12045916,RELIANCE.NS
2025-10-03,1357.125244140625,1365.287456651113,1350.6551591113212,1356.926091696157,12842347,RELIANCE.NS
2025-10-06,1368.671875,1371.0608538471567,1352.7455113636363,1353.740909090909,12396580,RELIANCE.NS
2025-10-07,1378.4267578125,1389.47564777439,1369.5676941462978,1369.667209612737,11244040,RELIANCE.NS
2025-10-08,1361.1068115234375,1382.6073771032557,1358.2201339506064,1378.426755451918,8525081,RELIANCE.NS
2025-10-09,1371.458984375,1373.6488106871855,1362.7989515764332,1367.676424553763,8826633,RELIANCE.NS
2025-10-10,1375.3409423828125,1381.6119964455866,1368.7713419175536,1371.45898859096,6373084,RELIANCE.NS
2025-10-13,1368.671875,1371.3594002602317,1361.505059967041,1370.5631549835205,7600682,RELIANCE.NS
2025-10-14,1369.5677490234375,1381.612037149334,1363.7943936365562,1373.6488553790207,9768174,RELIANCE.NS
2025-10-15,1367.97509765625,1377.6304066718624,1366.382364141153,1376.6350089791804,10882743,RELIANCE.NS
2025-10-16,1391.8646240234375,1394.0544503152107,1368.671809484766,1368.7713249510273,12315932,RELIANCE.NS
2025-10-17,1410.279541015625,1416.7496262080865,1392.6609284325848,1394.5522084059296,19335561,RELIANCE.NS
2025-10-20,1460.04931640625,1467.0170999313523,1426.7034952504036,1433.3726108781723,24721978,RELIANCE.NS
2025-10-21,1458.4566650390625,1467.2162134241023,1453.2806455896807,1461.2438272093502,2066169,RELIANCE.NS
2025-10-23,1441.7340087890625,1476.0752283864208,1437.9514490416038,1468.2115624957596,18707090,RELIANCE.NS
2025-10-24,1444.9193115234375,1453.0816457634617,1434.3681199531734,1443.3266994671071,9700837,RELIANCE.NS
2025-10-27,1477.2696533203125,1478.16553552233,1451.289798512833,1456.266786847925,14113867,RELIANCE.NS
2025-10-28,1480.056884765625,1485.1333888036675,1470.79963742504,1477.26972256393,17631577,RELIANCE.NS
2025-10-29,1497.277099609375,1501.3583271895798,1481.2512217130793,1483.1425015536738,11884745,RELIANCE.NS
2025-10-30,1481.6494140625,1496.1821955688695,1477.1701246011085,1493.0964871305005,9318663,RELIANCE.NS
2025-10-31,1479.5592041015625,1490.6080945575152,1475.4780977270138,1483.540795005222,8758053,RELIANCE.NS
2025-11-03,1477.866943359375,1488.1195884585134,1472.4918928888083,1479.1610089962214,8452085,RELIANCE.NS
2025-11-04,1466.3203125,1485.9297198935935,1463.334119430687,1477.07065615293,10007806,RELIANCE.NS
2025-11-06,1489.2144775390625,1494.6891648996161,1469.406038969176,1477.1701896475465,16772678,RELIANCE.NS
2025-11-07,1471.19775390625,1491.5038906434634,1469.1074431042953,1487.7213309001133,7821765,RELIANCE.NS
2025-11-10,1482.44580078125,1494.0919049344996,1468.7092643110286,1471.0982430243503,7068438,RELIANCE.NS
2025-11-11,1486.5269775390625,1491.9021495222175,1473.3876547459602,1490.1103850249956,7127506,RELIANCE.NS
2025-11-12,1504.5435791015625,1517.6827797499902,1493.0965058897411,1498.0734942427068,12384459,RELIANCE.NS
2025-11-13,1503.9464111328125,1515.0948167835015,1499.8653048593553,1508.0275174062697,7196443,RELIANCE.NS
2025-11-14,1511.9095458984375,1513.900341239272,1498.5711928131457,1498.5711928131457,7682823,RELIANCE.NS
2025-11-17,1511.3123779296875,1516.6874283079178,1504.5436249599409,1513.900387650411,5871416,RELIANCE.NS
2025-11-18,1512.4072265625,1520.7685911952462,1503.5481631005248,1514.696568271851,11045042,RELIANCE.NS
2025-11-19,1511.9095458984375,1515.2939222795571,1505.0412776708577,1510.4164493928117,5692366,RELIANCE.NS
2025-11-20,1541.9705810546875,1543.7623455509595,1519.6736478639639,1522.9585089376258,18171724,RELIANCE.NS
2025-11-21,1539.4820556640625,1550.6305827884978,1533.0119706260582,1533.9078528560988,9615271,RELIANCE.NS
2025-11-24,1528.831298828125,1542.8663816107544,1524.7501927010492,1542.8663816107544,18433951,RELIANCE.NS
2025-11-25,1532.61376953125,1552.4222077972818,1518.0809876078647,1528.8313312270848,15033482,RELIANCE.NS
2025-11-26,1562.6748046875,1564.3669320995493,1533.4100892950657,1535.2018536795324,14054299,RELIANCE.NS
2025-11-27,1556.2047119140625,1568.2489991897637,1548.8387449947777,1567.7513003642512,9794643,RELIANCE.NS
2025-11-28,1560.285888671875,1574.0224254817672,1555.806599039324,1560.7835875199362,8959508,RELIANCE.NS
2025-12-01,1558.892333984375,1570.2398922139623,1556.403839701944,1567.7513979315313,8920233,RELIANCE.NS
2025-12-02,1539.1834716796875,1560.2858537619331,1534.9032130787248,1553.9152843475838,11389150,RELIANCE.NS
2025-12-03,1531.718017578125,1545.2554018922647,1525.9446623591427,1538.0884656023031,6090883,RELIANCE.NS
2025-12-04,1528.53271484375,1553.3181423785347,1510.6155558800758,1528.9308982335338,11867930,RELIANCE.NS
2025-12-05,1533.5096435546875,1538.685784402705,1513.6016899280953,1523.356635808528,10183266,RELIANCE.NS
2025-12-08,1535.898681640625,1543.861863398969,1527.9354998822807,1532.1161217020071,11301491,RELIANCE.NS
2025-12-09,1522.3612060546875,1535.4008911036892,1513.1039592099478,1533.211064854301,11503971,RELIANCE.NS
2025-12-10,1529.8267822265625,1540.3779737710465,1524.3520947592017,1526.9401045329791,7991629,RELIANCE.NS
2025-12-11,1537.889404296875,1542.8663926602953,1516.9860531705099,1529.826707449835,4706197,RELIANCE.NS
2025-12-12,1549.3365478515625,1552.62140892391,1538.9843872841,1543.6628294631555,5106655,RELIANCE.NS
2025-12-15,1549.037841796875,1551.4268205626304,1539.3825327747268,1544.060853330096,5774543,RELIANCE.NS
2025-12-16,1535.201904296875,1544.5585453663573,1531.7180123854912,1537.8894294536826,11731856,RELIANCE.NS
2025-12-17,1537.292236328125,1542.8664391614582,1532.2157323461342,1542.8664391614582,7116649,RELIANCE.NS
2025-12-18,1537.292236328125,1544.3595357154854,1528.1345045583196,1528.1345045583196,6580829,RELIANCE.NS
2025-12-19,1557.8968505859375,1566.9549449740825,1543.8617679066683,1547.2461442463334,13937275,RELIANCE.NS
2025-12-22,1568.1495361328125,1570.2398469681211,1558.0960438231807,1566.2582562309594,10184852,RELIANCE.NS
2025-12-23,1563.4710693359375,1573.6241984599117,1560.8830596994947,1573.6241984599117,7506564,RELIANCE.NS
2025-12-24,1551.0286865234375,1568.448146711295,1546.4498812900458,1565.4619535362338,8815745,RELIANCE.NS
2025-12-26,1552.0240478515625,1553.8158123179846,1547.1466963201515,1547.5447581940155,2311495,RELIANCE.NS
2025-12-29,1538.4866943359375,1550.9291658570105,1536.495898892566,1547.7439417510202,5972105,RELIANCE.NS
2025-12-30,1532.71337890625,1546.449793829553,1530.7225835687998,1539.8801935176687,8815884,RELIANCE.NS
